timestamp_iso,timestamp_unix,duree_s,vitesse_kmh,distance_km,pitch_deg,acceleration_ms2,puissance_w,puissance_cible_w
2026-08-08T15:27:47.951754+00:00,1786202867.952,0.08,0.00,0.0000,-1.60,0.000,0.0,220.0
2026-08-08T15:27:48.151889+00:00,1786202868.152,0.28,0.00,0.0000,-1.60,0.000,0.0,220.0
2026-08-08T15:27:48.353028+00:00,1786202868.353,0.48,0.00,0.0000,-1.60,0.000,0.0,220.0
2026-08-08T15:27:48.557823+00:00,1786202868.558,0.69,0.00,0.0000,-1.60,0.000,0.0,188.7
2026-08-08T15:27:48.760262+00:00,1786202868.760,0.89,0.00,0.0000,-1.60,0.000,0.0,188.7
2026-08-08T15:27:48.956761+00:00,1786202868.957,1.09,0.00,0.0000,-1.59,0.000,0.0,188.7
2026-08-08T15:27:49.155751+00:00,1786202869.156,1.28,0.00,0.0000,-1.60,0.000,0.0,188.7
2026-08-08T15:27:49.360285+00:00,1786202869.360,1.49,0.00,0.0000,-1.60,0.000,0.0,188.7
2026-08-08T15:27:49.561264+00:00,1786202869.561,1.69,0.00,0.0000,-1.60,0.000,0.0,188.7
2026-08-08T15:27:49.762242+00:00,1786202869.762,1.89,0.00,0.0000,-1.60,0.000,0.0,188.7
2026-08-08T15:27:49.961956+00:00,1786202869.962,2.09,0.00,0.0000,-1.60,0.000,0.0,188.7
2026-08-08T15:27:50.163628+00:00,1786202870.164,2.29,0.00,0.0000,-1.60,0.000,0.0,188.7
2026-08-08T15:27:50.364546+00:00,1786202870.365,2.49,0.00,0.0000,-1.59,0.000,0.0,188.7
2026-08-08T15:27:50.565342+00:00,1786202870.565,2.69,0.00,0.0000,-1.59,0.000,0.0,188.7
2026-08-08T15:27:50.766226+00:00,1786202870.766,2.89,0.00,0.0000,-1.59,0.000,0.0,188.7
2026-08-08T15:27:50.965926+00:00,1786202870.966,3.09,0.00,0.0000,-1.59,0.000,0.0,188.7
2026-08-08T15:27:51.167359+00:00,1786202871.167,3.30,0.00,0.0000,-1.59,0.000,0.0,188.7
2026-08-08T15:27:51.364205+00:00,1786202871.364,3.49,0.00,0.0000,-1.59,0.000,0.0,188.7
2026-08-08T15:27:51.563742+00:00,1786202871.564,3.69,0.00,0.0000,-1.58,0.000,0.0,188.7
2026-08-08T15:27:51.761272+00:00,1786202871.761,3.89,0.00,0.0000,-1.58,0.000,0.0,188.7
2026-08-08T15:27:51.961571+00:00,1786202871.962,4.09,0.00,0.0000,-1.58,0.000,0.0,188.7
2026-08-08T15:27:52.161132+00:00,1786202872.161,4.29,0.00,0.0000,-1.57,0.000,0.0,188.7
2026-08-08T15:27:52.362503+00:00,1786202872.362,4.49,0.00,0.0000,-1.57,0.000,0.0,188.7
2026-08-08T15:27:52.563286+00:00,1786202872.563,4.69,0.00,0.0000,-1.57,0.000,0.0,188.7
2026-08-08T15:27:52.764091+00:00,1786202872.764,4.89,0.00,0.0000,-1.56,0.000,0.0,188.7
2026-08-08T15:27:52.962941+00:00,1786202872.963,5.09,0.00,0.0000,-1.56,0.000,0.0,188.7
2026-08-08T15:27:53.164463+00:00,1786202873.164,5.29,0.00,0.0000,-1.56,0.000,0.0,188.7
2026-08-08T15:27:53.365610+00:00,1786202873.366,5.49,0.00,0.0000,-1.56,0.000,0.0,188.7
2026-08-08T15:27:53.566746+00:00,1786202873.567,5.70,0.00,0.0000,-1.56,0.000,0.0,188.7
2026-08-08T15:27:53.767180+00:00,1786202873.767,5.90,0.00,0.0000,-1.56,0.000,0.0,188.7
2026-08-08T15:27:53.966726+00:00,1786202873.967,6.10,0.00,0.0000,-1.56,0.000,0.0,188.7
2026-08-08T15:27:54.167121+00:00,1786202874.167,6.30,0.00,0.0000,-1.56,0.000,0.0,188.7
2026-08-08T15:27:54.367977+00:00,1786202874.368,6.50,0.00,0.0000,-1.56,0.000,0.0,188.7
2026-08-08T15:27:54.567868+00:00,1786202874.568,6.70,0.00,0.0000,-1.57,0.000,0.0,188.7
2026-08-08T15:27:54.765540+00:00,1786202874.766,6.89,0.00,0.0000,-1.51,0.000,0.0,188.7
2026-08-08T15:27:55.110331+00:00,1786202875.110,7.24,0.00,0.0000,-1.32,0.000,0.0,188.7
2026-08-08T15:27:55.307462+00:00,1786202875.307,7.44,0.00,0.0000,-1.26,0.000,0.0,188.7
2026-08-08T15:27:55.682024+00:00,1786202875.682,7.81,0.00,0.0000,-1.20,0.000,0.0,188.7
2026-08-08T15:27:55.877820+00:00,1786202875.878,8.01,0.00,0.0000,-1.13,0.000,0.0,188.7
2026-08-08T15:27:56.074811+00:00,1786202876.075,8.20,0.00,0.0000,-1.07,0.000,0.0,188.7
2026-08-08T15:27:56.274418+00:00,1786202876.274,8.40,0.00,0.0000,-1.01,0.000,0.0,188.7
2026-08-08T15:27:56.662489+00:00,1786202876.662,8.79,0.00,0.0000,-0.89,0.000,0.0,188.7
2026-08-08T15:27:56.861952+00:00,1786202876.862,8.99,0.00,0.0000,-0.82,0.000,0.0,188.7
2026-08-08T15:27:57.062648+00:00,1786202877.063,9.19,0.00,0.0000,-0.76,0.000,0.0,188.7
2026-08-08T15:27:57.259476+00:00,1786202877.259,9.39,0.00,0.0000,-0.70,0.000,0.0,188.7
2026-08-08T15:27:57.458950+00:00,1786202877.459,9.59,0.00,0.0000,-0.64,0.000,0.0,188.7
2026-08-08T15:27:57.658284+00:00,1786202877.658,9.79,0.00,0.0000,-0.58,0.000,0.0,188.7
2026-08-08T15:27:58.047341+00:00,1786202878.047,10.18,0.00,0.0000,-0.45,0.000,0.0,188.7
2026-08-08T15:27:58.247322+00:00,1786202878.247,10.38,0.00,0.0000,-0.39,0.000,0.0,188.7
2026-08-08T15:27:58.443430+00:00,1786202878.443,10.57,0.00,0.0000,-0.33,0.000,0.0,188.7
2026-08-08T15:27:58.641601+00:00,1786202878.642,10.77,0.00,0.0000,-0.26,0.000,0.0,188.7
2026-08-08T15:27:59.026459+00:00,1786202879.026,11.16,0.00,0.0000,-0.14,0.000,0.0,188.7
2026-08-08T15:27:59.224538+00:00,1786202879.225,11.35,0.00,0.0000,-0.08,0.000,0.0,188.7
2026-08-08T15:27:59.611720+00:00,1786202879.612,11.74,0.00,0.0000,-0.01,0.000,0.0,188.7
2026-08-08T15:27:59.812637+00:00,1786202879.813,11.94,0.00,0.0000,-0.01,0.000,0.0,188.7
2026-08-08T15:28:00.014941+00:00,1786202880.015,12.14,0.00,0.0000,-0.01,0.000,0.0,188.7
2026-08-08T15:28:00.216814+00:00,1786202880.217,12.35,0.00,0.0000,-0.01,0.000,0.0,188.7
2026-08-08T15:28:00.416630+00:00,1786202880.417,12.55,0.00,0.0000,-0.01,0.000,0.0,188.7
2026-08-08T15:28:00.618939+00:00,1786202880.619,12.75,0.00,0.0000,-0.01,0.000,0.0,188.7
2026-08-08T15:28:00.821777+00:00,1786202880.822,12.95,0.00,0.0000,-0.01,0.000,0.0,188.7
2026-08-08T15:28:01.023689+00:00,1786202881.024,13.15,0.00,0.0000,-0.01,0.000,0.0,188.7
2026-08-08T15:28:01.225566+00:00,1786202881.226,13.35,0.00,0.0000,-0.01,0.000,0.0,188.7
2026-08-08T15:28:01.425310+00:00,1786202881.425,13.55,0.00,0.0000,-0.01,0.000,0.0,188.7
2026-08-08T15:28:01.627507+00:00,1786202881.627,13.76,0.00,0.0000,-0.01,0.000,0.0,188.7
2026-08-08T15:28:01.829400+00:00,1786202881.829,13.96,0.00,0.0000,-0.01,0.000,0.0,188.7
2026-08-08T15:28:02.031747+00:00,1786202882.032,14.16,0.00,0.0000,-0.01,0.000,0.0,188.7
2026-08-08T15:28:02.234019+00:00,1786202882.234,14.36,0.00,0.0000,-0.01,0.000,0.0,188.7
2026-08-08T15:28:02.436179+00:00,1786202882.436,14.56,0.00,0.0000,-0.01,0.000,0.0,188.7
2026-08-08T15:28:02.638555+00:00,1786202882.639,14.77,0.00,0.0000,-0.01,0.000,0.0,188.7
2026-08-08T15:28:02.840363+00:00,1786202882.840,14.97,0.00,0.0000,-0.01,0.000,0.0,188.7
2026-08-08T15:28:03.042137+00:00,1786202883.042,15.17,0.00,0.0000,-0.01,0.000,0.0,188.7
2026-08-08T15:28:03.244091+00:00,1786202883.244,15.37,0.00,0.0000,-0.01,0.000,0.0,188.7
2026-08-08T15:28:03.442631+00:00,1786202883.443,15.57,0.00,0.0000,-0.01,0.000,0.0,188.7
2026-08-08T15:28:03.644982+00:00,1786202883.645,15.77,0.00,0.0000,-0.01,0.000,0.0,188.7
2026-08-08T15:28:03.846807+00:00,1786202883.847,15.98,0.00,0.0000,-0.01,0.000,0.0,188.7
2026-08-08T15:28:04.047496+00:00,1786202884.047,16.18,0.00,0.0000,-0.01,0.000,0.0,188.7
2026-08-08T15:28:04.249783+00:00,1786202884.250,16.38,0.00,0.0000,-0.01,0.000,0.0,188.7
2026-08-08T15:28:04.448962+00:00,1786202884.449,16.58,0.00,0.0000,-0.01,0.000,0.0,188.7
2026-08-08T15:28:04.652499+00:00,1786202884.652,16.78,0.00,0.0000,-0.01,0.000,0.0,188.7
2026-08-08T15:28:04.854121+00:00,1786202884.854,16.98,0.00,0.0000,-0.01,0.000,0.0,188.7
2026-08-08T15:28:05.055837+00:00,1786202885.056,17.18,0.00,0.0000,-0.01,0.000,0.0,188.7
2026-08-08T15:28:05.253801+00:00,1786202885.254,17.38,0.00,0.0000,-0.01,0.000,0.0,188.7
2026-08-08T15:28:05.451666+00:00,1786202885.452,17.58,0.00,0.0000,-0.01,0.000,0.0,188.7
2026-08-08T15:28:05.654076+00:00,1786202885.654,17.78,0.00,0.0000,-0.01,0.000,0.0,188.7
2026-08-08T15:28:05.856376+00:00,1786202885.856,17.98,0.00,0.0000,-0.01,0.000,0.0,188.7
2026-08-08T15:28:06.058092+00:00,1786202886.058,18.19,0.00,0.0000,-0.01,0.000,0.0,188.7
2026-08-08T15:28:06.260619+00:00,1786202886.261,18.39,0.00,0.0000,-0.01,0.000,0.0,188.7
2026-08-08T15:28:06.461334+00:00,1786202886.461,18.59,0.00,0.0000,-0.01,0.000,0.0,188.7
2026-08-08T15:28:06.663800+00:00,1786202886.664,18.79,0.00,0.0000,-0.01,0.000,0.0,188.7
2026-08-08T15:28:06.866070+00:00,1786202886.866,18.99,0.00,0.0000,-0.01,0.000,0.0,188.7
2026-08-08T15:28:07.068358+00:00,1786202887.068,19.20,0.00,0.0000,-0.01,0.000,0.0,188.7
2026-08-08T15:28:07.271803+00:00,1786202887.272,19.40,0.00,0.0000,-0.01,0.000,0.0,188.7
2026-08-08T15:28:07.472682+00:00,1786202887.473,19.60,0.00,0.0000,-0.02,0.000,0.0,188.7
2026-08-08T15:28:07.671843+00:00,1786202887.672,19.80,0.00,0.0000,-0.02,0.000,0.0,188.7
2026-08-08T15:28:07.873073+00:00,1786202887.873,20.00,0.00,0.0000,-0.02,0.000,0.0,188.7
2026-08-08T15:28:08.073614+00:00,1786202888.074,20.20,0.00,0.0000,-0.02,0.000,0.0,188.7
2026-08-08T15:28:08.274283+00:00,1786202888.274,20.40,0.00,0.0000,-0.02,0.000,0.0,188.7
2026-08-08T15:28:08.470960+00:00,1786202888.471,20.60,0.00,0.0000,-0.02,0.000,0.0,188.7
2026-08-08T15:28:08.673215+00:00,1786202888.673,20.80,0.00,0.0000,-0.02,0.000,0.0,188.7
2026-08-08T15:28:08.873675+00:00,1786202888.874,21.00,0.00,0.0000,-0.02,0.000,0.0,188.7
2026-08-08T15:28:09.073916+00:00,1786202889.074,21.20,0.00,0.0000,-0.02,0.000,0.0,188.7
2026-08-08T15:28:09.274604+00:00,1786202889.275,21.40,0.00,0.0000,-0.02,0.000,0.0,188.7
2026-08-08T15:28:09.473734+00:00,1786202889.474,21.60,0.00,0.0000,-0.02,0.000,0.0,188.7
2026-08-08T15:28:09.674923+00:00,1786202889.675,21.80,0.00,0.0000,-0.02,0.000,0.0,188.7
2026-08-08T15:28:09.875517+00:00,1786202889.876,22.00,0.00,0.0000,-0.02,0.000,0.0,188.7
2026-08-08T15:28:10.075816+00:00,1786202890.076,22.20,0.00,0.0000,-0.02,0.000,0.0,188.7
2026-08-08T15:28:10.276389+00:00,1786202890.276,22.40,0.00,0.0000,-0.02,0.000,0.0,188.7
2026-08-08T15:28:10.474727+00:00,1786202890.475,22.60,0.00,0.0000,-0.02,0.000,0.0,188.7
2026-08-08T15:28:10.675376+00:00,1786202890.675,22.80,0.00,0.0000,-0.02,0.000,0.0,188.7
2026-08-08T15:28:10.876602+00:00,1786202890.877,23.01,0.00,0.0000,-0.01,0.000,0.0,188.7
2026-08-08T15:28:11.076364+00:00,1786202891.076,23.20,0.00,0.0000,-0.01,0.000,0.0,188.7
2026-08-08T15:28:11.277641+00:00,1786202891.278,23.41,0.00,0.0000,-0.01,0.000,0.0,188.7
2026-08-08T15:28:11.475441+00:00,1786202891.475,23.60,0.00,0.0000,-0.01,0.000,0.0,188.7
2026-08-08T15:28:11.676137+00:00,1786202891.676,23.80,0.00,0.0000,-0.01,0.000,0.0,188.7
2026-08-08T15:28:11.876785+00:00,1786202891.877,24.01,0.00,0.0000,-0.01,0.000,0.0,188.7
2026-08-08T15:28:12.077378+00:00,1786202892.077,24.21,0.00,0.0000,-0.01,0.000,0.0,188.7
2026-08-08T15:28:12.278049+00:00,1786202892.278,24.41,0.00,0.0000,-0.01,0.000,0.0,188.7
2026-08-08T15:28:12.477404+00:00,1786202892.477,24.61,0.00,0.0000,-0.01,0.000,0.0,188.7
2026-08-08T15:28:12.678267+00:00,1786202892.678,24.81,0.00,0.0000,-0.02,0.000,0.0,188.7
2026-08-08T15:28:12.879441+00:00,1786202892.879,25.01,0.00,0.0000,-0.02,0.000,0.0,188.7
2026-08-08T15:28:13.082324+00:00,1786202893.082,25.21,0.00,0.0000,-0.02,0.000,0.0,188.7
2026-08-08T15:28:13.282957+00:00,1786202893.283,25.41,0.00,0.0000,-0.02,0.000,0.0,188.7
2026-08-08T15:28:13.481837+00:00,1786202893.482,25.61,0.00,0.0000,-0.02,0.000,0.0,188.7
2026-08-08T15:28:13.683396+00:00,1786202893.683,25.81,0.00,0.0000,-0.02,0.000,0.0,188.7
2026-08-08T15:28:13.883796+00:00,1786202893.884,26.01,0.00,0.0000,-0.01,0.000,0.0,188.7
2026-08-08T15:28:14.082776+00:00,1786202894.083,26.21,0.00,0.0000,-0.02,0.000,0.0,188.7
2026-08-08T15:28:14.282453+00:00,1786202894.282,26.41,0.00,0.0000,-0.02,0.000,0.0,188.7
2026-08-08T15:28:14.481557+00:00,1786202894.482,26.61,0.00,0.0000,-0.02,0.000,0.0,188.7
2026-08-08T15:28:14.682327+00:00,1786202894.682,26.81,0.00,0.0000,-0.02,0.000,0.0,188.7
2026-08-08T15:28:14.881232+00:00,1786202894.881,27.01,0.00,0.0000,-0.03,0.000,0.0,188.7
2026-08-08T15:28:15.081983+00:00,1786202895.082,27.21,0.00,0.0000,-0.03,0.000,0.0,188.7
2026-08-08T15:28:15.282378+00:00,1786202895.282,27.41,0.00,0.0000,-0.03,0.000,0.0,188.7
2026-08-08T15:28:15.480310+00:00,1786202895.480,27.61,0.00,0.0000,-0.03,0.000,0.0,188.7
2026-08-08T15:28:15.681017+00:00,1786202895.681,27.81,0.00,0.0000,-0.03,0.000,0.0,188.7
2026-08-08T15:28:15.881862+00:00,1786202895.882,28.01,0.00,0.0000,-0.03,0.000,0.0,188.7
2026-08-08T15:28:16.080365+00:00,1786202896.080,28.21,0.00,0.0000,-0.04,0.000,0.0,188.7
2026-08-08T15:28:16.281242+00:00,1786202896.281,28.41,0.00,0.0000,-0.05,0.000,0.0,188.7
2026-08-08T15:28:16.481832+00:00,1786202896.482,28.61,0.00,0.0000,-0.05,0.000,0.0,188.7
2026-08-08T15:28:16.682796+00:00,1786202896.683,28.81,0.00,0.0000,-0.06,0.000,0.0,188.7
2026-08-08T15:28:16.883792+00:00,1786202896.884,29.01,0.00,0.0000,-0.07,0.000,0.0,188.7
2026-08-08T15:28:17.083673+00:00,1786202897.084,29.21,0.00,0.0000,-0.07,0.000,0.0,188.7
2026-08-08T15:28:17.285921+00:00,1786202897.286,29.41,0.00,0.0000,-0.08,0.000,0.0,188.7
2026-08-08T15:28:17.486661+00:00,1786202897.487,29.62,0.00,0.0000,-0.09,0.000,0.0,188.7
2026-08-08T15:28:17.686773+00:00,1786202897.687,29.82,0.00,0.0000,-0.10,0.000,0.0,188.7
2026-08-08T15:28:17.891180+00:00,1786202897.891,30.02,0.00,0.0000,-0.12,0.000,0.0,188.7
2026-08-08T15:28:18.085761+00:00,1786202898.086,30.21,0.00,0.0000,-0.13,0.000,0.0,188.7
2026-08-08T15:28:18.443529+00:00,1786202898.444,30.57,0.00,0.0000,-0.17,0.000,0.0,188.7
2026-08-08T15:28:18.643998+00:00,1786202898.644,30.77,0.00,0.0000,-0.19,0.000,0.0,188.7
2026-08-08T15:28:18.845811+00:00,1786202898.846,30.97,0.00,0.0000,-0.20,0.000,0.0,188.7
2026-08-08T15:28:19.043587+00:00,1786202899.044,31.17,0.00,0.0000,-0.21,0.000,0.0,188.7
2026-08-08T15:28:19.245013+00:00,1786202899.245,31.37,0.00,0.0000,-0.23,0.000,0.0,188.7
2026-08-08T15:28:19.443105+00:00,1786202899.443,31.57,0.00,0.0000,-0.24,0.000,0.0,188.7
2026-08-08T15:28:19.814829+00:00,1786202899.815,31.94,0.00,0.0000,-0.25,0.000,0.0,188.7
2026-08-08T15:28:20.026341+00:00,1786202900.026,32.15,0.00,0.0000,-0.27,0.000,0.0,188.7
2026-08-08T15:28:20.400345+00:00,1786202900.400,32.53,0.00,0.0000,-0.28,0.000,0.0,188.7
2026-08-08T15:28:20.611420+00:00,1786202900.611,32.74,0.00,0.0000,-0.31,0.000,0.0,188.7
2026-08-08T15:28:20.807540+00:00,1786202900.808,32.94,0.00,0.0000,-0.32,0.000,0.0,188.7
2026-08-08T15:28:21.006837+00:00,1786202901.007,33.14,0.00,0.0000,-0.33,0.000,0.0,188.7
2026-08-08T15:28:21.394892+00:00,1786202901.395,33.52,0.00,0.0000,-0.35,0.000,0.0,188.7
2026-08-08T15:28:21.593536+00:00,1786202901.594,33.72,0.00,0.0000,-0.35,0.000,0.0,188.7
2026-08-08T15:28:21.793213+00:00,1786202901.793,33.92,0.00,0.0000,-0.37,0.000,0.0,188.7
2026-08-08T15:28:21.991205+00:00,1786202901.991,34.12,0.00,0.0000,-0.38,0.000,0.0,188.7
2026-08-08T15:28:22.379487+00:00,1786202902.379,34.51,0.00,0.0000,-0.40,0.000,0.0,188.7
2026-08-08T15:28:22.576063+00:00,1786202902.576,34.70,0.00,0.0000,-0.40,0.000,0.0,188.7
2026-08-08T15:28:22.777786+00:00,1786202902.778,34.91,0.00,0.0000,-0.40,0.000,0.0,188.7
2026-08-08T15:28:22.980935+00:00,1786202902.981,35.11,0.00,0.0000,-0.40,0.000,0.0,188.7
2026-08-08T15:28:23.183792+00:00,1786202903.184,35.31,0.00,0.0022,-0.40,0.000,0.0,188.7
2026-08-08T15:28:23.385966+00:00,1786202903.386,35.51,0.00,0.0022,-0.40,0.000,0.0,188.7
2026-08-08T15:28:23.587924+00:00,1786202903.588,35.72,0.00,0.0022,-0.40,0.000,0.0,188.7
2026-08-08T15:28:23.790130+00:00,1786202903.790,35.92,0.00,0.0022,-0.40,0.000,0.0,188.7
2026-08-08T15:28:23.991975+00:00,1786202903.992,36.12,0.00,0.0022,-0.40,0.000,0.0,188.7
2026-08-08T15:28:24.194155+00:00,1786202904.194,36.32,0.00,0.0022,-0.40,0.000,0.0,188.7
2026-08-08T15:28:24.394679+00:00,1786202904.395,36.52,0.00,0.0022,-0.40,0.000,0.0,188.7
2026-08-08T15:28:24.597396+00:00,1786202904.597,36.73,0.00,0.0022,-0.40,0.000,0.0,188.7
2026-08-08T15:28:24.799201+00:00,1786202904.799,36.93,0.00,0.0022,-0.40,0.000,0.0,188.7
2026-08-08T15:28:25.001048+00:00,1786202905.001,37.13,0.00,0.0022,-0.40,0.000,0.0,188.7
2026-08-08T15:28:25.203070+00:00,1786202905.203,37.33,0.00,0.0022,-0.40,0.000,0.0,188.7
2026-08-08T15:28:25.403255+00:00,1786202905.403,37.53,0.00,0.0022,-0.40,0.000,0.0,188.7
2026-08-08T15:28:25.605631+00:00,1786202905.606,37.73,0.00,0.0022,-0.40,0.000,0.0,188.7
2026-08-08T15:28:25.807651+00:00,1786202905.808,37.94,0.00,0.0022,-0.40,0.000,0.0,188.7
2026-08-08T15:28:26.009391+00:00,1786202906.009,38.14,0.00,0.0022,-0.40,0.000,0.0,188.7
2026-08-08T15:28:26.211871+00:00,1786202906.212,38.34,0.00,0.0022,-0.40,0.000,0.0,188.7
2026-08-08T15:28:26.414799+00:00,1786202906.415,38.54,0.00,0.0022,-0.40,0.000,0.0,188.7
2026-08-08T15:28:26.616556+00:00,1786202906.617,38.75,0.00,0.0022,-0.40,0.000,0.0,188.7
2026-08-08T15:28:26.818897+00:00,1786202906.819,38.95,0.00,0.0022,-0.40,0.000,0.0,188.7
2026-08-08T15:28:27.020486+00:00,1786202907.020,39.15,0.00,0.0022,-0.40,0.000,0.0,188.7
2026-08-08T15:28:27.223231+00:00,1786202907.223,39.35,2.10,0.0044,-0.40,0.288,0.0,188.7
2026-08-08T15:28:27.418149+00:00,1786202907.418,39.55,2.10,0.0044,-0.40,0.289,0.0,188.7
2026-08-08T15:28:27.620231+00:00,1786202907.620,39.75,2.10,0.0044,-0.40,0.289,0.0,188.7
2026-08-08T15:28:27.823885+00:00,1786202907.824,39.95,2.10,0.0044,-0.40,0.289,2.5,188.7
2026-08-08T15:28:28.019346+00:00,1786202908.019,40.15,2.10,0.0044,-0.40,0.290,3.2,188.7
2026-08-08T15:28:28.216319+00:00,1786202908.216,40.34,2.10,0.0044,-0.40,0.291,3.8,188.7
2026-08-08T15:28:28.419526+00:00,1786202908.420,40.55,2.10,0.0044,-0.40,0.291,4.5,188.7
2026-08-08T15:28:28.626026+00:00,1786202908.626,40.75,2.10,0.0044,-0.40,0.290,5.1,188.7
2026-08-08T15:28:28.832406+00:00,1786202908.832,40.96,2.10,0.0044,-0.40,0.289,5.7,188.7
2026-08-08T15:28:29.036295+00:00,1786202909.036,41.16,2.10,0.0044,-0.40,0.289,6.4,188.7
2026-08-08T15:28:29.231692+00:00,1786202909.232,41.36,2.61,0.0066,-0.40,0.071,6.5,188.7
2026-08-08T15:28:29.437207+00:00,1786202909.437,41.57,2.61,0.0066,-0.40,0.070,6.6,188.7
2026-08-08T15:28:29.841596+00:00,1786202909.842,41.97,2.61,0.0066,0.30,0.064,7.1,188.7
2026-08-08T15:28:30.055027+00:00,1786202910.055,42.18,2.61,0.0066,0.77,0.064,7.8,222.0
2026-08-08T15:28:30.258005+00:00,1786202910.258,42.39,2.61,0.0066,1.00,0.063,8.6,222.0
2026-08-08T15:28:30.466795+00:00,1786202910.467,42.60,2.61,0.0066,1.23,0.063,9.6,222.0
2026-08-08T15:28:30.673411+00:00,1786202910.673,42.80,2.61,0.0066,1.47,0.063,10.6,222.0
2026-08-08T15:28:30.869486+00:00,1786202910.869,43.00,2.61,0.0066,1.70,0.063,11.8,222.0
2026-08-08T15:28:31.064202+00:00,1786202911.064,43.19,2.61,0.0066,1.93,0.064,13.1,222.0
2026-08-08T15:28:31.264863+00:00,1786202911.265,43.39,2.61,0.0066,2.16,0.064,14.5,222.0
2026-08-08T15:28:31.463620+00:00,1786202911.464,43.59,2.61,0.0066,2.40,0.000,15.2,222.0
2026-08-08T15:28:31.665827+00:00,1786202911.666,43.79,2.61,0.0066,2.63,0.000,16.1,222.0
2026-08-08T15:28:31.866256+00:00,1786202911.866,43.99,2.61,0.0066,2.86,0.000,17.0,233.1
2026-08-08T15:28:32.063287+00:00,1786202912.063,44.19,2.61,0.0066,3.10,0.000,18.1,233.1
2026-08-08T15:28:32.263615+00:00,1786202912.264,44.39,2.61,0.0066,3.33,0.000,19.2,233.1
2026-08-08T15:28:32.466313+00:00,1786202912.466,44.59,2.61,0.0066,3.56,0.000,20.5,233.1
2026-08-08T15:28:32.664367+00:00,1786202912.664,44.79,2.61,0.0066,3.79,0.000,21.9,233.1
2026-08-08T15:28:32.865938+00:00,1786202912.866,44.99,0.00,0.0066,4.03,-0.363,21.3,233.1
2026-08-08T15:28:33.070843+00:00,1786202913.071,45.20,0.00,0.0066,4.26,-0.361,20.7,233.1
2026-08-08T15:28:33.458236+00:00,1786202913.458,45.59,0.00,0.0066,4.72,-0.330,20.0,233.1
2026-08-08T15:28:33.663540+00:00,1786202913.664,45.79,0.00,0.0066,4.96,-0.329,19.9,233.1
2026-08-08T15:28:33.864526+00:00,1786202913.865,45.99,0.00,0.0066,5.19,-0.329,19.8,233.1
2026-08-08T15:28:34.062852+00:00,1786202914.063,46.19,0.00,0.0066,5.42,-0.330,19.3,233.1
2026-08-08T15:28:34.267311+00:00,1786202914.267,46.40,0.00,0.0066,5.42,-0.329,18.6,244.2
2026-08-08T15:28:34.463878+00:00,1786202914.464,46.59,0.00,0.0066,5.42,-0.329,17.8,244.2
2026-08-08T15:28:34.661992+00:00,1786202914.662,46.79,0.00,0.0066,5.42,-0.330,16.8,244.2
2026-08-08T15:28:34.861777+00:00,1786202914.862,46.99,0.00,0.0066,5.42,-0.330,15.8,244.2
2026-08-08T15:28:35.060544+00:00,1786202915.061,47.19,0.00,0.0066,5.42,0.000,14.6,244.2
2026-08-08T15:28:35.263312+00:00,1786202915.263,47.39,0.00,0.0066,5.42,0.000,13.3,244.2
2026-08-08T15:28:35.465473+00:00,1786202915.465,47.59,0.00,0.0066,5.42,0.000,11.9,244.2
2026-08-08T15:28:35.662947+00:00,1786202915.663,47.79,0.00,0.0066,5.42,0.000,10.5,244.2
2026-08-08T15:28:35.862095+00:00,1786202915.862,47.99,0.00,0.0066,5.42,0.000,9.1,244.2
2026-08-08T15:28:36.065745+00:00,1786202916.066,48.19,0.00,0.0066,5.42,0.000,7.5,244.2
2026-08-08T15:28:36.263257+00:00,1786202916.263,48.39,0.00,0.0066,5.42,0.000,5.8,244.2
2026-08-08T15:28:36.464777+00:00,1786202916.465,48.59,1.82,0.0088,5.42,0.253,6.5,244.2
2026-08-08T15:28:36.670191+00:00,1786202916.670,48.80,1.82,0.0088,5.42,0.252,7.1,244.2
2026-08-08T15:28:36.866291+00:00,1786202916.866,48.99,1.82,0.0088,5.42,0.253,7.6,244.2
2026-08-08T15:28:37.063637+00:00,1786202917.064,49.19,1.82,0.0088,5.42,0.253,10.2,244.2
2026-08-08T15:28:37.267037+00:00,1786202917.267,49.40,1.82,0.0088,5.42,0.253,12.7,244.2
2026-08-08T15:28:37.465371+00:00,1786202917.465,49.59,1.82,0.0088,5.42,0.253,15.2,244.2
2026-08-08T15:28:37.663775+00:00,1786202917.664,49.79,1.82,0.0088,5.42,0.253,17.8,244.2
2026-08-08T15:28:37.863935+00:00,1786202917.864,49.99,1.82,0.0088,5.42,0.253,20.3,244.2
2026-08-08T15:28:38.063799+00:00,1786202918.064,50.19,1.82,0.0088,5.42,0.253,22.9,244.2
2026-08-08T15:28:38.267691+00:00,1786202918.268,50.40,1.82,0.0088,5.42,0.253,25.4,244.2
2026-08-08T15:28:38.468780+00:00,1786202918.469,50.60,1.82,0.0088,5.42,0.000,27.4,244.2
2026-08-08T15:28:38.667920+00:00,1786202918.668,50.80,1.82,0.0088,5.42,0.000,29.4,244.2
2026-08-08T15:28:38.865904+00:00,1786202918.866,50.99,2.03,0.0110,5.42,0.000,31.7,244.2
2026-08-08T15:28:39.070260+00:00,1786202919.070,51.20,2.03,0.0110,5.42,0.000,33.9,244.2
2026-08-08T15:28:39.265436+00:00,1786202919.265,51.39,2.03,0.0110,5.42,0.000,36.1,244.2
2026-08-08T15:28:39.467817+00:00,1786202919.468,51.60,2.03,0.0110,5.42,0.000,38.4,244.2
2026-08-08T15:28:39.665900+00:00,1786202919.666,51.79,2.03,0.0110,5.42,0.000,40.6,244.2
2026-08-08T15:28:39.865231+00:00,1786202919.865,51.99,2.03,0.0110,5.42,0.000,42.8,244.2
2026-08-08T15:28:40.065379+00:00,1786202920.065,52.19,2.03,0.0110,5.42,0.000,45.1,244.2
2026-08-08T15:28:40.267511+00:00,1786202920.267,52.40,2.03,0.0110,5.42,0.000,47.3,244.2
2026-08-08T15:28:40.466735+00:00,1786202920.467,52.60,2.03,0.0110,5.42,0.000,47.0,244.2
2026-08-08T15:28:40.666293+00:00,1786202920.666,52.79,2.03,0.0110,5.42,0.000,46.7,244.2
2026-08-08T15:28:40.863918+00:00,1786202920.864,52.99,2.03,0.0110,5.42,0.000,46.4,244.2
2026-08-08T15:28:41.063018+00:00,1786202921.063,53.19,2.03,0.0110,5.42,0.000,46.1,244.2
2026-08-08T15:28:41.263743+00:00,1786202921.264,53.39,2.03,0.0110,5.42,0.000,45.8,244.2
2026-08-08T15:28:41.468107+00:00,1786202921.468,53.60,2.03,0.0110,5.42,0.000,45.4,244.2
2026-08-08T15:28:41.664230+00:00,1786202921.664,53.79,2.03,0.0110,5.42,0.000,45.1,244.2
2026-08-08T15:28:41.867680+00:00,1786202921.868,54.00,2.03,0.0110,5.42,0.000,44.8,244.2
2026-08-08T15:28:42.067206+00:00,1786202922.067,54.20,2.03,0.0110,5.42,0.000,44.5,244.2
2026-08-08T15:28:42.265881+00:00,1786202922.266,54.39,2.03,0.0110,5.42,0.000,44.2,244.2
2026-08-08T15:28:42.468396+00:00,1786202922.468,54.60,2.03,0.0110,5.42,0.000,44.4,244.2
2026-08-08T15:28:42.670605+00:00,1786202922.671,54.80,2.03,0.0110,5.42,0.000,44.7,244.2
2026-08-08T15:28:42.867102+00:00,1786202922.867,55.00,2.03,0.0110,5.42,0.000,44.7,244.2
2026-08-08T15:28:43.068337+00:00,1786202923.068,55.20,0.00,0.0110,5.42,-0.281,42.4,244.2
2026-08-08T15:28:43.271469+00:00,1786202923.271,55.40,0.00,0.0110,5.42,-0.280,40.2,244.2
2026-08-08T15:28:43.474155+00:00,1786202923.474,55.60,0.00,0.0110,5.42,-0.281,38.0,244.2
2026-08-08T15:28:43.674446+00:00,1786202923.674,55.80,0.00,0.0110,5.42,-0.280,35.7,244.2
2026-08-08T15:28:43.870364+00:00,1786202923.870,56.00,0.00,0.0110,5.42,-0.281,33.5,244.2
2026-08-08T15:28:44.070084+00:00,1786202924.070,56.20,0.00,0.0110,5.42,-0.281,31.3,244.2
2026-08-08T15:28:44.275668+00:00,1786202924.276,56.40,0.00,0.0110,5.42,-0.280,29.0,244.2
2026-08-08T15:28:44.475362+00:00,1786202924.475,56.60,0.00,0.0110,5.42,-0.281,26.8,244.2
2026-08-08T15:28:44.675054+00:00,1786202924.675,56.80,0.00,0.0110,5.42,-0.281,24.6,244.2
2026-08-08T15:28:44.870789+00:00,1786202924.871,57.00,0.00,0.0110,5.42,-0.281,22.3,244.2
2026-08-08T15:28:45.069298+00:00,1786202925.069,57.20,0.00,0.0110,5.42,0.000,20.1,244.2
2026-08-08T15:28:45.272207+00:00,1786202925.272,57.40,0.00,0.0110,5.42,0.000,17.9,244.2
2026-08-08T15:28:45.471916+00:00,1786202925.472,57.60,0.00,0.0110,5.42,0.000,15.6,244.2
2026-08-08T15:28:45.669782+00:00,1786202925.670,57.80,0.00,0.0110,5.42,0.000,13.4,244.2
2026-08-08T15:28:45.869481+00:00,1786202925.869,58.00,0.00,0.0110,5.42,0.000,11.2,244.2
2026-08-08T15:28:46.070620+00:00,1786202926.071,58.20,0.00,0.0110,5.42,0.000,8.9,244.2
2026-08-08T15:28:46.270266+00:00,1786202926.270,58.40,0.00,0.0110,5.42,0.000,6.7,244.2
2026-08-08T15:28:46.471092+00:00,1786202926.471,58.60,0.00,0.0110,5.42,0.000,4.5,244.2
2026-08-08T15:28:46.669187+00:00,1786202926.669,58.80,0.00,0.0110,5.42,0.000,2.2,244.2
2026-08-08T15:28:46.867937+00:00,1786202926.868,59.00,0.00,0.0110,5.42,0.000,0.0,244.2
2026-08-08T15:28:47.065287+00:00,1786202927.065,59.19,0.00,0.0110,5.42,0.000,0.0,244.2
2026-08-08T15:28:47.260505+00:00,1786202927.260,59.39,0.00,0.0110,5.42,0.000,0.0,244.2
2026-08-08T15:28:47.463660+00:00,1786202927.464,59.59,0.00,0.0110,5.42,0.000,0.0,244.2
2026-08-08T15:28:47.666607+00:00,1786202927.667,59.80,0.00,0.0110,5.42,0.000,0.0,244.2
2026-08-08T15:28:47.869141+00:00,1786202927.869,60.00,0.00,0.0110,5.42,0.000,0.0,244.2
2026-08-08T15:28:48.071258+00:00,1786202928.071,60.20,0.00,0.0110,5.42,0.000,0.0,244.2
2026-08-08T15:28:48.276042+00:00,1786202928.276,60.40,0.00,0.0110,5.42,0.000,0.0,244.2
2026-08-08T15:28:48.479414+00:00,1786202928.479,60.61,0.00,0.0110,5.42,0.000,0.0,244.2
2026-08-08T15:28:48.681341+00:00,1786202928.681,60.81,0.00,0.0110,5.42,0.000,0.0,244.2
2026-08-08T15:28:48.886171+00:00,1786202928.886,61.01,0.00,0.0110,5.42,0.000,0.0,244.2
2026-08-08T15:28:49.087437+00:00,1786202929.087,61.22,0.00,0.0110,5.42,0.000,0.0,244.2
2026-08-08T15:28:49.289609+00:00,1786202929.290,61.42,0.00,0.0110,5.42,0.000,0.0,244.2
2026-08-08T15:28:49.491929+00:00,1786202929.492,61.62,0.00,0.0110,5.42,0.000,0.0,244.2
2026-08-08T15:28:49.694217+00:00,1786202929.694,61.82,0.00,0.0110,5.42,0.000,0.0,244.2
2026-08-08T15:28:49.896204+00:00,1786202929.896,62.02,0.00,0.0110,5.42,0.000,0.0,244.2
2026-08-08T15:28:50.097005+00:00,1786202930.097,62.23,0.00,0.0110,5.42,0.000,0.0,244.2
2026-08-08T15:28:50.298839+00:00,1786202930.299,62.43,0.00,0.0110,5.42,0.000,0.0,244.2
2026-08-08T15:28:50.501684+00:00,1786202930.502,62.63,0.00,0.0110,5.42,0.000,0.0,244.2
2026-08-08T15:28:50.704002+00:00,1786202930.704,62.83,0.00,0.0110,5.42,0.000,0.0,244.2
2026-08-08T15:28:50.907743+00:00,1786202930.908,63.04,0.00,0.0110,5.42,0.000,0.0,244.2
2026-08-08T15:28:51.107833+00:00,1786202931.108,63.24,0.00,0.0110,5.42,0.000,0.0,244.2
2026-08-08T15:28:51.309445+00:00,1786202931.309,63.44,0.00,0.0110,5.42,0.000,0.0,244.2
2026-08-08T15:28:51.511247+00:00,1786202931.511,63.64,0.00,0.0110,5.42,0.000,0.0,244.2
2026-08-08T15:28:51.713350+00:00,1786202931.713,63.84,0.00,0.0110,5.42,0.000,0.0,244.2
2026-08-08T15:28:51.915407+00:00,1786202931.915,64.04,0.00,0.0110,5.42,0.000,0.0,244.2
2026-08-08T15:28:52.115196+00:00,1786202932.115,64.24,0.00,0.0110,5.42,0.000,0.0,244.2
2026-08-08T15:28:52.319573+00:00,1786202932.320,64.45,0.00,0.0110,5.42,0.000,0.0,244.2
2026-08-08T15:28:52.522116+00:00,1786202932.522,64.65,0.00,0.0110,5.42,0.000,0.0,244.2
2026-08-08T15:28:52.724035+00:00,1786202932.724,64.85,0.00,0.0110,5.42,0.000,0.0,244.2
2026-08-08T15:28:52.925879+00:00,1786202932.926,65.05,0.00,0.0110,5.42,0.000,0.0,244.2
2026-08-08T15:28:53.123666+00:00,1786202933.124,65.25,0.00,0.0110,5.42,0.000,0.0,244.2
2026-08-08T15:28:53.324065+00:00,1786202933.324,65.45,0.00,0.0110,5.42,0.000,0.0,244.2
2026-08-08T15:28:53.526128+00:00,1786202933.526,65.65,0.00,0.0110,5.42,0.000,0.0,244.2
2026-08-08T15:28:53.728506+00:00,1786202933.728,65.86,0.00,0.0110,5.42,0.000,0.0,244.2
2026-08-08T15:28:53.930351+00:00,1786202933.930,66.06,0.00,0.0110,5.42,0.000,0.0,244.2
2026-08-08T15:28:54.130303+00:00,1786202934.130,66.26,0.00,0.0110,5.42,0.000,0.0,244.2
2026-08-08T15:28:54.324188+00:00,1786202934.324,66.45,0.00,0.0110,5.42,0.000,0.0,244.2
2026-08-08T15:28:54.527433+00:00,1786202934.527,66.66,0.00,0.0110,5.42,0.000,0.0,244.2
2026-08-08T15:28:54.729672+00:00,1786202934.730,66.86,0.00,0.0110,5.42,0.000,0.0,244.2
2026-08-08T15:28:54.931814+00:00,1786202934.932,67.06,0.00,0.0110,5.42,0.000,0.0,244.2
2026-08-08T15:28:55.132088+00:00,1786202935.132,67.26,0.00,0.0110,5.42,0.000,0.0,244.2
2026-08-08T15:28:55.333895+00:00,1786202935.334,67.46,0.00,0.0110,5.42,0.000,0.0,244.2
2026-08-08T15:28:55.536306+00:00,1786202935.536,67.66,0.00,0.0110,5.42,0.000,0.0,244.2
2026-08-08T15:28:55.738500+00:00,1786202935.738,67.87,0.00,0.0110,5.42,0.000,0.0,244.2
2026-08-08T15:28:55.940227+00:00,1786202935.940,68.07,0.00,0.0110,5.42,0.000,0.0,244.2
2026-08-08T15:28:56.138738+00:00,1786202936.139,68.27,0.00,0.0110,5.42,0.000,0.0,244.2
2026-08-08T15:28:56.340374+00:00,1786202936.340,68.47,0.00,0.0110,5.42,0.000,0.0,244.2
2026-08-08T15:28:56.543282+00:00,1786202936.543,68.67,0.00,0.0110,5.42,0.000,0.0,244.2
2026-08-08T15:28:56.745065+00:00,1786202936.745,68.87,0.00,0.0110,5.42,0.000,0.0,244.2
2026-08-08T15:28:56.947120+00:00,1786202936.947,69.08,0.00,0.0110,5.42,0.000,0.0,244.2
2026-08-08T15:28:57.150143+00:00,1786202937.150,69.28,0.00,0.0110,5.42,0.000,0.0,244.2
2026-08-08T15:28:57.352453+00:00,1786202937.352,69.48,0.00,0.0110,5.42,0.000,0.0,244.2
2026-08-08T15:28:57.554368+00:00,1786202937.554,69.68,0.00,0.0110,5.42,0.000,0.0,244.2
2026-08-08T15:28:57.757412+00:00,1786202937.757,69.89,0.00,0.0110,5.42,0.000,0.0,244.2
2026-08-08T15:28:57.959376+00:00,1786202937.959,70.09,0.00,0.0110,5.42,0.000,0.0,244.2
2026-08-08T15:28:58.159611+00:00,1786202938.160,70.29,0.00,0.0110,5.42,0.000,0.0,244.2
2026-08-08T15:28:58.360413+00:00,1786202938.360,70.49,0.00,0.0110,5.42,0.000,0.0,244.2
2026-08-08T15:28:58.562414+00:00,1786202938.562,70.69,0.00,0.0110,5.42,0.000,0.0,244.2
2026-08-08T15:28:58.763527+00:00,1786202938.764,70.89,0.00,0.0110,5.42,0.000,0.0,244.2
2026-08-08T15:28:58.965183+00:00,1786202938.965,71.09,0.00,0.0110,5.42,0.000,0.0,244.2
2026-08-08T15:28:59.170385+00:00,1786202939.170,71.30,0.98,0.0132,5.42,0.135,0.0,244.2
2026-08-08T15:28:59.376629+00:00,1786202939.377,71.51,0.98,0.0132,5.42,0.135,2.5,244.2
2026-08-08T15:28:59.577089+00:00,1786202939.577,71.71,0.98,0.0132,5.42,0.135,3.7,244.2
2026-08-08T15:28:59.775559+00:00,1786202939.776,71.90,0.98,0.0132,5.42,0.135,4.9,244.2
2026-08-08T15:28:59.971726+00:00,1786202939.972,72.10,0.98,0.0132,5.42,0.136,6.2,244.2
2026-08-08T15:29:00.180812+00:00,1786202940.181,72.31,0.98,0.0132,5.42,0.135,7.4,244.2
2026-08-08T15:29:00.375536+00:00,1786202940.376,72.50,0.98,0.0132,5.42,0.136,8.6,244.2
2026-08-08T15:29:00.574983+00:00,1786202940.575,72.70,0.98,0.0132,5.42,0.136,9.9,244.2
2026-08-08T15:29:00.775924+00:00,1786202940.776,72.90,0.98,0.0132,5.42,0.136,11.1,244.2
2026-08-08T15:29:00.976765+00:00,1786202940.977,73.11,0.98,0.0132,5.42,0.136,12.4,244.2
2026-08-08T15:29:01.196871+00:00,1786202941.197,73.33,0.00,0.0132,5.42,-0.135,12.4,244.2
2026-08-08T15:29:01.392043+00:00,1786202941.392,73.52,0.00,0.0132,5.42,-0.135,12.4,244.2
2026-08-08T15:29:01.589473+00:00,1786202941.589,73.72,0.00,0.0132,5.42,-0.136,12.4,244.2
2026-08-08T15:29:01.791741+00:00,1786202941.792,73.92,0.00,0.0132,5.42,-0.135,12.4,244.2
2026-08-08T15:29:01.994332+00:00,1786202941.994,74.12,0.00,0.0132,5.42,-0.135,12.4,244.2
2026-08-08T15:29:02.198493+00:00,1786202942.198,74.33,0.00,0.0132,5.42,-0.135,12.4,244.2
2026-08-08T15:29:02.404509+00:00,1786202942.404,74.53,0.00,0.0132,5.42,-0.134,12.4,244.2
2026-08-08T15:29:02.606754+00:00,1786202942.607,74.74,0.00,0.0132,5.42,-0.134,12.4,244.2
2026-08-08T15:29:02.813406+00:00,1786202942.813,74.94,0.00,0.0132,5.42,-0.134,12.4,244.2
2026-08-08T15:29:03.015226+00:00,1786202943.015,75.14,0.00,0.0132,5.42,-0.134,12.4,244.2
2026-08-08T15:29:03.216251+00:00,1786202943.216,75.34,0.00,0.0132,5.42,0.000,11.1,244.2
2026-08-08T15:29:03.414041+00:00,1786202943.414,75.54,0.00,0.0132,5.42,0.000,9.9,244.2
2026-08-08T15:29:03.620639+00:00,1786202943.621,75.75,0.00,0.0132,5.42,0.000,8.7,244.2
2026-08-08T15:29:03.826771+00:00,1786202943.827,75.96,0.00,0.0132,5.42,0.000,7.4,244.2
2026-08-08T15:29:04.031583+00:00,1786202944.032,76.16,0.00,0.0132,5.42,0.000,6.2,244.2
2026-08-08T15:29:04.236256+00:00,1786202944.236,76.36,0.00,0.0132,5.42,0.000,4.9,244.2
2026-08-08T15:29:04.433003+00:00,1786202944.433,76.56,0.00,0.0132,5.42,0.000,3.7,244.2
2026-08-08T15:29:04.639444+00:00,1786202944.639,76.77,0.00,0.0132,5.42,0.000,2.5,244.2
2026-08-08T15:29:04.845884+00:00,1786202944.846,76.97,0.00,0.0132,5.42,0.000,0.0,244.2
2026-08-08T15:29:05.050762+00:00,1786202945.051,77.18,0.00,0.0132,5.42,0.000,0.0,244.2
2026-08-08T15:29:05.245894+00:00,1786202945.246,77.37,0.89,0.0154,5.42,0.121,0.0,244.2
2026-08-08T15:29:05.449236+00:00,1786202945.449,77.58,0.89,0.0154,5.42,0.121,2.2,244.2
2026-08-08T15:29:05.645066+00:00,1786202945.645,77.77,0.89,0.0154,5.42,0.122,3.3,244.2
2026-08-08T15:29:05.841510+00:00,1786202945.841,77.97,0.89,0.0154,5.42,0.122,4.4,244.2
2026-08-08T15:29:06.037745+00:00,1786202946.038,78.17,0.89,0.0154,5.42,0.123,5.5,244.2
2026-08-08T15:29:06.237546+00:00,1786202946.238,78.37,0.89,0.0154,5.42,0.123,6.6,244.2
2026-08-08T15:29:06.440188+00:00,1786202946.440,78.57,0.89,0.0154,5.42,0.123,7.7,244.2
2026-08-08T15:29:06.643096+00:00,1786202946.643,78.77,0.89,0.0154,5.42,0.123,8.8,244.2
2026-08-08T15:29:06.838931+00:00,1786202946.839,78.97,0.89,0.0154,5.42,0.124,9.9,244.2
2026-08-08T15:29:07.038685+00:00,1786202947.039,79.17,0.89,0.0154,5.42,0.124,11.0,244.2
2026-08-08T15:29:07.398818+00:00,1786202947.399,79.53,1.02,0.0176,5.42,0.000,12.1,244.2
2026-08-08T15:29:07.602116+00:00,1786202947.602,79.73,1.02,0.0176,5.42,0.000,13.3,244.2
2026-08-08T15:29:07.800127+00:00,1786202947.800,79.93,1.02,0.0176,5.42,0.000,14.4,244.2
2026-08-08T15:29:07.999676+00:00,1786202948.000,80.13,1.02,0.0176,5.42,0.000,15.5,244.2
2026-08-08T15:29:08.198217+00:00,1786202948.198,80.33,1.02,0.0176,5.42,0.000,16.7,244.2
2026-08-08T15:29:08.399611+00:00,1786202948.400,80.53,1.02,0.0176,5.42,0.000,17.8,244.2
2026-08-08T15:29:08.602436+00:00,1786202948.602,80.73,1.02,0.0176,5.42,0.000,18.9,244.2
2026-08-08T15:29:08.803010+00:00,1786202948.803,80.93,1.02,0.0176,5.42,0.000,20.0,244.2
2026-08-08T15:29:09.001003+00:00,1786202949.001,81.13,1.02,0.0176,5.42,0.000,21.2,244.2
2026-08-08T15:29:09.202696+00:00,1786202949.203,81.33,1.02,0.0176,5.42,0.000,22.3,244.2
2026-08-08T15:29:09.403063+00:00,1786202949.403,81.53,1.02,0.0176,5.42,0.000,22.3,244.2
2026-08-08T15:29:09.600841+00:00,1786202949.601,81.73,1.03,0.0198,5.42,0.000,22.4,244.2
2026-08-08T15:29:09.800276+00:00,1786202949.800,81.93,1.03,0.0198,5.42,0.000,22.4,244.2
2026-08-08T15:29:09.998789+00:00,1786202949.999,82.13,1.03,0.0198,5.42,0.000,22.4,244.2
2026-08-08T15:29:10.197969+00:00,1786202950.198,82.33,1.03,0.0198,5.42,0.000,22.5,244.2
2026-08-08T15:29:10.402406+00:00,1786202950.402,82.53,1.03,0.0198,5.42,0.000,22.5,244.2
2026-08-08T15:29:10.602425+00:00,1786202950.602,82.73,1.03,0.0198,5.42,0.000,22.5,244.2
2026-08-08T15:29:10.800159+00:00,1786202950.800,82.93,1.03,0.0198,5.42,0.000,22.5,244.2
2026-08-08T15:29:10.998225+00:00,1786202950.998,83.13,1.03,0.0198,5.42,0.000,22.6,244.2
2026-08-08T15:29:11.197281+00:00,1786202951.197,83.33,1.03,0.0198,5.42,0.000,22.6,244.2
2026-08-08T15:29:11.398149+00:00,1786202951.398,83.53,1.03,0.0198,5.42,0.000,22.6,244.2
2026-08-08T15:29:11.615755+00:00,1786202951.616,83.74,1.03,0.0198,5.42,0.000,22.6,244.2
2026-08-08T15:29:11.818747+00:00,1786202951.819,83.95,1.03,0.0198,5.42,0.000,22.6,244.2
2026-08-08T15:29:12.198473+00:00,1786202952.198,84.33,1.03,0.0198,5.42,0.000,22.6,244.2
2026-08-08T15:29:12.402068+00:00,1786202952.402,84.53,1.03,0.0198,5.42,0.000,22.6,244.2
2026-08-08T15:29:12.603773+00:00,1786202952.604,84.73,1.03,0.0198,5.42,0.000,22.7,244.2
2026-08-08T15:29:12.801304+00:00,1786202952.801,84.93,1.03,0.0198,5.42,0.000,22.7,244.2
2026-08-08T15:29:13.001654+00:00,1786202953.002,85.13,1.03,0.0198,5.42,0.000,22.7,244.2
2026-08-08T15:29:13.202659+00:00,1786202953.203,85.33,2.24,0.0220,5.42,0.152,24.4,244.2
2026-08-08T15:29:13.411588+00:00,1786202953.412,85.54,2.24,0.0220,5.42,0.151,26.1,244.2
2026-08-08T15:29:13.606675+00:00,1786202953.607,85.74,2.24,0.0220,5.42,0.152,27.9,244.2
2026-08-08T15:29:13.804890+00:00,1786202953.805,85.93,2.24,0.0220,5.42,0.153,29.6,244.2
2026-08-08T15:29:14.005756+00:00,1786202954.006,86.13,2.24,0.0220,5.42,0.153,31.3,244.2
2026-08-08T15:29:14.204502+00:00,1786202954.204,86.33,2.24,0.0220,5.42,0.167,33.1,244.2
2026-08-08T15:29:14.419627+00:00,1786202954.420,86.55,2.24,0.0220,5.42,0.166,34.8,244.2
2026-08-08T15:29:14.626520+00:00,1786202954.626,86.76,2.24,0.0220,5.42,0.166,36.6,244.2
2026-08-08T15:29:14.826528+00:00,1786202954.826,86.96,2.24,0.0220,5.42,0.166,38.4,244.2
2026-08-08T15:29:15.209704+00:00,1786202955.210,87.34,3.23,0.0242,5.42,0.278,41.8,244.2
2026-08-08T15:29:15.402442+00:00,1786202955.402,87.53,3.23,0.0242,5.42,0.126,44.7,244.2
2026-08-08T15:29:15.638356+00:00,1786202955.638,87.77,3.23,0.0242,5.42,0.124,47.6,244.2
2026-08-08T15:29:15.855357+00:00,1786202955.855,87.98,3.67,0.0264,5.42,0.177,51.3,244.2
2026-08-08T15:29:16.058622+00:00,1786202956.059,88.19,3.67,0.0264,5.42,0.177,55.0,244.2
2026-08-08T15:29:16.255866+00:00,1786202956.256,88.38,3.67,0.0264,5.42,0.177,58.6,244.2
2026-08-08T15:29:16.452390+00:00,1786202956.452,88.58,4.63,0.0286,5.42,0.295,64.2,244.2
2026-08-08T15:29:16.654272+00:00,1786202956.654,88.78,4.63,0.0286,5.42,0.297,69.8,244.2
2026-08-08T15:29:16.859206+00:00,1786202956.859,88.99,4.63,0.0286,5.42,0.297,75.3,244.2
2026-08-08T15:29:17.240504+00:00,1786202957.240,89.37,8.24,0.0308,5.42,0.691,90.0,244.2
2026-08-08T15:29:17.447215+00:00,1786202957.447,89.58,8.24,0.0308,5.42,0.621,104.0,244.2
2026-08-08T15:29:17.647925+00:00,1786202957.648,89.78,10.45,0.0330,5.42,0.893,123.7,244.2
2026-08-08T15:29:17.853655+00:00,1786202957.854,89.98,10.45,0.0330,5.42,0.905,143.5,244.2
2026-08-08T15:29:18.048807+00:00,1786202958.049,90.18,10.45,0.0330,5.42,0.859,162.8,244.2
2026-08-08T15:29:18.250764+00:00,1786202958.251,90.38,12.14,0.0352,5.42,1.072,188.8,244.2
2026-08-08T15:29:18.461401+00:00,1786202958.461,90.59,12.14,0.0352,5.42,1.066,214.6,244.2
2026-08-08T15:29:18.665587+00:00,1786202958.666,90.79,12.14,0.0352,5.42,0.944,238.8,244.2
2026-08-08T15:29:19.042129+00:00,1786202959.042,91.17,12.20,0.0374,5.42,0.881,262.1,244.2
2026-08-08T15:29:19.256914+00:00,1786202959.257,91.39,12.20,0.0374,5.42,0.876,285.4,244.2
2026-08-08T15:29:19.638961+00:00,1786202959.639,91.77,13.12,0.0396,5.42,0.565,306.1,244.2
2026-08-08T15:29:19.849708+00:00,1786202959.850,91.98,13.12,0.0396,5.42,0.564,325.0,244.2
2026-08-08T15:29:20.051236+00:00,1786202960.051,92.18,13.18,0.0418,5.42,0.315,340.8,244.2
2026-08-08T15:29:20.257046+00:00,1786202960.257,92.39,13.18,0.0418,5.42,0.315,356.6,244.2
2026-08-08T15:29:20.453538+00:00,1786202960.454,92.58,13.18,0.0418,5.42,0.315,371.7,244.2
2026-08-08T15:29:20.655923+00:00,1786202960.656,92.78,13.11,0.0440,5.42,0.112,383.5,244.2
2026-08-08T15:29:20.854570+00:00,1786202960.855,92.98,13.11,0.0440,5.42,0.113,395.4,244.2
2026-08-08T15:29:21.051021+00:00,1786202961.051,93.18,13.11,0.0440,5.42,0.113,405.4,244.2
2026-08-08T15:29:21.252601+00:00,1786202961.253,93.38,13.19,0.0462,5.42,0.125,415.7,244.2
2026-08-08T15:29:21.461231+00:00,1786202961.461,93.59,13.19,0.0462,5.42,0.125,425.9,244.2
2026-08-08T15:29:21.664991+00:00,1786202961.665,93.79,13.19,0.0462,5.42,0.000,425.2,244.2
2026-08-08T15:29:22.044381+00:00,1786202962.044,94.17,14.33,0.0484,5.42,0.153,429.1,244.2
2026-08-08T15:29:22.261441+00:00,1786202962.261,94.39,14.33,0.0484,5.42,0.144,425.4,244.2
2026-08-08T15:29:22.643486+00:00,1786202962.643,94.77,14.40,0.0506,5.42,0.142,421.6,244.2
2026-08-08T15:29:22.849104+00:00,1786202962.849,94.98,14.40,0.0506,5.42,0.141,418.3,244.2
2026-08-08T15:29:23.050470+00:00,1786202963.050,95.18,14.49,0.0528,5.42,0.161,408.9,244.2
2026-08-08T15:29:23.259071+00:00,1786202963.259,95.39,14.49,0.0528,5.42,0.160,399.5,244.2
2026-08-08T15:29:23.453381+00:00,1786202963.453,95.58,14.49,0.0528,5.42,0.160,391.9,244.2
2026-08-08T15:29:23.651487+00:00,1786202963.651,95.78,14.38,0.0550,5.42,0.137,384.4,244.2
2026-08-08T15:29:23.855690+00:00,1786202963.856,95.98,14.38,0.0550,5.42,0.138,377.0,244.2
2026-08-08T15:29:24.050912+00:00,1786202964.051,96.18,14.38,0.0550,5.42,0.138,372.3,244.2
2026-08-08T15:29:24.252210+00:00,1786202964.252,96.38,15.81,0.0594,5.42,0.187,370.6,244.2
2026-08-08T15:29:24.467090+00:00,1786202964.467,96.60,15.81,0.0594,5.42,0.187,372.5,244.2
2026-08-08T15:29:24.669693+00:00,1786202964.670,96.80,15.81,0.0594,5.42,0.194,374.5,244.2
2026-08-08T15:29:25.045934+00:00,1786202965.046,97.17,17.41,0.0616,5.42,0.380,382.7,244.2
2026-08-08T15:29:25.253350+00:00,1786202965.253,97.38,17.41,0.0616,5.42,0.367,393.9,244.2
2026-08-08T15:29:25.460420+00:00,1786202965.460,97.59,19.76,0.0660,5.42,0.666,416.0,244.2
2026-08-08T15:29:25.674281+00:00,1786202965.674,97.80,19.76,0.0660,5.42,0.659,437.9,244.2
2026-08-08T15:29:25.874400+00:00,1786202965.874,98.00,19.76,0.0660,5.42,0.674,459.9,244.2
2026-08-08T15:29:26.076971+00:00,1786202966.077,98.21,19.56,0.0682,5.42,0.649,480.9,244.2
2026-08-08T15:29:26.280566+00:00,1786202966.281,98.41,19.56,0.0682,5.42,0.646,503.8,244.2
2026-08-08T15:29:26.475893+00:00,1786202966.476,98.60,19.56,0.0682,5.42,0.468,518.7,244.2
2026-08-08T15:29:26.674897+00:00,1786202966.675,98.80,19.56,0.0726,5.42,0.471,533.8,244.2
2026-08-08T15:29:26.874599+00:00,1786202966.875,99.00,19.56,0.0726,5.42,0.471,548.8,244.2
2026-08-08T15:29:27.072644+00:00,1786202967.073,99.20,19.56,0.0726,5.42,0.295,559.9,244.2
2026-08-08T15:29:27.275750+00:00,1786202967.276,99.40,22.63,0.0770,5.42,0.718,586.9,244.2
2026-08-08T15:29:27.487235+00:00,1786202967.487,99.62,22.63,0.0770,5.42,0.393,605.5,244.2
2026-08-08T15:29:27.693713+00:00,1786202967.694,99.82,22.63,0.0770,5.42,0.395,624.1,244.2
2026-08-08T15:29:28.063435+00:00,1786202968.063,100.19,22.58,0.0792,5.42,0.357,642.2,244.2
2026-08-08T15:29:28.275498+00:00,1786202968.275,100.40,22.58,0.0792,5.42,0.381,660.9,244.2
2026-08-08T15:29:28.479727+00:00,1786202968.480,100.61,22.86,0.0836,5.42,0.417,681.1,244.2
2026-08-08T15:29:28.679804+00:00,1786202968.680,100.81,22.86,0.0836,5.42,0.416,698.3,244.2
2026-08-08T15:29:28.875932+00:00,1786202968.876,101.00,22.86,0.0836,5.42,0.417,715.5,244.2
2026-08-08T15:29:29.075598+00:00,1786202969.076,101.20,22.66,0.0880,5.42,0.392,731.6,244.2
2026-08-08T15:29:29.286569+00:00,1786202969.287,101.42,22.66,0.0880,5.42,0.389,741.4,244.2
2026-08-08T15:29:29.491537+00:00,1786202969.491,101.62,22.66,0.0880,5.42,0.000,741.3,244.2
2026-08-08T15:29:29.901497+00:00,1786202969.901,102.03,22.55,0.0924,5.42,0.000,730.1,244.2
2026-08-08T15:29:30.106163+00:00,1786202970.106,102.23,22.55,0.0924,5.42,0.000,719.0,244.2
2026-08-08T15:29:30.314551+00:00,1786202970.315,102.44,25.60,0.0968,5.42,0.374,723.2,244.2
2026-08-08T15:29:30.522460+00:00,1786202970.522,102.65,25.60,0.0968,5.42,0.374,728.5,244.2
2026-08-08T15:29:30.728473+00:00,1786202970.728,102.86,25.60,0.0968,5.42,0.339,732.8,244.2
2026-08-08T15:29:31.103871+00:00,1786202971.104,103.23,25.61,0.1012,5.42,0.316,740.4,244.2
2026-08-08T15:29:31.326991+00:00,1786202971.327,103.46,25.61,0.1012,5.42,0.312,747.9,244.2
2026-08-08T15:29:31.531633+00:00,1786202971.532,103.66,26.04,0.1056,5.42,0.382,758.2,244.2
2026-08-08T15:29:31.742368+00:00,1786202971.742,103.87,26.04,0.1056,5.42,0.382,772.6,244.2
2026-08-08T15:29:31.945060+00:00,1786202971.945,104.07,26.04,0.1056,5.42,0.382,770.5,244.2
2026-08-08T15:29:32.319370+00:00,1786202972.319,104.45,30.24,0.1100,5.42,0.881,803.2,244.2
2026-08-08T15:29:32.531565+00:00,1786202972.532,104.66,30.24,0.1100,5.42,0.881,835.8,244.2
2026-08-08T15:29:32.743226+00:00,1786202972.743,104.87,30.79,0.1144,5.42,0.592,860.8,244.2
2026-08-08T15:29:32.953348+00:00,1786202972.953,105.08,30.79,0.1144,5.42,0.592,885.1,244.2
2026-08-08T15:29:33.151054+00:00,1786202973.151,105.28,30.79,0.1144,5.42,0.594,908.0,244.2
2026-08-08T15:29:33.351132+00:00,1786202973.351,105.48,26.65,0.1188,5.42,0.128,906.8,244.2
2026-08-08T15:29:33.557591+00:00,1786202973.558,105.69,26.65,0.1188,5.42,0.129,905.6,244.2
2026-08-08T15:29:33.764937+00:00,1786202973.765,105.89,26.65,0.1188,5.42,0.075,903.7,244.2
2026-08-08T15:29:33.966595+00:00,1786202973.967,106.10,26.24,0.1232,5.42,0.000,899.0,244.2
2026-08-08T15:29:34.171552+00:00,1786202974.172,106.30,26.24,0.1232,5.42,0.000,904.5,244.2
2026-08-08T15:29:34.374657+00:00,1786202974.375,106.50,26.24,0.1232,5.42,-0.540,893.7,244.2
2026-08-08T15:29:34.736033+00:00,1786202974.736,106.86,26.08,0.1275,5.42,-0.524,883.3,244.2
2026-08-08T15:29:34.949498+00:00,1786202974.949,107.08,26.08,0.1275,5.42,-0.593,855.1,244.2
2026-08-08T15:29:35.150489+00:00,1786202975.150,107.28,26.44,0.1319,5.42,-0.549,828.6,244.2
2026-08-08T15:29:35.356914+00:00,1786202975.357,107.49,26.44,0.1319,5.42,-0.547,803.2,244.2
2026-08-08T15:29:35.564263+00:00,1786202975.564,107.69,26.44,0.1319,5.42,0.000,795.2,244.2
2026-08-08T15:29:35.939862+00:00,1786202975.940,108.07,26.39,0.1363,5.42,0.000,787.2,244.2
2026-08-08T15:29:36.146412+00:00,1786202976.146,108.27,26.39,0.1363,5.42,0.000,776.3,244.2
2026-08-08T15:29:36.347584+00:00,1786202976.348,108.48,22.84,0.1407,5.42,-0.397,749.4,244.2
2026-08-08T15:29:36.559152+00:00,1786202976.559,108.69,22.84,0.1407,5.42,-0.396,722.6,244.2
2026-08-08T15:29:36.763337+00:00,1786202976.763,108.89,22.84,0.1407,5.42,-0.396,669.5,244.2
2026-08-08T15:29:37.140616+00:00,1786202977.141,109.27,22.89,0.1451,5.42,-0.369,617.3,244.2
2026-08-08T15:29:37.352142+00:00,1786202977.352,109.48,22.89,0.1451,5.42,-0.369,573.7,244.2
2026-08-08T15:29:37.548607+00:00,1786202977.549,109.68,26.35,0.1495,5.42,0.000,545.2,244.2
2026-08-08T15:29:37.752878+00:00,1786202977.753,109.88,26.35,0.1495,5.42,0.000,516.6,244.2
2026-08-08T15:29:37.960433+00:00,1786202977.960,110.09,26.35,0.1495,5.42,0.000,512.2,244.2
2026-08-08T15:29:38.339419+00:00,1786202978.339,110.47,26.29,0.1539,5.42,0.000,507.7,244.2
2026-08-08T15:29:38.583082+00:00,1786202978.583,110.71,26.29,0.1539,5.42,0.000,504.8,244.2
2026-08-08T15:29:38.955080+00:00,1786202978.955,111.08,25.87,0.1583,5.42,0.323,513.8,244.2
2026-08-08T15:29:39.170715+00:00,1786202979.171,111.30,25.87,0.1583,5.42,0.323,522.9,244.2
2026-08-08T15:29:39.366044+00:00,1786202979.366,111.49,22.38,0.1605,5.42,0.000,533.4,244.2
2026-08-08T15:29:39.571753+00:00,1786202979.572,111.70,22.38,0.1605,5.42,-0.057,542.1,244.2
2026-08-08T15:29:39.770063+00:00,1786202979.770,111.90,22.38,0.1605,5.42,-0.058,552.9,244.2
2026-08-08T15:29:39.967963+00:00,1786202979.968,112.10,26.26,0.1649,5.42,0.000,569.3,244.2
2026-08-08T15:29:40.172184+00:00,1786202980.172,112.30,26.26,0.1649,5.42,0.000,585.8,244.2
2026-08-08T15:29:40.380080+00:00,1786202980.380,112.51,26.26,0.1649,5.42,0.000,585.5,244.2
2026-08-08T15:29:40.757908+00:00,1786202980.758,112.89,22.82,0.1693,5.42,-0.399,569.5,244.2
2026-08-08T15:29:40.967771+00:00,1786202980.968,113.10,22.82,0.1693,5.42,-0.405,553.4,244.2
2026-08-08T15:29:41.168414+00:00,1786202981.168,113.30,22.62,0.1715,5.42,-0.409,552.8,244.2
2026-08-08T15:29:41.374148+00:00,1786202981.374,113.50,22.62,0.1715,5.42,-0.411,552.2,244.2
2026-08-08T15:29:41.581117+00:00,1786202981.581,113.71,22.62,0.1715,5.42,0.000,562.3,244.2
2026-08-08T15:29:41.957812+00:00,1786202981.958,114.09,22.37,0.1759,5.42,0.000,571.3,244.2
2026-08-08T15:29:42.165293+00:00,1786202982.165,114.29,22.37,0.1759,5.42,0.000,580.3,244.2
2026-08-08T15:29:42.368434+00:00,1786202982.368,114.50,22.58,0.1803,5.42,-0.426,563.4,244.2
2026-08-08T15:29:42.576801+00:00,1786202982.577,114.71,22.58,0.1803,5.42,-0.425,546.6,244.2
2026-08-08T15:29:42.784644+00:00,1786202982.785,114.91,22.58,0.1803,5.42,-0.425,529.7,244.2
2026-08-08T15:29:43.159922+00:00,1786202983.160,115.29,22.76,0.1825,5.42,0.000,524.4,244.2
2026-08-08T15:29:43.377531+00:00,1786202983.378,115.51,22.76,0.1825,5.42,0.000,519.0,244.2
2026-08-08T15:29:43.759421+00:00,1786202983.759,115.89,22.07,0.1869,5.42,-0.058,502.1,244.2
2026-08-08T15:29:43.970477+00:00,1786202983.970,116.10,22.07,0.1869,5.42,-0.058,485.2,244.2
2026-08-08T15:29:44.172538+00:00,1786202984.173,116.30,22.57,0.1913,5.42,0.000,485.5,244.2
2026-08-08T15:29:44.374531+00:00,1786202984.375,116.50,22.57,0.1913,5.42,0.000,487.3,244.2
2026-08-08T15:29:44.582590+00:00,1786202984.583,116.71,22.57,0.1913,5.42,0.000,489.0,244.2
2026-08-08T15:29:44.961647+00:00,1786202984.961,117.09,23.15,0.1957,5.42,0.061,485.9,244.2
2026-08-08T15:29:45.169668+00:00,1786202985.170,117.30,23.15,0.1957,5.42,0.061,482.8,244.2
2026-08-08T15:29:45.375592+00:00,1786202985.376,117.50,22.60,0.1979,5.42,0.000,477.2,244.2
2026-08-08T15:29:45.646603+00:00,1786202985.647,117.78,22.60,0.1979,5.42,0.000,487.4,244.2
2026-08-08T15:29:45.873843+00:00,1786202985.874,118.00,24.41,0.2023,5.42,0.184,505.6,244.2
2026-08-08T15:29:46.187739+00:00,1786202986.188,118.32,24.41,0.2023,5.42,0.269,526.6,244.2
2026-08-08T15:29:46.377758+00:00,1786202986.378,118.51,26.29,0.2067,5.42,0.487,557.7,244.2
2026-08-08T15:29:46.602692+00:00,1786202986.603,118.73,26.29,0.2067,5.42,0.426,576.2,244.2
2026-08-08T15:29:46.899084+00:00,1786202986.899,119.03,21.78,0.2089,5.42,-0.088,573.2,244.2
2026-08-08T15:29:47.130709+00:00,1786202987.131,119.26,21.78,0.2089,5.42,-0.087,570.1,244.2
2026-08-08T15:29:47.332085+00:00,1786202987.332,119.46,21.78,0.2089,5.42,-0.161,576.0,244.2
2026-08-08T15:29:47.550882+00:00,1786202987.551,119.68,27.34,0.2133,5.42,0.488,609.9,244.2
2026-08-08T15:29:47.765647+00:00,1786202987.766,119.89,27.34,0.2133,5.42,0.550,645.7,244.2
2026-08-08T15:29:47.982970+00:00,1786202987.983,120.11,27.34,0.2133,5.42,0.563,670.5,244.2
2026-08-08T15:29:48.362373+00:00,1786202988.362,120.49,25.34,0.2199,5.42,0.103,677.4,244.2
2026-08-08T15:29:48.558563+00:00,1786202988.559,120.69,25.34,0.2199,5.42,0.108,687.0,244.2
2026-08-08T15:29:48.781845+00:00,1786202988.782,120.91,25.34,0.2199,5.42,-0.111,690.1,244.2
2026-08-08T15:29:48.987179+00:00,1786202988.987,121.12,29.37,0.2243,5.42,0.358,713.0,244.2
2026-08-08T15:29:49.195123+00:00,1786202989.195,121.32,29.37,0.2243,5.42,0.916,754.8,244.2
2026-08-08T15:29:49.403147+00:00,1786202989.403,121.53,25.84,0.2265,5.42,0.497,774.6,244.2
2026-08-08T15:29:49.606137+00:00,1786202989.606,121.73,25.84,0.2265,5.42,0.497,791.9,244.2
2026-08-08T15:29:49.811351+00:00,1786202989.811,121.94,25.84,0.2265,5.42,-0.184,788.9,244.2
2026-08-08T15:29:50.184408+00:00,1786202990.184,122.31,25.02,0.2309,5.42,-0.267,784.8,244.2
2026-08-08T15:29:50.396956+00:00,1786202990.397,122.53,25.02,0.2309,5.42,-0.267,780.7,244.2
2026-08-08T15:29:50.596889+00:00,1786202990.597,122.73,26.04,0.2353,5.42,0.087,780.7,244.2
2026-08-08T15:29:50.802639+00:00,1786202990.803,122.93,26.04,0.2353,5.42,0.087,778.2,244.2
2026-08-08T15:29:51.010255+00:00,1786202991.010,123.14,26.04,0.2353,5.42,0.087,765.6,244.2
2026-08-08T15:29:51.383324+00:00,1786202991.383,123.51,31.63,0.2419,5.42,0.262,771.3,244.2
2026-08-08T15:29:51.600923+00:00,1786202991.601,123.73,31.63,0.2419,5.42,0.261,799.0,244.2
2026-08-08T15:29:51.797522+00:00,1786202991.797,123.93,27.00,0.2463,5.42,0.134,813.3,244.2
2026-08-08T15:29:52.006478+00:00,1786202992.006,124.14,27.00,0.2463,5.42,0.133,829.5,244.2
2026-08-08T15:29:52.215575+00:00,1786202992.216,124.34,27.00,0.2463,5.42,0.133,817.6,244.2
2026-08-08T15:29:52.450586+00:00,1786202992.451,124.58,25.40,0.2507,5.42,0.000,797.2,244.2
2026-08-08T15:29:52.635047+00:00,1786202992.635,124.76,25.40,0.2507,5.42,0.000,776.4,244.2
2026-08-08T15:29:52.831658+00:00,1786202992.832,124.96,25.40,0.2507,5.42,-0.079,771.1,244.2
2026-08-08T15:29:53.207126+00:00,1786202993.207,125.34,29.71,0.2551,5.42,0.425,789.7,244.2
2026-08-08T15:29:53.416332+00:00,1786202993.416,125.54,29.71,0.2551,5.42,0.424,814.7,244.2
2026-08-08T15:29:53.619135+00:00,1786202993.619,125.75,32.67,0.2595,5.42,0.129,813.3,244.2
2026-08-08T15:29:53.823141+00:00,1786202993.823,125.95,32.67,0.2595,5.42,0.129,793.0,244.2
2026-08-08T15:29:54.031433+00:00,1786202994.031,126.16,32.67,0.2595,5.42,0.706,816.5,244.2
2026-08-08T15:29:54.408909+00:00,1786202994.409,126.54,31.16,0.2661,5.42,0.481,827.9,244.2
2026-08-08T15:29:54.619739+00:00,1786202994.620,126.75,31.16,0.2661,5.42,0.480,859.5,244.2
2026-08-08T15:29:54.819521+00:00,1786202994.819,126.95,32.13,0.2705,5.42,0.784,908.3,244.2
2026-08-08T15:29:55.024145+00:00,1786202995.024,127.15,32.13,0.2705,5.42,0.782,956.9,244.2
2026-08-08T15:29:55.232002+00:00,1786202995.232,127.36,32.13,0.2705,5.42,0.779,993.6,244.2
2026-08-08T15:29:55.603066+00:00,1786202995.603,127.73,26.64,0.2749,5.42,-0.356,981.0,244.2
2026-08-08T15:29:55.835501+00:00,1786202995.835,127.96,26.64,0.2749,5.42,-0.352,968.5,244.2
2026-08-08T15:29:56.035253+00:00,1786202996.035,128.16,31.24,0.2793,5.42,-0.164,952.4,244.2
2026-08-08T15:29:56.245460+00:00,1786202996.245,128.37,31.24,0.2793,5.42,-0.163,936.2,244.2
2026-08-08T15:29:56.449264+00:00,1786202996.449,128.58,31.24,0.2793,5.42,-0.164,933.4,244.2
2026-08-08T15:29:56.821218+00:00,1786202996.821,128.95,30.70,0.2859,5.42,-0.052,933.6,244.2
2026-08-08T15:29:57.034015+00:00,1786202997.034,129.16,30.70,0.2859,5.42,-0.052,933.9,244.2
2026-08-08T15:29:57.234512+00:00,1786202997.234,129.36,31.65,0.2903,5.42,-0.055,942.3,244.2
2026-08-08T15:29:57.444913+00:00,1786202997.445,129.57,31.65,0.2903,5.42,-0.055,950.8,244.2
2026-08-08T15:29:57.648203+00:00,1786202997.648,129.78,31.65,0.2903,5.42,-0.055,961.6,244.2
2026-08-08T15:29:58.039816+00:00,1786202998.040,130.17,26.73,0.2947,5.42,0.000,942.0,244.2
2026-08-08T15:29:58.257320+00:00,1786202998.257,130.39,26.73,0.2947,5.42,0.000,922.5,244.2
2026-08-08T15:29:58.455361+00:00,1786202998.455,130.58,26.36,0.2991,5.42,-0.560,889.8,244.2
2026-08-08T15:29:58.658392+00:00,1786202998.658,130.79,26.36,0.2991,5.42,-0.562,856.9,244.2
2026-08-08T15:29:58.863194+00:00,1786202998.863,130.99,26.36,0.2991,5.42,-0.562,802.3,244.2
2026-08-08T15:29:59.064669+00:00,1786202999.064,131.19,30.37,0.3035,5.42,0.000,783.6,244.2
2026-08-08T15:29:59.271369+00:00,1786202999.271,131.40,30.37,0.3035,5.42,0.000,765.0,244.2
2026-08-08T15:29:59.471168+00:00,1786202999.471,131.60,30.37,0.3035,5.42,-0.159,727.2,244.2
2026-08-08T15:29:59.842041+00:00,1786202999.842,131.97,31.63,0.3079,5.42,0.000,697.3,244.2
2026-08-08T15:30:00.055742+00:00,1786203000.056,132.18,31.63,0.3079,5.42,0.000,667.5,244.2
2026-08-08T15:30:00.265012+00:00,1786203000.265,132.39,30.86,0.3145,5.42,0.516,703.9,244.2
2026-08-08T15:30:00.466810+00:00,1786203000.467,132.60,30.86,0.3145,5.42,0.519,740.3,244.2
2026-08-08T15:30:00.692120+00:00,1786203000.692,132.82,30.86,0.3145,5.42,0.560,765.5,244.2
2026-08-08T15:30:00.915033+00:00,1786203000.915,133.04,29.56,0.3189,5.42,0.395,781.9,244.2
2026-08-08T15:30:01.150770+00:00,1786203001.151,133.28,29.56,0.3189,5.42,0.389,798.2,244.2
2026-08-08T15:30:01.359998+00:00,1786203001.360,133.49,29.56,0.3189,5.42,-0.098,794.7,244.2
2026-08-08T15:30:01.563912+00:00,1786203001.564,133.69,28.93,0.3233,5.42,-0.174,787.6,244.2
2026-08-08T15:30:01.776583+00:00,1786203001.777,133.91,28.93,0.3233,5.42,-0.173,779.1,244.2
2026-08-08T15:30:02.159982+00:00,1786203002.160,134.29,25.57,0.3277,5.42,-0.726,749.5,244.2
2026-08-08T15:30:02.351825+00:00,1786203002.352,134.48,25.57,0.3277,5.42,-0.733,719.6,244.2
2026-08-08T15:30:02.559573+00:00,1786203002.560,134.69,25.57,0.3277,5.42,-0.639,698.9,244.2
2026-08-08T15:30:02.810733+00:00,1786203002.811,134.94,28.99,0.3321,5.42,-0.221,695.3,244.2
2026-08-08T15:30:03.020087+00:00,1786203003.020,135.15,28.99,0.3321,5.42,-0.222,709.2,244.2
2026-08-08T15:30:03.218892+00:00,1786203003.219,135.35,36.28,0.3365,5.42,0.808,778.0,244.2
2026-08-08T15:30:03.475413+00:00,1786203003.475,135.60,36.28,0.3365,5.42,0.805,846.7,244.2
2026-08-08T15:30:03.669717+00:00,1786203003.670,135.80,36.28,0.3365,5.42,0.807,891.7,244.2
2026-08-08T15:30:03.863288+00:00,1786203003.863,135.99,29.89,0.3431,5.42,0.116,894.8,244.2
2026-08-08T15:30:04.059367+00:00,1786203004.059,136.19,29.89,0.3431,5.42,0.116,903.6,244.2
2026-08-08T15:30:04.259970+00:00,1786203004.260,136.39,29.89,0.3431,5.42,0.571,920.2,244.2
2026-08-08T15:30:04.470452+00:00,1786203004.470,136.60,30.87,0.3475,5.42,0.694,943.6,244.2
2026-08-08T15:30:04.669796+00:00,1786203004.670,136.80,30.87,0.3475,5.42,0.697,950.0,244.2
2026-08-08T15:30:04.872157+00:00,1786203004.872,137.00,30.87,0.3475,5.42,0.253,940.6,244.2
2026-08-08T15:30:05.244233+00:00,1786203005.244,137.37,26.60,0.3519,5.42,-0.299,904.3,244.2
2026-08-08T15:30:05.457658+00:00,1786203005.458,137.59,26.60,0.3519,5.42,-1.201,849.0,244.2
2026-08-08T15:30:05.658426+00:00,1786203005.658,137.79,26.87,0.3563,5.42,-1.192,794.2,244.2
2026-08-08T15:30:05.875719+00:00,1786203005.876,138.00,26.87,0.3563,5.42,-1.184,756.3,244.2
2026-08-08T15:30:06.071860+00:00,1786203006.072,138.20,26.87,0.3563,5.42,-0.380,747.0,244.2
2026-08-08T15:30:06.266587+00:00,1786203006.267,138.40,26.54,0.3607,5.42,-0.421,735.9,244.2
2026-08-08T15:30:06.478141+00:00,1786203006.478,138.61,26.54,0.3607,5.42,-0.419,746.0,244.2
2026-08-08T15:30:06.687896+00:00,1786203006.688,138.82,26.54,0.3607,5.42,-0.542,752.6,244.2
2026-08-08T15:30:07.062947+00:00,1786203007.063,139.19,25.96,0.3651,5.42,-0.570,755.0,244.2
2026-08-08T15:30:07.282513+00:00,1786203007.282,139.41,25.96,0.3651,5.42,-0.565,740.5,244.2
2026-08-08T15:30:07.659283+00:00,1786203007.659,139.79,25.87,0.3695,5.42,-0.083,740.4,244.2
2026-08-08T15:30:07.878723+00:00,1786203007.879,140.01,25.87,0.3695,5.42,-0.083,685.4,244.2
2026-08-08T15:30:08.080558+00:00,1786203008.081,140.21,26.30,0.3738,5.42,-0.066,631.7,244.2
2026-08-08T15:30:08.281424+00:00,1786203008.281,140.41,26.30,0.3738,5.42,-0.067,577.9,244.2
2026-08-08T15:30:08.489534+00:00,1786203008.490,140.62,26.30,0.3738,5.42,-0.066,566.0,244.2
2026-08-08T15:30:08.878578+00:00,1786203008.879,141.01,30.51,0.3782,5.42,0.422,577.9,244.2
2026-08-08T15:30:09.293692+00:00,1786203009.294,141.42,26.02,0.3826,5.42,-0.051,550.3,244.2
2026-08-08T15:30:09.497346+00:00,1786203009.497,141.63,26.02,0.3826,5.42,-0.052,515.9,244.2
2026-08-08T15:30:09.695265+00:00,1786203009.695,141.82,26.02,0.3826,5.42,0.000,482.9,244.2
2026-08-08T15:30:09.915491+00:00,1786203009.915,142.04,28.31,0.3870,5.42,0.248,477.6,244.2
2026-08-08T15:30:10.122028+00:00,1786203010.122,142.25,28.31,0.3870,5.42,0.275,498.6,244.2
2026-08-08T15:30:10.323292+00:00,1786203010.323,142.45,30.72,0.3914,5.42,0.551,562.0,244.2
2026-08-08T15:30:10.530655+00:00,1786203010.531,142.66,30.72,0.3914,5.42,0.502,623.3,244.2
2026-08-08T15:30:10.739028+00:00,1786203010.739,142.87,30.72,0.3914,5.42,0.501,684.3,244.2
2026-08-08T15:30:11.112967+00:00,1786203011.113,143.24,24.44,0.3958,5.42,-0.197,686.7,244.2
2026-08-08T15:30:11.326409+00:00,1786203011.326,143.45,24.44,0.3958,5.42,-0.689,676.9,244.2
2026-08-08T15:30:11.544181+00:00,1786203011.544,143.67,31.19,0.4002,5.42,0.638,720.5,244.2
2026-08-08T15:30:11.798575+00:00,1786203011.799,143.93,31.19,0.4002,5.42,0.624,767.5,244.2
2026-08-08T15:30:12.259002+00:00,1786203012.259,144.39,28.13,0.4068,5.42,0.228,795.5,244.2
2026-08-08T15:30:12.488302+00:00,1786203012.488,144.62,28.13,0.4068,5.42,0.000,815.9,244.2
2026-08-08T15:30:12.691344+00:00,1786203012.691,144.82,28.13,0.4068,5.42,0.000,822.1,244.2
2026-08-08T15:30:13.058187+00:00,1786203013.058,145.19,33.78,0.4112,5.42,0.311,850.4,244.2
2026-08-08T15:30:13.538137+00:00,1786203013.538,145.67,30.23,0.4178,5.42,0.000,859.0,244.2
2026-08-08T15:30:13.734668+00:00,1786203013.735,145.86,30.23,0.4178,5.42,0.000,867.6,244.2
2026-08-08T15:30:13.935857+00:00,1786203013.936,146.06,30.23,0.4178,5.42,0.569,896.0,244.2
2026-08-08T15:30:14.238390+00:00,1786203014.238,146.37,28.77,0.4200,5.42,0.413,891.9,244.2
2026-08-08T15:30:14.463783+00:00,1786203014.464,146.59,28.77,0.4200,5.42,-0.230,890.3,244.2
2026-08-08T15:30:14.678465+00:00,1786203014.678,146.81,27.42,0.4266,5.42,-0.364,882.5,244.2
2026-08-08T15:30:14.890740+00:00,1786203014.891,147.02,27.42,0.4266,5.42,-0.075,882.4,244.2
2026-08-08T15:30:15.087778+00:00,1786203015.088,147.22,27.42,0.4266,5.42,-0.076,870.4,244.2
2026-08-08T15:30:15.291206+00:00,1786203015.291,147.42,30.51,0.4310,5.42,0.255,874.2,244.2
2026-08-08T15:30:15.495736+00:00,1786203015.496,147.62,30.51,0.4310,5.42,-0.372,841.2,244.2
2026-08-08T15:30:15.691651+00:00,1786203015.692,147.82,30.51,0.4310,5.42,0.000,823.0,244.2
2026-08-08T15:30:15.888625+00:00,1786203015.889,148.02,30.78,0.4354,5.42,0.071,807.9,244.2
2026-08-08T15:30:16.095692+00:00,1786203016.096,148.22,30.78,0.4354,5.42,0.071,826.4,244.2
2026-08-08T15:30:16.302052+00:00,1786203016.302,148.43,30.78,0.4354,5.42,0.271,865.9,244.2
2026-08-08T15:30:16.673263+00:00,1786203016.673,148.80,31.62,0.4398,5.42,0.358,856.7,244.2
2026-08-08T15:30:16.895234+00:00,1786203016.895,149.02,31.62,0.4398,5.42,0.527,854.3,244.2
2026-08-08T15:30:17.124981+00:00,1786203017.125,149.25,31.40,0.4464,5.42,0.494,870.4,244.2
2026-08-08T15:30:17.340882+00:00,1786203017.341,149.47,31.40,0.4464,5.42,0.491,893.9,244.2
2026-08-08T15:30:17.538116+00:00,1786203017.538,149.67,31.40,0.4464,5.42,0.109,903.5,244.2
2026-08-08T15:30:17.736205+00:00,1786203017.736,149.86,30.25,0.4508,5.42,0.000,884.9,244.2
2026-08-08T15:30:17.940170+00:00,1786203017.940,150.07,30.25,0.4508,5.42,0.000,884.9,244.2
2026-08-08T15:30:18.135396+00:00,1786203018.135,150.26,30.25,0.4508,5.42,-0.065,882.7,244.2
2026-08-08T15:30:18.360172+00:00,1786203018.360,150.49,30.26,0.4552,5.42,-0.064,860.7,244.2
2026-08-08T15:30:18.564206+00:00,1786203018.564,150.69,30.26,0.4552,5.42,-0.064,847.3,244.2
2026-08-08T15:30:18.767835+00:00,1786203018.768,150.90,30.26,0.4552,5.42,-0.180,851.2,244.2
2026-08-08T15:30:18.972567+00:00,1786203018.973,151.10,30.92,0.4618,5.42,-0.093,865.3,244.2
2026-08-08T15:30:19.177009+00:00,1786203019.177,151.31,30.92,0.4618,5.42,-0.065,871.3,244.2
2026-08-08T15:30:19.384237+00:00,1786203019.384,151.51,30.92,0.4618,5.42,-0.065,877.4,244.2
2026-08-08T15:30:19.756265+00:00,1786203019.756,151.88,30.86,0.4662,5.42,-0.067,866.6,244.2
2026-08-08T15:30:19.971682+00:00,1786203019.972,152.10,30.86,0.4662,5.42,0.075,883.0,244.2
2026-08-08T15:30:20.171278+00:00,1786203020.171,152.30,31.73,0.4728,5.42,0.183,891.9,244.2
2026-08-08T15:30:20.377130+00:00,1786203020.377,152.51,31.73,0.4728,5.42,0.182,897.7,244.2
2026-08-08T15:30:20.582311+00:00,1786203020.582,152.71,31.73,0.4728,5.42,0.183,903.6,244.2
2026-08-08T15:30:20.956050+00:00,1786203020.956,153.08,31.58,0.4772,5.42,0.154,901.0,244.2
2026-08-08T15:30:21.170941+00:00,1786203021.171,153.30,31.58,0.4772,5.42,0.153,893.5,244.2
2026-08-08T15:30:21.385450+00:00,1786203021.385,153.51,31.18,0.4816,5.42,0.000,873.4,244.2
2026-08-08T15:30:21.588572+00:00,1786203021.589,153.72,31.18,0.4816,5.42,0.000,855.1,244.2
2026-08-08T15:30:21.792362+00:00,1786203021.792,153.92,31.18,0.4816,5.42,0.000,836.9,244.2
2026-08-08T15:30:22.059146+00:00,1786203022.059,154.19,29.99,0.4882,5.42,-0.105,826.9,244.2
2026-08-08T15:30:22.270775+00:00,1786203022.271,154.40,29.99,0.4882,5.42,-0.105,822.8,244.2
2026-08-08T15:30:22.641932+00:00,1786203022.642,154.77,29.83,0.4926,5.42,-0.213,814.7,244.2
2026-08-08T15:30:22.841765+00:00,1786203022.842,154.97,29.83,0.4926,5.42,-0.213,808.9,244.2
2026-08-08T15:30:23.041155+00:00,1786203023.041,155.17,29.83,0.4926,5.42,-0.214,803.0,244.2
2026-08-08T15:30:23.449369+00:00,1786203023.449,155.58,31.96,0.4992,5.42,0.000,808.3,244.2
2026-08-08T15:30:23.641085+00:00,1786203023.641,155.77,31.96,0.4992,5.42,0.000,817.6,244.2
2026-08-08T15:30:23.841944+00:00,1786203023.842,155.97,31.07,0.5036,5.42,0.000,821.2,244.2
2026-08-08T15:30:24.057164+00:00,1786203024.057,156.19,31.07,0.5036,5.42,0.000,823.8,244.2
2026-08-08T15:30:24.254917+00:00,1786203024.255,156.38,31.07,0.5036,5.42,0.000,826.4,244.2
2026-08-08T15:30:24.454356+00:00,1786203024.454,156.58,31.12,0.5102,5.42,0.130,833.9,244.2
2026-08-08T15:30:24.678216+00:00,1786203024.678,156.81,31.12,0.5102,5.42,0.130,836.4,244.2
2026-08-08T15:30:24.879777+00:00,1786203024.880,157.01,31.12,0.5102,5.42,0.159,834.3,244.2
2026-08-08T15:30:25.242996+00:00,1786203025.243,157.37,31.65,0.5146,5.42,0.210,835.1,244.2
2026-08-08T15:30:25.459064+00:00,1786203025.459,157.59,31.65,0.5146,5.42,0.209,835.9,244.2
2026-08-08T15:30:25.842989+00:00,1786203025.843,157.97,31.61,0.5190,5.42,0.000,830.3,244.2
2026-08-08T15:30:26.063400+00:00,1786203026.063,158.19,31.61,0.5190,5.42,0.000,824.8,244.2
2026-08-08T15:30:26.273604+00:00,1786203026.274,158.40,31.11,0.5256,5.42,0.000,824.7,244.2
2026-08-08T15:30:26.465475+00:00,1786203026.465,158.59,31.11,0.5256,5.42,0.000,824.5,244.2
2026-08-08T15:30:26.675241+00:00,1786203026.675,158.80,31.11,0.5256,5.42,0.000,824.4,244.2
2026-08-08T15:30:27.142194+00:00,1786203027.142,159.27,29.94,0.5322,5.42,-0.121,823.8,244.2
2026-08-08T15:30:27.336274+00:00,1786203027.336,159.46,29.94,0.5322,5.42,-0.122,823.1,244.2
2026-08-08T15:30:27.557066+00:00,1786203027.557,159.69,29.94,0.5322,5.42,-0.122,826.4,244.2
2026-08-08T15:30:27.767672+00:00,1786203027.768,159.90,48.29,0.5388,5.42,1.831,976.5,244.2
2026-08-08T15:30:27.964187+00:00,1786203027.964,160.09,48.29,0.5388,5.42,1.845,1127.3,244.2
2026-08-08T15:30:28.167306+00:00,1786203028.167,160.30,48.29,0.5388,5.42,1.992,1275.2,244.2
2026-08-08T15:30:28.471158+00:00,1786203028.471,160.60,30.15,0.5432,5.42,-0.169,1266.1,244.2
2026-08-08T15:30:28.706993+00:00,1786203028.707,160.84,30.15,0.5432,5.42,-0.110,1260.7,244.2
2026-08-08T15:30:28.948493+00:00,1786203028.948,161.08,26.97,0.5476,5.42,-0.464,1239.3,244.2
2026-08-08T15:30:29.189241+00:00,1786203029.189,161.32,26.97,0.5476,5.42,-0.457,1218.1,244.2
2026-08-08T15:30:29.396371+00:00,1786203029.396,161.52,26.97,0.5476,5.42,-0.365,1195.0,244.2
2026-08-08T15:30:29.779129+00:00,1786203029.779,161.91,30.35,0.5542,5.42,0.000,1189.0,244.2
2026-08-08T15:30:29.971428+00:00,1786203029.971,162.10,30.35,0.5542,5.42,0.000,1181.9,244.2
2026-08-08T15:30:30.170782+00:00,1786203030.171,162.30,30.35,0.5542,5.42,-2.073,1099.3,244.2
2026-08-08T15:30:30.421297+00:00,1786203030.421,162.55,29.41,0.5586,5.42,-2.136,1015.2,244.2
2026-08-08T15:30:30.635869+00:00,1786203030.636,162.76,29.41,0.5586,5.42,-2.127,939.1,244.2
2026-08-08T15:30:30.830801+00:00,1786203030.831,162.96,29.47,0.5630,5.42,-0.079,932.6,244.2
2026-08-08T15:30:31.029342+00:00,1786203031.029,163.16,29.47,0.5630,5.42,-0.081,927.0,244.2
2026-08-08T15:30:31.225314+00:00,1786203031.225,163.35,29.47,0.5630,5.42,0.304,934.5,244.2
2026-08-08T15:30:31.428269+00:00,1786203031.428,163.56,24.30,0.5652,5.42,-0.332,914.0,244.2
2026-08-08T15:30:31.632333+00:00,1786203031.632,163.76,24.30,0.5652,5.42,-0.332,899.7,244.2
2026-08-08T15:30:31.838203+00:00,1786203031.838,163.97,24.30,0.5652,5.42,-0.818,871.8,244.2
2026-08-08T15:30:32.225637+00:00,1786203032.226,164.35,22.90,0.5696,5.42,-0.920,840.4,244.2
2026-08-08T15:30:32.428068+00:00,1786203032.428,164.56,22.90,0.5696,5.42,-0.917,662.4,244.2
2026-08-08T15:30:32.810633+00:00,1786203032.811,164.94,20.05,0.5718,5.42,-1.088,478.6,244.2
2026-08-08T15:30:33.022456+00:00,1786203033.022,165.15,20.05,0.5718,5.42,-1.089,286.6,244.2
2026-08-08T15:30:33.414956+00:00,1786203033.415,165.54,17.60,0.5740,5.42,-1.276,247.5,244.2
2026-08-08T15:30:33.621762+00:00,1786203033.622,165.75,17.60,0.5740,5.42,-1.272,206.5,244.2
2026-08-08T15:30:33.820501+00:00,1786203033.820,165.95,15.84,0.5762,5.42,-1.459,178.3,244.2
2026-08-08T15:30:34.025052+00:00,1786203034.025,166.15,15.84,0.5762,5.42,-0.905,160.0,244.2
2026-08-08T15:30:34.223789+00:00,1786203034.224,166.35,15.84,0.5762,5.42,-0.906,138.9,244.2
2026-08-08T15:30:34.421645+00:00,1786203034.422,166.55,14.39,0.5784,5.42,-1.065,97.7,244.2
2026-08-08T15:30:34.630887+00:00,1786203034.631,166.76,14.39,0.5784,5.42,-0.982,57.9,244.2
2026-08-08T15:30:34.832567+00:00,1786203034.833,166.96,14.39,0.5784,5.42,-0.984,90.7,244.2
2026-08-08T15:30:35.211534+00:00,1786203035.212,167.34,13.19,0.5806,5.42,-0.794,127.8,244.2
2026-08-08T15:30:35.422663+00:00,1786203035.423,167.55,13.19,0.5806,5.42,-0.794,164.6,244.2
2026-08-08T15:30:35.618565+00:00,1786203035.619,167.75,13.18,0.5828,5.42,-0.558,135.4,244.2
2026-08-08T15:30:35.823284+00:00,1786203035.823,167.95,13.18,0.5828,5.42,-0.559,106.2,244.2
2026-08-08T15:30:36.031749+00:00,1786203036.032,168.16,13.18,0.5828,5.42,-0.335,67.2,244.2
2026-08-08T15:30:36.262758+00:00,1786203036.263,168.39,14.37,0.5850,5.42,-0.183,59.9,244.2
2026-08-08T15:30:36.459578+00:00,1786203036.460,168.59,14.37,0.5850,5.42,-0.183,52.5,244.2
2026-08-08T15:30:36.658846+00:00,1786203036.659,168.79,14.37,0.5850,5.42,0.000,61.9,244.2
2026-08-08T15:30:37.036521+00:00,1786203037.036,169.17,15.59,0.5894,5.42,0.139,78.7,244.2
2026-08-08T15:30:37.241244+00:00,1786203037.241,169.37,15.59,0.5894,5.42,0.139,95.5,244.2
2026-08-08T15:30:37.628174+00:00,1786203037.628,169.76,15.62,0.5916,5.42,0.279,119.8,244.2
2026-08-08T15:30:37.836216+00:00,1786203037.836,169.96,15.62,0.5916,5.42,0.279,144.2,244.2
2026-08-08T15:30:38.035296+00:00,1786203038.035,170.16,15.66,0.5938,5.42,0.286,172.7,244.2
2026-08-08T15:30:38.242662+00:00,1786203038.243,170.37,15.66,0.5938,5.42,0.285,201.2,244.2
2026-08-08T15:30:38.443876+00:00,1786203038.444,170.57,15.66,0.5938,5.42,0.286,232.9,244.2
2026-08-08T15:30:38.639118+00:00,1786203038.639,170.77,15.78,0.5960,5.42,0.164,252.3,244.2
2026-08-08T15:30:38.847084+00:00,1786203038.847,170.98,15.78,0.5960,5.42,0.163,271.8,244.2
2026-08-08T15:30:39.103335+00:00,1786203039.103,171.23,15.78,0.5960,5.42,0.160,294.1,244.2
2026-08-08T15:30:39.299169+00:00,1786203039.299,171.43,16.98,0.6004,5.42,0.170,317.1,244.2
2026-08-08T15:30:39.521408+00:00,1786203039.521,171.65,16.98,0.6004,5.42,0.169,340.1,244.2
2026-08-08T15:30:39.718441+00:00,1786203039.718,171.85,16.98,0.6004,5.42,0.182,360.5,244.2
2026-08-08T15:30:40.096464+00:00,1786203040.096,172.23,15.37,0.6026,5.42,0.000,375.3,244.2
2026-08-08T15:30:40.305300+00:00,1786203040.305,172.43,15.37,0.6026,5.42,0.000,386.5,244.2
2026-08-08T15:30:40.524821+00:00,1786203040.525,172.65,17.02,0.6048,5.42,0.166,403.2,244.2
2026-08-08T15:30:40.730666+00:00,1786203040.731,172.86,17.02,0.6048,5.42,0.166,416.4,244.2
2026-08-08T15:30:40.933972+00:00,1786203040.934,173.06,17.02,0.6048,5.42,0.151,425.8,244.2
2026-08-08T15:30:41.301549+00:00,1786203041.302,173.43,17.63,0.6092,5.42,0.210,437.3,244.2
2026-08-08T15:30:41.509030+00:00,1786203041.509,173.64,17.63,0.6092,5.42,0.214,445.8,244.2
2026-08-08T15:30:41.708645+00:00,1786203041.709,173.84,19.62,0.6114,5.42,0.304,455.5,244.2
2026-08-08T15:30:41.914027+00:00,1786203041.914,174.04,19.62,0.6114,5.42,0.307,465.3,244.2
2026-08-08T15:30:42.113436+00:00,1786203042.113,174.24,19.62,0.6114,5.42,0.306,472.5,244.2
2026-08-08T15:30:42.318569+00:00,1786203042.319,174.45,19.78,0.6158,5.42,0.554,485.6,244.2
2026-08-08T15:30:42.528136+00:00,1786203042.528,174.66,19.78,0.6158,5.42,0.552,498.5,244.2
2026-08-08T15:30:42.724866+00:00,1786203042.725,174.85,19.78,0.6158,5.42,0.349,506.8,244.2
2026-08-08T15:30:42.940300+00:00,1786203042.940,175.07,19.63,0.6180,5.42,0.327,514.3,244.2
2026-08-08T15:30:43.302720+00:00,1786203043.303,175.43,19.63,0.6180,5.42,0.306,523.3,244.2
2026-08-08T15:30:43.509047+00:00,1786203043.509,175.64,21.52,0.6223,5.42,0.489,540.2,244.2
2026-08-08T15:30:43.729173+00:00,1786203043.729,175.86,21.52,0.6223,5.42,0.487,557.2,244.2
2026-08-08T15:30:43.928203+00:00,1786203043.928,176.06,21.52,0.6223,5.42,0.237,565.9,244.2
2026-08-08T15:30:44.131384+00:00,1786203044.131,176.26,22.59,0.6267,5.42,0.371,580.0,244.2
2026-08-08T15:30:44.336184+00:00,1786203044.336,176.46,22.59,0.6267,5.42,0.371,593.9,244.2
2026-08-08T15:30:44.540796+00:00,1786203044.541,176.67,22.59,0.6267,5.42,0.350,612.8,244.2
2026-08-08T15:30:44.734129+00:00,1786203044.734,176.86,25.64,0.6289,5.42,0.737,649.1,244.2
2026-08-08T15:30:44.936960+00:00,1786203044.937,177.07,25.64,0.6289,5.42,0.735,679.9,244.2
2026-08-08T15:30:45.135053+00:00,1786203045.135,177.26,25.64,0.6289,5.42,0.761,711.5,244.2
2026-08-08T15:30:45.339753+00:00,1786203045.340,177.47,22.67,0.6333,5.42,0.415,727.2,244.2
2026-08-08T15:30:45.546075+00:00,1786203045.546,177.67,22.67,0.6333,5.42,0.158,734.0,244.2
2026-08-08T15:30:45.748453+00:00,1786203045.748,177.88,22.67,0.6333,5.42,0.159,740.9,244.2
2026-08-08T15:30:46.126196+00:00,1786203046.126,178.25,22.40,0.6377,5.42,0.112,740.8,244.2
2026-08-08T15:30:46.337737+00:00,1786203046.338,178.47,22.40,0.6377,5.42,0.000,737.8,244.2
2026-08-08T15:30:46.562734+00:00,1786203046.563,178.69,22.55,0.6421,5.42,0.000,735.0,244.2
2026-08-08T15:30:46.765227+00:00,1786203046.765,178.89,22.55,0.6421,5.42,0.000,726.2,244.2
2026-08-08T15:30:46.964934+00:00,1786203046.965,179.09,22.55,0.6421,5.42,-0.385,707.5,244.2
2026-08-08T15:30:47.339957+00:00,1786203047.340,179.47,26.29,0.6465,5.42,0.076,711.5,244.2
2026-08-08T15:30:47.550984+00:00,1786203047.551,179.68,26.29,0.6465,5.42,0.075,716.2,244.2
2026-08-08T15:30:47.747697+00:00,1786203047.748,179.88,25.93,0.6509,5.42,0.376,729.8,244.2
2026-08-08T15:30:47.952435+00:00,1786203047.952,180.08,25.93,0.6509,5.42,0.377,735.6,244.2
2026-08-08T15:30:48.165190+00:00,1786203048.165,180.29,25.93,0.6509,5.42,0.375,741.4,244.2
2026-08-08T15:30:48.536278+00:00,1786203048.536,180.66,23.12,0.6531,5.42,0.083,740.0,244.2
2026-08-08T15:30:48.761785+00:00,1786203048.762,180.89,23.12,0.6531,5.42,0.083,733.3,244.2
2026-08-08T15:30:49.169669+00:00,1786203049.170,181.30,26.37,0.6575,5.42,0.407,741.8,244.2
2026-08-08T15:30:49.367992+00:00,1786203049.368,181.50,26.37,0.6575,5.42,0.407,750.9,244.2
2026-08-08T15:30:49.744367+00:00,1786203049.744,181.87,26.00,0.6619,5.42,0.345,740.0,244.2
2026-08-08T15:30:49.965471+00:00,1786203049.965,182.09,26.00,0.6619,5.42,0.000,718.8,244.2
2026-08-08T15:30:50.178843+00:00,1786203050.179,182.31,26.02,0.6663,5.42,0.000,696.8,244.2
2026-08-08T15:30:50.395695+00:00,1786203050.396,182.52,26.02,0.6663,5.42,0.000,691.1,244.2
2026-08-08T15:30:50.598459+00:00,1786203050.598,182.73,26.02,0.6663,5.42,0.000,692.1,244.2
2026-08-08T15:30:50.954802+00:00,1786203050.955,183.08,25.49,0.6707,5.42,0.000,692.2,244.2
2026-08-08T15:30:51.161251+00:00,1786203051.161,183.29,25.49,0.6707,5.42,0.251,701.3,244.2
2026-08-08T15:30:51.374951+00:00,1786203051.375,183.50,22.78,0.6751,5.42,0.000,701.9,244.2
2026-08-08T15:30:51.595024+00:00,1786203051.595,183.72,22.78,0.6751,5.42,-0.411,691.4,244.2
2026-08-08T15:30:51.798362+00:00,1786203051.798,183.93,22.78,0.6751,5.42,-0.410,680.9,244.2
2026-08-08T15:30:52.163357+00:00,1786203052.163,184.29,23.28,0.6795,5.42,-0.313,683.6,244.2
2026-08-08T15:30:52.374320+00:00,1786203052.374,184.50,23.28,0.6795,5.42,-0.314,668.2,244.2
2026-08-08T15:30:52.573439+00:00,1786203052.573,184.70,26.35,0.6839,5.42,0.000,666.0,244.2
2026-08-08T15:30:52.778113+00:00,1786203052.778,184.91,26.35,0.6839,5.42,0.000,655.4,244.2
2026-08-08T15:30:53.036819+00:00,1786203053.033,185.16,26.35,0.6839,5.42,0.000,644.8,244.2
2026-08-08T15:30:53.231667+00:00,1786203053.232,185.36,25.09,0.6883,5.42,0.000,632.3,244.2
2026-08-08T15:30:53.451201+00:00,1786203053.451,185.58,25.09,0.6883,5.42,0.000,633.0,244.2
2026-08-08T15:30:53.659307+00:00,1786203053.659,185.79,25.09,0.6883,5.42,0.282,642.0,244.2
2026-08-08T15:30:54.033769+00:00,1786203054.034,186.16,25.06,0.6927,5.42,0.260,635.0,244.2
2026-08-08T15:30:54.242531+00:00,1786203054.243,186.37,25.06,0.6927,5.42,0.260,628.1,244.2
2026-08-08T15:30:54.439745+00:00,1786203054.440,186.57,26.19,0.6971,5.42,0.355,628.8,244.2
2026-08-08T15:30:54.642492+00:00,1786203054.642,186.77,26.19,0.6971,5.42,0.357,639.9,244.2
2026-08-08T15:30:54.848495+00:00,1786203054.848,186.98,26.19,0.6971,5.42,0.000,640.1,244.2
2026-08-08T15:30:55.225474+00:00,1786203055.225,187.35,26.34,0.7015,5.42,0.000,640.6,244.2
2026-08-08T15:30:55.434977+00:00,1786203055.435,187.56,26.34,0.7015,5.42,0.000,641.1,244.2
2026-08-08T15:30:55.637243+00:00,1786203055.637,187.77,26.45,0.7059,5.42,0.157,647.5,244.2
2026-08-08T15:30:55.842189+00:00,1786203055.842,187.97,26.45,0.7059,5.42,0.158,646.4,244.2
2026-08-08T15:30:56.049571+00:00,1786203056.050,188.18,26.45,0.7059,5.42,0.158,656.9,244.2
2026-08-08T15:30:56.431161+00:00,1786203056.431,188.56,26.40,0.7103,5.42,0.155,678.0,244.2
2026-08-08T15:30:56.651989+00:00,1786203056.652,188.78,26.40,0.7103,5.42,0.154,699.0,244.2
2026-08-08T15:30:57.028076+00:00,1786203057.028,189.16,26.34,0.7147,5.42,0.000,712.1,244.2
2026-08-08T15:30:57.241267+00:00,1786203057.241,189.37,26.34,0.7147,5.42,0.000,725.3,244.2
2026-08-08T15:30:57.440997+00:00,1786203057.441,189.57,26.34,0.7191,5.42,0.000,725.3,244.2
2026-08-08T15:30:57.640912+00:00,1786203057.641,189.77,26.34,0.7191,5.42,0.000,725.3,244.2
2026-08-08T15:30:57.839619+00:00,1786203057.840,189.97,26.34,0.7191,5.42,0.000,725.2,244.2
2026-08-08T15:30:58.040593+00:00,1786203058.041,190.17,26.39,0.7235,5.42,0.000,727.3,244.2
2026-08-08T15:30:58.245490+00:00,1786203058.245,190.37,26.39,0.7235,5.42,0.000,729.3,244.2
2026-08-08T15:30:58.460630+00:00,1786203058.461,190.59,26.39,0.7235,5.42,0.000,723.2,244.2
2026-08-08T15:30:58.845911+00:00,1786203058.846,190.97,26.32,0.7279,5.42,0.000,717.7,244.2
2026-08-08T15:30:59.037546+00:00,1786203059.038,191.17,26.32,0.7279,5.42,0.000,712.1,244.2
2026-08-08T15:30:59.237567+00:00,1786203059.238,191.37,26.43,0.7323,5.42,0.000,701.8,244.2
2026-08-08T15:30:59.442961+00:00,1786203059.443,191.57,26.43,0.7323,5.42,0.000,691.4,244.2
2026-08-08T15:30:59.656984+00:00,1786203059.657,191.79,26.43,0.7323,5.42,0.000,691.7,244.2
2026-08-08T15:31:00.037163+00:00,1786203060.037,192.17,26.45,0.7367,5.42,0.000,691.9,244.2
2026-08-08T15:31:00.238794+00:00,1786203060.239,192.37,26.45,0.7367,5.42,0.000,692.1,244.2
2026-08-08T15:31:00.440519+00:00,1786203060.441,192.57,26.34,0.7411,5.42,0.000,687.1,244.2
2026-08-08T15:31:00.642966+00:00,1786203060.643,192.77,26.34,0.7411,5.42,0.000,682.1,244.2
2026-08-08T15:31:00.845153+00:00,1786203060.845,192.97,26.34,0.7411,5.42,0.000,677.1,244.2
2026-08-08T15:31:01.043477+00:00,1786203061.043,193.17,26.36,0.7455,5.42,0.000,672.3,244.2
2026-08-08T15:31:01.248281+00:00,1786203061.248,193.38,26.36,0.7455,5.42,0.000,667.6,244.2
2026-08-08T15:31:01.456064+00:00,1786203061.456,193.58,26.36,0.7455,5.42,0.000,667.6,244.2
2026-08-08T15:31:01.829581+00:00,1786203061.830,193.96,26.09,0.7499,5.42,0.000,667.2,244.2
2026-08-08T15:31:02.035430+00:00,1786203062.035,194.16,26.09,0.7499,5.42,0.000,666.8,244.2
2026-08-08T15:31:02.243310+00:00,1786203062.243,194.37,26.35,0.7543,5.42,0.000,666.8,244.2
2026-08-08T15:31:02.465599+00:00,1786203062.466,194.59,26.35,0.7543,5.42,0.000,666.8,244.2
2026-08-08T15:31:02.667087+00:00,1786203062.667,194.80,26.35,0.7543,5.42,0.000,666.8,244.2
2026-08-08T15:31:03.033989+00:00,1786203063.034,195.16,26.62,0.7587,5.42,0.000,667.1,244.2
2026-08-08T15:31:03.237624+00:00,1786203063.238,195.37,26.62,0.7587,5.42,0.000,667.5,244.2
2026-08-08T15:31:03.453309+00:00,1786203063.453,195.58,26.01,0.7631,5.42,0.000,667.0,244.2
2026-08-08T15:31:03.649868+00:00,1786203063.650,195.78,26.01,0.7631,5.42,0.000,666.5,244.2
2026-08-08T15:31:03.854831+00:00,1786203063.855,195.98,26.01,0.7631,5.42,0.000,665.9,244.2
2026-08-08T15:31:04.232856+00:00,1786203064.233,196.36,26.45,0.7675,5.42,0.000,665.9,244.2
2026-08-08T15:31:04.436635+00:00,1786203064.437,196.57,26.45,0.7675,5.42,0.000,665.9,244.2
2026-08-08T15:31:04.639710+00:00,1786203064.640,196.77,26.51,0.7719,5.42,0.000,666.0,244.2
2026-08-08T15:31:04.840986+00:00,1786203064.841,196.97,26.51,0.7719,5.42,0.000,666.1,244.2
2026-08-08T15:31:05.036919+00:00,1786203065.037,197.17,26.51,0.7719,5.42,0.000,666.4,244.2
2026-08-08T15:31:05.241960+00:00,1786203065.242,197.37,26.34,0.7763,5.42,0.000,666.4,244.2
2026-08-08T15:31:05.446636+00:00,1786203065.447,197.58,26.34,0.7763,5.42,0.000,666.4,244.2
2026-08-08T15:31:05.642337+00:00,1786203065.642,197.77,26.34,0.7763,5.42,0.000,666.3,244.2
2026-08-08T15:31:05.841560+00:00,1786203065.841,197.97,26.66,0.7807,5.42,0.082,669.3,244.2
2026-08-08T15:31:06.052332+00:00,1786203066.052,198.18,26.66,0.7807,5.42,0.082,672.3,244.2
2026-08-08T15:31:06.256081+00:00,1786203066.256,198.38,26.66,0.7807,5.42,0.000,673.2,244.2
2026-08-08T15:31:06.457235+00:00,1786203066.457,198.59,26.13,0.7851,5.42,0.000,673.3,244.2
2026-08-08T15:31:06.662812+00:00,1786203066.663,198.79,26.13,0.7851,5.42,-0.052,671.4,244.2
2026-08-08T15:31:06.863064+00:00,1786203066.863,198.99,26.13,0.7851,5.42,-0.052,669.4,244.2
2026-08-08T15:31:07.070543+00:00,1786203067.071,199.20,25.99,0.7895,5.42,-0.072,666.7,244.2
2026-08-08T15:31:07.272339+00:00,1786203067.272,199.40,25.99,0.7895,5.42,0.000,665.7,244.2
2026-08-08T15:31:07.483845+00:00,1786203067.484,199.61,25.99,0.7895,5.42,0.000,664.7,244.2
2026-08-08T15:31:07.850177+00:00,1786203067.850,199.98,26.15,0.7939,5.42,0.000,664.9,244.2
2026-08-08T15:31:08.058044+00:00,1786203068.058,200.19,26.15,0.7939,5.42,-0.064,663.2,244.2
2026-08-08T15:31:08.264434+00:00,1786203068.264,200.39,26.41,0.7983,5.42,0.000,663.8,244.2
2026-08-08T15:31:08.471180+00:00,1786203068.471,200.60,26.41,0.7983,5.42,0.000,663.8,244.2
2026-08-08T15:31:08.674826+00:00,1786203068.675,200.80,26.41,0.7983,5.42,0.000,663.7,244.2
2026-08-08T15:31:09.052994+00:00,1786203069.053,201.18,26.49,0.8027,5.42,0.000,663.7,244.2
2026-08-08T15:31:09.266318+00:00,1786203069.266,201.39,26.49,0.8027,5.42,0.000,663.7,244.2
2026-08-08T15:31:09.479033+00:00,1786203069.479,201.61,26.35,0.8071,5.42,0.000,663.4,244.2
2026-08-08T15:31:09.678675+00:00,1786203069.679,201.81,26.35,0.8071,5.42,0.000,663.4,244.2
2026-08-08T15:31:09.876312+00:00,1786203069.876,202.00,26.35,0.8071,5.42,0.000,663.4,244.2
2026-08-08T15:31:10.252421+00:00,1786203070.252,202.38,26.33,0.8115,5.42,0.000,663.4,244.2
2026-08-08T15:31:10.458797+00:00,1786203070.459,202.59,26.33,0.8115,5.42,0.000,660.4,244.2
2026-08-08T15:31:10.662247+00:00,1786203070.662,202.79,26.10,0.8159,5.42,0.000,657.0,244.2
2026-08-08T15:31:10.866477+00:00,1786203070.866,203.00,26.10,0.8159,5.42,0.000,656.1,244.2
2026-08-08T15:31:11.069459+00:00,1786203071.069,203.20,26.10,0.8159,5.42,0.000,656.0,244.2
2026-08-08T15:31:11.285003+00:00,1786203071.285,203.41,25.99,0.8203,5.42,-0.062,655.5,244.2
2026-08-08T15:31:11.488478+00:00,1786203071.488,203.62,25.99,0.8203,5.42,-0.062,655.0,244.2
2026-08-08T15:31:11.683291+00:00,1786203071.683,203.81,25.99,0.8203,5.42,0.000,657.2,244.2
2026-08-08T15:31:11.884272+00:00,1786203071.884,204.01,26.26,0.8247,5.42,0.000,657.6,244.2
2026-08-08T15:31:12.101473+00:00,1786203072.101,204.23,26.26,0.8247,5.42,0.000,658.1,244.2
2026-08-08T15:31:12.304659+00:00,1786203072.305,204.43,26.26,0.8247,5.42,0.000,658.2,244.2
2026-08-08T15:31:12.504637+00:00,1786203072.505,204.63,25.92,0.8291,5.42,-0.056,658.1,244.2
2026-08-08T15:31:12.703957+00:00,1786203072.704,204.83,25.92,0.8291,5.42,0.000,657.4,244.2
2026-08-08T15:31:12.958229+00:00,1786203072.958,205.09,25.92,0.8291,5.42,0.000,656.6,244.2
2026-08-08T15:31:13.173190+00:00,1786203073.173,205.30,24.62,0.8335,5.42,-0.196,648.2,244.2
2026-08-08T15:31:13.394241+00:00,1786203073.394,205.52,24.62,0.8335,5.42,-0.180,640.2,244.2
2026-08-08T15:31:13.617825+00:00,1786203073.618,205.75,24.62,0.8335,5.42,-0.179,632.2,244.2
2026-08-08T15:31:13.972432+00:00,1786203073.972,206.10,24.76,0.8379,5.42,-0.149,625.4,244.2
2026-08-08T15:31:14.186764+00:00,1786203074.187,206.32,24.76,0.8379,5.42,-0.181,617.8,244.2
2026-08-08T15:31:14.386669+00:00,1786203074.387,206.52,26.06,0.8423,5.42,0.000,617.3,244.2
2026-08-08T15:31:14.772515+00:00,1786203074.772,206.90,26.06,0.8423,5.42,0.000,616.9,244.2
2026-08-08T15:31:14.982597+00:00,1786203074.983,207.11,29.96,0.8467,5.42,0.453,638.6,244.2
2026-08-08T15:31:15.188275+00:00,1786203075.188,207.32,29.96,0.8467,5.42,0.452,660.6,244.2
2026-08-08T15:31:15.382722+00:00,1786203075.383,207.51,29.96,0.8467,5.42,0.461,683.0,244.2
2026-08-08T15:31:15.591825+00:00,1786203075.592,207.72,26.25,0.8511,5.42,0.186,688.9,244.2
2026-08-08T15:31:15.791151+00:00,1786203075.791,207.92,26.25,0.8511,5.42,0.188,696.8,244.2
2026-08-08T15:31:15.996317+00:00,1786203075.996,208.12,26.25,0.8511,5.42,0.190,704.9,244.2
2026-08-08T15:31:16.375720+00:00,1786203076.376,208.50,27.21,0.8555,5.42,0.283,715.7,244.2
2026-08-08T15:31:16.589832+00:00,1786203076.590,208.72,27.21,0.8555,5.42,0.284,726.1,244.2
2026-08-08T15:31:16.783682+00:00,1786203076.784,208.91,31.40,0.8599,5.42,0.619,757.3,244.2
2026-08-08T15:31:16.992918+00:00,1786203076.993,209.12,31.40,0.8599,5.42,0.669,790.2,244.2
2026-08-08T15:31:17.396259+00:00,1786203077.396,209.52,23.17,0.8643,5.42,-0.781,766.8,244.2
2026-08-08T15:31:17.591500+00:00,1786203077.591,209.72,23.17,0.8643,5.42,-0.784,741.6,244.2
2026-08-08T15:31:17.791281+00:00,1786203077.791,209.92,23.17,0.8643,5.42,-0.782,716.5,244.2
2026-08-08T15:31:18.017264+00:00,1786203078.017,210.15,27.77,0.8687,5.42,0.175,732.7,244.2
2026-08-08T15:31:18.229280+00:00,1786203078.229,210.36,27.77,0.8687,5.42,0.174,748.4,244.2
2026-08-08T15:31:18.610394+00:00,1786203078.610,210.74,30.23,0.8730,5.42,0.424,777.4,244.2
2026-08-08T15:31:18.824940+00:00,1786203078.825,210.95,30.23,0.8730,5.42,0.343,802.6,244.2
2026-08-08T15:31:19.023158+00:00,1786203079.023,211.15,24.48,0.8774,5.42,-0.312,798.5,244.2
2026-08-08T15:31:19.229866+00:00,1786203079.230,211.36,24.48,0.8774,5.42,-0.786,773.9,244.2
2026-08-08T15:31:19.437135+00:00,1786203079.437,211.57,24.48,0.8774,5.42,-0.788,749.1,244.2
2026-08-08T15:31:19.809251+00:00,1786203079.809,211.94,30.32,0.8818,5.42,0.823,762.9,244.2
2026-08-08T15:31:20.026724+00:00,1786203080.027,212.16,30.32,0.8818,5.42,0.816,776.5,244.2
2026-08-08T15:31:20.222386+00:00,1786203080.222,212.35,31.49,0.8862,5.42,0.950,797.7,244.2
2026-08-08T15:31:20.430224+00:00,1786203080.430,212.56,31.49,0.8862,5.42,0.428,816.5,244.2
2026-08-08T15:31:20.626482+00:00,1786203080.626,212.76,31.49,0.8862,5.42,0.430,835.3,244.2
2026-08-08T15:31:20.822099+00:00,1786203080.822,212.95,27.34,0.8906,5.42,-0.364,819.8,244.2
2026-08-08T15:31:21.028095+00:00,1786203081.028,213.16,27.34,0.8906,5.42,-0.365,799.6,244.2
2026-08-08T15:31:21.225255+00:00,1786203081.225,213.35,27.34,0.8906,5.42,0.361,802.3,244.2
2026-08-08T15:31:21.444325+00:00,1786203081.444,213.57,31.10,0.8972,5.42,0.831,809.2,244.2
2026-08-08T15:31:21.655591+00:00,1786203081.656,213.78,31.10,0.8972,5.42,0.829,814.1,244.2
2026-08-08T15:31:21.855643+00:00,1786203081.856,213.98,31.10,0.8972,5.42,0.106,851.7,244.2
2026-08-08T15:31:22.234295+00:00,1786203082.234,214.36,30.92,0.9016,5.42,0.075,888.0,244.2
2026-08-08T15:31:22.456425+00:00,1786203082.456,214.59,30.92,0.9016,5.42,-0.070,919.0,244.2
2026-08-08T15:31:22.830132+00:00,1786203082.830,214.96,26.67,0.9060,5.42,-0.558,894.4,244.2
2026-08-08T15:31:23.045413+00:00,1786203083.045,215.17,26.67,0.9060,5.42,-0.553,870.0,244.2
2026-08-08T15:31:23.244037+00:00,1786203083.244,215.37,26.84,0.9104,5.42,-0.058,847.7,244.2
2026-08-08T15:31:23.452222+00:00,1786203083.452,215.58,26.84,0.9104,5.42,-0.058,828.3,244.2
2026-08-08T15:31:23.657875+00:00,1786203083.658,215.79,26.84,0.9104,5.42,-0.057,839.0,244.2
2026-08-08T15:31:24.028400+00:00,1786203084.028,216.16,26.37,0.9148,5.42,-0.508,848.7,244.2
2026-08-08T15:31:24.240268+00:00,1786203084.240,216.37,26.37,0.9148,5.42,-0.508,858.5,244.2
2026-08-08T15:31:24.441922+00:00,1786203084.442,216.57,31.74,0.9192,5.42,0.069,834.7,244.2
2026-08-08T15:31:24.663193+00:00,1786203084.663,216.79,31.74,0.9192,5.42,0.094,812.2,244.2
2026-08-08T15:31:24.857987+00:00,1786203084.858,216.99,31.74,0.9192,5.42,0.096,781.6,244.2
2026-08-08T15:31:25.233250+00:00,1786203085.233,217.36,31.11,0.9258,5.42,0.513,783.8,244.2
2026-08-08T15:31:25.443686+00:00,1786203085.444,217.57,31.11,0.9258,5.42,0.514,785.9,244.2
2026-08-08T15:31:25.644182+00:00,1786203085.644,217.77,31.49,0.9302,5.42,0.538,824.1,244.2
2026-08-08T15:31:25.843583+00:00,1786203085.844,217.97,31.49,0.9302,5.42,0.540,862.3,244.2
2026-08-08T15:31:26.251149+00:00,1786203086.251,218.38,27.06,0.9346,5.42,0.000,850.5,244.2
2026-08-08T15:31:26.440188+00:00,1786203086.440,218.57,27.06,0.9346,5.42,0.079,816.2,244.2
2026-08-08T15:31:26.638014+00:00,1786203086.638,218.77,27.06,0.9346,5.42,0.079,782.1,244.2
2026-08-08T15:31:26.854422+00:00,1786203086.854,218.98,30.49,0.9390,5.42,-0.145,772.1,244.2
2026-08-08T15:31:27.067607+00:00,1786203087.068,219.20,30.49,0.9390,5.42,-0.145,763.5,244.2
2026-08-08T15:31:27.268512+00:00,1786203087.268,219.40,30.75,0.9434,5.42,-0.114,761.7,244.2
2026-08-08T15:31:27.477204+00:00,1786203087.477,219.61,30.75,0.9434,5.42,0.000,785.8,244.2
2026-08-08T15:31:27.680856+00:00,1786203087.681,219.81,30.75,0.9434,5.42,0.000,809.7,244.2
2026-08-08T15:31:27.892213+00:00,1786203087.892,220.02,26.20,0.9478,5.42,-0.654,790.7,244.2
2026-08-08T15:31:28.106775+00:00,1786203088.107,220.24,26.20,0.9478,5.42,-0.649,771.8,244.2
2026-08-08T15:31:28.320689+00:00,1786203088.321,220.45,26.20,0.9478,5.42,-0.115,769.1,244.2
2026-08-08T15:31:28.685753+00:00,1786203088.686,220.81,25.83,0.9544,5.42,-0.153,779.1,244.2
2026-08-08T15:31:28.882036+00:00,1786203088.882,221.01,25.83,0.9544,5.42,-0.153,789.2,244.2
2026-08-08T15:31:29.091935+00:00,1786203089.092,221.22,25.83,0.9544,5.42,-0.578,759.4,244.2
2026-08-08T15:31:29.332133+00:00,1786203089.332,221.46,30.90,0.9588,5.42,0.051,756.2,244.2
2026-08-08T15:31:29.534856+00:00,1786203089.535,221.66,30.90,0.9588,5.42,0.000,751.2,244.2
2026-08-08T15:31:29.735370+00:00,1786203089.735,221.86,30.69,0.9632,5.42,0.000,732.1,244.2
2026-08-08T15:31:29.937778+00:00,1786203089.938,222.07,30.69,0.9632,5.42,0.000,712.9,244.2
2026-08-08T15:31:30.144258+00:00,1786203090.144,222.27,30.69,0.9632,5.42,0.555,711.6,244.2
2026-08-08T15:31:30.344494+00:00,1786203090.344,222.47,26.19,0.9676,5.42,0.000,683.0,244.2
2026-08-08T15:31:30.545629+00:00,1786203090.546,222.67,26.19,0.9676,5.42,0.000,681.6,244.2
2026-08-08T15:31:30.745010+00:00,1786203090.745,222.87,26.19,0.9676,5.42,0.000,677.7,244.2
2026-08-08T15:31:31.132512+00:00,1786203091.132,223.26,26.69,0.9698,5.42,0.106,677.9,244.2
2026-08-08T15:31:31.369986+00:00,1786203091.370,223.50,26.69,0.9698,5.42,0.105,679.8,244.2
2026-08-08T15:31:31.733170+00:00,1786203091.733,223.86,25.64,0.9742,5.42,-0.609,658.9,244.2
2026-08-08T15:31:31.949787+00:00,1786203091.950,224.08,25.64,0.9742,5.42,-0.606,636.5,244.2
2026-08-08T15:31:32.150904+00:00,1786203092.151,224.28,22.31,0.9786,5.42,-0.964,598.1,244.2
2026-08-08T15:31:32.362553+00:00,1786203092.363,224.49,22.31,0.9786,5.42,-0.959,559.8,244.2
2026-08-08T15:31:32.559189+00:00,1786203092.559,224.69,22.31,0.9786,5.42,-0.963,548.9,244.2
2026-08-08T15:31:32.936945+00:00,1786203092.937,225.07,22.85,0.9830,5.42,-0.357,554.0,244.2
2026-08-08T15:31:33.149976+00:00,1786203093.150,225.28,22.85,0.9830,5.42,-0.356,543.0,244.2
2026-08-08T15:31:33.542846+00:00,1786203093.543,225.67,22.63,0.9852,5.42,-0.353,533.5,244.2
2026-08-08T15:31:33.751784+00:00,1786203093.752,225.88,22.63,0.9852,5.42,-0.430,522.0,244.2
2026-08-08T15:31:33.953869+00:00,1786203093.954,226.08,22.91,0.9896,5.42,-0.405,524.0,244.2
2026-08-08T15:31:34.151205+00:00,1786203094.151,226.28,22.91,0.9896,5.42,-0.313,501.0,244.2
2026-08-08T15:31:34.354450+00:00,1786203094.354,226.48,22.91,0.9896,5.42,-0.316,479.7,244.2
2026-08-08T15:31:34.558203+00:00,1786203094.558,226.69,26.14,0.9940,5.42,0.442,485.4,244.2
2026-08-08T15:31:34.767610+00:00,1786203094.768,226.90,26.14,0.9940,5.42,0.442,491.1,244.2
2026-08-08T15:31:34.962760+00:00,1786203094.963,227.09,26.14,0.9940,5.42,0.442,477.2,244.2
2026-08-08T15:31:35.162262+00:00,1786203095.162,227.29,25.81,0.9984,5.42,0.369,487.6,244.2
2026-08-08T15:31:35.389700+00:00,1786203095.390,227.52,25.81,0.9984,5.42,0.367,498.0,244.2
2026-08-08T15:31:35.590655+00:00,1786203095.591,227.72,25.81,0.9984,5.42,0.431,510.2,244.2
2026-08-08T15:31:35.801249+00:00,1786203095.801,227.93,25.67,1.0028,5.42,0.411,517.6,244.2
2026-08-08T15:31:35.999387+00:00,1786203095.999,228.13,25.67,1.0028,5.42,0.375,523.8,244.2
2026-08-08T15:31:36.200554+00:00,1786203096.201,228.33,25.67,1.0028,5.42,0.374,553.0,244.2
2026-08-08T15:31:36.402608+00:00,1786203096.403,228.53,25.77,1.0072,5.42,0.388,582.7,244.2
2026-08-08T15:31:36.619662+00:00,1786203096.620,228.75,25.77,1.0072,5.42,0.000,612.7,244.2
2026-08-08T15:31:36.815704+00:00,1786203096.816,228.94,25.77,1.0072,5.42,0.000,642.7,244.2
2026-08-08T15:31:37.014864+00:00,1786203097.015,229.14,25.92,1.0116,5.42,0.000,672.9,244.2
2026-08-08T15:31:37.219212+00:00,1786203097.219,229.35,25.92,1.0116,5.42,0.000,687.0,244.2
2026-08-08T15:31:37.414466+00:00,1786203097.414,229.54,25.92,1.0116,5.42,0.000,701.1,244.2
2026-08-08T15:31:37.614511+00:00,1786203097.614,229.74,26.24,1.0160,5.42,0.059,717.6,244.2
2026-08-08T15:31:37.824607+00:00,1786203097.825,229.95,26.24,1.0160,5.42,0.078,736.7,244.2
2026-08-08T15:31:38.204643+00:00,1786203098.205,230.33,22.82,1.0204,5.42,-0.359,737.8,244.2
2026-08-08T15:31:38.405566+00:00,1786203098.406,230.53,22.82,1.0204,5.42,-0.359,736.5,244.2
2026-08-08T15:31:38.605803+00:00,1786203098.606,230.73,22.82,1.0204,5.42,-0.372,734.9,244.2
2026-08-08T15:31:38.851459+00:00,1786203098.851,230.98,28.45,1.0248,5.42,0.333,736.3,244.2
2026-08-08T15:31:39.078818+00:00,1786203099.079,231.21,28.45,1.0248,5.42,0.329,737.5,244.2
2026-08-08T15:31:39.470668+00:00,1786203099.471,231.60,34.98,1.0292,5.42,1.025,781.2,244.2
2026-08-08T15:31:39.677341+00:00,1786203099.677,231.81,34.98,1.0292,5.42,1.024,827.6,244.2
2026-08-08T15:31:39.875920+00:00,1786203099.876,232.00,27.26,1.0336,5.42,0.152,823.8,244.2
2026-08-08T15:31:40.078987+00:00,1786203100.079,232.21,27.26,1.0336,5.42,0.115,816.9,244.2
2026-08-08T15:31:40.290704+00:00,1786203100.291,232.42,27.26,1.0336,5.42,0.115,810.8,244.2
2026-08-08T15:31:40.673261+00:00,1786203100.673,232.80,27.27,1.0380,5.42,0.501,818.1,244.2
2026-08-08T15:31:40.875145+00:00,1786203100.875,233.00,27.27,1.0380,5.42,0.500,825.3,244.2
2026-08-08T15:31:41.091223+00:00,1786203101.091,233.22,26.78,1.0424,5.42,0.442,829.0,244.2
2026-08-08T15:31:41.288188+00:00,1786203101.288,233.42,26.78,1.0424,5.42,-0.191,824.7,244.2
2026-08-08T15:31:41.501422+00:00,1786203101.501,233.63,26.78,1.0424,5.42,-0.192,820.4,244.2
2026-08-08T15:31:41.704985+00:00,1786203101.705,233.83,25.83,1.0468,5.42,-1.137,786.3,244.2
2026-08-08T15:31:41.962374+00:00,1786203101.962,234.09,25.83,1.0468,5.42,-1.117,752.8,244.2
2026-08-08T15:31:42.160680+00:00,1786203102.161,234.29,25.83,1.0468,5.42,-0.174,747.5,244.2
2026-08-08T15:31:42.547917+00:00,1786203102.548,234.68,29.75,1.0534,5.42,0.281,761.2,244.2
2026-08-08T15:31:42.758633+00:00,1786203102.759,234.89,29.75,1.0534,5.42,0.280,774.3,244.2
2026-08-08T15:31:43.147933+00:00,1786203103.148,235.28,30.30,1.0578,5.42,0.340,807.6,244.2
2026-08-08T15:31:43.357162+00:00,1786203103.357,235.49,30.30,1.0578,5.42,0.339,840.9,244.2
2026-08-08T15:31:43.569967+00:00,1786203103.570,235.70,26.54,1.0622,5.42,0.000,856.4,244.2
2026-08-08T15:31:43.766202+00:00,1786203103.766,235.89,26.54,1.0622,5.42,0.000,842.3,244.2
2026-08-08T15:31:43.971838+00:00,1786203103.972,236.10,26.54,1.0622,5.42,0.000,828.4,244.2
2026-08-08T15:31:44.362698+00:00,1786203104.363,236.49,26.38,1.0666,5.42,0.058,773.6,244.2
2026-08-08T15:31:44.566974+00:00,1786203104.567,236.70,26.38,1.0666,5.42,0.059,718.8,244.2
2026-08-08T15:31:44.783986+00:00,1786203104.784,236.91,25.90,1.0710,5.42,0.000,711.8,244.2
2026-08-08T15:31:44.979169+00:00,1786203104.979,237.11,25.90,1.0710,5.42,-0.440,692.9,244.2
2026-08-08T15:31:45.182160+00:00,1786203105.182,237.31,25.90,1.0710,5.42,-0.442,673.8,244.2
2026-08-08T15:31:45.377963+00:00,1786203105.378,237.51,25.83,1.0754,5.42,-0.556,639.2,244.2
2026-08-08T15:31:45.582888+00:00,1786203105.583,237.71,25.83,1.0754,5.42,-0.558,604.5,244.2
2026-08-08T15:31:45.790751+00:00,1786203105.791,237.92,25.83,1.0754,5.42,-0.088,586.7,244.2
2026-08-08T15:31:46.160558+00:00,1786203106.161,238.29,26.12,1.0798,5.42,0.000,591.5,244.2
2026-08-08T15:31:46.377633+00:00,1786203106.378,238.51,26.12,1.0798,5.42,0.000,596.4,244.2
2026-08-08T15:31:46.755793+00:00,1786203106.756,238.88,26.54,1.0842,5.42,0.000,631.5,244.2
2026-08-08T15:31:46.967691+00:00,1786203106.968,239.10,26.54,1.0842,5.42,0.000,665.9,244.2
2026-08-08T15:31:47.175395+00:00,1786203107.175,239.30,26.66,1.0886,5.42,0.088,675.2,244.2
2026-08-08T15:31:47.384307+00:00,1786203107.384,239.51,26.66,1.0886,5.42,0.088,663.1,244.2
2026-08-08T15:31:47.591286+00:00,1786203107.591,239.72,26.66,1.0886,5.42,0.088,651.0,244.2
2026-08-08T15:31:47.960507+00:00,1786203107.960,240.09,26.28,1.0930,5.42,0.000,632.4,244.2
2026-08-08T15:31:48.177663+00:00,1786203108.178,240.31,26.28,1.0930,5.42,0.000,613.8,244.2
2026-08-08T15:31:48.373347+00:00,1786203108.373,240.50,26.45,1.0974,5.42,0.067,615.7,244.2
2026-08-08T15:31:48.598569+00:00,1786203108.599,240.73,26.45,1.0974,5.42,0.000,615.6,244.2
2026-08-08T15:31:48.977054+00:00,1786203108.977,241.11,26.68,1.1018,5.42,0.059,617.7,244.2
2026-08-08T15:31:49.168305+00:00,1786203109.168,241.30,26.68,1.1018,5.42,0.000,616.4,244.2
2026-08-08T15:31:49.363020+00:00,1786203109.363,241.49,26.68,1.1018,5.42,0.000,615.0,244.2
2026-08-08T15:31:49.622257+00:00,1786203109.622,241.75,28.91,1.1062,5.42,0.256,628.5,244.2
2026-08-08T15:31:49.817150+00:00,1786203109.817,241.95,28.91,1.1062,5.42,0.257,655.2,244.2
2026-08-08T15:31:50.023940+00:00,1786203110.024,242.15,25.80,1.1084,5.42,-0.097,665.3,244.2
2026-08-08T15:31:50.429964+00:00,1786203110.430,242.56,25.80,1.1084,5.42,-0.054,680.3,244.2
2026-08-08T15:31:50.626266+00:00,1786203110.626,242.75,25.19,1.1128,5.42,-0.124,692.3,244.2
2026-08-08T15:31:50.846355+00:00,1786203110.846,242.97,25.19,1.1128,5.42,-0.142,689.8,244.2
2026-08-08T15:31:51.049432+00:00,1786203111.049,243.18,25.80,1.1172,5.42,-0.074,687.0,244.2
2026-08-08T15:31:51.249800+00:00,1786203111.250,243.38,25.80,1.1172,5.42,-0.108,683.3,244.2
2026-08-08T15:31:51.449214+00:00,1786203111.449,243.58,25.80,1.1172,5.42,-0.107,678.9,244.2
2026-08-08T15:31:51.645000+00:00,1786203111.645,243.77,25.82,1.1215,5.42,-0.104,674.7,244.2
2026-08-08T15:31:51.843283+00:00,1786203111.843,243.97,25.82,1.1215,5.42,-0.385,659.2,244.2
2026-08-08T15:31:52.049703+00:00,1786203112.050,244.18,25.82,1.1215,5.42,-0.384,643.7,244.2
2026-08-08T15:31:52.245869+00:00,1786203112.246,244.37,30.65,1.1259,5.42,0.606,669.2,244.2
2026-08-08T15:31:52.453711+00:00,1786203112.454,244.58,30.65,1.1259,5.42,0.666,700.1,244.2
2026-08-08T15:31:52.660213+00:00,1786203112.660,244.79,30.65,1.1259,5.42,0.747,733.9,244.2
2026-08-08T15:31:53.034366+00:00,1786203113.034,245.16,31.69,1.1303,5.42,0.826,770.9,244.2
2026-08-08T15:31:53.249719+00:00,1786203113.250,245.38,31.69,1.1303,5.42,0.744,807.1,244.2
2026-08-08T15:31:53.448485+00:00,1786203113.448,245.58,27.15,1.1347,5.42,0.170,811.4,244.2
2026-08-08T15:31:53.649633+00:00,1786203113.650,245.78,27.15,1.1347,5.42,0.170,817.4,244.2
2026-08-08T15:31:53.854819+00:00,1786203113.855,245.98,27.15,1.1347,5.42,0.166,823.4,244.2
2026-08-08T15:31:54.234385+00:00,1786203114.234,246.36,26.79,1.1391,5.42,0.112,814.8,244.2
2026-08-08T15:31:54.448849+00:00,1786203114.449,246.58,26.79,1.1391,5.42,0.111,806.2,244.2
2026-08-08T15:31:54.668754+00:00,1786203114.669,246.80,31.08,1.1457,5.42,0.000,817.9,244.2
2026-08-08T15:31:54.870360+00:00,1786203114.870,247.00,31.08,1.1457,5.42,0.000,828.4,244.2
2026-08-08T15:31:55.070694+00:00,1786203115.071,247.20,31.08,1.1457,5.42,0.000,841.8,244.2
2026-08-08T15:31:55.438628+00:00,1786203115.439,247.57,31.05,1.1501,5.42,-0.073,853.1,244.2
2026-08-08T15:31:55.836114+00:00,1786203115.836,247.96,27.47,1.1545,5.42,-0.453,843.6,244.2
2026-08-08T15:31:56.031825+00:00,1786203116.032,248.16,27.47,1.1545,5.42,0.000,849.5,244.2
2026-08-08T15:31:56.236154+00:00,1786203116.236,248.36,27.47,1.1545,5.42,0.000,855.4,244.2
2026-08-08T15:31:56.476116+00:00,1786203116.476,248.60,30.26,1.1567,5.42,0.330,877.4,244.2
2026-08-08T15:31:56.684245+00:00,1786203116.684,248.81,30.26,1.1567,5.42,0.394,910.0,244.2
2026-08-08T15:31:56.887423+00:00,1786203116.887,249.02,36.55,1.1611,5.42,1.112,987.7,244.2
2026-08-08T15:31:57.098158+00:00,1786203117.098,249.23,36.55,1.1611,5.42,0.623,1003.7,244.2
2026-08-08T15:31:57.313493+00:00,1786203117.313,249.44,36.55,1.1611,5.42,0.622,1017.6,244.2
2026-08-08T15:31:57.687751+00:00,1786203117.688,249.82,26.50,1.1677,5.42,-0.487,969.3,244.2
2026-08-08T15:31:57.911865+00:00,1786203117.912,250.04,26.50,1.1677,5.42,-0.512,914.6,244.2
2026-08-08T15:31:58.111557+00:00,1786203118.112,250.24,26.50,1.1677,5.42,-0.118,874.9,244.2
2026-08-08T15:31:58.327184+00:00,1786203118.327,250.46,30.50,1.1743,5.42,0.367,888.2,244.2
2026-08-08T15:31:58.529806+00:00,1786203118.530,250.66,30.50,1.1743,5.42,0.368,901.4,244.2
2026-08-08T15:31:58.730852+00:00,1786203118.731,250.86,30.50,1.1743,5.42,0.000,901.9,244.2
2026-08-08T15:31:58.937535+00:00,1786203118.938,251.07,29.96,1.1787,5.42,0.000,903.7,244.2
2026-08-08T15:31:59.138653+00:00,1786203119.139,251.27,29.96,1.1787,5.42,-0.814,877.5,244.2
2026-08-08T15:31:59.354246+00:00,1786203119.354,251.48,29.96,1.1787,5.42,-0.812,847.4,244.2
2026-08-08T15:31:59.742845+00:00,1786203119.743,251.87,26.12,1.1831,5.42,-1.191,803.1,244.2
2026-08-08T15:31:59.945649+00:00,1786203119.946,252.07,26.12,1.1831,5.42,0.000,794.8,244.2
2026-08-08T15:32:00.159011+00:00,1786203120.159,252.29,31.51,1.1875,5.42,0.619,820.7,244.2
2026-08-08T15:32:00.365964+00:00,1786203120.366,252.49,31.51,1.1875,5.42,0.617,864.5,244.2
2026-08-08T15:32:00.568670+00:00,1786203120.569,252.70,31.51,1.1875,5.42,0.125,876.0,244.2
2026-08-08T15:32:00.946376+00:00,1786203120.946,253.07,30.60,1.1941,5.42,0.000,881.3,244.2
2026-08-08T15:32:01.161063+00:00,1786203121.161,253.29,30.60,1.1941,5.42,0.000,870.4,244.2
2026-08-08T15:32:01.543306+00:00,1786203121.543,253.67,31.74,1.1985,5.42,0.190,866.2,244.2
2026-08-08T15:32:01.769655+00:00,1786203121.770,253.90,31.74,1.1985,5.42,0.188,816.9,244.2
2026-08-08T15:32:02.141417+00:00,1786203122.141,254.27,26.69,1.2029,5.42,-0.325,762.7,244.2
2026-08-08T15:32:02.545903+00:00,1786203122.546,254.67,27.09,1.2073,5.42,0.096,722.2,244.2
2026-08-08T15:32:02.743827+00:00,1786203122.744,254.87,27.09,1.2073,5.42,0.096,741.1,244.2
2026-08-08T15:32:02.947229+00:00,1786203122.947,255.08,27.09,1.2073,5.42,-0.439,743.9,244.2
2026-08-08T15:32:03.175546+00:00,1786203123.176,255.30,33.82,1.2117,5.42,0.229,769.3,244.2
2026-08-08T15:32:03.390402+00:00,1786203123.390,255.52,33.82,1.2117,5.42,0.228,771.4,244.2
2026-08-08T15:32:03.773949+00:00,1786203123.774,255.90,30.15,1.2161,5.42,0.000,757.8,244.2
2026-08-08T15:32:03.981668+00:00,1786203123.982,256.11,30.15,1.2161,5.42,0.000,757.2,244.2
2026-08-08T15:32:04.179299+00:00,1786203124.179,256.31,24.52,1.2205,5.42,-0.761,726.8,244.2
2026-08-08T15:32:04.391037+00:00,1786203124.391,256.52,24.52,1.2205,5.42,-0.765,724.4,244.2
2026-08-08T15:32:04.588090+00:00,1786203124.588,256.72,24.52,1.2205,5.42,-0.247,736.7,244.2
2026-08-08T15:32:04.787006+00:00,1786203124.787,256.92,31.53,1.2249,5.42,0.550,801.8,244.2
2026-08-08T15:32:04.998042+00:00,1786203124.998,257.13,31.53,1.2249,5.42,0.547,830.8,244.2
2026-08-08T15:32:05.214131+00:00,1786203125.214,257.34,31.53,1.2249,5.42,0.545,828.2,244.2
2026-08-08T15:32:05.574782+00:00,1786203125.575,257.70,32.08,1.2315,5.42,-0.202,799.2,244.2
2026-08-08T15:32:05.810085+00:00,1786203125.810,257.94,32.08,1.2315,5.42,-0.201,788.3,244.2
2026-08-08T15:32:06.003093+00:00,1786203126.003,258.13,31.09,1.2359,5.42,0.117,793.4,244.2
2026-08-08T15:32:06.215905+00:00,1786203126.216,258.34,31.09,1.2359,5.42,0.117,798.4,244.2
2026-08-08T15:32:06.428085+00:00,1786203126.428,258.56,31.09,1.2359,5.42,0.814,819.5,244.2
2026-08-08T15:32:06.627379+00:00,1786203126.627,258.76,29.65,1.2403,5.42,0.637,830.7,244.2
2026-08-08T15:32:06.825807+00:00,1786203126.826,258.95,29.65,1.2403,5.42,0.636,867.4,244.2
2026-08-08T15:32:07.028628+00:00,1786203127.029,259.16,29.65,1.2403,5.42,-0.234,860.7,244.2
2026-08-08T15:32:07.250385+00:00,1786203127.250,259.38,30.73,1.2469,5.42,-0.099,860.3,244.2
2026-08-08T15:32:07.445307+00:00,1786203127.445,259.57,30.73,1.2469,5.42,-0.099,876.7,244.2
2026-08-08T15:32:07.647204+00:00,1786203127.647,259.78,30.73,1.2469,5.42,-0.180,855.7,244.2
2026-08-08T15:32:07.857009+00:00,1786203127.857,259.99,30.21,1.2513,5.42,-0.253,831.3,244.2
2026-08-08T15:32:08.068480+00:00,1786203128.068,260.20,30.21,1.2513,5.42,-0.119,827.3,244.2
2026-08-08T15:32:08.275182+00:00,1786203128.275,260.40,30.21,1.2513,5.42,-0.119,823.3,244.2
2026-08-08T15:32:08.478670+00:00,1786203128.479,260.61,30.57,1.2557,5.42,-0.070,852.2,244.2
2026-08-08T15:32:08.681912+00:00,1786203128.682,260.81,30.57,1.2557,5.42,0.125,888.2,244.2
2026-08-08T15:32:08.883218+00:00,1786203128.883,261.01,30.57,1.2557,5.42,0.125,909.6,244.2
2026-08-08T15:32:09.246582+00:00,1786203129.247,261.38,32.28,1.2623,5.42,0.330,903.2,244.2
2026-08-08T15:32:09.458231+00:00,1786203129.458,261.59,32.28,1.2623,5.42,0.194,891.9,244.2
2026-08-08T15:32:09.660669+00:00,1786203129.661,261.79,31.76,1.2667,5.42,0.128,877.2,244.2
2026-08-08T15:32:09.867180+00:00,1786203129.867,262.00,31.76,1.2667,5.42,0.128,888.8,244.2
2026-08-08T15:32:10.062524+00:00,1786203130.063,262.19,31.76,1.2667,5.42,0.195,902.8,244.2
2026-08-08T15:32:10.268624+00:00,1786203130.269,262.40,30.90,1.2711,5.42,0.087,901.4,244.2
2026-08-08T15:32:10.471325+00:00,1786203130.471,262.60,30.90,1.2711,5.42,0.087,900.0,244.2
2026-08-08T15:32:10.673157+00:00,1786203130.673,262.80,30.90,1.2711,5.42,0.000,870.4,244.2
2026-08-08T15:32:10.875670+00:00,1786203130.876,263.00,31.21,1.2777,5.42,0.081,854.3,244.2
2026-08-08T15:32:11.083827+00:00,1786203131.084,263.21,31.21,1.2777,5.42,0.081,838.2,244.2
2026-08-08T15:32:11.291021+00:00,1786203131.291,263.42,31.21,1.2777,5.42,-0.145,843.7,244.2
2026-08-08T15:32:11.668506+00:00,1786203131.668,263.80,31.20,1.2821,5.42,-0.136,843.1,244.2
2026-08-08T15:32:11.883230+00:00,1786203131.883,264.01,31.20,1.2821,5.42,-0.070,845.0,244.2
2026-08-08T15:32:12.096926+00:00,1786203132.097,264.23,30.80,1.2865,5.42,-0.119,847.3,244.2
2026-08-08T15:32:12.302180+00:00,1786203132.302,264.43,30.80,1.2865,5.42,-0.118,852.9,244.2
2026-08-08T15:32:12.507518+00:00,1786203132.507,264.64,30.80,1.2865,5.42,0.000,858.1,244.2
2026-08-08T15:32:12.873969+00:00,1786203132.874,265.00,31.45,1.2931,5.42,0.064,866.8,244.2
2026-08-08T15:32:13.090241+00:00,1786203133.090,265.22,31.45,1.2931,5.42,0.063,873.1,244.2
2026-08-08T15:32:13.301815+00:00,1786203133.302,265.43,26.69,1.2975,5.42,-0.517,846.2,244.2
2026-08-08T15:32:13.521644+00:00,1786203133.522,265.65,26.69,1.2975,5.42,-0.515,819.4,244.2
2026-08-08T15:32:13.733296+00:00,1786203133.733,265.86,26.69,1.2975,5.42,-0.514,781.7,244.2
2026-08-08T15:32:13.928314+00:00,1786203133.928,266.06,31.09,1.3019,5.42,0.000,772.3,244.2
2026-08-08T15:32:14.125439+00:00,1786203134.125,266.25,31.09,1.3019,5.42,0.000,766.4,244.2
2026-08-08T15:32:14.320947+00:00,1786203134.321,266.45,31.09,1.3019,5.42,0.000,760.5,244.2
2026-08-08T15:32:14.700816+00:00,1786203134.701,266.83,31.77,1.3085,5.42,0.112,757.4,244.2
2026-08-08T15:32:14.920365+00:00,1786203134.920,267.05,31.77,1.3085,5.42,0.112,760.0,244.2
2026-08-08T15:32:15.117484+00:00,1786203135.117,267.25,30.99,1.3129,5.42,-0.057,755.0,244.2
2026-08-08T15:32:15.327388+00:00,1786203135.327,267.46,30.99,1.3129,5.42,-0.057,753.1,244.2
2026-08-08T15:32:15.535799+00:00,1786203135.536,267.66,30.99,1.3129,5.42,0.535,768.9,244.2
2026-08-08T15:32:15.727763+00:00,1786203135.728,267.86,25.65,1.3173,5.42,-0.132,752.8,244.2
2026-08-08T15:32:15.947206+00:00,1786203135.947,268.08,25.65,1.3173,5.42,-0.131,744.8,244.2
2026-08-08T15:32:16.146885+00:00,1786203136.147,268.28,25.65,1.3173,5.42,-0.681,720.2,244.2
2026-08-08T15:32:16.349126+00:00,1786203136.349,268.48,31.10,1.3217,5.42,0.000,722.6,244.2
2026-08-08T15:32:16.584618+00:00,1786203136.585,268.71,31.10,1.3217,5.42,0.000,727.3,244.2
2026-08-08T15:32:16.776398+00:00,1786203136.776,268.90,31.10,1.3217,5.42,-0.090,728.8,244.2
2026-08-08T15:32:17.152556+00:00,1786203137.153,269.28,31.14,1.3283,5.42,-0.079,726.6,244.2
2026-08-08T15:32:17.363764+00:00,1786203137.364,269.49,31.14,1.3283,5.42,0.000,723.7,244.2
2026-08-08T15:32:17.572245+00:00,1786203137.572,269.70,26.79,1.3327,5.42,-0.519,697.5,244.2
2026-08-08T15:32:17.792081+00:00,1786203137.792,269.92,26.79,1.3327,5.42,-0.517,697.6,244.2
2026-08-08T15:32:17.986811+00:00,1786203137.987,270.12,26.79,1.3327,5.42,0.141,718.0,244.2
2026-08-08T15:32:18.357325+00:00,1786203138.357,270.49,30.84,1.3371,5.42,0.599,762.2,244.2
2026-08-08T15:32:18.567058+00:00,1786203138.567,270.70,30.84,1.3371,5.42,0.596,783.0,244.2
2026-08-08T15:32:18.762098+00:00,1786203138.762,270.89,31.55,1.3415,5.42,0.052,785.7,244.2
2026-08-08T15:32:18.993900+00:00,1786203138.994,271.12,31.55,1.3415,5.42,0.052,788.5,244.2
2026-08-08T15:32:19.190955+00:00,1786203139.191,271.32,31.55,1.3415,5.42,0.052,785.8,244.2
2026-08-08T15:32:19.555124+00:00,1786203139.555,271.68,31.48,1.3481,5.42,0.000,781.2,244.2
2026-08-08T15:32:19.768271+00:00,1786203139.768,271.90,31.48,1.3481,5.42,0.000,784.1,244.2
2026-08-08T15:32:20.151413+00:00,1786203140.151,272.28,31.80,1.3525,5.42,0.540,807.5,244.2
2026-08-08T15:32:20.373588+00:00,1786203140.374,272.50,31.80,1.3525,5.42,0.538,809.6,244.2
2026-08-08T15:32:20.750801+00:00,1786203140.751,272.88,26.39,1.3569,5.42,0.000,814.7,244.2
2026-08-08T15:32:20.966136+00:00,1786203140.966,273.09,26.39,1.3569,5.42,-0.474,805.3,244.2
2026-08-08T15:32:21.167419+00:00,1786203141.167,273.30,26.36,1.3613,5.42,-0.479,812.0,244.2
2026-08-08T15:32:21.367699+00:00,1786203141.368,273.50,26.36,1.3613,5.42,-0.554,787.1,244.2
2026-08-08T15:32:21.753363+00:00,1786203141.753,273.88,26.72,1.3657,5.42,-0.486,764.7,244.2
2026-08-08T15:32:21.949951+00:00,1786203141.950,274.08,26.72,1.3657,5.42,-0.487,745.5,244.2
2026-08-08T15:32:22.155654+00:00,1786203142.156,274.28,26.72,1.3657,5.42,-0.508,725.2,244.2
2026-08-08T15:32:22.391940+00:00,1786203142.392,274.52,33.02,1.3700,5.42,0.164,734.9,244.2
2026-08-08T15:32:22.608147+00:00,1786203142.608,274.74,33.02,1.3700,5.42,0.138,767.0,244.2
2026-08-08T15:32:22.813944+00:00,1786203142.814,274.94,30.21,1.3744,5.42,-0.182,782.4,244.2
2026-08-08T15:32:23.025919+00:00,1786203143.026,275.15,30.21,1.3744,5.42,0.467,800.0,244.2
2026-08-08T15:32:23.218978+00:00,1786203143.219,275.35,30.21,1.3744,5.42,0.471,794.0,244.2
2026-08-08T15:32:23.420182+00:00,1786203143.420,275.55,28.40,1.3788,5.42,0.252,776.8,244.2
2026-08-08T15:32:23.609691+00:00,1786203143.610,275.74,28.40,1.3788,5.42,0.253,777.7,244.2
2026-08-08T15:32:23.813999+00:00,1786203143.814,275.94,28.40,1.3788,5.42,0.226,777.8,244.2
2026-08-08T15:32:24.187766+00:00,1786203144.188,276.32,31.68,1.3832,5.42,0.616,798.6,244.2
2026-08-08T15:32:24.404001+00:00,1786203144.404,276.53,31.68,1.3832,5.42,0.613,821.4,244.2
2026-08-08T15:32:24.789455+00:00,1786203144.789,276.92,26.74,1.3898,5.42,-0.727,790.9,244.2
2026-08-08T15:32:24.989907+00:00,1786203144.990,277.12,26.74,1.3898,5.42,-0.732,739.8,244.2
2026-08-08T15:32:25.249527+00:00,1786203145.249,277.38,26.74,1.3898,5.42,-0.396,699.1,244.2
2026-08-08T15:32:25.445093+00:00,1786203145.445,277.57,30.52,1.3942,5.42,0.000,706.1,244.2
2026-08-08T15:32:25.657705+00:00,1786203145.658,277.79,30.52,1.3942,5.42,0.000,727.4,244.2
2026-08-08T15:32:26.043341+00:00,1786203146.043,278.17,29.39,1.3986,5.42,0.105,750.6,244.2
2026-08-08T15:32:26.252406+00:00,1786203146.252,278.38,29.39,1.3986,5.42,0.104,776.0,244.2
2026-08-08T15:32:26.460210+00:00,1786203146.460,278.59,25.90,1.4030,5.42,-0.263,781.8,244.2
2026-08-08T15:32:26.674333+00:00,1786203146.674,278.80,25.90,1.4030,5.42,-0.646,776.2,244.2
2026-08-08T15:32:26.886566+00:00,1786203146.887,279.02,25.90,1.4030,5.42,-0.648,771.2,244.2
2026-08-08T15:32:27.258014+00:00,1786203147.258,279.39,31.53,1.4074,5.42,0.538,781.8,244.2
2026-08-08T15:32:27.478300+00:00,1786203147.478,279.61,31.53,1.4074,5.42,0.535,793.2,244.2
2026-08-08T15:32:27.672538+00:00,1786203147.673,279.80,32.23,1.4140,5.42,0.629,826.6,244.2
2026-08-08T15:32:27.880049+00:00,1786203147.880,280.01,32.23,1.4140,5.42,0.196,821.2,244.2
2026-08-08T15:32:28.090854+00:00,1786203148.091,280.22,32.23,1.4140,5.42,0.196,815.7,244.2
2026-08-08T15:32:28.461386+00:00,1786203148.461,280.59,31.49,1.4184,5.42,0.241,821.6,244.2
2026-08-08T15:32:28.672168+00:00,1786203148.672,280.80,31.49,1.4184,5.42,0.241,827.4,244.2
2026-08-08T15:32:28.871603+00:00,1786203148.872,281.00,30.94,1.4228,5.42,0.581,845.1,244.2
2026-08-08T15:32:29.079141+00:00,1786203149.079,281.21,30.94,1.4228,5.42,0.582,842.1,244.2
2026-08-08T15:32:29.285807+00:00,1786203149.286,281.41,30.94,1.4228,5.42,0.583,839.1,244.2
2026-08-08T15:32:29.666831+00:00,1786203149.667,281.80,30.96,1.4294,5.42,-0.066,866.4,244.2
2026-08-08T15:32:29.878138+00:00,1786203149.878,282.01,30.96,1.4294,5.42,-0.066,893.8,244.2
2026-08-08T15:32:30.077797+00:00,1786203150.078,282.21,30.92,1.4338,5.42,-0.152,907.6,244.2
2026-08-08T15:32:30.285431+00:00,1786203150.285,282.41,30.92,1.4338,5.42,-0.152,902.9,244.2
2026-08-08T15:32:30.662126+00:00,1786203150.662,282.79,27.17,1.4382,5.42,-0.548,880.1,244.2
2026-08-08T15:32:30.864356+00:00,1786203150.864,282.99,27.17,1.4382,5.42,-0.499,857.1,244.2
2026-08-08T15:32:31.067836+00:00,1786203151.068,283.20,27.17,1.4382,5.42,-0.501,834.2,244.2
2026-08-08T15:32:31.294523+00:00,1786203151.295,283.42,33.62,1.4426,5.42,0.307,867.3,244.2
2026-08-08T15:32:31.535769+00:00,1786203151.536,283.66,33.62,1.4426,5.42,0.303,911.8,244.2
2026-08-08T15:32:31.901323+00:00,1786203151.901,284.03,35.35,1.4470,5.42,0.468,967.0,244.2
2026-08-08T15:32:32.126066+00:00,1786203152.126,284.25,35.35,1.4470,5.42,0.496,974.9,244.2
2026-08-08T15:32:32.332418+00:00,1786203152.332,284.46,30.56,1.4536,5.42,0.000,953.7,244.2
2026-08-08T15:32:32.533629+00:00,1786203152.534,284.66,30.56,1.4536,5.42,0.000,927.3,244.2
2026-08-08T15:32:32.742322+00:00,1786203152.742,284.87,30.56,1.4536,5.42,0.000,916.9,244.2
2026-08-08T15:32:32.943253+00:00,1786203152.943,285.07,31.43,1.4580,5.42,0.520,927.0,244.2
2026-08-08T15:32:33.135814+00:00,1786203153.136,285.26,31.43,1.4580,5.42,0.522,937.1,244.2
2026-08-08T15:32:33.341563+00:00,1786203153.342,285.47,31.43,1.4580,5.42,0.522,947.2,244.2
2026-08-08T15:32:33.706714+00:00,1786203153.707,285.84,26.45,1.4624,5.42,-0.825,893.7,244.2
2026-08-08T15:32:33.926121+00:00,1786203153.926,286.05,26.45,1.4624,5.42,-0.832,839.9,244.2
2026-08-08T15:32:34.132059+00:00,1786203154.132,286.26,30.84,1.4690,5.42,-0.561,798.9,244.2
2026-08-08T15:32:34.374060+00:00,1786203154.374,286.50,30.84,1.4690,5.42,-0.557,781.2,244.2
2026-08-08T15:32:34.567258+00:00,1786203154.567,286.70,30.84,1.4690,5.42,0.000,783.3,244.2
2026-08-08T15:32:34.771246+00:00,1786203154.771,286.90,30.43,1.4734,5.42,0.000,787.9,244.2
2026-08-08T15:32:34.965347+00:00,1786203154.965,287.09,30.43,1.4734,5.42,0.000,792.5,244.2
2026-08-08T15:32:35.162913+00:00,1786203155.163,287.29,30.43,1.4734,5.42,-0.125,810.8,244.2
2026-08-08T15:32:35.530645+00:00,1786203155.531,287.66,30.69,1.4778,5.42,-0.086,829.4,244.2
2026-08-08T15:32:35.770440+00:00,1786203155.770,287.90,30.69,1.4778,5.42,-0.085,848.1,244.2
2026-08-08T15:32:36.125311+00:00,1786203156.125,288.25,31.21,1.4844,5.42,0.546,851.3,244.2
2026-08-08T15:32:36.346342+00:00,1786203156.346,288.47,31.21,1.4844,5.42,0.546,854.8,244.2
2026-08-08T15:32:36.543446+00:00,1786203156.543,288.67,31.56,1.4888,5.42,0.083,831.5,244.2
2026-08-08T15:32:36.765670+00:00,1786203156.766,288.89,31.56,1.4888,5.42,0.084,807.1,244.2
2026-08-08T15:32:36.957840+00:00,1786203156.958,289.09,31.56,1.4888,5.42,0.083,812.0,244.2
2026-08-08T15:32:37.333664+00:00,1786203157.334,289.46,26.65,1.4932,5.42,-0.410,792.8,244.2
2026-08-08T15:32:37.542167+00:00,1786203157.542,289.67,26.65,1.4932,5.42,-0.408,773.6,244.2
2026-08-08T15:32:37.756571+00:00,1786203157.757,289.89,31.02,1.4998,5.42,0.063,756.3,244.2
2026-08-08T15:32:37.963100+00:00,1786203157.963,290.09,31.02,1.4998,5.42,0.000,736.6,244.2
2026-08-08T15:32:38.166693+00:00,1786203158.167,290.30,31.02,1.4998,5.42,0.000,717.0,244.2
2026-08-08T15:32:38.544508+00:00,1786203158.544,290.67,31.58,1.5042,5.42,0.000,750.9,244.2
2026-08-08T15:32:38.756506+00:00,1786203158.756,290.89,31.58,1.5042,5.42,0.000,785.0,244.2
2026-08-08T15:32:38.956479+00:00,1786203158.956,291.09,30.87,1.5086,5.42,-0.079,802.2,244.2
2026-08-08T15:32:39.168338+00:00,1786203159.168,291.30,30.87,1.5086,5.42,-0.079,819.3,244.2
2026-08-08T15:32:39.375279+00:00,1786203159.375,291.50,30.87,1.5086,5.42,-0.079,816.5,244.2
2026-08-08T15:32:39.767268+00:00,1786203159.767,291.90,31.52,1.5152,5.42,0.556,838.7,244.2
2026-08-08T15:32:39.961452+00:00,1786203159.961,292.09,31.52,1.5152,5.42,0.559,861.0,244.2
2026-08-08T15:32:40.167296+00:00,1786203160.167,292.30,31.52,1.5196,5.42,0.057,869.4,244.2
2026-08-08T15:32:40.367712+00:00,1786203160.368,292.50,31.52,1.5196,5.42,0.057,876.0,244.2
2026-08-08T15:32:40.562565+00:00,1786203160.563,292.69,31.52,1.5196,5.42,0.057,882.5,244.2
2026-08-08T15:32:40.784905+00:00,1786203160.785,292.91,26.28,1.5240,5.42,-0.657,834.6,244.2
2026-08-08T15:32:40.987207+00:00,1786203160.987,293.12,26.28,1.5240,5.42,-0.659,786.7,244.2
2026-08-08T15:32:41.184416+00:00,1786203161.184,293.31,26.28,1.5240,5.42,-0.572,757.3,244.2
2026-08-08T15:32:41.389250+00:00,1786203161.389,293.52,30.98,1.5306,5.42,0.000,753.3,244.2
2026-08-08T15:32:41.588782+00:00,1786203161.589,293.72,30.98,1.5306,5.42,0.000,749.2,244.2
2026-08-08T15:32:41.788474+00:00,1786203161.788,293.92,30.98,1.5306,5.42,-0.074,766.5,244.2
2026-08-08T15:32:42.002329+00:00,1786203162.002,294.13,31.62,1.5350,5.42,0.000,787.5,244.2
2026-08-08T15:32:42.203413+00:00,1786203162.203,294.33,31.62,1.5350,5.42,0.000,786.3,244.2
2026-08-08T15:32:42.408044+00:00,1786203162.408,294.54,31.62,1.5350,5.42,0.000,787.4,244.2
2026-08-08T15:32:42.770862+00:00,1786203162.771,294.90,26.72,1.5394,5.42,-0.604,761.5,244.2
2026-08-08T15:32:42.975184+00:00,1786203162.975,295.10,26.72,1.5394,5.42,0.055,754.9,244.2
2026-08-08T15:32:43.185783+00:00,1786203163.186,295.31,31.26,1.5438,5.42,0.630,777.1,244.2
2026-08-08T15:32:43.389147+00:00,1786203163.389,295.52,31.26,1.5438,5.42,0.627,803.2,244.2
2026-08-08T15:32:43.603192+00:00,1786203163.603,295.73,31.26,1.5438,5.42,0.000,806.7,244.2
2026-08-08T15:32:43.973703+00:00,1786203163.974,296.10,31.10,1.5504,5.42,0.000,809.9,244.2
2026-08-08T15:32:44.177034+00:00,1786203164.177,296.31,31.10,1.5504,5.42,0.000,789.0,244.2
2026-08-08T15:32:44.378075+00:00,1786203164.378,296.51,32.19,1.5548,5.42,0.066,772.3,244.2
2026-08-08T15:32:44.587606+00:00,1786203164.588,296.72,32.19,1.5548,5.42,0.066,773.9,244.2
2026-08-08T15:32:44.796754+00:00,1786203164.797,296.93,32.19,1.5548,5.42,0.066,775.5,244.2
2026-08-08T15:32:44.997017+00:00,1786203164.997,297.13,26.77,1.5592,5.42,0.000,765.3,244.2
2026-08-08T15:32:45.191207+00:00,1786203165.191,297.32,26.77,1.5592,5.42,0.000,786.1,244.2
2026-08-08T15:32:45.405500+00:00,1786203165.405,297.53,26.77,1.5592,5.42,-0.562,789.5,244.2
2026-08-08T15:32:45.764305+00:00,1786203165.764,297.89,31.50,1.5636,5.42,0.000,815.7,244.2
2026-08-08T15:32:45.981098+00:00,1786203165.981,298.11,31.50,1.5636,5.42,0.000,816.6,244.2
2026-08-08T15:32:46.187554+00:00,1786203166.188,298.32,31.63,1.5702,5.42,0.067,820.3,244.2
2026-08-08T15:32:46.389857+00:00,1786203166.390,298.52,31.63,1.5702,5.42,0.067,826.5,244.2
2026-08-08T15:32:46.599842+00:00,1786203166.600,298.73,31.63,1.5702,5.42,-0.069,824.0,244.2
2026-08-08T15:32:46.820234+00:00,1786203166.820,298.95,30.44,1.5746,5.42,-0.218,814.3,244.2
2026-08-08T15:32:47.012446+00:00,1786203167.012,299.14,30.44,1.5746,5.42,-0.218,804.5,244.2
2026-08-08T15:32:47.210357+00:00,1786203167.210,299.34,30.44,1.5746,5.42,0.460,845.5,244.2
2026-08-08T15:32:47.405341+00:00,1786203167.405,299.53,25.69,1.5790,5.42,-0.136,838.2,244.2
2026-08-08T15:32:47.610042+00:00,1786203167.610,299.74,25.69,1.5790,5.42,-0.137,802.0,244.2
2026-08-08T15:32:47.815260+00:00,1786203167.815,299.94,25.69,1.5790,5.42,-0.788,746.7,244.2
2026-08-08T15:32:48.186908+00:00,1786203168.187,300.32,31.65,1.5834,5.42,0.000,747.4,244.2
2026-08-08T15:32:48.403390+00:00,1786203168.403,300.53,31.65,1.5834,5.42,0.000,748.4,244.2
2026-08-08T15:32:48.791116+00:00,1786203168.791,300.92,31.39,1.5900,5.42,0.000,748.9,244.2
2026-08-08T15:32:48.994988+00:00,1786203168.995,301.12,31.39,1.5900,5.42,0.000,745.0,244.2
2026-08-08T15:32:49.197718+00:00,1786203169.198,301.33,31.65,1.5944,5.42,0.142,746.7,244.2
2026-08-08T15:32:49.416481+00:00,1786203169.416,301.55,31.65,1.5944,5.42,0.140,748.4,244.2
2026-08-08T15:32:49.626305+00:00,1786203169.626,301.75,31.65,1.5944,5.42,0.140,761.9,244.2
2026-08-08T15:32:49.831688+00:00,1786203169.832,301.96,25.93,1.5988,5.42,0.000,760.5,244.2
2026-08-08T15:32:50.044492+00:00,1786203170.044,302.17,25.93,1.5988,5.42,0.000,776.6,244.2
2026-08-08T15:32:50.251960+00:00,1786203170.252,302.38,25.93,1.5988,5.42,0.000,767.2,244.2
2026-08-08T15:32:50.616388+00:00,1786203170.616,302.74,30.48,1.6032,5.42,-0.134,760.6,244.2
2026-08-08T15:32:50.838933+00:00,1786203170.839,302.97,30.48,1.6032,5.42,-0.134,751.4,244.2
2026-08-08T15:32:51.036140+00:00,1786203171.036,303.16,31.69,1.6076,5.42,0.000,749.1,244.2
2026-08-08T15:32:51.249991+00:00,1786203171.250,303.38,31.69,1.6076,5.42,0.000,751.7,244.2
2026-08-08T15:32:51.445382+00:00,1786203171.445,303.57,31.69,1.6076,5.42,0.000,761.6,244.2
2026-08-08T15:32:51.640347+00:00,1786203171.640,303.77,31.65,1.6142,5.42,0.000,771.4,244.2
2026-08-08T15:32:51.839677+00:00,1786203171.840,303.97,31.65,1.6142,5.42,0.000,757.4,244.2
2026-08-08T15:32:52.046604+00:00,1786203172.047,304.18,31.65,1.6142,5.42,0.718,797.8,244.2
2026-08-08T15:32:52.423638+00:00,1786203172.424,304.55,27.10,1.6185,5.42,0.136,808.4,244.2
2026-08-08T15:32:52.633623+00:00,1786203172.634,304.76,27.10,1.6185,5.42,0.136,838.2,244.2
2026-08-08T15:32:52.838389+00:00,1786203172.838,304.97,26.42,1.6229,5.42,-0.507,813.9,244.2
2026-08-08T15:32:53.042613+00:00,1786203173.043,305.17,26.42,1.6229,5.42,-0.511,789.4,244.2
2026-08-08T15:32:53.254328+00:00,1786203173.254,305.38,26.42,1.6229,5.42,-0.660,760.8,244.2
2026-08-08T15:32:53.646263+00:00,1786203173.646,305.77,30.40,1.6273,5.42,-0.150,753.8,244.2
2026-08-08T15:32:53.865044+00:00,1786203173.865,305.99,30.40,1.6273,5.42,-0.148,741.2,244.2
2026-08-08T15:32:54.070520+00:00,1786203174.070,306.20,30.86,1.6317,5.42,-0.090,731.4,244.2
2026-08-08T15:32:54.278306+00:00,1786203174.278,306.41,30.86,1.6317,5.42,-0.090,721.7,244.2
2026-08-08T15:32:54.473326+00:00,1786203174.473,306.60,30.86,1.6317,5.42,-0.090,726.7,244.2
2026-08-08T15:32:54.668597+00:00,1786203174.669,306.80,30.89,1.6383,5.42,0.468,751.7,244.2
2026-08-08T15:32:54.897659+00:00,1786203174.898,307.03,30.89,1.6383,5.42,0.465,776.6,244.2
2026-08-08T15:32:55.258150+00:00,1786203175.258,307.39,32.12,1.6427,5.42,0.654,808.5,244.2
2026-08-08T15:32:55.454566+00:00,1786203175.455,307.58,32.12,1.6427,5.42,0.656,840.5,244.2
2026-08-08T15:32:55.651919+00:00,1786203175.652,307.78,32.12,1.6427,5.42,0.660,865.8,244.2
2026-08-08T15:32:55.887737+00:00,1786203175.888,308.02,30.04,1.6449,5.42,0.000,862.8,244.2
2026-08-08T15:32:56.109202+00:00,1786203176.109,308.24,30.04,1.6449,5.42,0.000,859.9,244.2
2026-08-08T15:32:56.331640+00:00,1786203176.332,308.46,37.15,1.6493,5.42,0.773,903.7,244.2
2026-08-08T15:32:56.538127+00:00,1786203176.538,308.67,37.15,1.6493,5.42,0.774,947.6,244.2
2026-08-08T15:32:56.736293+00:00,1786203176.736,308.86,37.15,1.6493,5.42,0.773,965.2,244.2
2026-08-08T15:32:57.096900+00:00,1786203177.097,309.23,26.83,1.6537,5.42,-0.463,946.1,244.2
2026-08-08T15:32:57.335103+00:00,1786203177.335,309.46,26.83,1.6537,5.42,-0.463,927.1,244.2
2026-08-08T15:32:57.709289+00:00,1786203177.709,309.84,31.53,1.6603,5.42,-0.067,948.8,244.2
2026-08-08T15:32:57.925079+00:00,1786203177.925,310.05,31.53,1.6603,5.42,-0.066,970.7,244.2
2026-08-08T15:32:58.128077+00:00,1786203178.128,310.26,26.46,1.6647,5.42,-0.635,971.4,244.2
2026-08-08T15:32:58.335081+00:00,1786203178.335,310.46,26.46,1.6647,5.42,-0.406,957.7,244.2
2026-08-08T15:32:58.556496+00:00,1786203178.556,310.69,26.46,1.6647,5.42,-0.407,943.8,244.2
2026-08-08T15:32:58.915114+00:00,1786203178.915,311.04,26.12,1.6691,5.42,-1.187,903.3,244.2
2026-08-08T15:32:59.130144+00:00,1786203179.130,311.26,26.12,1.6691,5.42,-1.182,862.9,244.2
2026-08-08T15:32:59.330843+00:00,1786203179.331,311.46,26.84,1.6735,5.42,-1.103,825.2,244.2
2026-08-08T15:32:59.542171+00:00,1786203179.542,311.67,26.84,1.6735,5.42,0.000,801.6,244.2
2026-08-08T15:32:59.747357+00:00,1786203179.747,311.88,26.84,1.6735,5.42,0.000,778.2,244.2
2026-08-08T15:33:00.116581+00:00,1786203180.117,312.25,30.41,1.6779,5.42,-0.130,746.3,244.2
2026-08-08T15:33:00.329218+00:00,1786203180.329,312.46,30.41,1.6779,5.42,-0.130,714.4,244.2
2026-08-08T15:33:00.528188+00:00,1786203180.528,312.66,31.02,1.6823,5.42,0.528,706.8,244.2
2026-08-08T15:33:00.729041+00:00,1786203180.729,312.86,31.02,1.6823,5.42,0.530,727.5,244.2
2026-08-08T15:33:00.928023+00:00,1786203180.928,313.06,31.02,1.6823,5.42,0.533,748.4,244.2
2026-08-08T15:33:01.125551+00:00,1786203181.126,313.25,27.27,1.6867,5.42,0.144,701.5,244.2
2026-08-08T15:33:01.341917+00:00,1786203181.342,313.47,27.27,1.6867,5.42,0.144,654.7,244.2
2026-08-08T15:33:01.549461+00:00,1786203181.549,313.68,27.27,1.6867,5.42,0.053,605.0,244.2
2026-08-08T15:33:01.747014+00:00,1786203181.747,313.88,30.61,1.6933,5.42,0.475,642.5,244.2
2026-08-08T15:33:01.965755+00:00,1786203181.966,314.09,30.61,1.6933,5.42,0.472,679.9,244.2
2026-08-08T15:33:02.169753+00:00,1786203182.170,314.30,30.61,1.6933,5.42,0.000,680.7,244.2
2026-08-08T15:33:02.538295+00:00,1786203182.538,314.67,31.04,1.6977,5.42,0.079,685.1,244.2
2026-08-08T15:33:02.756348+00:00,1786203182.756,314.88,31.04,1.6977,5.42,0.000,712.2,244.2
2026-08-08T15:33:02.965459+00:00,1786203182.965,315.09,26.09,1.7021,5.42,-0.613,705.6,244.2
2026-08-08T15:33:03.182697+00:00,1786203183.183,315.31,26.09,1.7021,5.42,-0.610,699.0,244.2
2026-08-08T15:33:03.378904+00:00,1786203183.379,315.51,26.09,1.7021,5.42,-0.145,730.4,244.2
2026-08-08T15:33:03.770298+00:00,1786203183.770,315.90,25.79,1.7065,5.42,-0.168,760.5,244.2
2026-08-08T15:33:03.968487+00:00,1786203183.968,316.10,25.79,1.7065,5.42,-0.169,788.0,244.2
2026-08-08T15:33:04.169979+00:00,1786203184.170,316.30,31.25,1.7109,5.42,0.073,798.2,244.2
2026-08-08T15:33:04.372358+00:00,1786203184.372,316.50,31.25,1.7109,5.42,0.074,808.3,244.2
2026-08-08T15:33:04.576591+00:00,1786203184.577,316.71,31.25,1.7109,5.42,0.074,817.0,244.2
2026-08-08T15:33:04.798934+00:00,1786203184.799,316.93,31.67,1.7153,5.42,0.078,826.7,244.2
2026-08-08T15:33:04.990077+00:00,1786203184.990,317.12,31.67,1.7153,5.42,0.079,811.8,244.2
2026-08-08T15:33:05.196299+00:00,1786203185.196,317.32,31.67,1.7153,5.42,0.696,819.4,244.2
2026-08-08T15:33:05.572453+00:00,1786203185.572,317.70,26.70,1.7219,5.42,0.071,795.2,244.2
2026-08-08T15:33:05.815531+00:00,1786203185.816,317.94,26.70,1.7219,5.42,0.069,791.9,244.2
2026-08-08T15:33:06.023507+00:00,1786203186.023,318.15,26.70,1.7219,5.42,0.112,789.9,244.2
2026-08-08T15:33:06.389845+00:00,1786203186.390,318.52,31.11,1.7263,5.42,0.610,816.6,244.2
2026-08-08T15:33:06.600472+00:00,1786203186.600,318.73,31.11,1.7263,5.42,0.000,800.7,244.2
2026-08-08T15:33:06.802023+00:00,1786203186.802,318.93,30.44,1.7329,5.42,-0.093,780.4,244.2
2026-08-08T15:33:07.008502+00:00,1786203187.008,319.14,30.44,1.7329,5.42,-0.093,776.9,244.2
2026-08-08T15:33:07.215731+00:00,1786203187.215,319.34,30.44,1.7329,5.42,-0.141,768.1,244.2
2026-08-08T15:33:07.427313+00:00,1786203187.427,319.56,31.39,1.7373,5.42,0.000,768.7,244.2
2026-08-08T15:33:07.631660+00:00,1786203187.632,319.76,31.39,1.7373,5.42,0.000,796.1,244.2
2026-08-08T15:33:07.829035+00:00,1786203187.829,319.96,31.39,1.7373,5.42,0.579,844.4,244.2
2026-08-08T15:33:08.053825+00:00,1786203188.054,320.18,26.40,1.7417,5.42,0.000,849.3,244.2
2026-08-08T15:33:08.253863+00:00,1786203188.254,320.38,26.40,1.7417,5.42,0.000,855.3,244.2
2026-08-08T15:33:08.460307+00:00,1786203188.460,320.59,26.40,1.7417,5.42,-0.632,842.0,244.2
2026-08-08T15:33:08.836380+00:00,1786203188.836,320.96,25.59,1.7461,5.42,-0.686,809.6,244.2
2026-08-08T15:33:09.057181+00:00,1786203189.057,321.19,25.59,1.7461,5.42,-0.598,779.8,244.2
2026-08-08T15:33:09.267382+00:00,1786203189.267,321.40,29.68,1.7505,5.42,-0.094,771.1,244.2
2026-08-08T15:33:09.469647+00:00,1786203189.470,321.60,29.68,1.7505,5.42,-0.094,761.5,244.2
2026-08-08T15:33:09.672273+00:00,1786203189.672,321.80,29.68,1.7505,5.42,-0.212,747.9,244.2
2026-08-08T15:33:09.887465+00:00,1786203189.887,322.02,30.91,1.7549,5.42,-0.059,719.0,244.2
2026-08-08T15:33:10.138247+00:00,1786203190.138,322.27,30.91,1.7549,5.42,-0.058,721.8,244.2
2026-08-08T15:33:10.335525+00:00,1786203190.336,322.46,30.91,1.7549,5.42,0.549,746.4,244.2
2026-08-08T15:33:10.731484+00:00,1786203190.731,322.86,29.98,1.7615,5.42,0.401,762.3,244.2
2026-08-08T15:33:10.982753+00:00,1786203190.983,323.11,29.98,1.7615,5.42,0.395,752.1,244.2
2026-08-08T15:33:11.340292+00:00,1786203191.340,323.47,25.42,1.7659,5.42,0.000,742.6,244.2
2026-08-08T15:33:11.557069+00:00,1786203191.557,323.69,25.42,1.7659,5.42,0.000,737.5,244.2
2026-08-08T15:33:11.757013+00:00,1786203191.757,323.89,25.56,1.7703,5.42,-0.459,719.1,244.2
2026-08-08T15:33:11.973823+00:00,1786203191.974,324.10,25.56,1.7703,5.42,-0.457,702.5,244.2
2026-08-08T15:33:12.173474+00:00,1786203192.173,324.30,25.56,1.7703,5.42,-0.457,679.3,244.2
2026-08-08T15:33:12.393201+00:00,1786203192.393,324.52,31.02,1.7747,5.42,0.000,678.6,244.2
2026-08-08T15:33:12.804879+00:00,1786203192.805,324.93,31.02,1.7747,5.42,0.000,656.9,244.2
2026-08-08T15:33:13.010738+00:00,1786203193.011,325.14,30.44,1.7791,5.42,0.000,663.7,244.2
2026-08-08T15:33:13.219103+00:00,1786203193.219,325.35,30.44,1.7791,5.42,0.051,672.3,244.2
2026-08-08T15:33:13.430728+00:00,1786203193.431,325.56,25.08,1.7835,5.42,-0.553,673.4,244.2
2026-08-08T15:33:13.635291+00:00,1786203193.635,325.76,25.08,1.7835,5.42,0.000,692.9,244.2
2026-08-08T15:33:13.832353+00:00,1786203193.832,325.96,25.08,1.7835,5.42,0.000,709.8,244.2
2026-08-08T15:33:14.034845+00:00,1786203194.035,326.16,30.24,1.7879,5.42,0.570,733.9,244.2
2026-08-08T15:33:14.270510+00:00,1786203194.270,326.40,30.24,1.7879,5.42,0.567,757.9,244.2
2026-08-08T15:33:14.456334+00:00,1786203194.456,326.58,30.24,1.7879,5.42,0.569,786.0,244.2
2026-08-08T15:33:14.822718+00:00,1786203194.823,326.95,32.19,1.7923,5.42,0.133,795.4,244.2
2026-08-08T15:33:15.032895+00:00,1786203195.033,327.16,32.19,1.7923,5.42,0.145,805.1,244.2
2026-08-08T15:33:15.239744+00:00,1786203195.240,327.37,31.45,1.7989,5.42,0.126,791.1,244.2
2026-08-08T15:33:15.446416+00:00,1786203195.446,327.57,31.45,1.7989,5.42,0.126,784.4,244.2
2026-08-08T15:33:15.652807+00:00,1786203195.653,327.78,31.45,1.7989,5.42,0.796,802.2,244.2
2026-08-08T15:33:16.024675+00:00,1786203196.025,328.15,31.96,1.8033,5.42,0.799,842.7,244.2
2026-08-08T15:33:16.236608+00:00,1786203196.237,328.37,31.96,1.8033,5.42,0.794,883.1,244.2
2026-08-08T15:33:16.446528+00:00,1786203196.447,328.58,26.83,1.8077,5.42,-0.393,886.5,244.2
2026-08-08T15:33:16.655867+00:00,1786203196.656,328.78,26.83,1.8077,5.42,-0.396,889.7,244.2
2026-08-08T15:33:16.863287+00:00,1786203196.863,328.99,26.83,1.8077,5.42,-0.394,893.0,244.2
2026-08-08T15:33:17.058360+00:00,1786203197.058,329.19,25.56,1.8121,5.42,-0.823,859.5,244.2
2026-08-08T15:33:17.274277+00:00,1786203197.274,329.40,25.56,1.8121,5.42,-0.821,826.2,244.2
2026-08-08T15:33:17.471137+00:00,1786203197.471,329.60,25.56,1.8121,5.42,-0.733,796.5,244.2
2026-08-08T15:33:17.669434+00:00,1786203197.669,329.80,30.06,1.8165,5.42,-0.173,788.0,244.2
2026-08-08T15:33:17.876021+00:00,1786203197.876,330.00,30.06,1.8165,5.42,-0.172,806.2,244.2
2026-08-08T15:33:18.072530+00:00,1786203198.073,330.20,30.06,1.8165,5.42,-0.257,805.5,244.2
2026-08-08T15:33:18.284953+00:00,1786203198.285,330.41,31.10,1.8209,5.42,-0.115,811.4,244.2
2026-08-08T15:33:18.496230+00:00,1786203198.496,330.62,31.10,1.8209,5.42,0.580,813.8,244.2
2026-08-08T15:33:18.699360+00:00,1786203198.699,330.83,31.10,1.8209,5.42,0.582,816.4,244.2
2026-08-08T15:33:18.895867+00:00,1786203198.896,331.02,30.36,1.8275,5.42,0.483,813.7,244.2
2026-08-08T15:33:19.110327+00:00,1786203199.110,331.24,30.36,1.8275,5.42,0.650,828.3,244.2
2026-08-08T15:33:19.327421+00:00,1786203199.327,331.46,30.36,1.8275,5.42,0.649,842.3,244.2
2026-08-08T15:33:19.709229+00:00,1786203199.709,331.84,30.43,1.8319,5.42,0.604,857.2,244.2
2026-08-08T15:33:19.929885+00:00,1786203199.930,332.06,30.43,1.8319,5.42,0.000,850.8,244.2
2026-08-08T15:33:20.147880+00:00,1786203200.148,332.28,25.80,1.8363,5.42,-0.522,796.8,244.2
2026-08-08T15:33:20.361004+00:00,1786203200.361,332.49,25.80,1.8363,5.42,-0.518,741.5,244.2
2026-08-08T15:33:20.559808+00:00,1786203200.560,332.69,25.80,1.8363,5.42,-0.648,682.5,244.2
2026-08-08T15:33:20.939070+00:00,1786203200.939,333.07,26.09,1.8407,5.42,-0.570,676.3,244.2
2026-08-08T15:33:21.151455+00:00,1786203201.151,333.28,26.09,1.8407,5.42,-0.568,670.3,244.2
2026-08-08T15:33:21.354973+00:00,1786203201.355,333.48,30.69,1.8451,5.42,0.000,689.0,244.2
2026-08-08T15:33:21.583290+00:00,1786203201.583,333.71,30.69,1.8451,5.42,0.000,721.9,244.2
2026-08-08T15:33:21.786477+00:00,1786203201.786,333.92,30.69,1.8451,5.42,0.000,754.6,244.2
2026-08-08T15:33:22.161703+00:00,1786203202.162,334.29,30.73,1.8495,5.42,0.000,784.9,244.2
2026-08-08T15:33:22.385675+00:00,1786203202.386,334.51,30.73,1.8495,5.42,0.000,792.0,244.2
2026-08-08T15:33:22.589059+00:00,1786203202.589,334.72,30.62,1.8561,5.42,0.549,818.4,244.2
2026-08-08T15:33:22.805383+00:00,1786203202.805,334.93,30.62,1.8561,5.42,0.548,847.7,244.2
2026-08-08T15:33:23.009817+00:00,1786203203.010,335.14,30.62,1.8561,5.42,0.547,870.3,244.2
2026-08-08T15:33:23.206038+00:00,1786203203.206,335.33,30.69,1.8605,5.42,0.564,868.8,244.2
2026-08-08T15:33:23.414521+00:00,1786203203.414,335.54,30.69,1.8605,5.42,0.565,867.2,244.2
2026-08-08T15:33:23.610071+00:00,1786203203.610,335.74,30.69,1.8605,5.42,0.000,850.8,244.2
2026-08-08T15:33:23.809988+00:00,1786203203.810,335.94,26.04,1.8648,5.42,-0.581,803.4,244.2
2026-08-08T15:33:24.014571+00:00,1786203204.015,336.14,26.04,1.8648,5.42,-0.580,756.0,244.2
2026-08-08T15:33:24.222019+00:00,1786203204.222,336.35,26.04,1.8648,5.42,-0.634,708.4,244.2
2026-08-08T15:33:24.786046+00:00,1786203204.786,336.91,26.26,1.8692,5.42,-0.517,685.7,244.2
2026-08-08T15:33:25.007360+00:00,1786203205.007,337.14,29.88,1.8736,5.42,-0.086,705.1,244.2
2026-08-08T15:33:25.232680+00:00,1786203205.229,337.36,29.88,1.8736,5.42,-0.085,724.3,244.2
2026-08-08T15:33:25.431475+00:00,1786203205.431,337.56,30.66,1.8780,5.42,0.000,751.7,244.2
2026-08-08T15:33:25.836945+00:00,1786203205.837,337.97,30.66,1.8780,5.42,0.000,776.5,244.2
2026-08-08T15:33:26.047905+00:00,1786203206.048,338.18,30.23,1.8802,5.42,0.000,800.5,244.2
2026-08-08T15:33:26.257614+00:00,1786203206.258,338.39,30.23,1.8802,5.42,0.000,799.7,244.2
2026-08-08T15:33:26.463803+00:00,1786203206.464,338.59,25.56,1.8846,5.42,0.000,791.1,244.2
2026-08-08T15:33:26.662937+00:00,1786203206.663,338.79,25.56,1.8846,5.42,-0.050,781.1,244.2
2026-08-08T15:33:26.864517+00:00,1786203206.864,338.99,25.56,1.8846,5.42,-0.050,771.0,244.2
2026-08-08T15:33:27.076236+00:00,1786203207.076,339.20,31.05,1.8890,5.42,0.581,792.4,244.2
2026-08-08T15:33:27.322395+00:00,1786203207.322,339.45,31.05,1.8890,5.42,0.142,778.9,244.2
2026-08-08T15:33:27.514900+00:00,1786203207.515,339.64,31.05,1.8890,5.42,0.143,765.4,244.2
2026-08-08T15:33:27.865951+00:00,1786203207.866,339.99,30.75,1.8956,5.42,0.000,746.3,244.2
2026-08-08T15:33:28.105977+00:00,1786203208.106,340.23,30.75,1.8956,5.42,0.000,726.4,244.2
2026-08-08T15:33:28.464448+00:00,1786203208.464,340.59,31.46,1.9000,5.42,0.141,712.8,244.2
2026-08-08T15:33:28.675749+00:00,1786203208.676,340.80,31.46,1.9000,5.42,0.141,719.3,244.2
2026-08-08T15:33:28.875298+00:00,1786203208.875,341.00,26.74,1.9044,5.42,0.135,742.1,244.2
2026-08-08T15:33:29.103184+00:00,1786203209.103,341.23,26.74,1.9044,5.42,0.134,764.8,244.2
2026-08-08T15:33:29.342359+00:00,1786203209.342,341.47,26.74,1.9044,5.42,0.132,789.0,244.2
2026-08-08T15:33:29.698809+00:00,1786203209.699,341.83,30.28,1.9088,5.42,-0.083,808.5,244.2
2026-08-08T15:33:29.916234+00:00,1786203209.916,342.04,30.28,1.9088,5.42,-0.083,809.2,244.2
2026-08-08T15:33:30.124807+00:00,1786203210.125,342.25,30.58,1.9132,5.42,-0.050,811.6,244.2
2026-08-08T15:33:30.337758+00:00,1786203210.338,342.47,30.58,1.9132,5.42,0.000,811.5,244.2
2026-08-08T15:33:30.535062+00:00,1786203210.535,342.66,30.58,1.9132,5.42,0.000,811.4,244.2
2026-08-08T15:33:30.911024+00:00,1786203210.911,343.04,31.18,1.9198,5.42,0.000,813.1,244.2
2026-08-08T15:33:31.129572+00:00,1786203211.129,343.26,31.18,1.9198,5.42,0.000,814.7,244.2
2026-08-08T15:33:31.326053+00:00,1786203211.326,343.45,26.90,1.9242,5.42,0.000,816.9,244.2
2026-08-08T15:33:31.539027+00:00,1786203211.539,343.67,26.90,1.9242,5.42,0.000,820.5,244.2
2026-08-08T15:33:31.752310+00:00,1786203211.752,343.88,26.90,1.9242,5.42,0.000,824.1,244.2
2026-08-08T15:33:31.950850+00:00,1786203211.951,344.08,30.89,1.9286,5.42,0.076,805.7,244.2
2026-08-08T15:33:32.167083+00:00,1786203212.167,344.30,30.89,1.9286,5.42,0.076,803.0,244.2
2026-08-08T15:33:32.374327+00:00,1786203212.374,344.50,30.89,1.9286,5.42,0.000,797.6,244.2
2026-08-08T15:33:32.581371+00:00,1786203212.581,344.71,30.23,1.9352,5.42,0.000,796.7,244.2
2026-08-08T15:33:32.790752+00:00,1786203212.791,344.92,30.23,1.9352,5.42,0.000,795.8,244.2
2026-08-08T15:33:33.002585+00:00,1786203213.003,345.13,30.23,1.9352,5.42,-0.126,784.0,244.2
2026-08-08T15:33:33.207389+00:00,1786203213.207,345.34,29.91,1.9396,5.42,-0.170,770.3,244.2
2026-08-08T15:33:33.410689+00:00,1786203213.411,345.54,29.91,1.9396,5.42,0.401,785.3,244.2
2026-08-08T15:33:33.634935+00:00,1786203213.635,345.76,29.91,1.9396,5.42,0.399,800.2,244.2
2026-08-08T15:33:33.833878+00:00,1786203213.834,345.96,30.21,1.9462,5.42,0.441,817.3,244.2
2026-08-08T15:33:34.054808+00:00,1786203214.055,346.18,30.21,1.9462,5.42,-0.090,817.0,244.2
2026-08-08T15:33:34.251950+00:00,1786203214.252,346.38,30.21,1.9462,5.42,-0.091,816.6,244.2
2026-08-08T15:33:34.635872+00:00,1786203214.636,346.76,30.36,1.9506,5.42,-0.064,815.7,244.2
2026-08-08T15:33:34.846763+00:00,1786203214.847,346.98,30.36,1.9506,5.42,0.000,815.3,244.2
2026-08-08T15:33:35.079469+00:00,1786203215.079,347.21,31.51,1.9572,5.42,0.155,822.6,244.2
2026-08-08T15:33:35.268926+00:00,1786203215.269,347.40,31.51,1.9572,5.42,0.156,828.9,244.2
2026-08-08T15:33:35.471351+00:00,1786203215.471,347.60,31.51,1.9572,5.42,0.196,836.6,244.2
2026-08-08T15:33:35.832896+00:00,1786203215.833,347.96,31.71,1.9616,5.42,0.206,852.3,244.2
2026-08-08T15:33:36.060213+00:00,1786203216.060,348.19,31.71,1.9616,5.42,0.206,868.1,244.2
2026-08-08T15:33:36.275763+00:00,1786203216.276,348.40,37.75,1.9682,5.42,0.858,925.5,244.2
2026-08-08T15:33:36.480519+00:00,1786203216.480,348.61,37.75,1.9682,5.42,0.863,973.7,244.2
2026-08-08T15:33:36.686513+00:00,1786203216.686,348.82,37.75,1.9682,5.42,0.861,1021.9,244.2
2026-08-08T15:33:37.244545+00:00,1786203217.245,349.37,31.17,1.9726,5.42,0.086,1025.4,244.2
2026-08-08T15:33:37.475382+00:00,1786203217.475,349.60,32.76,1.9770,5.42,0.253,1039.5,244.2
2026-08-08T15:33:37.685867+00:00,1786203217.686,349.81,32.76,1.9770,5.42,0.133,1049.1,244.2
2026-08-08T15:33:37.893905+00:00,1786203217.894,350.02,30.88,1.9814,5.42,-0.066,1052.3,244.2
2026-08-08T15:33:38.109342+00:00,1786203218.109,350.24,30.88,1.9814,5.42,-0.066,1057.5,244.2
2026-08-08T15:33:38.322468+00:00,1786203218.322,350.45,30.88,1.9814,5.42,-0.093,1042.0,244.2
2026-08-08T15:33:38.705104+00:00,1786203218.705,350.83,39.76,1.9902,5.42,0.846,1086.4,244.2
2026-08-08T15:33:38.897565+00:00,1786203218.898,351.03,39.76,1.9902,5.42,0.213,1099.7,244.2
2026-08-08T15:33:39.101373+00:00,1786203219.101,351.23,39.76,1.9902,5.42,0.213,1131.5,244.2
2026-08-08T15:33:39.329817+00:00,1786203219.330,351.46,37.14,1.9946,5.42,-0.063,1145.2,244.2
2026-08-08T15:33:39.550094+00:00,1786203219.550,351.68,37.14,1.9946,5.42,0.720,1191.3,244.2
2026-08-08T15:33:39.764883+00:00,1786203219.765,351.89,29.75,1.9990,5.42,-0.365,1177.7,244.2
2026-08-08T15:33:39.979682+00:00,1786203219.980,352.11,29.75,1.9990,5.42,-0.364,1156.4,244.2
2026-08-08T15:33:40.187836+00:00,1786203220.188,352.32,29.75,1.9990,5.42,-0.137,1142.9,244.2
2026-08-08T15:33:40.556546+00:00,1786203220.557,352.69,38.10,2.0056,5.42,0.819,1184.8,244.2
2026-08-08T15:33:40.775343+00:00,1786203220.775,352.90,38.10,2.0056,5.42,0.815,1225.7,244.2
2026-08-08T15:33:40.987473+00:00,1786203220.987,353.12,38.39,2.0100,5.42,-0.167,1223.9,244.2
2026-08-08T15:33:41.186785+00:00,1786203221.187,353.32,38.39,2.0100,5.42,-0.166,1180.6,244.2
2026-08-08T15:33:41.386567+00:00,1786203221.387,353.52,38.39,2.0100,5.42,-0.166,1137.0,244.2
2026-08-08T15:33:41.757686+00:00,1786203221.758,353.89,31.09,2.0166,5.42,-0.693,1061.6,244.2
2026-08-08T15:33:41.979399+00:00,1786203221.979,354.11,31.09,2.0166,5.42,-0.693,1033.5,244.2
2026-08-08T15:33:42.196396+00:00,1786203222.196,354.32,38.17,2.0232,5.42,0.962,1077.1,244.2
2026-08-08T15:33:42.402652+00:00,1786203222.403,354.53,38.17,2.0232,5.42,0.965,1125.4,244.2
2026-08-08T15:33:42.612529+00:00,1786203222.613,354.74,38.17,2.0232,5.42,0.965,1184.5,244.2
2026-08-08T15:33:42.989676+00:00,1786203222.990,355.12,30.11,2.0276,5.42,-0.912,1153.8,244.2
2026-08-08T15:33:43.214539+00:00,1786203223.215,355.34,30.11,2.0276,5.42,-0.910,1124.1,244.2
2026-08-08T15:33:43.410502+00:00,1786203223.410,355.54,32.36,2.0342,5.42,-0.690,1044.5,244.2
2026-08-08T15:33:43.639442+00:00,1786203223.639,355.77,32.36,2.0342,5.42,-0.683,994.3,244.2
2026-08-08T15:33:43.850932+00:00,1786203223.851,355.98,32.36,2.0342,5.42,-0.679,944.1,244.2
2026-08-08T15:33:44.229405+00:00,1786203224.229,356.36,31.22,2.0408,5.42,0.000,935.4,244.2
2026-08-08T15:33:44.422397+00:00,1786203224.422,356.55,31.22,2.0408,5.42,0.000,893.1,244.2
2026-08-08T15:33:44.620272+00:00,1786203224.620,356.75,31.22,2.0408,5.42,-0.796,879.5,244.2
2026-08-08T15:33:44.864436+00:00,1786203224.864,356.99,33.97,2.0452,5.42,-0.473,881.1,244.2
2026-08-08T15:33:45.085667+00:00,1786203225.086,357.21,33.97,2.0452,5.42,-0.471,875.0,244.2
2026-08-08T15:33:45.304320+00:00,1786203225.304,357.43,32.30,2.0518,5.42,0.264,837.4,244.2
2026-08-08T15:33:45.533187+00:00,1786203225.533,357.66,32.30,2.0518,5.42,0.263,799.8,244.2
2026-08-08T15:33:45.727913+00:00,1786203225.728,357.86,32.30,2.0518,5.42,0.000,795.1,244.2
2026-08-08T15:33:45.945525+00:00,1786203225.945,358.07,29.78,2.0562,5.42,-0.311,775.2,244.2
2026-08-08T15:33:46.165084+00:00,1786203226.165,358.29,29.78,2.0562,5.42,-0.310,755.3,244.2
2026-08-08T15:33:46.367301+00:00,1786203226.367,358.50,29.78,2.0562,5.42,-0.187,771.5,244.2
2026-08-08T15:33:46.749596+00:00,1786203226.750,358.88,31.09,2.0628,5.42,0.000,796.3,244.2
2026-08-08T15:33:46.962024+00:00,1786203226.962,359.09,31.09,2.0628,5.42,0.000,740.1,244.2
2026-08-08T15:33:47.159862+00:00,1786203227.160,359.29,37.62,2.0672,5.42,0.442,715.6,244.2
2026-08-08T15:33:47.398858+00:00,1786203227.399,359.53,37.62,2.0672,5.42,0.439,691.0,244.2
2026-08-08T15:33:47.601568+00:00,1786203227.602,359.73,37.62,2.0672,5.42,0.644,765.1,244.2
2026-08-08T15:33:47.798684+00:00,1786203227.799,359.93,30.20,2.0738,5.42,-0.258,787.9,244.2
2026-08-08T15:33:48.004228+00:00,1786203228.004,360.13,30.20,2.0738,5.42,-0.257,800.8,244.2
2026-08-08T15:33:48.217748+00:00,1786203228.218,360.35,30.20,2.0738,5.42,0.051,824.2,244.2
2026-08-08T15:33:48.430086+00:00,1786203228.430,360.56,37.95,2.0782,5.42,1.005,904.7,244.2
2026-08-08T15:33:48.619283+00:00,1786203228.619,360.75,37.95,2.0782,5.42,1.009,962.0,244.2
2026-08-08T15:33:48.826370+00:00,1786203228.826,360.95,37.95,2.0782,5.42,0.919,1015.5,244.2
2026-08-08T15:33:49.196259+00:00,1786203229.196,361.32,31.31,2.0848,5.42,0.000,1044.3,244.2
2026-08-08T15:33:49.417114+00:00,1786203229.417,361.55,31.31,2.0848,5.42,-0.777,1029.8,244.2
2026-08-08T15:33:49.614457+00:00,1786203229.614,361.74,27.36,2.0892,5.42,-1.286,996.0,244.2
2026-08-08T15:33:49.816204+00:00,1786203229.816,361.94,27.36,2.0892,5.42,-1.286,936.9,244.2
2026-08-08T15:33:50.014941+00:00,1786203230.015,362.14,27.36,2.0892,5.42,-0.355,907.3,244.2
2026-08-08T15:33:50.226957+00:00,1786203230.227,362.36,30.85,2.0958,5.42,0.082,907.6,244.2
2026-08-08T15:33:50.436541+00:00,1786203230.437,362.57,30.85,2.0958,5.42,0.082,923.1,244.2
2026-08-08T15:33:50.644358+00:00,1786203230.644,362.77,30.85,2.0958,5.42,-0.889,903.9,244.2
2026-08-08T15:33:51.015329+00:00,1786203231.015,363.14,31.22,2.1002,5.42,-0.780,884.8,244.2
2026-08-08T15:33:51.227197+00:00,1786203231.227,363.36,31.22,2.1002,5.42,-0.777,857.0,244.2
2026-08-08T15:33:51.441709+00:00,1786203231.442,363.57,32.18,2.1046,5.42,0.108,862.9,244.2
2026-08-08T15:33:51.633087+00:00,1786203231.633,363.76,32.18,2.1046,5.42,0.109,837.1,244.2
2026-08-08T15:33:51.828931+00:00,1786203231.829,363.96,32.18,2.1046,5.42,0.605,829.8,244.2
2026-08-08T15:33:52.028428+00:00,1786203232.028,364.16,31.49,2.1112,5.42,0.518,808.7,244.2
2026-08-08T15:33:52.236440+00:00,1786203232.236,364.37,31.49,2.1112,5.42,0.516,838.8,244.2
2026-08-08T15:33:52.446542+00:00,1786203232.447,364.58,31.49,2.1112,5.42,0.080,852.9,244.2
2026-08-08T15:33:52.647274+00:00,1786203232.647,364.78,27.04,2.1155,5.42,-0.479,830.9,244.2
2026-08-08T15:33:52.855305+00:00,1786203232.855,364.98,27.04,2.1155,5.42,-0.478,751.7,244.2
2026-08-08T15:33:53.062232+00:00,1786203233.062,365.19,27.04,2.1155,5.42,-0.568,669.5,244.2
2026-08-08T15:33:53.266148+00:00,1786203233.266,365.39,30.40,2.1221,5.42,-0.112,610.6,244.2
2026-08-08T15:33:53.473449+00:00,1786203233.473,365.60,30.40,2.1221,5.42,-0.243,600.5,244.2
2026-08-08T15:33:53.669485+00:00,1786203233.669,365.80,30.40,2.1221,5.42,-0.243,618.5,244.2
2026-08-08T15:33:53.874993+00:00,1786203233.875,366.00,30.99,2.1265,5.42,-0.162,659.5,244.2
2026-08-08T15:33:54.275685+00:00,1786203234.276,366.40,30.99,2.1265,5.42,-0.062,704.1,244.2
2026-08-08T15:33:54.488458+00:00,1786203234.488,366.62,31.02,2.1309,5.42,-0.057,719.5,244.2
2026-08-08T15:33:54.710968+00:00,1786203234.711,366.84,31.02,2.1309,5.42,-0.057,714.9,244.2
2026-08-08T15:33:54.914906+00:00,1786203234.915,367.04,30.55,2.1353,5.42,0.431,726.6,244.2
2026-08-08T15:33:55.134865+00:00,1786203235.135,367.26,30.55,2.1353,5.42,0.428,772.9,244.2
2026-08-08T15:33:55.337293+00:00,1786203235.337,367.47,30.55,2.1353,5.42,0.429,815.0,244.2
2026-08-08T15:33:55.702108+00:00,1786203235.702,367.83,30.05,2.1397,5.42,0.000,840.9,244.2
2026-08-08T15:33:55.911825+00:00,1786203235.912,368.04,30.05,2.1397,5.42,0.000,833.1,244.2
2026-08-08T15:33:56.108182+00:00,1786203236.108,368.24,32.24,2.1441,5.42,0.210,836.9,244.2
2026-08-08T15:33:56.325936+00:00,1786203236.326,368.45,32.24,2.1441,5.42,0.142,819.9,244.2
2026-08-08T15:33:56.528279+00:00,1786203236.528,368.66,32.24,2.1441,5.42,0.155,808.2,244.2
2026-08-08T15:33:56.900906+00:00,1786203236.901,369.03,31.64,2.1507,5.42,0.071,792.3,244.2
2026-08-08T15:33:57.111944+00:00,1786203237.112,369.24,31.64,2.1507,5.42,0.071,792.3,244.2
2026-08-08T15:33:57.337330+00:00,1786203237.337,369.47,31.54,2.1551,5.42,0.113,819.1,244.2
2026-08-08T15:33:57.541693+00:00,1786203237.542,369.67,31.54,2.1551,5.42,0.114,845.8,244.2
2026-08-08T15:33:57.902892+00:00,1786203237.903,370.03,26.73,2.1595,5.42,-0.414,850.3,244.2
2026-08-08T15:33:58.107565+00:00,1786203238.108,370.24,26.73,2.1595,5.42,-0.383,836.3,244.2
2026-08-08T15:33:58.310726+00:00,1786203238.311,370.44,26.73,2.1595,5.42,-0.384,826.8,244.2
2026-08-08T15:33:58.552862+00:00,1786203238.553,370.68,31.23,2.1639,5.42,-0.115,832.6,244.2
2026-08-08T15:33:58.785989+00:00,1786203238.786,370.91,31.23,2.1639,5.42,-0.114,834.8,244.2
2026-08-08T15:33:59.156068+00:00,1786203239.156,371.28,29.80,2.1683,5.42,-0.258,826.0,244.2
2026-08-08T15:33:59.366312+00:00,1786203239.366,371.49,29.80,2.1683,5.42,-0.208,818.8,244.2
2026-08-08T15:33:59.564008+00:00,1786203239.564,371.69,25.71,2.1727,5.42,-0.671,792.0,244.2
2026-08-08T15:33:59.770949+00:00,1786203239.771,371.90,25.71,2.1727,5.42,-0.663,749.1,244.2
2026-08-08T15:33:59.968870+00:00,1786203239.969,372.10,25.71,2.1727,5.42,-0.667,706.1,244.2
2026-08-08T15:34:00.172978+00:00,1786203240.173,372.30,31.10,2.1771,5.42,0.535,711.2,244.2
2026-08-08T15:34:00.382955+00:00,1786203240.383,372.51,31.10,2.1771,5.42,0.534,732.2,244.2
2026-08-08T15:34:00.598013+00:00,1786203240.598,372.73,31.10,2.1771,5.42,0.533,753.2,244.2
2026-08-08T15:34:00.967258+00:00,1786203240.967,373.10,31.13,2.1837,5.42,0.000,743.4,244.2
2026-08-08T15:34:01.188454+00:00,1786203241.188,373.32,31.13,2.1837,5.42,0.000,736.1,244.2
2026-08-08T15:34:01.399917+00:00,1786203241.400,373.53,31.26,2.1881,5.42,0.181,735.1,244.2
2026-08-08T15:34:01.607847+00:00,1786203241.608,373.74,31.26,2.1881,5.42,0.181,738.4,244.2
2026-08-08T15:34:01.813869+00:00,1786203241.814,373.94,31.26,2.1881,5.42,0.685,759.8,244.2
2026-08-08T15:34:02.194118+00:00,1786203242.194,374.32,26.35,2.1925,5.42,0.073,749.1,244.2
2026-08-08T15:34:02.407711+00:00,1786203242.408,374.54,26.35,2.1925,5.42,0.073,738.4,244.2
2026-08-08T15:34:02.618482+00:00,1786203242.618,374.75,30.40,2.1969,5.42,-0.079,754.6,244.2
2026-08-08T15:34:02.826704+00:00,1786203242.827,374.96,30.40,2.1969,5.42,-0.079,769.8,244.2
2026-08-08T15:34:03.027592+00:00,1786203243.028,375.16,30.40,2.1969,5.42,-0.080,785.0,244.2
2026-08-08T15:34:03.228059+00:00,1786203243.228,375.36,30.79,2.2013,5.42,0.000,788.3,244.2
2026-08-08T15:34:03.447129+00:00,1786203243.447,375.58,30.79,2.2013,5.42,0.000,791.7,244.2
2026-08-08T15:34:03.648007+00:00,1786203243.648,375.78,30.79,2.2013,5.42,-0.058,800.2,244.2
2026-08-08T15:34:03.849017+00:00,1786203243.849,375.98,30.43,2.2079,5.42,-0.103,804.8,244.2
2026-08-08T15:34:04.068946+00:00,1786203244.069,376.20,30.43,2.2079,5.42,-0.102,829.0,244.2
2026-08-08T15:34:04.287086+00:00,1786203244.287,376.42,30.43,2.2079,5.42,0.541,875.6,244.2
2026-08-08T15:34:04.495726+00:00,1786203244.496,376.62,30.21,2.2123,5.42,0.513,920.7,244.2
2026-08-08T15:34:04.690884+00:00,1786203244.691,376.82,30.21,2.2123,5.42,0.000,899.9,244.2
2026-08-08T15:34:04.892114+00:00,1786203244.892,377.02,30.21,2.2123,5.42,0.000,879.1,244.2
2026-08-08T15:34:05.276358+00:00,1786203245.276,377.40,30.40,2.2167,5.42,0.000,858.7,244.2
2026-08-08T15:34:05.486307+00:00,1786203245.486,377.61,30.40,2.2167,5.42,0.000,857.4,244.2
2026-08-08T15:34:05.684976+00:00,1786203245.685,377.81,31.72,2.2211,5.42,0.115,862.7,244.2
2026-08-08T15:34:05.889299+00:00,1786203245.889,378.02,31.72,2.2211,5.42,0.115,861.2,244.2
2026-08-08T15:34:06.099299+00:00,1786203246.099,378.23,31.72,2.2211,5.42,0.159,861.3,244.2
2026-08-08T15:34:06.319875+00:00,1786203246.320,378.45,31.53,2.2277,5.42,0.135,842.0,244.2
2026-08-08T15:34:06.519289+00:00,1786203246.519,378.65,31.53,2.2277,5.42,0.136,853.5,244.2
2026-08-08T15:34:06.714778+00:00,1786203246.715,378.84,31.53,2.2277,5.42,0.165,866.1,244.2
2026-08-08T15:34:06.916254+00:00,1786203246.916,379.04,26.00,2.2321,5.42,-0.525,845.8,244.2
2026-08-08T15:34:07.122937+00:00,1786203247.123,379.25,26.00,2.2321,5.42,-0.524,825.5,244.2
2026-08-08T15:34:07.329727+00:00,1786203247.330,379.46,26.00,2.2321,5.42,-0.595,803.0,244.2
2026-08-08T15:34:07.539689+00:00,1786203247.540,379.67,30.39,2.2365,5.42,0.000,802.3,244.2
2026-08-08T15:34:07.765693+00:00,1786203247.766,379.89,30.39,2.2365,5.42,-0.177,795.4,244.2
2026-08-08T15:34:07.967161+00:00,1786203247.967,380.10,30.39,2.2365,5.42,-0.177,790.6,244.2
2026-08-08T15:34:08.326548+00:00,1786203248.327,380.46,30.71,2.2431,5.42,-0.126,790.2,244.2
2026-08-08T15:34:08.535522+00:00,1786203248.535,380.66,30.71,2.2431,5.42,-0.102,790.6,244.2
2026-08-08T15:34:08.736479+00:00,1786203248.736,380.87,27.23,2.2475,5.42,-0.538,749.3,244.2
2026-08-08T15:34:08.947644+00:00,1786203248.946,381.07,27.23,2.2475,5.42,-0.534,709.6,244.2
2026-08-08T15:34:09.143188+00:00,1786203249.143,381.27,27.23,2.2475,5.42,0.154,709.4,244.2
2026-08-08T15:34:09.345663+00:00,1786203249.346,381.47,30.83,2.2519,5.42,0.604,732.0,244.2
2026-08-08T15:34:09.562308+00:00,1786203249.562,381.69,30.83,2.2519,5.42,0.601,754.2,244.2
2026-08-08T15:34:09.762808+00:00,1786203249.763,381.89,30.83,2.2519,5.42,0.055,756.9,244.2
2026-08-08T15:34:09.970773+00:00,1786203249.971,382.10,31.24,2.2585,5.42,0.107,755.7,244.2
2026-08-08T15:34:10.175596+00:00,1786203250.176,382.30,31.24,2.2585,5.42,0.107,754.4,244.2
2026-08-08T15:34:10.377249+00:00,1786203250.377,382.51,31.24,2.2585,5.42,0.072,750.3,244.2
2026-08-08T15:34:10.590685+00:00,1786203250.591,382.72,30.57,2.2629,5.42,0.000,743.7,244.2
2026-08-08T15:34:10.795347+00:00,1786203250.795,382.92,30.57,2.2629,5.42,0.450,752.9,244.2
2026-08-08T15:34:11.179238+00:00,1786203251.179,383.31,26.27,2.2673,5.42,-0.119,734.4,244.2
2026-08-08T15:34:11.380382+00:00,1786203251.380,383.51,26.27,2.2673,5.42,-0.119,747.0,244.2
2026-08-08T15:34:11.583747+00:00,1786203251.584,383.71,26.27,2.2673,5.42,-0.565,746.0,244.2
2026-08-08T15:34:11.815778+00:00,1786203251.816,383.94,32.41,2.2717,5.42,0.195,782.2,244.2
2026-08-08T15:34:12.038599+00:00,1786203252.039,384.17,32.41,2.2717,5.42,0.193,793.0,244.2
2026-08-08T15:34:12.236780+00:00,1786203252.237,384.37,29.82,2.2761,5.42,-0.174,792.3,244.2
2026-08-08T15:34:12.452228+00:00,1786203252.452,384.58,29.82,2.2761,5.42,-0.173,791.6,244.2
2026-08-08T15:34:12.653380+00:00,1786203252.653,384.78,29.82,2.2761,5.42,-0.173,788.5,244.2
2026-08-08T15:34:12.865899+00:00,1786203252.866,384.99,29.09,2.2805,5.42,-0.181,783.3,244.2
2026-08-08T15:34:13.086529+00:00,1786203253.086,385.22,29.09,2.2805,5.42,-0.180,797.2,244.2
2026-08-08T15:34:13.290890+00:00,1786203253.291,385.42,29.09,2.2805,5.42,0.371,829.6,244.2
2026-08-08T15:34:13.494452+00:00,1786203253.494,385.62,31.22,2.2871,5.42,0.650,855.0,244.2
2026-08-08T15:34:13.703562+00:00,1786203253.704,385.83,31.22,2.2871,5.42,0.648,857.6,244.2
2026-08-08T15:34:13.912490+00:00,1786203253.912,386.04,31.22,2.2871,5.42,-0.159,831.1,244.2
2026-08-08T15:34:14.116193+00:00,1786203254.116,386.24,31.08,2.2915,5.42,-0.178,823.2,244.2
2026-08-08T15:34:14.481772+00:00,1786203254.482,386.61,31.08,2.2915,5.42,0.156,824.7,244.2
2026-08-08T15:34:14.687856+00:00,1786203254.688,386.82,29.31,2.2959,5.42,-0.064,815.3,244.2
2026-08-08T15:34:14.905878+00:00,1786203254.906,387.03,29.31,2.2959,5.42,-0.063,807.2,244.2
2026-08-08T15:34:15.131154+00:00,1786203255.131,387.26,31.12,2.3003,5.42,0.249,817.1,244.2
2026-08-08T15:34:15.330310+00:00,1786203255.330,387.46,31.12,2.3003,5.42,0.251,811.2,244.2
2026-08-08T15:34:15.525953+00:00,1786203255.526,387.65,31.12,2.3003,5.42,0.252,832.0,244.2
2026-08-08T15:34:15.735097+00:00,1786203255.735,387.86,27.19,2.3047,5.42,-0.501,821.4,244.2
2026-08-08T15:34:15.932457+00:00,1786203255.932,388.06,27.19,2.3047,5.42,-0.502,824.2,244.2
2026-08-08T15:34:16.142102+00:00,1786203256.142,388.27,27.19,2.3047,5.42,-0.503,792.1,244.2
2026-08-08T15:34:16.333294+00:00,1786203256.333,388.46,25.99,2.3091,5.42,-0.638,754.7,244.2
2026-08-08T15:34:16.541757+00:00,1786203256.542,388.67,25.99,2.3091,5.42,-0.687,733.8,244.2
2026-08-08T15:34:16.748943+00:00,1786203256.749,388.88,25.99,2.3091,5.42,-0.447,720.0,244.2
2026-08-08T15:34:16.950404+00:00,1786203256.950,389.08,25.94,2.3135,5.42,-0.457,705.8,244.2
2026-08-08T15:34:17.153486+00:00,1786203257.153,389.28,25.94,2.3135,5.42,-0.711,685.4,244.2
2026-08-08T15:34:17.349124+00:00,1786203257.349,389.48,25.94,2.3135,5.42,-0.712,664.9,244.2
2026-08-08T15:34:17.549082+00:00,1786203257.549,389.68,26.01,2.3179,5.42,-0.701,626.4,244.2
2026-08-08T15:34:17.755185+00:00,1786203257.755,389.88,26.01,2.3179,5.42,-0.161,589.3,244.2
2026-08-08T15:34:17.961483+00:00,1786203257.961,390.09,26.01,2.3179,5.42,-0.161,552.4,244.2
2026-08-08T15:34:18.176451+00:00,1786203258.176,390.31,30.79,2.3223,5.42,0.493,574.9,244.2
2026-08-08T15:34:18.389344+00:00,1786203258.389,390.52,30.79,2.3223,5.42,0.649,603.8,244.2
2026-08-08T15:34:18.596351+00:00,1786203258.596,390.72,30.79,2.3223,5.42,0.649,620.8,244.2
2026-08-08T15:34:18.804665+00:00,1786203258.805,390.93,29.78,2.3267,5.42,0.512,641.4,244.2
2026-08-08T15:34:19.017581+00:00,1786203259.018,391.15,29.78,2.3267,5.42,0.516,662.1,244.2
2026-08-08T15:34:19.212649+00:00,1786203259.213,391.34,29.78,2.3267,5.42,0.518,668.6,244.2
2026-08-08T15:34:19.410789+00:00,1786203259.411,391.54,25.17,2.3311,5.42,-0.103,646.6,244.2
2026-08-08T15:34:19.611033+00:00,1786203259.611,391.74,25.17,2.3311,5.42,-0.113,624.4,244.2
2026-08-08T15:34:19.816969+00:00,1786203259.817,391.95,25.17,2.3311,5.42,-0.113,633.7,244.2
2026-08-08T15:34:20.029598+00:00,1786203260.030,392.16,30.43,2.3377,5.42,0.593,675.8,244.2
2026-08-08T15:34:20.240898+00:00,1786203260.241,392.37,30.43,2.3377,5.42,0.000,697.0,244.2
2026-08-08T15:34:20.448210+00:00,1786203260.448,392.58,30.43,2.3377,5.42,0.000,723.6,244.2
2026-08-08T15:34:20.813889+00:00,1786203260.814,392.94,30.45,2.3421,5.42,0.000,751.6,244.2
2026-08-08T15:34:21.028261+00:00,1786203261.028,393.16,30.45,2.3421,5.42,0.084,775.4,244.2
2026-08-08T15:34:21.237581+00:00,1786203261.238,393.37,26.46,2.3465,5.42,-0.416,777.2,244.2
2026-08-08T15:34:21.436285+00:00,1786203261.436,393.56,26.46,2.3465,5.42,-0.415,786.7,244.2
2026-08-08T15:34:21.632205+00:00,1786203261.632,393.76,26.46,2.3465,5.42,0.160,813.7,244.2
2026-08-08T15:34:21.837420+00:00,1786203261.837,393.97,26.35,2.3509,5.42,0.147,839.8,244.2
2026-08-08T15:34:22.050992+00:00,1786203262.051,394.18,26.35,2.3509,5.42,0.146,849.6,244.2
2026-08-08T15:34:22.252249+00:00,1786203262.252,394.38,26.35,2.3509,5.42,-0.510,839.5,244.2
2026-08-08T15:34:22.632896+00:00,1786203262.633,394.76,26.39,2.3553,5.42,-0.468,800.3,244.2
2026-08-08T15:34:22.850753+00:00,1786203262.851,394.98,26.39,2.3553,5.42,-0.466,755.6,244.2
2026-08-08T15:34:23.230675+00:00,1786203263.231,395.36,26.16,2.3597,5.42,-0.494,709.8,244.2
2026-08-08T15:34:23.446863+00:00,1786203263.447,395.58,26.16,2.3597,5.42,-0.493,671.3,244.2
2026-08-08T15:34:23.650537+00:00,1786203263.651,395.78,26.26,2.3640,5.42,0.000,647.7,244.2
2026-08-08T15:34:23.853881+00:00,1786203263.854,395.98,26.26,2.3640,5.42,0.000,624.1,244.2
2026-08-08T15:34:24.083180+00:00,1786203264.083,396.21,26.26,2.3640,5.42,0.000,628.8,244.2
2026-08-08T15:34:24.454501+00:00,1786203264.454,396.58,26.36,2.3684,5.42,0.000,633.9,244.2
2026-08-08T15:34:24.657877+00:00,1786203264.658,396.79,26.36,2.3684,5.42,0.000,639.1,244.2
2026-08-08T15:34:24.863542+00:00,1786203264.864,396.99,26.02,2.3728,5.42,0.000,610.9,244.2
2026-08-08T15:34:25.080399+00:00,1786203265.080,397.21,26.02,2.3728,5.42,0.000,603.6,244.2
2026-08-08T15:34:25.286188+00:00,1786203265.286,397.41,26.02,2.3728,5.42,0.000,596.2,244.2
2026-08-08T15:34:25.663618+00:00,1786203265.664,397.79,25.98,2.3772,5.42,0.000,588.8,244.2
2026-08-08T15:34:25.879079+00:00,1786203265.879,398.01,25.98,2.3772,5.42,0.000,578.4,244.2
2026-08-08T15:34:26.098685+00:00,1786203266.099,398.23,25.84,2.3816,5.42,0.000,590.1,244.2
2026-08-08T15:34:26.303041+00:00,1786203266.303,398.43,25.84,2.3816,5.42,0.000,601.8,244.2
2026-08-08T15:34:26.510278+00:00,1786203266.510,398.64,25.84,2.3816,5.42,0.000,595.9,244.2
2026-08-08T15:34:26.912523+00:00,1786203266.913,399.04,31.12,2.3860,5.42,0.538,618.8,244.2
2026-08-08T15:34:27.116614+00:00,1786203267.117,399.25,31.12,2.3860,5.42,0.538,641.7,244.2
2026-08-08T15:34:27.336565+00:00,1786203267.337,399.47,30.26,2.3926,5.42,0.477,680.4,244.2
2026-08-08T15:34:27.535538+00:00,1786203267.536,399.66,30.26,2.3926,5.42,0.480,717.9,244.2
2026-08-08T15:34:27.735077+00:00,1786203267.735,399.86,30.26,2.3926,5.42,0.481,755.4,244.2
2026-08-08T15:34:28.107828+00:00,1786203268.108,400.24,31.08,2.3970,5.42,0.581,799.4,244.2
2026-08-08T15:34:28.330152+00:00,1786203268.330,400.46,31.08,2.3970,5.42,0.579,843.4,244.2
2026-08-08T15:34:28.706682+00:00,1786203268.707,400.84,27.04,2.4014,5.42,0.128,848.6,244.2
2026-08-08T15:34:28.926232+00:00,1786203268.926,401.05,27.04,2.4014,5.42,0.127,853.8,244.2
2026-08-08T15:34:29.156429+00:00,1786203269.156,401.29,25.50,2.4058,5.42,0.000,852.6,244.2
2026-08-08T15:34:29.362202+00:00,1786203269.362,401.49,25.50,2.4058,5.42,-0.637,832.5,244.2
2026-08-08T15:34:29.581588+00:00,1786203269.582,401.71,25.50,2.4058,5.42,-0.633,812.5,244.2
2026-08-08T15:34:29.958643+00:00,1786203269.959,402.09,29.21,2.4102,5.42,-0.111,814.0,244.2
2026-08-08T15:34:30.173354+00:00,1786203270.173,402.30,29.21,2.4102,5.42,-0.110,815.5,244.2
2026-08-08T15:34:30.370377+00:00,1786203270.370,402.50,30.91,2.4146,5.42,0.068,826.2,244.2
2026-08-08T15:34:30.572387+00:00,1786203270.572,402.70,30.91,2.4146,5.42,0.000,834.4,244.2
2026-08-08T15:34:30.772959+00:00,1786203270.773,402.90,30.91,2.4146,5.42,0.000,842.7,244.2
2026-08-08T15:34:30.975863+00:00,1786203270.976,403.10,30.88,2.4212,5.42,0.471,867.9,244.2
2026-08-08T15:34:31.175343+00:00,1786203271.175,403.30,30.88,2.4212,5.42,0.475,893.3,244.2
2026-08-08T15:34:31.395094+00:00,1786203271.395,403.52,30.88,2.4212,5.42,0.670,925.6,244.2
2026-08-08T15:34:31.592498+00:00,1786203271.592,403.72,30.90,2.4256,5.42,0.673,929.9,244.2
2026-08-08T15:34:31.810332+00:00,1786203271.810,403.94,30.90,2.4256,5.42,0.673,934.2,244.2
2026-08-08T15:34:32.015652+00:00,1786203272.016,404.14,30.90,2.4256,5.42,0.229,926.8,244.2
2026-08-08T15:34:32.391480+00:00,1786203272.391,404.52,26.25,2.4300,5.42,-0.370,892.2,244.2
2026-08-08T15:34:32.608658+00:00,1786203272.609,404.74,26.25,2.4300,5.42,-0.578,851.1,244.2
2026-08-08T15:34:32.812567+00:00,1786203272.813,404.94,26.04,2.4344,5.42,-0.603,803.7,244.2
2026-08-08T15:34:33.011120+00:00,1786203273.011,405.14,26.04,2.4344,5.42,-0.604,756.3,244.2
2026-08-08T15:34:33.215356+00:00,1786203273.215,405.34,26.04,2.4344,5.42,-0.601,732.6,244.2
2026-08-08T15:34:33.426582+00:00,1786203273.427,405.56,31.32,2.4388,5.42,0.054,737.9,244.2
2026-08-08T15:34:33.640339+00:00,1786203273.640,405.77,31.32,2.4388,5.42,0.054,749.6,244.2
2026-08-08T15:34:33.838499+00:00,1786203273.838,405.97,31.32,2.4388,5.42,0.052,780.0,244.2
2026-08-08T15:34:34.218586+00:00,1786203274.219,406.35,26.09,2.4454,5.42,-0.555,782.8,244.2
2026-08-08T15:34:34.414438+00:00,1786203274.414,406.54,26.09,2.4454,5.42,-0.557,764.7,244.2
2026-08-08T15:34:34.614837+00:00,1786203274.615,406.74,26.09,2.4454,5.42,0.000,763.3,244.2
2026-08-08T15:34:34.842955+00:00,1786203274.843,406.97,29.17,2.4498,5.42,0.363,770.1,244.2
2026-08-08T15:34:35.056540+00:00,1786203275.057,407.19,29.17,2.4498,5.42,0.388,780.1,244.2
2026-08-08T15:34:35.268809+00:00,1786203275.269,407.40,36.96,2.4542,5.42,1.344,849.1,244.2
2026-08-08T15:34:35.523114+00:00,1786203275.523,407.65,36.96,2.4542,5.42,1.319,900.3,244.2
2026-08-08T15:34:35.738485+00:00,1786203275.738,407.87,36.96,2.4542,5.42,0.678,923.9,244.2
2026-08-08T15:34:36.128385+00:00,1786203276.128,408.26,29.61,2.4608,5.42,-0.191,891.3,244.2
2026-08-08T15:34:36.344519+00:00,1786203276.344,408.47,29.61,2.4608,5.42,-0.190,858.5,244.2
2026-08-08T15:34:36.540521+00:00,1786203276.541,408.67,36.95,2.4652,5.42,1.299,901.5,244.2
2026-08-08T15:34:36.762050+00:00,1786203276.762,408.89,36.95,2.4652,5.42,1.286,959.8,244.2
2026-08-08T15:34:36.964499+00:00,1786203276.964,409.09,36.95,2.4652,5.42,1.285,1045.3,244.2
2026-08-08T15:34:37.181505+00:00,1786203277.181,409.31,31.11,2.4718,5.42,0.231,1079.3,244.2
2026-08-08T15:34:37.370847+00:00,1786203277.371,409.50,31.11,2.4718,5.42,0.233,1114.3,244.2
2026-08-08T15:34:37.597255+00:00,1786203277.597,409.73,31.11,2.4718,5.42,-0.700,1115.8,244.2
2026-08-08T15:34:37.967379+00:00,1786203277.967,410.10,30.70,2.4762,5.42,-0.710,1116.6,244.2
2026-08-08T15:34:38.182498+00:00,1786203278.182,410.31,30.70,2.4762,5.42,-0.711,1088.3,244.2
2026-08-08T15:34:38.380631+00:00,1786203278.381,410.51,31.48,2.4828,5.42,0.231,1095.0,244.2
2026-08-08T15:34:38.594944+00:00,1786203278.595,410.72,31.48,2.4828,5.42,0.232,1101.8,244.2
2026-08-08T15:34:38.788510+00:00,1786203278.788,410.92,31.48,2.4828,5.42,-0.676,1103.1,244.2
2026-08-08T15:34:39.008045+00:00,1786203279.008,411.14,30.28,2.4872,5.42,-0.825,1098.0,244.2
2026-08-08T15:34:39.219285+00:00,1786203279.219,411.35,30.28,2.4872,5.42,-0.822,1076.3,244.2
2026-08-08T15:34:39.426526+00:00,1786203279.426,411.56,30.28,2.4872,5.42,-0.103,1062.4,244.2
2026-08-08T15:34:39.814922+00:00,1786203279.815,411.94,30.95,2.4938,5.42,0.000,1052.4,244.2
2026-08-08T15:34:40.017050+00:00,1786203280.017,412.15,30.95,2.4938,5.42,0.000,983.5,244.2
2026-08-08T15:34:40.217012+00:00,1786203280.217,412.35,30.95,2.4938,5.42,0.000,915.6,244.2
2026-08-08T15:34:40.453624+00:00,1786203280.454,412.58,35.08,2.4982,5.42,0.535,904.5,244.2
2026-08-08T15:34:40.675810+00:00,1786203280.676,412.80,35.08,2.4982,5.42,0.435,938.8,244.2
2026-08-08T15:34:40.885663+00:00,1786203280.886,413.01,31.56,2.5048,5.42,0.000,948.7,244.2
2026-08-08T15:34:41.083747+00:00,1786203281.084,413.21,31.56,2.5048,5.42,0.000,882.9,244.2
2026-08-08T15:34:41.279794+00:00,1786203281.280,413.41,31.56,2.5048,5.42,0.158,823.3,244.2
2026-08-08T15:34:41.488966+00:00,1786203281.489,413.62,31.23,2.5092,5.42,0.116,761.7,244.2
2026-08-08T15:34:41.688648+00:00,1786203281.689,413.82,31.23,2.5092,5.42,0.117,757.8,244.2
2026-08-08T15:34:41.897100+00:00,1786203281.897,414.03,31.23,2.5092,5.42,0.000,749.7,244.2
2026-08-08T15:34:42.097579+00:00,1786203282.098,414.23,31.84,2.5158,5.42,0.119,780.5,244.2
2026-08-08T15:34:42.312444+00:00,1786203282.312,414.44,31.84,2.5158,5.42,0.118,812.1,244.2
2026-08-08T15:34:42.520066+00:00,1786203282.520,414.65,31.84,2.5158,5.42,-0.435,823.4,244.2
2026-08-08T15:34:42.739727+00:00,1786203282.740,414.87,37.36,2.5202,5.42,0.307,839.6,244.2
2026-08-08T15:34:42.942261+00:00,1786203282.942,415.07,37.36,2.5202,5.42,0.785,876.5,244.2
2026-08-08T15:34:43.139564+00:00,1786203283.140,415.27,37.36,2.5202,5.42,0.783,946.2,244.2
2026-08-08T15:34:43.534194+00:00,1786203283.534,415.66,30.78,2.5268,5.42,-0.097,972.5,244.2
2026-08-08T15:34:43.754045+00:00,1786203283.754,415.88,30.78,2.5268,5.42,-0.055,1000.2,244.2
2026-08-08T15:34:44.117945+00:00,1786203284.118,416.25,37.88,2.5312,5.42,0.761,1051.7,244.2
2026-08-08T15:34:44.344098+00:00,1786203284.344,416.47,37.88,2.5312,5.42,0.755,1098.2,244.2
2026-08-08T15:34:44.558133+00:00,1786203284.558,416.69,31.03,2.5378,5.42,-0.092,1095.0,244.2
2026-08-08T15:34:44.754173+00:00,1786203284.754,416.88,31.03,2.5378,5.42,-0.093,1091.8,244.2
2026-08-08T15:34:44.964383+00:00,1786203284.964,417.09,31.03,2.5378,5.42,-0.093,1059.3,244.2
2026-08-08T15:34:45.331053+00:00,1786203285.331,417.46,37.45,2.5422,5.42,0.000,1046.5,244.2
2026-08-08T15:34:45.565227+00:00,1786203285.565,417.69,37.45,2.5422,5.42,0.000,1057.9,244.2
2026-08-08T15:34:45.931960+00:00,1786203285.932,418.06,31.67,2.5488,5.42,-0.565,1037.5,244.2
2026-08-08T15:34:46.154871+00:00,1786203286.155,418.28,31.67,2.5488,5.42,0.095,1035.4,244.2
2026-08-08T15:34:46.364571+00:00,1786203286.365,418.49,31.18,2.5532,5.42,0.000,1031.1,244.2
2026-08-08T15:34:46.576893+00:00,1786203286.577,418.71,31.18,2.5532,5.42,-0.757,999.6,244.2
2026-08-08T15:34:46.772003+00:00,1786203286.772,418.90,31.18,2.5532,5.42,-0.767,971.9,244.2
2026-08-08T15:34:46.977144+00:00,1786203286.977,419.11,31.17,2.5598,5.42,0.000,966.3,244.2
2026-08-08T15:34:47.195942+00:00,1786203287.196,419.32,31.17,2.5598,5.42,0.000,960.7,244.2
2026-08-08T15:34:47.398168+00:00,1786203287.398,419.53,31.17,2.5598,5.42,0.000,975.5,244.2
2026-08-08T15:34:47.597115+00:00,1786203287.597,419.73,36.66,2.5642,5.42,-0.097,956.7,244.2
2026-08-08T15:34:47.804360+00:00,1786203287.804,419.93,36.66,2.5642,5.42,-0.098,917.3,244.2
2026-08-08T15:34:47.999456+00:00,1786203287.999,420.13,36.66,2.5642,5.42,0.671,910.5,244.2
2026-08-08T15:34:48.203113+00:00,1786203288.203,420.33,31.13,2.5708,5.42,-0.073,911.9,244.2
2026-08-08T15:34:48.406028+00:00,1786203288.406,420.53,31.13,2.5708,5.42,0.000,914.5,244.2
2026-08-08T15:34:48.603609+00:00,1786203288.604,420.73,31.13,2.5708,5.42,0.000,868.1,244.2
2026-08-08T15:34:48.799768+00:00,1786203288.800,420.93,32.40,2.5752,5.42,0.167,830.5,244.2
2026-08-08T15:34:49.012034+00:00,1786203289.012,421.14,32.40,2.5752,5.42,0.167,842.5,244.2
2026-08-08T15:34:49.382552+00:00,1786203289.382,421.51,26.39,2.5796,5.42,-0.607,819.5,244.2
2026-08-08T15:34:49.586456+00:00,1786203289.586,421.72,26.39,2.5796,5.42,-0.606,796.6,244.2
2026-08-08T15:34:49.793459+00:00,1786203289.793,421.92,26.39,2.5796,5.42,-1.298,736.8,244.2
2026-08-08T15:34:50.026032+00:00,1786203290.026,422.15,36.42,2.5840,5.42,0.000,734.6,244.2
2026-08-08T15:34:50.227516+00:00,1786203290.227,422.36,36.42,2.5840,5.42,0.000,764.5,244.2
2026-08-08T15:34:50.425706+00:00,1786203290.426,422.55,31.11,2.5906,5.42,0.000,760.0,244.2
2026-08-08T15:34:50.637579+00:00,1786203290.638,422.77,31.11,2.5906,5.42,0.000,759.8,244.2
2026-08-08T15:34:50.838797+00:00,1786203290.839,422.97,31.11,2.5906,5.42,0.000,787.0,244.2
2026-08-08T15:34:51.031604+00:00,1786203291.032,423.16,31.60,2.5950,5.42,-0.100,811.7,244.2
2026-08-08T15:34:51.235136+00:00,1786203291.235,423.36,31.60,2.5950,5.42,-0.100,808.8,244.2
2026-08-08T15:34:51.444547+00:00,1786203291.444,423.57,31.60,2.5950,5.42,0.702,835.2,244.2
2026-08-08T15:34:51.656583+00:00,1786203291.657,423.79,30.73,2.5994,5.42,0.581,855.0,244.2
2026-08-08T15:34:51.857727+00:00,1786203291.858,423.99,30.73,2.5994,5.42,0.583,868.5,244.2
2026-08-08T15:34:52.058674+00:00,1786203292.059,424.19,30.73,2.5994,5.42,-0.778,833.7,244.2
2026-08-08T15:34:52.420584+00:00,1786203292.421,424.55,30.96,2.6060,5.42,-0.691,769.7,244.2
2026-08-08T15:34:52.632846+00:00,1786203292.633,424.76,30.96,2.6060,5.42,0.000,772.0,244.2
2026-08-08T15:34:52.841767+00:00,1786203292.842,424.97,31.77,2.6103,5.42,0.084,776.3,244.2
2026-08-08T15:34:53.225563+00:00,1786203293.226,425.35,31.77,2.6103,5.42,0.077,780.2,244.2
2026-08-08T15:34:53.422122+00:00,1786203293.422,425.55,27.08,2.6147,5.42,-0.525,748.4,244.2
2026-08-08T15:34:53.622096+00:00,1786203293.622,425.75,27.08,2.6147,5.42,-0.526,716.5,244.2
2026-08-08T15:34:53.818251+00:00,1786203293.818,425.95,27.08,2.6147,5.42,-0.528,719.6,244.2
2026-08-08T15:34:54.065522+00:00,1786203294.065,426.19,31.91,2.6191,5.42,0.136,752.5,244.2
2026-08-08T15:34:54.290565+00:00,1786203294.291,426.42,31.91,2.6191,5.42,0.135,806.4,244.2
2026-08-08T15:34:54.487765+00:00,1786203294.488,426.62,29.73,2.6235,5.42,-0.114,789.9,244.2
2026-08-08T15:34:54.693069+00:00,1786203294.693,426.82,29.73,2.6235,5.42,-0.151,772.1,244.2
2026-08-08T15:34:54.885946+00:00,1786203294.886,427.01,29.73,2.6235,5.42,-0.152,764.5,244.2
2026-08-08T15:34:55.084170+00:00,1786203295.084,427.21,29.54,2.6279,5.42,-0.277,752.3,244.2
2026-08-08T15:34:55.288570+00:00,1786203295.289,427.42,29.54,2.6279,5.42,-0.301,739.3,244.2
2026-08-08T15:34:55.501457+00:00,1786203295.501,427.63,29.54,2.6279,5.42,0.329,750.5,244.2
2026-08-08T15:34:55.886225+00:00,1786203295.886,428.01,30.83,2.6345,5.42,0.461,769.2,244.2
2026-08-08T15:34:56.102831+00:00,1786203296.103,428.23,30.83,2.6345,5.42,0.457,758.4,244.2
2026-08-08T15:34:56.304943+00:00,1786203296.305,428.43,30.92,2.6389,5.42,-0.122,733.8,244.2
2026-08-08T15:34:56.514356+00:00,1786203296.514,428.64,30.92,2.6389,5.42,-0.123,709.1,244.2
2026-08-08T15:34:56.717372+00:00,1786203296.717,428.85,30.92,2.6389,5.42,0.149,742.4,244.2
2026-08-08T15:34:56.917382+00:00,1786203296.917,429.05,26.24,2.6433,5.42,-0.435,746.0,244.2
2026-08-08T15:34:57.324907+00:00,1786203297.325,429.45,26.24,2.6433,5.42,-0.397,726.0,244.2
2026-08-08T15:34:57.529135+00:00,1786203297.529,429.66,30.51,2.6477,5.42,0.111,724.6,244.2
2026-08-08T15:34:57.732561+00:00,1786203297.733,429.86,30.51,2.6477,5.42,0.111,723.4,244.2
2026-08-08T15:34:57.939053+00:00,1786203297.939,430.07,31.00,2.6521,5.42,0.166,752.4,244.2
2026-08-08T15:34:58.142889+00:00,1786203298.143,430.27,31.00,2.6521,5.42,0.000,775.5,244.2
2026-08-08T15:34:58.351359+00:00,1786203298.351,430.48,31.00,2.6521,5.42,0.000,798.7,244.2
2026-08-08T15:34:58.740566+00:00,1786203298.741,430.87,26.41,2.6565,5.42,-0.515,768.5,244.2
2026-08-08T15:34:58.949173+00:00,1786203298.949,431.08,26.41,2.6565,5.42,-0.516,738.5,244.2
2026-08-08T15:34:59.159417+00:00,1786203299.159,431.29,25.95,2.6609,5.42,-0.567,719.2,244.2
2026-08-08T15:34:59.384194+00:00,1786203299.384,431.51,25.95,2.6609,5.42,0.000,718.1,244.2
2026-08-08T15:34:59.582287+00:00,1786203299.582,431.71,25.95,2.6609,5.42,0.000,717.1,244.2
2026-08-08T15:34:59.793947+00:00,1786203299.794,431.92,29.97,2.6675,5.42,-0.066,725.0,244.2
2026-08-08T15:34:59.996524+00:00,1786203299.996,432.13,29.97,2.6675,5.42,-0.066,733.7,244.2
2026-08-08T15:35:00.205327+00:00,1786203300.205,432.33,29.97,2.6675,5.42,-0.126,718.9,244.2
2026-08-08T15:35:00.411338+00:00,1786203300.411,432.54,30.65,2.6719,5.42,0.000,702.2,244.2
2026-08-08T15:35:00.606929+00:00,1786203300.607,432.74,30.65,2.6719,5.42,0.000,685.6,244.2
2026-08-08T15:35:00.809089+00:00,1786203300.809,432.94,30.65,2.6719,5.42,0.571,709.6,244.2
2026-08-08T15:35:01.009891+00:00,1786203301.010,433.14,26.41,2.6763,5.42,0.000,706.4,244.2
2026-08-08T15:35:01.233355+00:00,1786203301.233,433.36,26.41,2.6763,5.42,0.062,695.4,244.2
2026-08-08T15:35:01.629392+00:00,1786203301.629,433.76,30.45,2.6829,5.42,0.557,735.2,244.2
2026-08-08T15:35:01.841199+00:00,1786203301.841,433.97,30.45,2.6829,5.42,0.554,773.7,244.2
2026-08-08T15:35:02.042675+00:00,1786203302.043,434.17,30.45,2.6829,5.42,0.059,771.8,244.2
2026-08-08T15:35:02.247036+00:00,1786203302.247,434.38,31.12,2.6873,5.42,0.142,774.1,244.2
2026-08-08T15:35:02.465291+00:00,1786203302.465,434.59,31.12,2.6873,5.42,0.142,773.5,244.2
2026-08-08T15:35:02.670540+00:00,1786203302.670,434.80,31.12,2.6873,5.42,0.058,775.8,244.2
2026-08-08T15:35:03.065631+00:00,1786203303.066,435.19,30.63,2.6917,5.42,0.000,775.1,244.2
2026-08-08T15:35:03.263211+00:00,1786203303.263,435.39,30.63,2.6917,5.42,0.000,798.0,244.2
2026-08-08T15:35:03.482777+00:00,1786203303.483,435.61,31.41,2.6983,5.42,0.564,842.6,244.2
2026-08-08T15:35:03.701440+00:00,1786203303.701,435.83,31.41,2.6983,5.42,0.563,889.2,244.2
2026-08-08T15:35:03.906885+00:00,1786203303.907,436.04,31.41,2.6983,5.42,0.117,902.6,244.2
2026-08-08T15:35:04.121074+00:00,1786203304.121,436.25,29.79,2.7027,5.42,-0.081,906.2,244.2
2026-08-08T15:35:04.338027+00:00,1786203304.338,436.47,29.79,2.7027,5.42,-0.080,905.4,244.2
2026-08-08T15:35:04.541436+00:00,1786203304.541,436.67,29.79,2.7027,5.42,-0.162,901.8,244.2
2026-08-08T15:35:04.916534+00:00,1786203304.917,437.05,30.71,2.7093,5.42,0.000,907.5,244.2
2026-08-08T15:35:05.142229+00:00,1786203305.142,437.27,30.71,2.7093,5.42,0.000,907.6,244.2
2026-08-08T15:35:05.363790+00:00,1786203305.364,437.49,31.87,2.7137,5.42,0.150,915.3,244.2
2026-08-08T15:35:05.571916+00:00,1786203305.572,437.70,31.87,2.7137,5.42,0.149,902.7,244.2
2026-08-08T15:35:05.795124+00:00,1786203305.795,437.92,31.87,2.7137,5.42,0.055,914.1,244.2
2026-08-08T15:35:06.018930+00:00,1786203306.019,438.15,36.33,2.7203,5.42,0.590,954.8,244.2
2026-08-08T15:35:06.253604+00:00,1786203306.254,438.38,36.33,2.7203,5.42,0.583,970.8,244.2
2026-08-08T15:35:06.454316+00:00,1786203306.454,438.58,36.33,2.7203,5.42,0.779,995.2,244.2
2026-08-08T15:35:06.679161+00:00,1786203306.679,438.81,28.30,2.7247,5.42,-0.177,983.6,244.2
2026-08-08T15:35:06.902878+00:00,1786203306.903,439.03,28.30,2.7247,5.42,-0.175,967.9,244.2
2026-08-08T15:35:07.111529+00:00,1786203307.112,439.24,28.30,2.7247,5.42,-0.306,947.9,244.2
2026-08-08T15:35:07.345837+00:00,1786203307.346,439.47,29.75,2.7313,5.42,-0.121,939.3,244.2
2026-08-08T15:35:07.550695+00:00,1786203307.551,439.68,29.75,2.7313,5.42,-0.269,928.5,244.2
2026-08-08T15:35:07.770179+00:00,1786203307.770,439.90,29.75,2.7313,5.42,-0.268,917.7,244.2
2026-08-08T15:35:07.971538+00:00,1786203307.972,440.10,35.69,2.7357,5.42,0.487,925.5,244.2
2026-08-08T15:35:08.216361+00:00,1786203308.216,440.34,35.69,2.7357,5.42,-0.081,909.9,244.2
2026-08-08T15:35:08.436023+00:00,1786203308.436,440.56,35.69,2.7357,5.42,-0.081,910.4,244.2
2026-08-08T15:35:08.698559+00:00,1786203308.699,440.83,27.62,2.7423,5.42,-1.083,875.0,244.2
2026-08-08T15:35:08.888870+00:00,1786203308.889,441.02,27.62,2.7423,5.42,-0.085,871.4,244.2
2026-08-08T15:35:09.107728+00:00,1786203309.108,441.24,27.62,2.7423,5.42,-0.085,870.6,244.2
2026-08-08T15:35:09.315198+00:00,1786203309.315,441.44,35.67,2.7489,5.42,0.929,918.2,244.2
2026-08-08T15:35:09.562513+00:00,1786203309.562,441.69,35.67,2.7489,5.42,0.742,958.1,244.2
2026-08-08T15:35:09.767047+00:00,1786203309.767,441.90,35.67,2.7489,5.42,0.742,990.4,244.2
2026-08-08T15:35:09.970553+00:00,1786203309.971,442.10,35.27,2.7555,5.42,0.695,1019.6,244.2
2026-08-08T15:35:10.209400+00:00,1786203310.209,442.34,35.27,2.7555,5.42,-0.053,1021.9,244.2
2026-08-08T15:35:10.452422+00:00,1786203310.452,442.58,35.27,2.7555,5.42,-0.053,992.8,244.2
2026-08-08T15:35:10.647230+00:00,1786203310.647,442.78,33.49,2.7599,5.42,-0.276,952.2,244.2
2026-08-08T15:35:10.868093+00:00,1786203310.868,443.00,33.49,2.7599,5.42,0.749,942.9,244.2
2026-08-08T15:35:11.100175+00:00,1786203311.100,443.23,33.49,2.7599,5.42,0.738,986.4,244.2
2026-08-08T15:35:11.304950+00:00,1786203311.305,443.43,29.83,2.7665,5.42,0.280,1004.4,244.2
2026-08-08T15:35:11.738900+00:00,1786203311.739,443.87,29.83,2.7665,5.42,-0.668,994.0,244.2
2026-08-08T15:35:11.957277+00:00,1786203311.957,444.09,36.28,2.7731,5.42,0.072,1013.4,244.2
2026-08-08T15:35:12.189282+00:00,1786203312.189,444.32,36.28,2.7731,5.42,0.071,1037.9,244.2
2026-08-08T15:35:12.389947+00:00,1786203312.390,444.52,36.28,2.7731,5.42,0.117,1064.2,244.2
2026-08-08T15:35:12.640222+00:00,1786203312.640,444.77,33.92,2.7797,5.42,-0.154,1034.7,244.2
2026-08-08T15:35:12.854928+00:00,1786203312.855,444.98,33.92,2.7797,5.42,-0.156,1028.4,244.2
2026-08-08T15:35:13.088203+00:00,1786203313.088,445.22,33.92,2.7797,5.42,0.000,1028.3,244.2
2026-08-08T15:35:13.285756+00:00,1786203313.286,445.41,29.02,2.7841,5.42,-0.514,1048.0,244.2
2026-08-08T15:35:13.515823+00:00,1786203313.516,445.64,29.02,2.7841,5.42,-0.515,1035.8,244.2
2026-08-08T15:35:13.720928+00:00,1786203313.721,445.85,29.02,2.7841,5.42,-0.094,1037.7,244.2
2026-08-08T15:35:13.923859+00:00,1786203313.924,446.05,37.15,2.7907,5.42,0.930,1042.3,244.2
2026-08-08T15:35:14.126756+00:00,1786203314.127,446.26,37.15,2.7907,5.42,0.111,1019.5,244.2
2026-08-08T15:35:14.325311+00:00,1786203314.325,446.45,37.15,2.7907,5.42,0.113,996.8,244.2
2026-08-08T15:35:14.720038+00:00,1786203314.720,446.85,31.62,2.7973,5.42,-0.556,941.3,244.2
2026-08-08T15:35:14.942004+00:00,1786203314.942,447.07,31.62,2.7973,5.42,-0.278,926.4,244.2
2026-08-08T15:35:15.138035+00:00,1786203315.138,447.27,31.62,2.7973,5.42,-0.280,911.4,244.2
2026-08-08T15:35:15.340404+00:00,1786203315.340,447.47,32.16,2.8039,5.42,-0.217,911.6,244.2
2026-08-08T15:35:15.557021+00:00,1786203315.557,447.69,32.16,2.8039,5.42,0.385,894.5,244.2
2026-08-08T15:35:15.756408+00:00,1786203315.756,447.88,32.16,2.8039,5.42,0.390,877.9,244.2
2026-08-08T15:35:15.968079+00:00,1786203315.968,448.10,37.69,2.8083,5.42,1.072,930.0,244.2
2026-08-08T15:35:16.184350+00:00,1786203316.184,448.31,37.69,2.8083,5.42,0.066,970.9,244.2
2026-08-08T15:35:16.386012+00:00,1786203316.386,448.51,37.69,2.8083,5.42,0.066,973.7,244.2
2026-08-08T15:35:16.581962+00:00,1786203316.582,448.71,30.88,2.8149,5.42,-0.772,932.9,244.2
2026-08-08T15:35:16.786454+00:00,1786203316.786,448.92,30.88,2.8149,5.42,-0.100,914.1,244.2
2026-08-08T15:35:16.988258+00:00,1786203316.988,449.12,30.88,2.8149,5.42,-0.101,911.0,244.2
2026-08-08T15:35:17.184235+00:00,1786203317.184,449.31,39.52,2.8215,5.42,1.072,977.5,244.2
2026-08-08T15:35:17.403707+00:00,1786203317.404,449.53,39.52,2.8215,5.42,0.990,1034.2,244.2
2026-08-08T15:35:17.599737+00:00,1786203317.600,449.73,39.52,2.8215,5.42,0.999,1117.4,244.2
2026-08-08T15:35:17.795982+00:00,1786203317.796,449.92,31.55,2.8259,5.42,-0.083,1136.1,244.2
2026-08-08T15:35:18.199328+00:00,1786203318.199,450.33,31.55,2.8259,5.42,-0.764,1115.8,244.2
2026-08-08T15:35:18.399090+00:00,1786203318.399,450.53,31.29,2.8303,5.42,-0.802,1035.6,244.2
2026-08-08T15:35:18.596879+00:00,1786203318.597,450.73,31.29,2.8303,5.42,-0.803,990.5,244.2
2026-08-08T15:35:18.820059+00:00,1786203318.820,450.95,49.56,2.8369,5.42,2.325,1149.0,244.2
2026-08-08T15:35:19.041842+00:00,1786203319.042,451.17,49.56,2.8369,5.42,2.301,1342.0,244.2
2026-08-08T15:35:19.251758+00:00,1786203319.252,451.38,49.56,2.8369,5.42,2.293,1524.4,244.2
2026-08-08T15:35:19.452296+00:00,1786203319.452,451.58,30.07,2.8413,5.42,-1.157,1491.7,244.2
2026-08-08T15:35:19.674998+00:00,1786203319.675,451.80,30.07,2.8413,5.42,-1.155,1455.9,244.2
2026-08-08T15:35:19.882055+00:00,1786203319.882,452.01,30.07,2.8413,5.42,-1.151,1397.9,244.2
2026-08-08T15:35:20.257079+00:00,1786203320.257,452.39,32.14,2.8479,5.42,0.066,1385.8,244.2
2026-08-08T15:35:20.489570+00:00,1786203320.490,452.62,32.14,2.8479,5.42,0.071,1330.9,244.2
2026-08-08T15:35:20.853315+00:00,1786203320.853,452.98,32.13,2.8523,5.42,0.095,1320.6,244.2
2026-08-08T15:35:21.093729+00:00,1786203321.094,453.22,32.13,2.8523,5.42,0.093,1310.2,244.2
2026-08-08T15:35:21.459968+00:00,1786203321.460,453.59,39.61,2.8588,5.42,-1.045,1307.3,244.2
2026-08-08T15:35:21.698339+00:00,1786203321.698,453.83,39.61,2.8588,5.42,-1.042,1280.5,244.2
2026-08-08T15:35:22.058983+00:00,1786203322.059,454.19,31.50,2.8632,5.42,-1.787,1220.2,244.2
2026-08-08T15:35:22.281374+00:00,1786203322.281,454.41,31.50,2.8632,5.42,0.140,1160.4,244.2
2026-08-08T15:35:22.478618+00:00,1786203322.479,454.61,31.48,2.8676,5.42,0.139,1104.2,244.2
2026-08-08T15:35:22.681726+00:00,1786203322.682,454.81,31.48,2.8676,5.42,0.139,1047.6,244.2
2026-08-08T15:35:22.886787+00:00,1786203322.887,455.02,31.48,2.8676,5.42,-0.070,1048.0,244.2
2026-08-08T15:35:23.262267+00:00,1786203323.262,455.39,31.46,2.8742,5.42,-0.068,1073.2,244.2
2026-08-08T15:35:23.478157+00:00,1786203323.478,455.61,31.46,2.8742,5.42,-0.071,1099.9,244.2
2026-08-08T15:35:23.686634+00:00,1786203323.687,455.82,31.22,2.8786,5.42,-0.097,1125.3,244.2
2026-08-08T15:35:23.926482+00:00,1786203323.926,456.06,31.22,2.8786,5.42,-0.944,916.4,244.2
2026-08-08T15:35:24.127616+00:00,1786203324.128,456.26,31.22,2.8786,5.42,-0.956,708.6,244.2
2026-08-08T15:35:24.493734+00:00,1786203324.494,456.62,30.16,2.8852,5.42,-0.153,528.4,244.2
2026-08-08T15:35:24.712107+00:00,1786203324.712,456.84,30.16,2.8852,5.42,-0.153,563.4,244.2
2026-08-08T15:35:24.926388+00:00,1786203324.926,457.05,31.29,2.8896,5.42,0.000,605.6,244.2
2026-08-08T15:35:25.121056+00:00,1786203325.121,457.25,31.29,2.8896,5.42,0.000,647.8,244.2
2026-08-08T15:35:25.321893+00:00,1786203325.322,457.45,31.29,2.8896,5.42,0.000,643.8,244.2
2026-08-08T15:35:25.517896+00:00,1786203325.518,457.65,31.58,2.8940,5.42,0.000,640.2,244.2
2026-08-08T15:35:25.720648+00:00,1786203325.721,457.85,31.58,2.8940,5.42,0.000,635.7,244.2
2026-08-08T15:35:25.920657+00:00,1786203325.921,458.05,31.58,2.8940,5.42,0.000,631.2,244.2
2026-08-08T15:35:26.311209+00:00,1786203326.311,458.44,31.58,2.9006,5.42,0.000,662.9,244.2
2026-08-08T15:35:26.521080+00:00,1786203326.521,458.65,31.58,2.9006,5.42,0.000,694.5,244.2
2026-08-08T15:35:26.726451+00:00,1786203326.726,458.86,31.67,2.9050,5.42,0.188,766.7,244.2
2026-08-08T15:35:26.940637+00:00,1786203326.941,459.07,31.67,2.9050,5.42,0.188,768.8,244.2
2026-08-08T15:35:27.139125+00:00,1786203327.139,459.27,31.67,2.9050,5.42,0.000,764.1,244.2
2026-08-08T15:35:27.515686+00:00,1786203327.516,459.64,31.53,2.9094,5.42,0.000,759.1,244.2
2026-08-08T15:35:27.728627+00:00,1786203327.729,459.86,31.53,2.9094,5.42,0.000,761.8,244.2
2026-08-08T15:35:27.933819+00:00,1786203327.934,460.06,31.95,2.9160,5.42,0.000,765.1,244.2
2026-08-08T15:35:28.154723+00:00,1786203328.155,460.28,31.95,2.9160,5.42,0.000,768.6,244.2
2026-08-08T15:35:28.370364+00:00,1786203328.370,460.50,31.95,2.9160,5.42,0.000,773.4,244.2
2026-08-08T15:35:28.589303+00:00,1786203328.589,460.72,30.08,2.9204,5.42,-0.183,799.1,244.2
2026-08-08T15:35:28.824350+00:00,1786203328.824,460.95,30.08,2.9204,5.42,-0.181,825.2,244.2
2026-08-08T15:35:29.030102+00:00,1786203329.030,461.16,30.08,2.9204,5.42,-0.191,823.8,244.2
2026-08-08T15:35:29.410822+00:00,1786203329.411,461.54,29.89,2.9270,5.42,-0.200,821.8,244.2
2026-08-08T15:35:29.611762+00:00,1786203329.612,461.74,29.89,2.9270,5.42,-0.199,812.4,244.2
2026-08-08T15:35:29.813113+00:00,1786203329.813,461.94,31.12,2.9314,5.42,0.000,812.1,244.2
2026-08-08T15:35:30.018585+00:00,1786203330.019,462.15,31.12,2.9314,5.42,0.000,811.8,244.2
2026-08-08T15:35:30.221042+00:00,1786203330.221,462.35,31.12,2.9314,5.42,-0.101,807.3,244.2
2026-08-08T15:35:30.609822+00:00,1786203330.610,462.74,32.13,2.9380,5.42,0.000,808.3,244.2
2026-08-08T15:35:30.811434+00:00,1786203330.811,462.94,32.13,2.9380,5.42,0.000,809.3,244.2
2026-08-08T15:35:31.018300+00:00,1786203331.018,463.15,32.13,2.9380,5.42,0.235,819.0,244.2
2026-08-08T15:35:31.235493+00:00,1786203331.235,463.36,29.73,2.9424,5.42,0.000,815.7,244.2
2026-08-08T15:35:31.454866+00:00,1786203331.455,463.58,29.73,2.9424,5.42,0.000,805.4,244.2
2026-08-08T15:35:31.661851+00:00,1786203331.662,463.79,29.66,2.9468,5.42,0.000,795.0,244.2
2026-08-08T15:35:31.865617+00:00,1786203331.866,463.99,29.66,2.9468,5.42,0.000,791.5,244.2
2026-08-08T15:35:32.060794+00:00,1786203332.061,464.19,29.66,2.9468,5.42,-0.180,782.0,244.2
2026-08-08T15:35:32.270413+00:00,1786203332.270,464.40,26.99,2.9512,5.42,-0.509,758.4,244.2
2026-08-08T15:35:32.504332+00:00,1786203332.504,464.63,26.99,2.9512,5.42,-0.502,734.2,244.2
2026-08-08T15:35:32.700562+00:00,1786203332.701,464.83,26.99,2.9512,5.42,-0.683,704.4,244.2
2026-08-08T15:35:32.912561+00:00,1786203332.913,465.04,30.02,2.9556,5.42,-0.279,691.3,244.2
2026-08-08T15:35:33.118085+00:00,1786203333.118,465.25,30.02,2.9556,5.42,-0.279,687.8,244.2
2026-08-08T15:35:33.324612+00:00,1786203333.325,465.45,30.02,2.9556,5.42,0.000,694.0,244.2
2026-08-08T15:35:33.710131+00:00,1786203333.710,465.84,31.14,2.9622,5.42,0.174,708.8,244.2
2026-08-08T15:35:33.922132+00:00,1786203333.922,466.05,31.14,2.9622,5.42,0.182,724.4,244.2
2026-08-08T15:35:34.131131+00:00,1786203334.131,466.26,31.47,2.9666,5.42,0.223,742.2,244.2
2026-08-08T15:35:34.351603+00:00,1786203334.352,466.48,31.47,2.9666,5.42,0.220,750.8,244.2
2026-08-08T15:35:34.547333+00:00,1786203334.547,466.68,31.47,2.9666,5.42,0.547,771.4,244.2
2026-08-08T15:35:34.745130+00:00,1786203334.745,466.87,26.01,2.9710,5.42,-0.122,762.8,244.2
2026-08-08T15:35:34.948025+00:00,1786203334.948,467.08,26.01,2.9710,5.42,-0.122,748.7,244.2
2026-08-08T15:35:35.142420+00:00,1786203335.142,467.27,26.01,2.9710,5.42,-0.500,723.2,244.2
2026-08-08T15:35:35.351503+00:00,1786203335.351,467.48,31.20,2.9754,5.42,0.146,718.1,244.2
2026-08-08T15:35:35.587385+00:00,1786203335.587,467.72,31.20,2.9754,5.42,0.145,725.9,244.2
2026-08-08T15:35:35.786838+00:00,1786203335.787,467.92,31.20,2.9754,5.42,0.000,728.5,244.2
2026-08-08T15:35:35.986576+00:00,1786203335.987,468.12,30.53,2.9820,5.42,-0.082,727.1,244.2
2026-08-08T15:35:36.195471+00:00,1786203336.195,468.32,30.53,2.9820,5.42,-0.127,724.1,244.2
2026-08-08T15:35:36.398529+00:00,1786203336.399,468.53,30.53,2.9820,5.42,-0.128,727.3,244.2
2026-08-08T15:35:36.597949+00:00,1786203336.598,468.73,30.73,2.9864,5.42,-0.101,745.9,244.2
2026-08-08T15:35:36.803120+00:00,1786203336.803,468.93,30.73,2.9864,5.42,0.637,790.5,244.2
2026-08-08T15:35:37.004107+00:00,1786203337.004,469.13,30.73,2.9864,5.42,0.637,840.7,244.2
2026-08-08T15:35:37.211471+00:00,1786203337.211,469.34,30.95,2.9908,5.42,0.663,875.7,244.2
2026-08-08T15:35:37.428536+00:00,1786203337.429,469.56,30.95,2.9908,5.42,0.000,887.0,244.2
2026-08-08T15:35:37.835002+00:00,1786203337.835,469.96,30.39,2.9974,5.42,-0.100,884.2,244.2
2026-08-08T15:35:38.027633+00:00,1786203338.028,470.16,30.39,2.9974,5.42,-0.100,873.1,244.2
2026-08-08T15:35:38.234447+00:00,1786203338.234,470.36,30.39,2.9974,5.42,0.000,865.2,244.2
2026-08-08T15:35:38.451509+00:00,1786203338.451,470.58,35.77,3.0018,5.42,0.645,891.9,244.2
2026-08-08T15:35:38.682584+00:00,1786203338.683,470.81,35.77,3.0018,5.42,0.637,918.4,244.2
2026-08-08T15:35:38.885512+00:00,1786203338.885,471.01,29.87,3.0062,5.42,-0.104,892.1,244.2
2026-08-08T15:35:39.110822+00:00,1786203339.111,471.24,29.87,3.0062,5.42,-0.103,898.6,244.2
2026-08-08T15:35:39.307588+00:00,1786203339.308,471.44,29.87,3.0062,5.42,-0.103,905.1,244.2
2026-08-08T15:35:39.682793+00:00,1786203339.683,471.81,31.34,3.0106,5.42,0.000,929.1,244.2
2026-08-08T15:35:39.903494+00:00,1786203339.903,472.03,31.34,3.0106,5.42,0.000,924.0,244.2
2026-08-08T15:35:40.100188+00:00,1786203340.100,472.23,31.08,3.0172,5.42,0.085,921.7,244.2
2026-08-08T15:35:40.317765+00:00,1786203340.318,472.45,31.08,3.0172,5.42,0.084,924.5,244.2
2026-08-08T15:35:40.529685+00:00,1786203340.530,472.66,31.08,3.0172,5.42,0.084,931.4,244.2
2026-08-08T15:35:40.902340+00:00,1786203340.902,473.03,30.91,3.0216,5.42,-0.551,916.9,244.2
2026-08-08T15:35:41.126589+00:00,1786203341.127,473.26,30.91,3.0216,5.42,-0.552,902.3,244.2
2026-08-08T15:35:41.506788+00:00,1786203341.507,473.64,31.69,3.0282,5.42,0.193,914.7,244.2
2026-08-08T15:35:41.717766+00:00,1786203341.718,473.85,31.69,3.0282,5.42,0.194,900.9,244.2
2026-08-08T15:35:41.924861+00:00,1786203341.925,474.05,31.27,3.0326,5.42,0.148,884.6,244.2
2026-08-08T15:35:42.143853+00:00,1786203342.144,474.27,31.27,3.0326,5.42,0.000,861.5,244.2
2026-08-08T15:35:42.340565+00:00,1786203342.341,474.47,31.27,3.0326,5.42,0.000,862.1,244.2
2026-08-08T15:35:42.553809+00:00,1786203342.554,474.68,37.77,3.0392,5.42,0.757,912.8,244.2
2026-08-08T15:35:42.958847+00:00,1786203342.959,475.09,37.77,3.0392,5.42,0.704,961.2,244.2
2026-08-08T15:35:43.156195+00:00,1786203343.156,475.28,36.98,3.0436,5.42,0.622,1000.4,244.2
2026-08-08T15:35:43.393705+00:00,1786203343.394,475.52,36.98,3.0436,5.42,0.678,1005.2,244.2
2026-08-08T15:35:43.942985+00:00,1786203343.943,476.07,31.11,3.0480,5.42,0.000,970.1,244.2
2026-08-08T15:35:44.170791+00:00,1786203344.171,476.30,32.58,3.0524,5.42,0.092,982.0,244.2
2026-08-08T15:35:44.394412+00:00,1786203344.394,476.52,32.58,3.0524,5.42,0.092,993.8,244.2
2026-08-08T15:35:44.793987+00:00,1786203344.794,476.92,31.33,3.0568,5.42,0.000,999.9,244.2
2026-08-08T15:35:44.984147+00:00,1786203344.984,477.11,31.33,3.0568,5.42,0.000,999.9,244.2
2026-08-08T15:35:45.183650+00:00,1786203345.184,477.31,38.79,3.0634,5.42,0.735,1047.6,244.2
2026-08-08T15:35:45.395655+00:00,1786203345.396,477.52,38.79,3.0634,5.42,0.100,1064.2,244.2
2026-08-08T15:35:45.591718+00:00,1786203345.592,477.72,38.79,3.0634,5.42,0.108,1081.2,244.2
2026-08-08T15:35:45.791349+00:00,1786203345.791,477.92,31.56,3.0678,5.42,-0.571,1058.2,244.2
2026-08-08T15:35:46.003299+00:00,1786203346.003,478.13,31.56,3.0678,5.42,-0.576,1058.0,244.2
2026-08-08T15:35:46.379840+00:00,1786203346.380,478.51,26.58,3.0722,5.42,-0.517,1054.6,244.2
2026-08-08T15:35:46.577869+00:00,1786203346.578,478.71,26.58,3.0722,5.42,-0.692,1017.6,244.2
2026-08-08T15:35:46.775224+00:00,1786203346.775,478.90,26.58,3.0722,5.42,-0.700,980.4,244.2
2026-08-08T15:35:47.030288+00:00,1786203347.030,479.16,35.31,3.0766,5.42,0.494,1002.7,244.2
2026-08-08T15:35:47.242313+00:00,1786203347.242,479.37,35.31,3.0766,5.42,0.490,1030.4,244.2
2026-08-08T15:35:47.449258+00:00,1786203347.449,479.58,30.88,3.0832,5.42,-0.970,995.1,244.2
2026-08-08T15:35:47.846641+00:00,1786203347.847,479.98,30.88,3.0832,5.42,-0.897,916.7,244.2
2026-08-08T15:35:48.078026+00:00,1786203348.078,480.21,34.24,3.0876,5.42,-0.508,858.8,244.2
2026-08-08T15:35:48.283211+00:00,1786203348.283,480.41,34.24,3.0876,5.42,0.299,838.6,244.2
2026-08-08T15:35:48.479314+00:00,1786203348.479,480.61,30.78,3.0920,5.42,-0.088,794.6,244.2
2026-08-08T15:35:48.694762+00:00,1786203348.695,480.82,30.78,3.0920,5.42,0.504,812.0,244.2
2026-08-08T15:35:48.911201+00:00,1786203348.911,481.04,30.78,3.0920,5.42,0.503,823.1,244.2
2026-08-08T15:35:49.287886+00:00,1786203349.288,481.42,27.67,3.0964,5.42,0.120,814.9,244.2
2026-08-08T15:35:49.508668+00:00,1786203349.509,481.64,27.67,3.0964,5.42,-0.857,781.2,244.2
2026-08-08T15:35:49.712260+00:00,1786203349.712,481.84,30.55,3.1008,5.42,-0.535,761.0,244.2
2026-08-08T15:35:49.925512+00:00,1786203349.925,482.05,30.55,3.1008,5.42,0.000,711.9,244.2
2026-08-08T15:35:50.153532+00:00,1786203350.153,482.28,30.55,3.1008,5.42,0.000,691.3,244.2
2026-08-08T15:35:50.553997+00:00,1786203350.554,482.68,30.50,3.1073,5.42,-0.421,655.5,244.2
2026-08-08T15:35:50.746432+00:00,1786203350.746,482.88,30.50,3.1073,5.42,-0.422,659.5,244.2
2026-08-08T15:35:51.125567+00:00,1786203351.126,483.25,31.10,3.1139,5.42,0.000,679.7,244.2
2026-08-08T15:35:51.334292+00:00,1786203351.334,483.46,31.10,3.1139,5.42,0.000,703.2,244.2
2026-08-08T15:35:51.531930+00:00,1786203351.532,483.66,31.10,3.1139,5.42,0.000,732.1,244.2
2026-08-08T15:35:51.750899+00:00,1786203351.751,483.88,29.55,3.1161,5.42,0.212,765.7,244.2
2026-08-08T15:35:51.970561+00:00,1786203351.971,484.10,29.55,3.1161,5.42,0.212,742.2,244.2
2026-08-08T15:35:52.168248+00:00,1786203352.168,484.30,37.52,3.1205,5.42,0.788,760.8,244.2
2026-08-08T15:35:52.568446+00:00,1786203352.568,484.70,37.52,3.1205,5.42,0.732,839.9,244.2
2026-08-08T15:35:52.778898+00:00,1786203352.779,484.91,27.42,3.1249,5.42,-0.331,855.5,244.2
2026-08-08T15:35:52.997270+00:00,1786203352.997,485.13,27.42,3.1249,5.42,-0.350,852.4,244.2
2026-08-08T15:35:53.200140+00:00,1786203353.200,485.33,27.42,3.1249,5.42,-0.349,817.4,244.2
2026-08-08T15:35:53.410536+00:00,1786203353.411,485.54,36.81,3.1315,5.42,0.694,861.6,244.2
2026-08-08T15:35:53.810443+00:00,1786203353.810,485.94,36.81,3.1315,5.42,0.640,882.4,244.2
2026-08-08T15:35:54.013535+00:00,1786203354.014,486.14,25.54,3.1337,5.42,-0.624,837.4,244.2
2026-08-08T15:35:54.224341+00:00,1786203354.224,486.35,25.54,3.1337,5.42,-0.450,816.8,244.2
2026-08-08T15:35:54.432904+00:00,1786203354.433,486.56,25.72,3.1381,5.42,-0.431,828.3,244.2
2026-08-08T15:35:54.654266+00:00,1786203354.654,486.78,25.72,3.1381,5.42,-1.318,800.0,244.2
2026-08-08T15:35:54.852525+00:00,1786203354.853,486.98,25.72,3.1381,5.42,-1.434,749.3,244.2
2026-08-08T15:35:55.228805+00:00,1786203355.229,487.36,25.62,3.1425,5.42,-0.204,735.1,244.2
2026-08-08T15:35:55.441318+00:00,1786203355.441,487.57,25.62,3.1425,5.42,-0.204,735.8,244.2
2026-08-08T15:35:55.823875+00:00,1786203355.824,487.95,26.17,3.1469,5.42,-0.132,739.4,244.2
2026-08-08T15:35:56.041800+00:00,1786203356.042,488.17,26.17,3.1469,5.42,-1.123,697.2,244.2
2026-08-08T15:35:56.241353+00:00,1786203356.241,488.37,26.41,3.1513,5.42,-1.189,653.0,244.2
2026-08-08T15:35:56.449432+00:00,1786203356.449,488.58,26.41,3.1513,5.42,0.099,648.1,244.2
2026-08-08T15:35:56.644317+00:00,1786203356.644,488.77,26.41,3.1513,5.42,0.100,638.7,244.2
2026-08-08T15:35:56.847932+00:00,1786203356.848,488.98,26.29,3.1557,5.42,0.066,628.1,244.2
2026-08-08T15:35:57.048505+00:00,1786203357.048,489.18,26.29,3.1557,5.42,0.066,575.4,244.2
2026-08-08T15:35:57.253376+00:00,1786203357.253,489.38,26.29,3.1557,5.42,0.066,525.2,244.2
2026-08-08T15:35:57.633462+00:00,1786203357.633,489.76,26.27,3.1601,5.42,0.075,536.1,244.2
2026-08-08T15:35:57.851604+00:00,1786203357.852,489.98,26.27,3.1601,5.42,0.075,547.6,244.2
2026-08-08T15:35:58.067345+00:00,1786203358.067,490.20,26.05,3.1645,5.42,0.000,556.5,244.2
2026-08-08T15:35:58.281738+00:00,1786203358.282,490.41,26.05,3.1645,5.42,0.000,507.5,244.2
2026-08-08T15:35:58.485640+00:00,1786203358.486,490.61,26.05,3.1645,5.42,0.000,460.9,244.2
2026-08-08T15:35:58.850802+00:00,1786203358.851,490.98,25.68,3.1689,5.42,-0.084,477.0,244.2
2026-08-08T15:35:59.071125+00:00,1786203359.071,491.20,25.68,3.1689,5.42,-0.083,488.1,244.2
2026-08-08T15:35:59.269139+00:00,1786203359.269,491.40,25.81,3.1711,5.42,-0.056,499.3,244.2
2026-08-08T15:35:59.484480+00:00,1786203359.484,491.61,25.81,3.1711,5.42,-0.055,537.0,244.2
2026-08-08T15:35:59.686968+00:00,1786203359.687,491.82,25.81,3.1711,5.42,-0.055,578.1,244.2
2026-08-08T15:36:00.069539+00:00,1786203360.070,492.20,26.38,3.1755,5.42,0.000,585.3,244.2
2026-08-08T15:36:00.276682+00:00,1786203360.277,492.41,26.38,3.1755,5.42,0.000,592.5,244.2
2026-08-08T15:36:00.509412+00:00,1786203360.509,492.64,22.37,3.1799,5.42,-0.419,579.9,244.2
2026-08-08T15:36:00.734432+00:00,1786203360.734,492.86,22.37,3.1799,5.42,-0.421,597.2,244.2
2026-08-08T15:36:00.911918+00:00,1786203360.912,493.04,22.37,3.1799,5.42,-0.422,616.4,244.2
2026-08-08T15:36:01.123980+00:00,1786203361.124,493.25,21.92,3.1843,5.42,-0.459,595.0,244.2
2026-08-08T15:36:01.332162+00:00,1786203361.332,493.46,21.92,3.1843,5.42,-0.462,573.4,244.2
2026-08-08T15:36:01.529477+00:00,1786203361.529,493.66,21.92,3.1843,5.42,-0.478,552.7,244.2
2026-08-08T15:36:01.731766+00:00,1786203361.732,493.86,21.76,3.1865,5.42,-0.501,531.3,244.2
2026-08-08T15:36:01.952870+00:00,1786203361.953,494.08,21.76,3.1865,5.42,-0.496,509.9,244.2
2026-08-08T15:36:02.157532+00:00,1786203362.158,494.29,21.76,3.1865,5.42,-0.615,485.4,244.2
2026-08-08T15:36:02.543926+00:00,1786203362.544,494.67,22.12,3.1887,5.42,-0.523,463.5,244.2
2026-08-08T15:36:02.760811+00:00,1786203362.761,494.89,22.12,3.1887,5.42,0.000,457.5,244.2
2026-08-08T15:36:02.979515+00:00,1786203362.979,495.11,16.93,3.1931,5.42,-0.666,431.4,244.2
2026-08-08T15:36:03.190409+00:00,1786203363.190,495.32,16.93,3.1931,5.42,-0.663,405.4,244.2
2026-08-08T15:36:03.395896+00:00,1786203363.396,495.52,16.93,3.1931,5.42,-0.611,383.5,244.2
2026-08-08T15:36:03.597564+00:00,1786203363.598,495.73,16.93,3.1931,5.42,-0.611,361.5,244.2
2026-08-08T15:36:03.803662+00:00,1786203363.804,495.93,16.93,3.1931,5.42,-0.609,338.5,244.2
2026-08-08T15:36:04.006160+00:00,1786203364.006,496.13,16.93,3.1931,5.42,-0.590,316.0,244.2
2026-08-08T15:36:04.203402+00:00,1786203364.203,496.33,14.00,3.1953,5.42,-0.958,285.7,244.2
2026-08-08T15:36:04.419999+00:00,1786203364.420,496.55,14.00,3.1953,5.42,-0.953,253.0,244.2
2026-08-08T15:36:04.616815+00:00,1786203364.617,496.75,14.00,3.1953,5.42,-1.088,218.1,244.2
2026-08-08T15:36:04.811728+00:00,1786203364.812,496.94,14.00,3.1953,5.42,-1.100,199.9,244.2
2026-08-08T15:36:05.013544+00:00,1786203365.014,497.14,14.00,3.1953,5.42,-0.401,193.1,244.2
2026-08-08T15:36:05.219617+00:00,1786203365.220,497.35,14.00,3.1953,5.42,-0.402,186.3,244.2
2026-08-08T15:36:05.422294+00:00,1786203365.422,497.55,14.00,3.1953,5.42,-0.401,180.8,244.2
2026-08-08T15:36:05.620012+00:00,1786203365.620,497.75,14.00,3.1953,5.42,-0.404,175.4,244.2
2026-08-08T15:36:05.816062+00:00,1786203365.816,497.94,14.00,3.1953,5.42,-0.405,170.4,244.2
2026-08-08T15:36:06.030800+00:00,1786203366.031,498.16,14.00,3.1953,5.42,-0.402,166.2,244.2
2026-08-08T15:36:06.234887+00:00,1786203366.235,498.36,14.00,3.1953,5.42,0.000,168.3,244.2
2026-08-08T15:36:06.466453+00:00,1786203366.466,498.60,14.00,3.1953,5.42,0.000,173.4,244.2
2026-08-08T15:36:06.663947+00:00,1786203366.664,498.79,14.00,3.1953,5.42,0.000,175.9,244.2
2026-08-08T15:36:06.859654+00:00,1786203366.860,498.99,14.00,3.1953,5.42,0.000,165.1,244.2
2026-08-08T15:36:07.054304+00:00,1786203367.054,499.18,14.00,3.1953,5.42,0.000,174.4,244.2
2026-08-08T15:36:07.256061+00:00,1786203367.256,499.38,14.00,3.1953,5.42,0.000,183.6,244.2
2026-08-08T15:36:07.485750+00:00,1786203367.486,499.61,14.00,3.1953,5.42,0.000,191.8,244.2
2026-08-08T15:36:07.689609+00:00,1786203367.690,499.82,14.00,3.1953,5.42,0.000,200.0,244.2
2026-08-08T15:36:08.058876+00:00,1786203368.059,500.19,14.00,3.1953,5.42,0.000,208.2,244.2
2026-08-08T15:36:08.261608+00:00,1786203368.262,500.39,14.00,3.1953,5.42,0.000,216.0,244.2
2026-08-08T15:36:08.459261+00:00,1786203368.459,500.59,0.00,3.1953,5.42,-1.748,215.4,244.2
2026-08-08T15:36:08.696232+00:00,1786203368.696,500.82,0.00,3.1953,5.42,-1.744,214.8,244.2
2026-08-08T15:36:08.903646+00:00,1786203368.904,501.03,0.00,3.1953,5.42,-1.735,216.3,244.2
2026-08-08T15:36:09.291265+00:00,1786203369.291,501.42,0.00,3.1953,5.42,-1.599,218.0,244.2
2026-08-08T15:36:09.511747+00:00,1786203369.512,501.64,0.00,3.1953,5.42,-1.582,208.4,244.2
2026-08-08T15:36:09.727908+00:00,1786203369.728,501.86,0.00,3.1953,5.42,-1.573,198.8,244.2
2026-08-08T15:36:09.930374+00:00,1786203369.930,502.06,0.00,3.1953,5.42,-1.591,189.3,244.2
2026-08-08T15:36:10.127763+00:00,1786203370.128,502.26,0.00,3.1953,5.42,-1.596,179.7,244.2
2026-08-08T15:36:10.330895+00:00,1786203370.331,502.46,0.00,3.1953,5.42,-1.711,170.2,244.2
2026-08-08T15:36:10.539020+00:00,1786203370.539,502.67,0.00,3.1953,5.42,-1.708,160.6,244.2
2026-08-08T15:36:10.763966+00:00,1786203370.764,502.89,0.00,3.1953,5.42,0.000,144.6,244.2
2026-08-08T15:36:10.969668+00:00,1786203370.970,503.10,0.00,3.1953,5.42,0.000,128.5,244.2
2026-08-08T15:36:11.167252+00:00,1786203371.167,503.30,0.00,3.1953,5.42,0.000,112.5,244.2
2026-08-08T15:36:11.380943+00:00,1786203371.381,503.51,0.00,3.1953,5.42,0.000,96.4,244.2
2026-08-08T15:36:11.575526+00:00,1786203371.576,503.70,0.00,3.1953,5.42,0.000,80.3,244.2
2026-08-08T15:36:11.781601+00:00,1786203371.782,503.91,0.00,3.1953,5.42,0.000,64.3,244.2
2026-08-08T15:36:11.987860+00:00,1786203371.988,504.12,0.00,3.1953,5.42,0.000,48.2,244.2
2026-08-08T15:36:12.368819+00:00,1786203372.369,504.50,0.00,3.1953,5.42,0.000,32.1,244.2
2026-08-08T15:36:12.571574+00:00,1786203372.572,504.70,0.00,3.1953,5.42,0.000,16.1,244.2
2026-08-08T15:36:12.775240+00:00,1786203372.775,504.90,0.00,3.1953,5.42,0.000,0.0,244.2
2026-08-08T15:36:12.975015+00:00,1786203372.975,505.10,0.00,3.1953,5.42,0.000,0.0,244.2
2026-08-08T15:36:13.177379+00:00,1786203373.177,505.31,0.00,3.1953,5.42,0.000,0.0,244.2
2026-08-08T15:36:13.380868+00:00,1786203373.381,505.51,0.00,3.1953,5.42,0.000,0.0,244.2
2026-08-08T15:36:13.585126+00:00,1786203373.585,505.71,0.00,3.1953,5.42,0.000,0.0,244.2
2026-08-08T15:36:13.789649+00:00,1786203373.790,505.92,0.00,3.1953,5.42,0.000,0.0,244.2
2026-08-08T15:36:13.991947+00:00,1786203373.992,506.12,0.00,3.1953,5.42,0.000,0.0,244.2
2026-08-08T15:36:14.195141+00:00,1786203374.195,506.32,0.00,3.1953,5.42,0.000,0.0,244.2
2026-08-08T15:36:14.398572+00:00,1786203374.399,506.53,0.00,3.1953,5.42,0.000,0.0,244.2
2026-08-08T15:36:14.602132+00:00,1786203374.602,506.73,0.00,3.1953,5.42,0.000,0.0,244.2
2026-08-08T15:36:14.805822+00:00,1786203374.806,506.93,0.00,3.1953,5.42,0.000,0.0,244.2
2026-08-08T15:36:15.006782+00:00,1786203375.007,507.14,0.00,3.1953,5.42,0.000,0.0,244.2
2026-08-08T15:36:15.209203+00:00,1786203375.209,507.34,0.00,3.1953,5.42,0.000,0.0,244.2
2026-08-08T15:36:15.414015+00:00,1786203375.414,507.54,0.00,3.1953,5.42,0.000,0.0,244.2
2026-08-08T15:36:15.616618+00:00,1786203375.617,507.75,0.00,3.1953,5.42,0.000,0.0,244.2
2026-08-08T15:36:15.818938+00:00,1786203375.819,507.95,0.00,3.1953,5.42,0.000,0.0,244.2
2026-08-08T15:36:16.017695+00:00,1786203376.018,508.15,0.00,3.1953,5.42,0.000,0.0,244.2
2026-08-08T15:36:16.220591+00:00,1786203376.221,508.35,0.00,3.1953,5.42,0.000,0.0,244.2
2026-08-08T15:36:16.422947+00:00,1786203376.423,508.55,0.00,3.1953,5.42,0.000,0.0,244.2
2026-08-08T15:36:16.624977+00:00,1786203376.625,508.75,0.00,3.1953,5.42,0.000,0.0,244.2
2026-08-08T15:36:16.828575+00:00,1786203376.829,508.96,2.20,3.1975,5.42,0.302,3.2,244.2
2026-08-08T15:36:17.024522+00:00,1786203377.025,509.15,2.20,3.1975,5.42,0.303,6.4,244.2
2026-08-08T15:36:17.223191+00:00,1786203377.223,509.35,2.20,3.1975,5.42,0.303,9.6,244.2
2026-08-08T15:36:17.428824+00:00,1786203377.429,509.56,2.20,3.1975,5.42,0.303,12.7,244.2
2026-08-08T15:36:17.628099+00:00,1786203377.628,509.76,2.20,3.1975,5.42,0.303,15.9,244.2
2026-08-08T15:36:17.834710+00:00,1786203377.835,509.96,2.20,3.1975,5.42,0.303,19.1,244.2
2026-08-08T15:36:18.035710+00:00,1786203378.036,510.16,2.20,3.1975,5.42,0.302,22.3,244.2
2026-08-08T15:36:18.234213+00:00,1786203378.234,510.36,2.20,3.1975,5.42,0.303,25.5,244.2
2026-08-08T15:36:18.439449+00:00,1786203378.439,510.57,2.20,3.1975,5.42,0.303,28.7,244.2
2026-08-08T15:36:18.641892+00:00,1786203378.642,510.77,2.20,3.1975,5.42,0.303,31.9,244.2
2026-08-08T15:36:18.842380+00:00,1786203378.842,510.97,0.00,3.1975,5.42,-0.303,31.9,244.2
2026-08-08T15:36:19.043022+00:00,1786203379.043,511.17,0.00,3.1975,5.42,-0.302,31.9,244.2
2026-08-08T15:36:19.246869+00:00,1786203379.247,511.38,0.00,3.1975,5.42,-0.301,31.9,244.2
2026-08-08T15:36:19.448248+00:00,1786203379.448,511.58,0.00,3.1975,5.42,-0.302,31.9,244.2
2026-08-08T15:36:19.651296+00:00,1786203379.651,511.78,0.00,3.1975,5.42,-0.301,31.9,244.2
2026-08-08T15:36:19.852286+00:00,1786203379.852,511.98,0.00,3.1975,5.42,-0.302,31.9,244.2
2026-08-08T15:36:20.055527+00:00,1786203380.055,512.18,0.00,3.1975,5.42,-0.302,31.9,244.2
2026-08-08T15:36:20.258661+00:00,1786203380.259,512.39,0.00,3.1975,5.42,-0.301,31.9,244.2
2026-08-08T15:36:20.462055+00:00,1786203380.462,512.59,0.00,3.1975,5.42,-0.301,31.9,244.2
2026-08-08T15:36:20.665626+00:00,1786203380.666,512.79,0.00,3.1975,5.42,-0.301,31.9,244.2
2026-08-08T15:36:20.874157+00:00,1786203380.874,513.00,0.00,3.1975,5.42,0.000,28.7,244.2
2026-08-08T15:36:21.067427+00:00,1786203381.067,513.20,0.00,3.1975,5.42,0.000,25.5,244.2
2026-08-08T15:36:21.267378+00:00,1786203381.267,513.40,0.00,3.1975,5.42,0.000,22.3,244.2
2026-08-08T15:36:21.465987+00:00,1786203381.466,513.59,0.00,3.1975,5.42,0.000,19.1,244.2
2026-08-08T15:36:21.662874+00:00,1786203381.663,513.79,0.00,3.1975,5.42,0.000,15.9,244.2
2026-08-08T15:36:21.862634+00:00,1786203381.863,513.99,0.00,3.1975,5.42,0.000,12.7,244.2
2026-08-08T15:36:22.067994+00:00,1786203382.068,514.20,0.00,3.1975,5.42,0.000,9.6,244.2
2026-08-08T15:36:22.267204+00:00,1786203382.267,514.40,0.00,3.1975,5.42,0.000,6.4,244.2
2026-08-08T15:36:22.471495+00:00,1786203382.471,514.60,0.00,3.1975,5.42,0.000,3.2,244.2
2026-08-08T15:36:22.670860+00:00,1786203382.671,514.80,0.00,3.1975,5.42,0.000,0.0,244.2
2026-08-08T15:36:22.877709+00:00,1786203382.878,515.01,0.00,3.1975,5.42,0.000,0.0,244.2
2026-08-08T15:36:23.083881+00:00,1786203383.084,515.21,0.00,3.1975,5.42,0.000,0.0,244.2
2026-08-08T15:36:23.281629+00:00,1786203383.282,515.41,0.00,3.1975,5.42,0.000,0.0,244.2
2026-08-08T15:36:23.485324+00:00,1786203383.485,515.61,0.00,3.1975,5.42,0.000,0.0,244.2
2026-08-08T15:36:23.685610+00:00,1786203383.686,515.81,0.00,3.1975,5.42,0.000,0.0,244.2
2026-08-08T15:36:23.886168+00:00,1786203383.886,516.01,0.00,3.1975,5.42,0.000,0.0,244.2
2026-08-08T15:36:24.087001+00:00,1786203384.087,516.22,0.00,3.1975,5.42,0.000,0.0,244.2
2026-08-08T15:36:24.288592+00:00,1786203384.289,516.42,0.00,3.1975,5.42,0.000,0.0,244.2
2026-08-08T15:36:24.493572+00:00,1786203384.494,516.62,0.00,3.1975,5.42,0.000,0.0,244.2
2026-08-08T15:36:24.696020+00:00,1786203384.696,516.82,0.00,3.1975,5.42,0.000,0.0,244.2
2026-08-08T15:36:24.898633+00:00,1786203384.899,517.03,0.00,3.1975,5.42,0.000,0.0,244.2
2026-08-08T15:36:25.104771+00:00,1786203385.105,517.23,0.00,3.1975,5.42,0.000,0.0,244.2
2026-08-08T15:36:25.308146+00:00,1786203385.308,517.44,0.00,3.1975,5.42,0.000,0.0,244.2
2026-08-08T15:36:25.509660+00:00,1786203385.510,517.64,0.00,3.1975,5.42,0.000,0.0,244.2
2026-08-08T15:36:25.711865+00:00,1786203385.712,517.84,0.00,3.1975,5.42,0.000,0.0,244.2
2026-08-08T15:36:25.914307+00:00,1786203385.914,518.04,0.00,3.1975,5.42,0.000,0.0,244.2
2026-08-08T15:36:26.113273+00:00,1786203386.113,518.24,0.00,3.1975,5.42,0.000,0.0,244.2
2026-08-08T15:36:26.315801+00:00,1786203386.316,518.44,0.00,3.1975,5.42,0.000,0.0,244.2
2026-08-08T15:36:26.519080+00:00,1786203386.519,518.65,0.00,3.1975,5.42,0.000,0.0,244.2
2026-08-08T15:36:26.721876+00:00,1786203386.722,518.85,0.00,3.1975,5.42,0.000,0.0,244.2
2026-08-08T15:36:26.922228+00:00,1786203386.922,519.05,0.00,3.1975,5.42,0.000,0.0,244.2
2026-08-08T15:36:27.121442+00:00,1786203387.121,519.25,0.00,3.1975,5.42,0.000,0.0,244.2
2026-08-08T15:36:27.317615+00:00,1786203387.318,519.45,0.00,3.1975,5.42,0.000,0.0,244.2
2026-08-08T15:36:27.520365+00:00,1786203387.520,519.65,0.00,3.1975,5.42,0.000,0.0,244.2
2026-08-08T15:36:27.722828+00:00,1786203387.723,519.85,0.00,3.1975,5.42,0.000,0.0,244.2
2026-08-08T15:36:27.926199+00:00,1786203387.926,520.05,0.00,3.1975,5.42,0.000,0.0,244.2
2026-08-08T15:36:28.125018+00:00,1786203388.125,520.25,0.00,3.1975,5.42,0.000,0.0,244.2
2026-08-08T15:36:28.327822+00:00,1786203388.328,520.46,0.00,3.1975,5.42,0.000,0.0,244.2
2026-08-08T15:36:28.529571+00:00,1786203388.530,520.66,0.00,3.1975,5.42,0.000,0.0,244.2
2026-08-08T15:36:28.731284+00:00,1786203388.731,520.86,0.00,3.1975,5.42,0.000,0.0,244.2
2026-08-08T15:36:28.933254+00:00,1786203388.933,521.06,0.00,3.1975,5.42,0.000,0.0,244.2
2026-08-08T15:36:29.134886+00:00,1786203389.135,521.26,1.21,3.1997,5.42,0.167,0.0,244.2
2026-08-08T15:36:29.332908+00:00,1786203389.333,521.46,1.21,3.1997,5.42,0.167,3.1,244.2
2026-08-08T15:36:29.530879+00:00,1786203389.531,521.66,1.21,3.1997,5.42,0.167,4.7,244.2
2026-08-08T15:36:29.725340+00:00,1786203389.725,521.85,1.21,3.1997,5.42,0.168,6.3,244.2
2026-08-08T15:36:29.919933+00:00,1786203389.920,522.05,1.21,3.1997,5.42,0.169,7.8,244.2
2026-08-08T15:36:30.124562+00:00,1786203390.125,522.25,1.21,3.1997,5.42,0.168,9.4,244.2
2026-08-08T15:36:30.326139+00:00,1786203390.326,522.45,1.21,3.1997,5.42,0.168,11.0,244.2
2026-08-08T15:36:30.523622+00:00,1786203390.524,522.65,1.21,3.1997,5.42,0.169,12.5,244.2
2026-08-08T15:36:30.722208+00:00,1786203390.722,522.85,1.21,3.1997,5.42,0.169,14.1,244.2
2026-08-08T15:36:30.919615+00:00,1786203390.920,523.05,1.21,3.1997,5.42,0.169,15.7,244.2
2026-08-08T15:36:31.114514+00:00,1786203391.114,523.24,0.00,3.1997,5.42,-0.170,15.7,244.2
2026-08-08T15:36:31.315509+00:00,1786203391.315,523.44,0.00,3.1997,5.42,-0.169,15.7,244.2
2026-08-08T15:36:31.519747+00:00,1786203391.520,523.65,0.00,3.1997,5.42,-0.169,15.7,244.2
2026-08-08T15:36:31.725390+00:00,1786203391.725,523.85,0.00,3.1997,5.42,-0.168,15.7,244.2
2026-08-08T15:36:31.929022+00:00,1786203391.929,524.06,0.00,3.1997,5.42,-0.167,15.7,244.2
2026-08-08T15:36:32.125495+00:00,1786203392.125,524.25,0.00,3.1997,5.42,-0.168,15.7,244.2
2026-08-08T15:36:32.326388+00:00,1786203392.326,524.45,0.00,3.1997,5.42,-0.168,15.7,244.2
2026-08-08T15:36:32.532666+00:00,1786203392.533,524.66,0.00,3.1997,5.42,-0.167,15.7,244.2
2026-08-08T15:36:32.734879+00:00,1786203392.735,524.86,0.00,3.1997,5.42,-0.167,15.7,244.2
2026-08-08T15:36:32.932215+00:00,1786203392.932,525.06,0.00,3.1997,5.42,-0.167,15.7,244.2
2026-08-08T15:36:33.140375+00:00,1786203393.140,525.27,0.00,3.1997,5.42,0.000,14.1,244.2
2026-08-08T15:36:33.341484+00:00,1786203393.341,525.47,0.00,3.1997,5.42,0.000,12.5,244.2
2026-08-08T15:36:33.540458+00:00,1786203393.540,525.67,0.00,3.1997,5.42,0.000,11.0,244.2
2026-08-08T15:36:33.740633+00:00,1786203393.741,525.87,0.00,3.1997,5.42,0.000,9.4,244.2
2026-08-08T15:36:33.936594+00:00,1786203393.937,526.07,0.00,3.1997,5.42,0.000,7.8,244.2
2026-08-08T15:36:34.213333+00:00,1786203394.213,526.34,0.00,3.1997,5.42,0.000,6.3,244.2
2026-08-08T15:36:34.415296+00:00,1786203394.415,526.54,0.00,3.1997,5.42,0.000,4.7,244.2
2026-08-08T15:36:34.614968+00:00,1786203394.615,526.74,0.00,3.1997,5.42,0.000,3.1,244.2
2026-08-08T15:36:34.814445+00:00,1786203394.814,526.94,0.00,3.1997,5.42,0.000,0.0,244.2
2026-08-08T15:36:35.022400+00:00,1786203395.022,527.15,0.00,3.1997,5.42,0.000,0.0,244.2
2026-08-08T15:36:35.217958+00:00,1786203395.218,527.35,0.00,3.1997,5.42,0.000,0.0,244.2
2026-08-08T15:36:35.416741+00:00,1786203395.417,527.55,0.00,3.1997,5.42,0.000,0.0,244.2
2026-08-08T15:36:35.619702+00:00,1786203395.620,527.75,0.00,3.1997,5.42,0.000,0.0,244.2
2026-08-08T15:36:35.822484+00:00,1786203395.822,527.95,0.00,3.1997,5.42,0.000,0.0,244.2
2026-08-08T15:36:36.025365+00:00,1786203396.025,528.15,0.00,3.1997,5.42,0.000,0.0,244.2
2026-08-08T15:36:36.228822+00:00,1786203396.229,528.36,0.00,3.1997,5.21,0.000,0.0,244.2
2026-08-08T15:36:36.434275+00:00,1786203396.434,528.56,0.00,3.1997,4.99,0.000,0.0,244.2
2026-08-08T15:36:36.774453+00:00,1786203396.774,528.90,0.00,3.1997,4.34,0.000,0.0,244.2
2026-08-08T15:36:36.971710+00:00,1786203396.972,529.10,0.00,3.1997,4.12,0.000,0.0,233.1
2026-08-08T15:36:37.359009+00:00,1786203397.359,529.49,0.00,3.1997,3.69,0.000,0.0,233.1
2026-08-08T15:36:37.555657+00:00,1786203397.556,529.68,0.00,3.1997,3.47,0.000,0.0,233.1
2026-08-08T15:36:37.757883+00:00,1786203397.758,529.89,0.00,3.1997,3.25,0.000,0.0,233.1
2026-08-08T15:36:37.959575+00:00,1786203397.960,530.09,0.00,3.1997,3.04,0.000,0.0,233.1
2026-08-08T15:36:38.340908+00:00,1786203398.341,530.47,0.00,3.1997,2.60,0.000,0.0,233.1
2026-08-08T15:36:38.542092+00:00,1786203398.542,530.67,0.00,3.1997,2.39,0.000,0.0,233.1
2026-08-08T15:36:38.927090+00:00,1786203398.927,531.06,0.00,3.1997,1.95,0.000,0.0,233.1
2026-08-08T15:36:39.124826+00:00,1786203399.125,531.25,0.00,3.1997,1.74,0.000,0.0,233.1
2026-08-08T15:36:39.343697+00:00,1786203399.344,531.47,0.00,3.1997,1.52,0.000,0.0,222.0
2026-08-08T15:36:39.729473+00:00,1786203399.729,531.86,0.00,3.1997,1.08,0.000,0.0,222.0
2026-08-08T15:36:39.934032+00:00,1786203399.934,532.06,0.00,3.1997,0.87,0.000,0.0,222.0
2026-08-08T15:36:40.499005+00:00,1786203400.499,532.63,0.00,3.1997,0.43,0.000,0.0,222.0
2026-08-08T15:36:40.700519+00:00,1786203400.700,532.83,0.00,3.1997,0.22,0.000,0.0,222.0
2026-08-08T15:36:40.894823+00:00,1786203400.895,533.02,0.00,3.1997,0.00,0.000,0.0,222.0
2026-08-08T15:36:41.266467+00:00,1786203401.266,533.40,0.00,3.1997,0.00,0.000,0.0,222.0
2026-08-08T15:36:41.472159+00:00,1786203401.472,533.60,0.00,3.1997,0.00,0.000,0.0,188.7
2026-08-08T15:36:41.674983+00:00,1786203401.675,533.80,0.00,3.1997,0.00,0.000,0.0,188.7
2026-08-08T15:36:41.877631+00:00,1786203401.878,534.01,0.00,3.1997,0.00,0.000,0.0,188.7
2026-08-08T15:36:42.081010+00:00,1786203402.081,534.21,0.00,3.1997,0.00,0.000,0.0,188.7
2026-08-08T15:36:42.283613+00:00,1786203402.284,534.41,0.00,3.1997,0.00,0.000,0.0,188.7
2026-08-08T15:36:42.486975+00:00,1786203402.487,534.62,0.00,3.1997,0.00,0.000,0.0,188.7
2026-08-08T15:36:42.688767+00:00,1786203402.689,534.82,0.00,3.1997,0.00,0.000,0.0,188.7
2026-08-08T15:36:42.890194+00:00,1786203402.890,535.02,0.00,3.1997,0.00,0.000,0.0,188.7
2026-08-08T15:36:43.094324+00:00,1786203403.094,535.22,0.00,3.1997,0.00,0.000,0.0,188.7
2026-08-08T15:36:43.296884+00:00,1786203403.297,535.43,0.00,3.1997,0.00,0.000,0.0,188.7
2026-08-08T15:36:43.503867+00:00,1786203403.504,535.63,0.00,3.1997,0.00,0.000,0.0,188.7
2026-08-08T15:36:43.706412+00:00,1786203403.706,535.84,0.00,3.1997,0.00,0.000,0.0,188.7
2026-08-08T15:36:43.910341+00:00,1786203403.910,536.04,0.00,3.1997,0.00,0.000,0.0,188.7
2026-08-08T15:36:44.113364+00:00,1786203404.113,536.24,0.00,3.1997,0.00,0.000,0.0,188.7
2026-08-08T15:36:44.316148+00:00,1786203404.316,536.44,0.00,3.1997,0.00,0.000,0.0,188.7
2026-08-08T15:36:44.517625+00:00,1786203404.518,536.65,0.00,3.1997,0.00,0.000,0.0,188.7
2026-08-08T15:36:44.719288+00:00,1786203404.719,536.85,0.00,3.1997,0.00,0.000,0.0,188.7
2026-08-08T15:36:44.917694+00:00,1786203404.918,537.05,0.00,3.1997,0.00,0.000,0.0,188.7
2026-08-08T15:36:45.118376+00:00,1786203405.118,537.25,0.00,3.1997,0.00,0.000,0.0,188.7
2026-08-08T15:36:45.320959+00:00,1786203405.321,537.45,0.00,3.1997,0.00,0.000,0.0,188.7
2026-08-08T15:36:45.526105+00:00,1786203405.526,537.65,0.00,3.1997,0.00,0.000,0.0,188.7
2026-08-08T15:36:45.727207+00:00,1786203405.727,537.86,0.00,3.1997,0.00,0.000,0.0,188.7
2026-08-08T15:36:45.927896+00:00,1786203405.928,538.06,0.00,3.1997,0.00,0.000,0.0,188.7
2026-08-08T15:36:46.129231+00:00,1786203406.129,538.26,0.00,3.1997,0.00,0.000,0.0,188.7
2026-08-08T15:36:46.331778+00:00,1786203406.332,538.46,0.00,3.1997,0.00,0.000,0.0,188.7
2026-08-08T15:36:46.533172+00:00,1786203406.533,538.66,0.00,3.1997,0.00,0.000,0.0,188.7
2026-08-08T15:36:46.735161+00:00,1786203406.735,538.86,0.00,3.1997,0.00,0.000,0.0,188.7
2026-08-08T15:36:46.933501+00:00,1786203406.933,539.06,0.00,3.1997,0.00,0.000,0.0,188.7
2026-08-08T15:36:47.137870+00:00,1786203407.138,539.27,0.00,3.1997,0.00,0.000,0.0,188.7
2026-08-08T15:36:47.340806+00:00,1786203407.341,539.47,0.00,3.1997,0.00,0.000,0.0,188.7
2026-08-08T15:36:47.543484+00:00,1786203407.543,539.67,0.00,3.1997,0.00,0.000,0.0,188.7
2026-08-08T15:36:47.746076+00:00,1786203407.746,539.87,0.00,3.1997,0.00,0.000,0.0,188.7
2026-08-08T15:36:47.947868+00:00,1786203407.948,540.08,0.00,3.1997,0.00,0.000,0.0,188.7
2026-08-08T15:36:48.150925+00:00,1786203408.151,540.28,0.00,3.1997,0.00,0.000,0.0,188.7
2026-08-08T15:36:48.354270+00:00,1786203408.354,540.48,0.00,3.1997,0.00,0.000,0.0,188.7
2026-08-08T15:36:48.557829+00:00,1786203408.558,540.69,0.00,3.1997,0.00,0.000,0.0,188.7
2026-08-08T15:36:48.759198+00:00,1786203408.759,540.89,0.00,3.1997,0.00,0.000,0.0,188.7
2026-08-08T15:36:48.963582+00:00,1786203408.964,541.09,0.00,3.1997,0.00,0.000,0.0,188.7
2026-08-08T15:36:49.165117+00:00,1786203409.165,541.29,0.00,3.1997,0.00,0.000,0.0,188.7
2026-08-08T15:36:49.368974+00:00,1786203409.369,541.50,0.00,3.1997,0.00,0.000,0.0,188.7
2026-08-08T15:36:49.572095+00:00,1786203409.572,541.70,0.00,3.1997,0.00,0.000,0.0,188.7
2026-08-08T15:36:49.774017+00:00,1786203409.774,541.90,0.00,3.1997,0.00,0.000,0.0,188.7
2026-08-08T15:36:49.973689+00:00,1786203409.974,542.10,0.00,3.1997,0.00,0.000,0.0,188.7
2026-08-08T15:36:50.176911+00:00,1786203410.177,542.31,0.00,3.1997,0.00,0.000,0.0,188.7
2026-08-08T15:36:50.380479+00:00,1786203410.380,542.51,0.00,3.1997,0.00,0.000,0.0,188.7
2026-08-08T15:36:50.583992+00:00,1786203410.584,542.71,0.00,3.1997,0.00,0.000,0.0,188.7
2026-08-08T15:36:50.787353+00:00,1786203410.787,542.92,0.00,3.1997,0.00,0.000,0.0,188.7
2026-08-08T15:36:50.985425+00:00,1786203410.985,543.11,0.00,3.1997,0.00,0.000,0.0,188.7
2026-08-08T15:36:51.183459+00:00,1786203411.183,543.31,0.00,3.1997,0.00,0.000,0.0,188.7
2026-08-08T15:36:51.385604+00:00,1786203411.386,543.51,0.00,3.1997,0.00,0.000,0.0,188.7
2026-08-08T15:36:51.587801+00:00,1786203411.588,543.72,0.00,3.1997,0.00,0.000,0.0,188.7
2026-08-08T15:36:51.789967+00:00,1786203411.790,543.92,0.00,3.1997,0.00,0.000,0.0,188.7
2026-08-08T15:36:51.997571+00:00,1786203411.998,544.13,0.00,3.1997,0.00,0.000,0.0,188.7
2026-08-08T15:36:52.201821+00:00,1786203412.202,544.33,0.00,3.1997,0.00,0.000,0.0,188.7
2026-08-08T15:36:52.404891+00:00,1786203412.405,544.53,0.00,3.1997,0.00,0.000,0.0,188.7
2026-08-08T15:36:52.606073+00:00,1786203412.606,544.73,0.00,3.1997,0.00,0.000,0.0,188.7
2026-08-08T15:36:52.804315+00:00,1786203412.804,544.93,0.00,3.1997,0.00,0.000,0.0,188.7
2026-08-08T15:36:53.004392+00:00,1786203413.004,545.13,0.00,3.1997,0.00,0.000,0.0,188.7
2026-08-08T15:36:53.208460+00:00,1786203413.208,545.34,0.00,3.1997,0.00,0.000,0.0,188.7
2026-08-08T15:36:53.410226+00:00,1786203413.410,545.54,0.00,3.1997,0.00,0.000,0.0,188.7
2026-08-08T15:36:53.609210+00:00,1786203413.609,545.74,0.00,3.1997,0.00,0.000,0.0,188.7
2026-08-08T15:36:53.811769+00:00,1786203413.812,545.94,0.63,3.2019,0.00,0.086,0.0,188.7
2026-08-08T15:36:54.012062+00:00,1786203414.012,546.14,0.63,3.2019,0.00,0.086,0.0,188.7
2026-08-08T15:36:54.214003+00:00,1786203414.214,546.34,0.63,3.2019,0.00,0.086,0.0,188.7
2026-08-08T15:36:54.416966+00:00,1786203414.417,546.55,0.63,3.2019,0.00,0.086,0.0,188.7
2026-08-08T15:36:54.620057+00:00,1786203414.620,546.75,0.63,3.2019,0.00,0.086,0.0,188.7
2026-08-08T15:36:54.827350+00:00,1786203414.827,546.96,0.63,3.2019,0.00,0.086,0.0,188.7
2026-08-08T15:36:55.023050+00:00,1786203415.023,547.15,0.63,3.2019,0.00,0.086,0.0,188.7
2026-08-08T15:36:55.224207+00:00,1786203415.224,547.35,0.63,3.2019,0.00,0.086,0.0,188.7
2026-08-08T15:36:55.429974+00:00,1786203415.430,547.56,0.63,3.2019,0.00,0.086,0.0,188.7
2026-08-08T15:36:55.633767+00:00,1786203415.634,547.76,0.63,3.2019,0.00,0.086,0.0,188.7
2026-08-08T15:36:55.837427+00:00,1786203415.837,547.97,0.00,3.2019,0.00,-0.086,0.0,188.7
2026-08-08T15:36:56.039647+00:00,1786203416.040,548.17,0.00,3.2019,0.00,-0.086,0.0,188.7
2026-08-08T15:36:56.243349+00:00,1786203416.243,548.37,0.00,3.2019,0.00,-0.086,0.0,188.7
2026-08-08T15:36:56.449903+00:00,1786203416.450,548.58,0.00,3.2019,0.00,-0.086,0.0,188.7
2026-08-08T15:36:56.654579+00:00,1786203416.655,548.78,0.00,3.2019,0.00,-0.086,0.0,188.7
2026-08-08T15:36:56.859666+00:00,1786203416.860,548.99,0.00,3.2019,0.00,-0.086,0.0,188.7
2026-08-08T15:36:57.054661+00:00,1786203417.055,549.18,0.00,3.2019,0.00,-0.086,0.0,188.7
2026-08-08T15:36:57.257727+00:00,1786203417.258,549.39,0.00,3.2019,0.00,-0.086,0.0,188.7
2026-08-08T15:36:57.460615+00:00,1786203417.461,549.59,0.00,3.2019,0.00,-0.086,0.0,188.7
2026-08-08T15:36:57.662381+00:00,1786203417.662,549.79,0.00,3.2019,0.00,-0.086,0.0,188.7
2026-08-08T15:36:57.864515+00:00,1786203417.865,549.99,0.00,3.2019,0.00,0.000,0.0,188.7
2026-08-08T15:36:58.070478+00:00,1786203418.070,550.20,0.00,3.2019,0.00,0.000,0.0,188.7
2026-08-08T15:36:58.273798+00:00,1786203418.274,550.40,0.00,3.2019,0.00,0.000,0.0,188.7
2026-08-08T15:36:58.477289+00:00,1786203418.477,550.61,0.00,3.2019,0.00,0.000,0.0,188.7
2026-08-08T15:36:58.680564+00:00,1786203418.681,550.81,0.00,3.2019,0.00,0.000,0.0,188.7
2026-08-08T15:36:58.884204+00:00,1786203418.884,551.01,0.00,3.2019,0.00,0.000,0.0,188.7
2026-08-08T15:36:59.085145+00:00,1786203419.085,551.21,0.00,3.2019,0.00,0.000,0.0,188.7
2026-08-08T15:36:59.287728+00:00,1786203419.288,551.42,0.00,3.2019,0.00,0.000,0.0,188.7
2026-08-08T15:36:59.491095+00:00,1786203419.491,551.62,0.00,3.2019,0.00,0.000,0.0,188.7
2026-08-08T15:36:59.694123+00:00,1786203419.694,551.82,0.00,3.2019,0.00,0.000,0.0,188.7
2026-08-08T15:36:59.899305+00:00,1786203419.899,552.03,0.00,3.2019,0.00,0.000,0.0,188.7
2026-08-08T15:37:00.101836+00:00,1786203420.102,552.23,0.00,3.2019,0.00,0.000,0.0,188.7
2026-08-08T15:37:00.304058+00:00,1786203420.304,552.43,0.00,3.2019,0.00,0.000,0.0,188.7
2026-08-08T15:37:00.507353+00:00,1786203420.507,552.64,0.00,3.2019,0.00,0.000,0.0,188.7
2026-08-08T15:37:00.709614+00:00,1786203420.710,552.84,0.00,3.2019,0.00,0.000,0.0,188.7
2026-08-08T15:37:00.912029+00:00,1786203420.912,553.04,0.00,3.2019,0.00,0.000,0.0,188.7
2026-08-08T15:37:01.115211+00:00,1786203421.115,553.24,0.00,3.2019,0.00,0.000,0.0,188.7
2026-08-08T15:37:01.318625+00:00,1786203421.319,553.45,0.00,3.2019,0.00,0.000,0.0,188.7
2026-08-08T15:37:01.521325+00:00,1786203421.521,553.65,0.00,3.2019,0.00,0.000,0.0,188.7
2026-08-08T15:37:01.724379+00:00,1786203421.724,553.85,0.00,3.2019,0.00,0.000,0.0,188.7
2026-08-08T15:37:01.930084+00:00,1786203421.930,554.06,0.00,3.2019,0.00,0.000,0.0,188.7
2026-08-08T15:37:02.132279+00:00,1786203422.132,554.26,0.00,3.2019,0.00,0.000,0.0,188.7
2026-08-08T15:37:02.339127+00:00,1786203422.339,554.47,0.00,3.2019,0.00,0.000,0.0,188.7
2026-08-08T15:37:02.537051+00:00,1786203422.537,554.67,0.00,3.2019,0.00,0.000,0.0,188.7
2026-08-08T15:37:02.739323+00:00,1786203422.739,554.87,0.00,3.2019,0.00,0.000,0.0,188.7
2026-08-08T15:37:02.939856+00:00,1786203422.940,555.07,0.00,3.2019,0.00,0.000,0.0,188.7
2026-08-08T15:37:03.143976+00:00,1786203423.144,555.27,0.00,3.2019,0.00,0.000,0.0,188.7
2026-08-08T15:37:03.346583+00:00,1786203423.347,555.48,0.00,3.2019,0.00,0.000,0.0,188.7
2026-08-08T15:37:03.549361+00:00,1786203423.549,555.68,0.00,3.2019,0.00,0.000,0.0,188.7
2026-08-08T15:37:03.751188+00:00,1786203423.751,555.88,0.00,3.2019,0.00,0.000,0.0,188.7
2026-08-08T15:37:03.950421+00:00,1786203423.950,556.08,0.00,3.2019,0.00,0.000,0.0,188.7
2026-08-08T15:37:04.152528+00:00,1786203424.153,556.28,0.00,3.2019,0.00,0.000,0.0,188.7
2026-08-08T15:37:04.348972+00:00,1786203424.349,556.48,0.00,3.2019,0.00,0.000,0.0,188.7
2026-08-08T15:37:04.552067+00:00,1786203424.552,556.68,0.00,3.2019,0.00,0.000,0.0,188.7
2026-08-08T15:37:04.754365+00:00,1786203424.754,556.88,0.00,3.2019,0.00,0.000,0.0,188.7
2026-08-08T15:37:04.954905+00:00,1786203424.955,557.08,0.00,3.2019,0.00,0.000,0.0,188.7
2026-08-08T15:37:05.152398+00:00,1786203425.152,557.28,0.00,3.2019,0.00,0.000,0.0,188.7
2026-08-08T15:37:05.356211+00:00,1786203425.356,557.48,0.00,3.2019,0.00,0.000,0.0,188.7
2026-08-08T15:37:05.557845+00:00,1786203425.558,557.69,0.00,3.2019,0.00,0.000,0.0,188.7
2026-08-08T15:37:05.752755+00:00,1786203425.753,557.88,0.00,3.2019,0.00,0.000,0.0,188.7
2026-08-08T15:37:05.954834+00:00,1786203425.955,558.08,0.00,3.2019,0.00,0.000,0.0,188.7
2026-08-08T15:37:06.156118+00:00,1786203426.156,558.28,0.00,3.2019,0.00,0.000,0.0,188.7
2026-08-08T15:37:06.360233+00:00,1786203426.360,558.49,0.00,3.2019,0.00,0.000,0.0,188.7
2026-08-08T15:37:06.563286+00:00,1786203426.563,558.69,0.00,3.2019,0.00,0.000,0.0,188.7
2026-08-08T15:37:06.764316+00:00,1786203426.764,558.89,0.00,3.2019,0.00,0.000,0.0,188.7
2026-08-08T15:37:06.967618+00:00,1786203426.968,559.10,0.00,3.2019,0.00,0.000,0.0,188.7
2026-08-08T15:37:07.169990+00:00,1786203427.170,559.30,0.00,3.2019,0.00,0.000,0.0,188.7
2026-08-08T15:37:07.371451+00:00,1786203427.371,559.50,0.00,3.2019,0.00,0.000,0.0,188.7
2026-08-08T15:37:07.572773+00:00,1786203427.573,559.70,0.00,3.2019,0.00,0.000,0.0,188.7
2026-08-08T15:37:07.776884+00:00,1786203427.777,559.91,0.00,3.2019,0.00,0.000,0.0,188.7
2026-08-08T15:37:07.976169+00:00,1786203427.976,560.10,0.00,3.2019,0.00,0.000,0.0,188.7
2026-08-08T15:37:08.179537+00:00,1786203428.180,560.31,0.00,3.2019,0.00,0.000,0.0,188.7
2026-08-08T15:37:08.381825+00:00,1786203428.382,560.51,0.00,3.2019,0.00,0.000,0.0,188.7
2026-08-08T15:37:08.583060+00:00,1786203428.583,560.71,0.00,3.2019,0.00,0.000,0.0,188.7
2026-08-08T15:37:08.780924+00:00,1786203428.781,560.91,0.00,3.2019,0.00,0.000,0.0,188.7
2026-08-08T15:37:08.983878+00:00,1786203428.984,561.11,0.00,3.2019,0.00,0.000,0.0,188.7
2026-08-08T15:37:09.187066+00:00,1786203429.187,561.32,0.00,3.2019,0.00,0.000,0.0,188.7
2026-08-08T15:37:09.390150+00:00,1786203429.390,561.52,0.49,3.2041,0.00,0.067,0.0,188.7
2026-08-08T15:37:09.593880+00:00,1786203429.594,561.72,0.49,3.2041,0.00,0.067,0.0,188.7
2026-08-08T15:37:09.796189+00:00,1786203429.796,561.92,0.49,3.2041,0.00,0.067,0.0,188.7
2026-08-08T15:37:09.994022+00:00,1786203429.994,562.12,0.49,3.2041,0.00,0.067,0.0,188.7
2026-08-08T15:37:10.196906+00:00,1786203430.197,562.33,0.49,3.2041,0.00,0.067,0.0,188.7
2026-08-08T15:37:10.401443+00:00,1786203430.401,562.53,0.49,3.2041,0.00,0.067,0.0,188.7
2026-08-08T15:37:10.604303+00:00,1786203430.604,562.73,0.49,3.2041,0.00,0.067,0.0,188.7
2026-08-08T15:37:10.807016+00:00,1786203430.807,562.94,0.49,3.2041,0.00,0.067,0.0,188.7
2026-08-08T15:37:11.010662+00:00,1786203431.011,563.14,0.49,3.2041,0.00,0.067,0.0,188.7
2026-08-08T15:37:11.205995+00:00,1786203431.206,563.33,0.49,3.2041,0.00,0.067,0.0,188.7
2026-08-08T15:37:11.411218+00:00,1786203431.411,563.54,0.00,3.2041,0.00,-0.067,0.0,188.7
