timestamp_iso,timestamp_unix,duree_s,vitesse_kmh,distance_km,pitch_deg,acceleration_ms2,puissance_w,puissance_cible_w
2026-08-09T21:32:15.172168+00:00,1786311135.172,0.11,0.00,0.0154,-2.57,0.000,0.0,220.0
2026-08-09T21:32:15.373441+00:00,1786311135.373,0.31,0.00,0.0154,-2.57,0.000,0.0,220.0
2026-08-09T21:32:15.569043+00:00,1786311135.569,0.51,0.00,0.0000,-2.56,0.000,0.0,188.7
2026-08-09T21:32:15.768426+00:00,1786311135.768,0.71,0.00,0.0000,-2.56,0.000,0.0,188.7
2026-08-09T21:32:15.968074+00:00,1786311135.968,0.91,0.00,0.0000,-2.55,0.000,0.0,188.7
2026-08-09T21:32:16.166772+00:00,1786311136.167,1.11,0.00,0.0000,-2.55,0.000,0.0,188.7
2026-08-09T21:32:16.366199+00:00,1786311136.366,1.31,0.00,0.0000,-2.54,0.000,0.0,188.7
2026-08-09T21:32:16.568452+00:00,1786311136.568,1.51,0.00,0.0000,-2.54,0.000,0.0,188.7
2026-08-09T21:32:16.768621+00:00,1786311136.769,1.71,0.00,0.0000,-2.54,0.000,0.0,188.7
2026-08-09T21:32:16.968284+00:00,1786311136.968,1.91,0.00,0.0000,-2.55,0.000,0.0,188.7
2026-08-09T21:32:17.165850+00:00,1786311137.166,2.11,0.00,0.0000,-2.56,0.000,0.0,188.7
2026-08-09T21:32:17.363573+00:00,1786311137.364,2.30,0.00,0.0000,-2.57,0.000,0.0,188.7
2026-08-09T21:32:17.561745+00:00,1786311137.562,2.50,0.00,0.0000,-2.59,0.000,0.0,188.7
2026-08-09T21:32:17.760781+00:00,1786311137.761,2.70,0.00,0.0000,-2.62,0.000,0.0,188.7
2026-08-09T21:32:17.958806+00:00,1786311137.959,2.90,0.00,0.0000,-2.64,0.000,0.0,188.7
2026-08-09T21:32:18.156806+00:00,1786311138.157,3.10,0.00,0.0000,-2.66,0.000,0.0,188.7
2026-08-09T21:32:18.354498+00:00,1786311138.354,3.30,0.00,0.0000,-2.69,0.000,0.0,188.7
2026-08-09T21:32:18.549586+00:00,1786311138.550,3.49,0.00,0.0000,-2.72,0.000,0.0,188.7
2026-08-09T21:32:18.751399+00:00,1786311138.751,3.69,0.00,0.0000,-2.79,0.000,0.0,188.7
2026-08-09T21:32:18.946928+00:00,1786311138.947,3.89,0.00,0.0000,-2.87,0.000,0.0,188.7
2026-08-09T21:32:19.147964+00:00,1786311139.148,4.09,0.00,0.0000,-2.95,0.000,0.0,188.7
2026-08-09T21:32:19.346267+00:00,1786311139.346,4.29,0.00,0.0000,-3.03,0.000,0.0,188.7
2026-08-09T21:32:19.546539+00:00,1786311139.547,4.49,0.00,0.0000,-3.10,0.000,0.0,188.7
2026-08-09T21:32:19.745356+00:00,1786311139.745,4.69,0.00,0.0000,-3.16,0.000,0.0,188.7
2026-08-09T21:32:19.946486+00:00,1786311139.946,4.89,0.00,0.0000,-3.21,0.000,0.0,188.7
2026-08-09T21:32:20.144619+00:00,1786311140.145,5.09,0.00,0.0000,-3.25,0.000,0.0,188.7
2026-08-09T21:32:20.342631+00:00,1786311140.343,5.28,0.00,0.0000,-3.28,0.000,0.0,188.7
2026-08-09T21:32:20.540863+00:00,1786311140.541,5.48,0.00,0.0000,-3.27,0.000,0.0,188.7
2026-08-09T21:32:20.740771+00:00,1786311140.741,5.68,0.00,0.0000,-3.24,0.000,0.0,188.7
2026-08-09T21:32:20.936150+00:00,1786311140.936,5.88,0.00,0.0000,-3.21,0.000,0.0,188.7
2026-08-09T21:32:21.134236+00:00,1786311141.134,6.08,0.00,0.0000,-3.18,0.000,0.0,188.7
2026-08-09T21:32:21.332287+00:00,1786311141.332,6.27,0.00,0.0000,-3.17,0.000,0.0,188.7
2026-08-09T21:32:21.530265+00:00,1786311141.530,6.47,0.00,0.0000,-3.16,0.000,0.0,188.7
2026-08-09T21:32:21.729188+00:00,1786311141.729,6.67,0.00,0.0000,-3.11,0.000,0.0,188.7
2026-08-09T21:32:21.924572+00:00,1786311141.925,6.87,0.00,0.0000,-3.05,0.000,0.0,188.7
2026-08-09T21:32:22.122476+00:00,1786311142.122,7.06,0.00,0.0000,-3.00,0.000,0.0,188.7
2026-08-09T21:32:22.320556+00:00,1786311142.321,7.26,0.00,0.0000,-2.96,0.000,0.0,188.7
2026-08-09T21:32:22.518241+00:00,1786311142.518,7.46,0.00,0.0000,-2.92,0.000,0.0,188.7
2026-08-09T21:32:22.716672+00:00,1786311142.717,7.66,0.00,0.0000,-2.88,0.000,0.0,188.7
2026-08-09T21:32:22.913191+00:00,1786311142.913,7.85,0.00,0.0000,-2.86,0.000,0.0,188.7
2026-08-09T21:32:23.115700+00:00,1786311143.116,8.06,0.00,0.0000,-2.84,0.000,0.0,188.7
2026-08-09T21:32:23.313894+00:00,1786311143.314,8.26,0.00,0.0000,-2.83,0.000,0.0,188.7
2026-08-09T21:32:23.511724+00:00,1786311143.512,8.45,0.00,0.0000,-2.85,0.000,0.0,188.7
2026-08-09T21:32:23.709792+00:00,1786311143.710,8.65,0.00,0.0000,-2.89,0.000,0.0,188.7
2026-08-09T21:32:23.908104+00:00,1786311143.908,8.85,0.00,0.0000,-2.92,0.000,0.0,188.7
2026-08-09T21:32:24.105758+00:00,1786311144.106,9.05,0.00,0.0000,-2.96,0.000,0.0,188.7
2026-08-09T21:32:24.303549+00:00,1786311144.304,9.24,0.00,0.0000,-2.97,0.000,0.0,188.7
2026-08-09T21:32:24.499432+00:00,1786311144.499,9.44,0.00,0.0000,-2.99,0.000,0.0,188.7
2026-08-09T21:32:24.698183+00:00,1786311144.698,9.64,0.00,0.0000,-3.00,0.000,0.0,188.7
2026-08-09T21:32:24.896566+00:00,1786311144.897,9.84,0.00,0.0000,-3.01,0.000,0.0,188.7
2026-08-09T21:32:25.094159+00:00,1786311145.094,10.04,0.00,0.0000,-3.01,0.000,0.0,188.7
2026-08-09T21:32:25.293642+00:00,1786311145.294,10.24,0.00,0.0000,-3.02,0.000,0.0,188.7
2026-08-09T21:32:25.497618+00:00,1786311145.498,10.44,0.00,0.0000,-3.02,0.000,0.0,188.7
2026-08-09T21:32:25.703045+00:00,1786311145.703,10.64,0.00,0.0000,-3.02,0.000,0.0,188.7
2026-08-09T21:32:25.902599+00:00,1786311145.903,10.84,0.00,0.0000,-3.03,0.000,0.0,188.7
2026-08-09T21:32:26.100638+00:00,1786311146.101,11.04,0.00,0.0000,-3.03,0.000,0.0,188.7
2026-08-09T21:32:26.299980+00:00,1786311146.300,11.24,0.00,0.0000,-3.03,0.000,0.0,188.7
2026-08-09T21:32:26.496177+00:00,1786311146.496,11.44,0.00,0.0000,-3.04,0.000,0.0,188.7
2026-08-09T21:32:26.694743+00:00,1786311146.695,11.64,0.00,0.0000,-3.04,0.000,0.0,188.7
2026-08-09T21:32:26.894420+00:00,1786311146.894,11.84,0.00,0.0000,-3.04,0.000,0.0,188.7
2026-08-09T21:32:27.093649+00:00,1786311147.094,12.04,0.00,0.0000,-3.04,0.000,0.0,188.7
2026-08-09T21:32:27.293182+00:00,1786311147.293,12.23,0.00,0.0000,-3.04,0.000,0.0,188.7
2026-08-09T21:32:27.489683+00:00,1786311147.490,12.43,0.00,0.0000,-3.04,0.000,0.0,188.7
2026-08-09T21:32:27.690253+00:00,1786311147.690,12.63,0.00,0.0000,-3.04,0.000,0.0,188.7
2026-08-09T21:32:27.889788+00:00,1786311147.890,12.83,0.00,0.0000,-3.04,0.000,0.0,188.7
2026-08-09T21:32:28.089076+00:00,1786311148.089,13.03,0.00,0.0000,-3.04,0.000,0.0,188.7
2026-08-09T21:32:28.288504+00:00,1786311148.288,13.23,0.00,0.0000,-3.04,0.000,0.0,188.7
2026-08-09T21:32:28.484711+00:00,1786311148.485,13.43,0.00,0.0000,-3.04,0.000,0.0,188.7
2026-08-09T21:32:28.684858+00:00,1786311148.685,13.63,0.00,0.0000,-3.04,0.000,0.0,188.7
2026-08-09T21:32:28.884666+00:00,1786311148.885,13.83,0.00,0.0000,-3.03,0.000,0.0,188.7
2026-08-09T21:32:29.082742+00:00,1786311149.083,14.02,0.00,0.0000,-3.03,0.000,0.0,188.7
2026-08-09T21:32:29.282358+00:00,1786311149.282,14.22,0.00,0.0000,-3.03,0.000,0.0,188.7
2026-08-09T21:32:29.478560+00:00,1786311149.479,14.42,0.00,0.0000,-3.03,0.000,0.0,188.7
2026-08-09T21:32:29.678492+00:00,1786311149.678,14.62,0.00,0.0000,-3.03,0.000,0.0,188.7
2026-08-09T21:32:29.878256+00:00,1786311149.878,14.82,0.00,0.0000,-3.03,0.000,0.0,188.7
2026-08-09T21:32:30.077640+00:00,1786311150.078,15.02,0.00,0.0000,-3.03,0.000,0.0,188.7
2026-08-09T21:32:30.276971+00:00,1786311150.277,15.22,0.00,0.0000,-3.04,0.000,0.0,188.7
2026-08-09T21:32:30.472128+00:00,1786311150.472,15.41,0.00,0.0000,-3.04,0.000,0.0,188.7
2026-08-09T21:32:30.671147+00:00,1786311150.671,15.61,0.00,0.0000,-3.04,0.000,0.0,188.7
2026-08-09T21:32:30.870644+00:00,1786311150.871,15.81,0.00,0.0000,-3.04,0.000,0.0,188.7
2026-08-09T21:32:31.070529+00:00,1786311151.071,16.01,0.00,0.0000,-3.00,0.000,0.0,188.7
2026-08-09T21:32:31.269798+00:00,1786311151.270,16.21,0.00,0.0000,-2.92,0.000,0.0,188.7
2026-08-09T21:32:31.467303+00:00,1786311151.467,16.41,0.00,0.0000,-2.80,0.000,0.0,188.7
2026-08-09T21:32:31.665846+00:00,1786311151.666,16.61,0.00,0.0000,-2.64,0.000,0.0,188.7
2026-08-09T21:32:31.867016+00:00,1786311151.867,16.81,0.00,0.0000,-2.44,0.000,0.0,188.7
2026-08-09T21:32:32.064748+00:00,1786311152.065,17.01,0.00,0.0000,-2.24,0.000,0.0,188.7
2026-08-09T21:32:32.263121+00:00,1786311152.263,17.20,0.00,0.0000,-2.04,0.000,0.0,188.7
2026-08-09T21:32:32.457598+00:00,1786311152.458,17.40,0.00,0.0000,-1.84,0.000,0.0,188.7
2026-08-09T21:32:32.656369+00:00,1786311152.656,17.60,0.00,0.0000,-1.64,0.000,0.0,188.7
2026-08-09T21:32:32.855051+00:00,1786311152.855,17.80,0.00,0.0000,-1.43,0.000,0.0,188.7
2026-08-09T21:32:33.052938+00:00,1786311153.053,17.99,0.00,0.0000,-1.23,0.000,0.0,188.7
2026-08-09T21:32:33.250857+00:00,1786311153.251,18.19,0.00,0.0000,-1.03,0.000,0.0,188.7
2026-08-09T21:32:33.445949+00:00,1786311153.446,18.39,0.00,0.0000,-0.83,0.000,0.0,188.7
2026-08-09T21:32:33.644156+00:00,1786311153.644,18.59,0.00,0.0000,-0.63,0.000,0.0,188.7
2026-08-09T21:32:33.843922+00:00,1786311153.844,18.79,0.00,0.0000,-0.43,0.000,0.0,188.7
2026-08-09T21:32:34.042031+00:00,1786311154.042,18.98,0.00,0.0000,-0.26,0.000,0.0,188.7
2026-08-09T21:32:34.239988+00:00,1786311154.240,19.18,0.00,0.0000,-0.14,0.000,0.0,188.7
2026-08-09T21:32:34.434813+00:00,1786311154.435,19.38,0.00,0.0000,-0.06,0.000,0.0,188.7
2026-08-09T21:32:34.633057+00:00,1786311154.633,19.57,0.00,0.0000,-0.01,0.000,0.0,188.7
2026-08-09T21:32:34.831245+00:00,1786311154.831,19.77,0.00,0.0000,-0.01,0.000,0.0,188.7
2026-08-09T21:32:35.030908+00:00,1786311155.031,19.97,0.00,0.0000,-0.00,0.000,0.0,188.7
2026-08-09T21:32:35.228896+00:00,1786311155.229,20.17,0.00,0.0000,-0.00,0.000,0.0,188.7
2026-08-09T21:32:35.424781+00:00,1786311155.425,20.37,0.00,0.0000,-0.00,0.000,0.0,188.7
2026-08-09T21:32:35.624831+00:00,1786311155.625,20.57,0.00,0.0000,-0.00,0.000,0.0,188.7
2026-08-09T21:32:35.824343+00:00,1786311155.824,20.77,0.00,0.0000,-0.01,0.000,0.0,188.7
2026-08-09T21:32:36.022118+00:00,1786311156.022,20.96,0.00,0.0000,-0.01,0.000,0.0,188.7
2026-08-09T21:32:36.221584+00:00,1786311156.222,21.16,0.00,0.0000,-0.01,0.000,0.0,188.7
2026-08-09T21:32:36.418055+00:00,1786311156.418,21.36,0.00,0.0000,-0.01,0.000,0.0,188.7
2026-08-09T21:32:36.617812+00:00,1786311156.618,21.56,0.00,0.0000,-0.01,0.000,0.0,188.7
2026-08-09T21:32:36.817396+00:00,1786311156.817,21.76,0.00,0.0000,-0.01,0.000,0.0,188.7
2026-08-09T21:32:37.016772+00:00,1786311157.017,21.96,0.00,0.0000,-0.01,0.000,0.0,188.7
2026-08-09T21:32:37.216267+00:00,1786311157.216,22.16,0.00,0.0000,-0.01,0.000,0.0,188.7
2026-08-09T21:32:37.412366+00:00,1786311157.412,22.35,0.00,0.0000,-0.01,0.000,0.0,188.7
2026-08-09T21:32:37.612433+00:00,1786311157.612,22.55,0.00,0.0000,-0.01,0.000,0.0,188.7
2026-08-09T21:32:37.811930+00:00,1786311157.812,22.75,0.00,0.0000,-0.01,0.000,0.0,188.7
2026-08-09T21:32:38.011022+00:00,1786311158.011,22.95,0.00,0.0000,-0.01,0.000,0.0,188.7
2026-08-09T21:32:38.210607+00:00,1786311158.211,23.15,0.00,0.0000,-0.00,0.000,0.0,188.7
2026-08-09T21:32:38.405707+00:00,1786311158.406,23.35,0.00,0.0000,0.00,0.000,0.0,188.7
2026-08-09T21:32:38.604452+00:00,1786311158.604,23.55,0.00,0.0000,0.00,0.000,0.0,188.7
2026-08-09T21:32:38.804622+00:00,1786311158.805,23.75,0.00,0.0000,0.01,0.000,0.0,188.7
2026-08-09T21:32:39.007314+00:00,1786311159.007,23.95,0.00,0.0000,0.01,0.000,0.0,222.0
2026-08-09T21:32:39.206857+00:00,1786311159.207,24.15,0.00,0.0000,0.02,0.000,0.0,222.0
2026-08-09T21:32:39.413474+00:00,1786311159.413,24.35,0.00,0.0000,0.03,0.000,0.0,222.0
2026-08-09T21:32:39.611711+00:00,1786311159.612,24.55,0.00,0.0000,0.03,0.000,0.0,222.0
2026-08-09T21:32:39.811511+00:00,1786311159.811,24.75,0.00,0.0000,0.03,0.000,0.0,222.0
2026-08-09T21:32:40.010955+00:00,1786311160.011,24.95,0.00,0.0000,0.04,0.000,0.0,222.0
2026-08-09T21:32:40.211569+00:00,1786311160.212,25.15,0.00,0.0000,0.04,0.000,0.0,222.0
2026-08-09T21:32:40.408557+00:00,1786311160.409,25.35,0.00,0.0000,0.04,0.000,0.0,222.0
2026-08-09T21:32:40.608229+00:00,1786311160.608,25.55,0.00,0.0000,0.04,0.000,0.0,222.0
2026-08-09T21:32:40.808064+00:00,1786311160.808,25.75,0.00,0.0000,0.04,0.000,0.0,222.0
2026-08-09T21:32:41.007455+00:00,1786311161.007,25.95,0.00,0.0000,0.04,0.000,0.0,222.0
2026-08-09T21:32:41.206775+00:00,1786311161.207,26.15,0.00,0.0000,0.04,0.000,0.0,222.0
2026-08-09T21:32:41.402822+00:00,1786311161.403,26.34,0.00,0.0000,0.04,0.000,0.0,222.0
2026-08-09T21:32:41.602731+00:00,1786311161.603,26.54,0.00,0.0000,0.04,0.000,0.0,222.0
2026-08-09T21:32:41.802274+00:00,1786311161.802,26.74,0.00,0.0000,0.04,0.000,0.0,222.0
2026-08-09T21:32:42.001577+00:00,1786311162.002,26.94,0.00,0.0000,0.04,0.000,0.0,222.0
2026-08-09T21:32:42.200878+00:00,1786311162.201,27.14,0.00,0.0000,0.04,0.000,0.0,222.0
2026-08-09T21:32:42.397142+00:00,1786311162.397,27.34,0.00,0.0000,0.04,0.000,0.0,222.0
2026-08-09T21:32:42.596933+00:00,1786311162.597,27.54,0.00,0.0000,0.04,0.000,0.0,222.0
2026-08-09T21:32:42.796492+00:00,1786311162.796,27.74,0.00,0.0000,0.04,0.000,0.0,222.0
2026-08-09T21:32:42.996379+00:00,1786311162.996,27.94,0.00,0.0000,0.03,0.000,0.0,222.0
2026-08-09T21:32:43.194266+00:00,1786311163.194,28.14,0.00,0.0000,0.03,0.000,0.0,222.0
2026-08-09T21:32:43.390188+00:00,1786311163.390,28.33,0.00,0.0000,0.03,0.000,0.0,222.0
2026-08-09T21:32:43.590129+00:00,1786311163.590,28.53,0.00,0.0000,0.03,0.000,0.0,222.0
2026-08-09T21:32:43.789519+00:00,1786311163.790,28.73,0.00,0.0000,0.03,0.000,0.0,222.0
2026-08-09T21:32:43.989011+00:00,1786311163.989,28.93,0.00,0.0000,0.03,0.000,0.0,222.0
2026-08-09T21:32:44.188481+00:00,1786311164.188,29.13,0.00,0.0000,0.03,0.000,0.0,222.0
2026-08-09T21:32:44.385304+00:00,1786311164.385,29.33,0.00,0.0000,0.03,0.000,0.0,222.0
2026-08-09T21:32:44.584803+00:00,1786311164.585,29.53,0.00,0.0000,0.03,0.000,0.0,222.0
2026-08-09T21:32:44.785045+00:00,1786311164.785,29.73,0.00,0.0000,0.03,0.000,0.0,222.0
2026-08-09T21:32:44.984309+00:00,1786311164.984,29.93,0.00,0.0000,0.03,0.000,0.0,222.0
2026-08-09T21:32:45.183710+00:00,1786311165.184,30.13,0.00,0.0000,0.04,0.000,0.0,222.0
2026-08-09T21:32:45.390411+00:00,1786311165.390,30.33,0.00,0.0000,0.04,0.000,0.0,222.0
2026-08-09T21:32:45.590340+00:00,1786311165.590,30.53,0.00,0.0000,0.04,0.000,0.0,222.0
2026-08-09T21:32:45.789899+00:00,1786311165.790,30.73,0.00,0.0000,0.04,0.000,0.0,222.0
2026-08-09T21:32:45.989214+00:00,1786311165.989,30.93,0.00,0.0000,0.04,0.000,0.0,222.0
2026-08-09T21:32:46.188554+00:00,1786311166.189,31.13,0.00,0.0000,0.04,0.000,0.0,222.0
2026-08-09T21:32:46.384675+00:00,1786311166.385,31.33,0.00,0.0000,0.04,0.000,0.0,222.0
2026-08-09T21:32:46.584330+00:00,1786311166.584,31.53,0.00,0.0000,0.05,0.000,0.0,222.0
2026-08-09T21:32:46.783331+00:00,1786311166.783,31.72,0.00,0.0000,0.05,0.000,0.0,222.0
2026-08-09T21:32:46.983012+00:00,1786311166.983,31.92,0.00,0.0000,0.05,0.000,0.0,222.0
2026-08-09T21:32:47.182342+00:00,1786311167.182,32.12,0.00,0.0000,0.05,0.000,0.0,222.0
2026-08-09T21:32:47.378422+00:00,1786311167.378,32.32,0.00,0.0000,0.05,0.000,0.0,222.0
2026-08-09T21:32:47.577958+00:00,1786311167.578,32.52,0.00,0.0000,0.05,0.000,0.0,222.0
2026-08-09T21:32:47.777756+00:00,1786311167.778,32.72,0.00,0.0000,0.05,0.000,0.0,222.0
2026-08-09T21:32:47.977310+00:00,1786311167.977,32.92,0.00,0.0000,0.05,0.000,0.0,222.0
2026-08-09T21:32:48.176758+00:00,1786311168.177,33.12,0.00,0.0000,0.05,0.000,0.0,222.0
2026-08-09T21:32:48.372596+00:00,1786311168.373,33.31,0.00,0.0000,0.05,0.000,0.0,222.0
2026-08-09T21:32:48.572158+00:00,1786311168.572,33.51,0.00,0.0000,0.05,0.000,0.0,222.0
2026-08-09T21:32:48.772163+00:00,1786311168.772,33.71,0.00,0.0000,0.05,0.000,0.0,222.0
2026-08-09T21:32:48.971829+00:00,1786311168.972,33.91,0.00,0.0000,0.06,0.000,0.0,222.0
2026-08-09T21:32:49.169782+00:00,1786311169.170,34.11,0.00,0.0000,0.06,0.000,0.0,222.0
2026-08-09T21:32:49.365891+00:00,1786311169.366,34.31,0.00,0.0000,0.06,0.000,0.0,222.0
2026-08-09T21:32:49.565563+00:00,1786311169.566,34.51,0.00,0.0000,0.06,0.000,0.0,222.0
2026-08-09T21:32:49.765327+00:00,1786311169.765,34.71,0.00,0.0000,0.06,0.000,0.0,222.0
2026-08-09T21:32:49.964685+00:00,1786311169.965,34.91,0.00,0.0000,0.06,0.000,0.0,222.0
2026-08-09T21:32:50.164235+00:00,1786311170.164,35.11,0.00,0.0000,0.06,0.000,0.0,222.0
2026-08-09T21:32:50.360484+00:00,1786311170.360,35.30,0.00,0.0000,0.06,0.000,0.0,222.0
2026-08-09T21:32:50.559963+00:00,1786311170.560,35.50,0.00,0.0000,0.06,0.000,0.0,222.0
2026-08-09T21:32:50.760137+00:00,1786311170.760,35.70,0.00,0.0000,0.06,0.000,0.0,222.0
2026-08-09T21:32:50.959944+00:00,1786311170.960,35.90,0.00,0.0000,0.06,0.000,0.0,222.0
2026-08-09T21:32:51.159160+00:00,1786311171.159,36.10,0.00,0.0000,0.06,0.000,0.0,222.0
2026-08-09T21:32:51.355255+00:00,1786311171.355,36.30,0.00,0.0000,0.06,0.000,0.0,222.0
2026-08-09T21:32:51.554875+00:00,1786311171.555,36.50,0.00,0.0000,0.06,0.000,0.0,222.0
2026-08-09T21:32:51.756201+00:00,1786311171.756,36.70,0.00,0.0000,0.06,0.000,0.0,222.0
2026-08-09T21:32:51.955895+00:00,1786311171.956,36.90,0.00,0.0000,0.06,0.000,0.0,222.0
2026-08-09T21:32:52.155033+00:00,1786311172.155,37.10,0.00,0.0000,0.06,0.000,0.0,222.0
2026-08-09T21:32:52.351288+00:00,1786311172.351,37.29,0.00,0.0000,0.07,0.000,0.0,222.0
2026-08-09T21:32:52.549607+00:00,1786311172.550,37.49,0.00,0.0000,0.07,0.000,0.0,222.0
2026-08-09T21:32:52.751280+00:00,1786311172.751,37.69,0.00,0.0000,0.07,0.000,0.0,222.0
2026-08-09T21:32:52.950503+00:00,1786311172.950,37.89,0.00,0.0000,0.07,0.000,0.0,222.0
2026-08-09T21:32:53.149974+00:00,1786311173.150,38.09,0.00,0.0000,0.07,0.000,0.0,222.0
2026-08-09T21:32:53.345711+00:00,1786311173.346,38.29,0.00,0.0000,0.07,0.000,0.0,222.0
2026-08-09T21:32:53.545327+00:00,1786311173.545,38.49,0.00,0.0000,0.07,0.000,0.0,222.0
2026-08-09T21:32:53.745197+00:00,1786311173.745,38.69,0.00,0.0000,0.07,0.000,0.0,222.0
2026-08-09T21:32:53.944535+00:00,1786311173.945,38.89,0.00,0.0000,0.07,0.000,0.0,222.0
2026-08-09T21:32:54.144167+00:00,1786311174.144,39.09,0.00,0.0000,0.07,0.000,0.0,222.0
2026-08-09T21:32:54.340210+00:00,1786311174.340,39.28,0.00,0.0000,0.07,0.000,0.0,222.0
2026-08-09T21:32:54.539826+00:00,1786311174.540,39.48,0.00,0.0000,0.07,0.000,0.0,222.0
2026-08-09T21:32:54.740451+00:00,1786311174.740,39.68,0.00,0.0000,0.06,0.000,0.0,222.0
2026-08-09T21:32:54.938491+00:00,1786311174.938,39.88,0.00,0.0000,0.06,0.000,0.0,222.0
2026-08-09T21:32:55.137783+00:00,1786311175.138,40.08,0.00,0.0000,0.06,0.000,0.0,222.0
2026-08-09T21:32:55.335112+00:00,1786311175.335,40.28,0.00,0.0000,0.06,0.000,0.0,222.0
2026-08-09T21:32:55.534586+00:00,1786311175.535,40.48,0.00,0.0000,0.06,0.000,0.0,222.0
2026-08-09T21:32:55.734697+00:00,1786311175.735,40.68,0.00,0.0000,0.06,0.000,0.0,222.0
2026-08-09T21:32:55.934187+00:00,1786311175.934,40.88,0.00,0.0000,0.06,0.000,0.0,222.0
2026-08-09T21:32:56.133413+00:00,1786311176.133,41.07,0.00,0.0000,0.06,0.000,0.0,222.0
2026-08-09T21:32:56.329789+00:00,1786311176.330,41.27,0.00,0.0000,0.06,0.000,0.0,222.0
2026-08-09T21:32:56.529398+00:00,1786311176.529,41.47,0.00,0.0000,0.05,0.000,0.0,222.0
2026-08-09T21:32:56.728150+00:00,1786311176.728,41.67,0.00,0.0000,0.05,0.000,0.0,222.0
2026-08-09T21:32:56.927997+00:00,1786311176.928,41.87,0.00,0.0000,0.05,0.000,0.0,222.0
2026-08-09T21:32:57.127346+00:00,1786311177.127,42.07,0.00,0.0000,0.05,0.000,0.0,222.0
2026-08-09T21:32:57.323521+00:00,1786311177.324,42.26,0.00,0.0000,0.05,0.000,0.0,222.0
2026-08-09T21:32:57.522954+00:00,1786311177.523,42.46,0.00,0.0000,0.05,0.000,0.0,222.0
2026-08-09T21:32:57.717543+00:00,1786311177.718,42.66,0.00,0.0000,0.05,0.000,0.0,222.0
2026-08-09T21:32:57.917041+00:00,1786311177.917,42.86,0.00,0.0000,0.05,0.000,0.0,222.0
2026-08-09T21:32:58.116487+00:00,1786311178.116,43.06,0.00,0.0000,0.05,0.000,0.0,222.0
2026-08-09T21:32:58.312648+00:00,1786311178.313,43.25,0.00,0.0000,0.05,0.000,0.0,222.0
2026-08-09T21:32:58.512662+00:00,1786311178.513,43.45,0.00,0.0000,0.05,0.000,0.0,222.0
2026-08-09T21:32:58.714022+00:00,1786311178.714,43.66,0.00,0.0000,0.05,0.000,0.0,222.0
2026-08-09T21:32:58.913680+00:00,1786311178.914,43.86,0.00,0.0000,0.05,0.000,0.0,222.0
2026-08-09T21:32:59.112838+00:00,1786311179.113,44.05,0.00,0.0000,0.05,0.000,0.0,222.0
2026-08-09T21:32:59.308734+00:00,1786311179.309,44.25,0.00,0.0000,0.05,0.000,0.0,222.0
2026-08-09T21:32:59.508328+00:00,1786311179.508,44.45,0.00,0.0000,0.05,0.000,0.0,222.0
2026-08-09T21:32:59.708521+00:00,1786311179.709,44.65,0.00,0.0000,0.05,0.000,0.0,222.0
2026-08-09T21:32:59.907952+00:00,1786311179.908,44.85,0.00,0.0000,0.04,0.000,0.0,222.0
2026-08-09T21:33:00.105700+00:00,1786311180.106,45.05,0.00,0.0000,0.04,0.000,0.0,222.0
2026-08-09T21:33:00.302046+00:00,1786311180.302,45.24,0.00,0.0000,0.03,0.000,0.0,222.0
2026-08-09T21:33:00.500123+00:00,1786311180.500,45.44,0.00,0.0000,0.03,0.000,0.0,222.0
2026-08-09T21:33:00.704776+00:00,1786311180.705,45.65,0.00,0.0000,0.02,0.000,0.0,222.0
2026-08-09T21:33:00.903074+00:00,1786311180.903,45.84,0.00,0.0000,0.01,0.000,0.0,222.0
2026-08-09T21:33:01.100982+00:00,1786311181.101,46.04,0.00,0.0000,0.00,0.000,0.0,222.0
2026-08-09T21:33:01.296311+00:00,1786311181.296,46.24,0.00,0.0000,-0.00,0.000,0.0,222.0
2026-08-09T21:33:01.494666+00:00,1786311181.495,46.44,0.00,0.0000,-0.00,0.000,0.0,222.0
2026-08-09T21:33:01.694649+00:00,1786311181.695,46.64,0.00,0.0000,-0.00,0.000,0.0,222.0
2026-08-09T21:33:01.900539+00:00,1786311181.901,46.84,0.00,0.0000,0.00,0.000,0.0,188.7
2026-08-09T21:33:02.100108+00:00,1786311182.100,47.04,0.00,0.0000,0.02,0.000,0.0,188.7
2026-08-09T21:33:02.298334+00:00,1786311182.298,47.24,0.00,0.0000,0.03,0.000,0.0,222.0
2026-08-09T21:33:02.501270+00:00,1786311182.501,47.44,0.00,0.0000,0.05,0.000,0.0,222.0
2026-08-09T21:33:02.700274+00:00,1786311182.700,47.64,0.00,0.0000,0.06,0.000,0.0,222.0
2026-08-09T21:33:02.899747+00:00,1786311182.900,47.84,0.00,0.0000,0.08,0.000,0.0,222.0
2026-08-09T21:33:03.098593+00:00,1786311183.099,48.04,0.00,0.0000,0.11,0.000,0.0,222.0
2026-08-09T21:33:03.294515+00:00,1786311183.295,48.24,0.00,0.0000,0.13,0.000,0.0,222.0
2026-08-09T21:33:03.492762+00:00,1786311183.493,48.43,0.00,0.0000,0.15,0.000,0.0,222.0
2026-08-09T21:33:03.690659+00:00,1786311183.691,48.63,0.00,0.0000,0.15,0.000,0.0,222.0
2026-08-09T21:33:03.890395+00:00,1786311183.890,48.83,0.00,0.0000,0.12,0.000,0.0,222.0
2026-08-09T21:33:04.089459+00:00,1786311184.089,49.03,0.00,0.0000,0.06,0.000,0.0,222.0
2026-08-09T21:33:04.284798+00:00,1786311184.285,49.23,0.00,0.0000,-0.01,0.000,0.0,222.0
2026-08-09T21:33:04.483818+00:00,1786311184.484,49.43,0.00,0.0000,-0.08,0.000,0.0,222.0
2026-08-09T21:33:04.682194+00:00,1786311184.682,49.62,0.00,0.0000,-0.17,0.000,0.0,222.0
2026-08-09T21:33:04.883765+00:00,1786311184.884,49.83,0.00,0.0000,-0.28,0.000,0.0,188.7
2026-08-09T21:33:05.081717+00:00,1786311185.082,50.02,0.00,0.0000,-0.42,0.000,0.0,188.7
2026-08-09T21:33:05.276539+00:00,1786311185.277,50.22,0.00,0.0000,-0.55,0.000,0.0,188.7
2026-08-09T21:33:05.474479+00:00,1786311185.474,50.42,0.23,0.0000,-0.69,0.000,0.0,188.7
2026-08-09T21:33:05.675603+00:00,1786311185.676,50.62,0.23,0.0000,-0.81,0.000,0.0,188.7
2026-08-09T21:33:05.875808+00:00,1786311185.876,50.82,0.23,0.0022,-0.92,0.000,0.0,188.7
2026-08-09T21:33:06.073497+00:00,1786311186.073,51.01,0.23,0.0022,-1.00,0.000,0.0,188.7
2026-08-09T21:33:06.279896+00:00,1786311186.280,51.22,0.23,0.0022,-1.03,0.000,0.0,188.7
2026-08-09T21:33:06.478096+00:00,1786311186.478,51.42,0.23,0.0022,-1.02,0.000,0.0,188.7
2026-08-09T21:33:06.676252+00:00,1786311186.676,51.62,0.23,0.0022,-0.94,0.000,0.0,188.7
2026-08-09T21:33:06.873853+00:00,1786311186.874,51.82,0.23,0.0044,-0.81,0.000,0.0,188.7
2026-08-09T21:33:07.072096+00:00,1786311187.072,52.01,0.23,0.0044,-0.67,0.000,0.0,188.7
2026-08-09T21:33:07.269526+00:00,1786311187.270,52.21,0.23,0.0044,-0.54,0.000,0.0,188.7
2026-08-09T21:33:07.469816+00:00,1786311187.470,52.41,0.30,0.0044,-0.40,0.000,0.0,188.7
2026-08-09T21:33:07.672006+00:00,1786311187.672,52.61,0.30,0.0044,-0.24,0.000,0.0,188.7
2026-08-09T21:33:07.868885+00:00,1786311187.869,52.81,0.30,0.0066,-0.06,0.000,0.0,188.7
2026-08-09T21:33:08.067826+00:00,1786311188.068,53.01,0.30,0.0066,0.13,0.000,0.0,188.7
2026-08-09T21:33:08.272906+00:00,1786311188.273,53.21,0.33,0.0088,0.33,0.000,0.0,222.0
2026-08-09T21:33:08.473654+00:00,1786311188.474,53.42,0.33,0.0088,0.54,0.000,0.0,222.0
2026-08-09T21:33:08.673778+00:00,1786311188.674,53.62,0.33,0.0088,0.74,0.000,0.0,222.0
2026-08-09T21:33:08.874267+00:00,1786311188.874,53.82,0.33,0.0088,0.93,0.000,0.0,222.0
2026-08-09T21:33:09.073319+00:00,1786311189.073,54.01,0.36,0.0088,1.06,0.000,0.0,222.0
2026-08-09T21:33:09.270609+00:00,1786311189.271,54.21,0.36,0.0110,1.16,0.000,0.0,222.0
2026-08-09T21:33:09.468984+00:00,1786311189.469,54.41,0.36,0.0110,1.27,0.000,0.0,222.0
2026-08-09T21:33:09.666941+00:00,1786311189.667,54.61,0.37,0.0110,1.36,0.000,0.0,222.0
2026-08-09T21:33:09.867417+00:00,1786311189.867,54.81,0.37,0.0132,1.44,0.000,0.0,222.0
2026-08-09T21:33:10.065143+00:00,1786311190.065,55.01,0.37,0.0132,1.55,0.000,0.0,222.0
2026-08-09T21:33:10.271649+00:00,1786311190.272,55.21,0.37,0.0132,1.71,0.000,0.0,222.0
2026-08-09T21:33:10.472156+00:00,1786311190.472,55.41,9.44,0.0132,1.91,1.266,15.0,222.0
2026-08-09T21:33:10.678468+00:00,1786311190.678,55.62,9.44,0.0132,2.14,1.262,29.7,222.0
2026-08-09T21:33:10.883813+00:00,1786311190.884,55.83,9.44,0.0154,2.42,1.259,44.7,233.1
2026-08-09T21:33:11.080335+00:00,1786311191.080,56.02,10.18,0.0154,2.73,1.360,62.5,233.1
2026-08-09T21:33:11.284881+00:00,1786311191.285,56.23,10.18,0.0176,3.08,1.355,80.7,233.1
2026-08-09T21:33:11.482608+00:00,1786311191.483,56.42,10.18,0.0176,3.45,1.356,99.6,233.1
2026-08-09T21:33:11.682233+00:00,1786311191.682,56.62,10.18,0.0176,3.84,1.354,119.0,233.1
2026-08-09T21:33:11.883475+00:00,1786311191.883,56.82,10.76,0.0176,4.23,1.433,141.0,233.1
2026-08-09T21:33:12.088607+00:00,1786311192.089,57.03,10.76,0.0176,4.64,1.427,163.6,233.1
2026-08-09T21:33:12.283586+00:00,1786311192.284,57.22,10.76,0.0198,5.06,1.436,187.0,233.1
2026-08-09T21:33:12.483424+00:00,1786311192.483,57.42,10.76,0.0198,5.45,0.183,198.6,233.1
2026-08-09T21:33:12.685309+00:00,1786311192.685,57.63,11.00,0.0198,5.80,0.217,211.4,233.1
2026-08-09T21:33:12.886387+00:00,1786311192.886,57.83,11.00,0.0220,6.16,0.217,224.8,244.2
2026-08-09T21:33:13.085596+00:00,1786311193.086,58.03,11.00,0.0220,6.49,0.113,237.6,244.2
2026-08-09T21:33:13.282746+00:00,1786311193.283,58.22,11.17,0.0242,6.76,0.138,251.5,244.2
2026-08-09T21:33:13.489377+00:00,1786311193.489,58.43,11.17,0.0242,6.96,0.137,265.6,244.2
2026-08-09T21:33:13.686037+00:00,1786311193.686,58.63,11.17,0.0242,7.11,0.137,280.0,244.2
2026-08-09T21:33:13.885244+00:00,1786311193.885,58.83,11.30,0.0242,7.23,0.076,294.1,244.2
2026-08-09T21:33:14.088447+00:00,1786311194.088,59.03,11.30,0.0242,7.32,0.076,308.4,244.2
2026-08-09T21:33:14.285387+00:00,1786311194.285,59.23,11.30,0.0264,7.38,0.076,322.8,244.2
2026-08-09T21:33:14.484865+00:00,1786311194.485,59.43,11.52,0.0264,7.40,0.106,337.8,244.2
2026-08-09T21:33:14.689884+00:00,1786311194.690,59.63,11.52,0.0264,7.41,0.072,352.5,244.2
2026-08-09T21:33:14.891520+00:00,1786311194.892,59.83,11.52,0.0286,7.38,0.072,367.1,244.2
2026-08-09T21:33:15.091109+00:00,1786311195.091,60.03,11.97,0.0286,7.29,0.134,382.8,244.2
2026-08-09T21:33:15.294592+00:00,1786311195.295,60.24,11.97,0.0308,7.15,0.110,398.0,244.2
2026-08-09T21:33:15.496657+00:00,1786311195.497,60.44,11.97,0.0308,6.99,0.110,398.6,244.2
2026-08-09T21:33:15.695057+00:00,1786311195.695,60.64,12.55,0.0308,6.82,0.190,400.3,244.2
2026-08-09T21:33:15.900899+00:00,1786311195.901,60.84,12.55,0.0330,6.66,0.171,401.1,244.2
2026-08-09T21:33:16.102433+00:00,1786311196.102,61.04,12.55,0.0330,6.51,0.171,398.9,244.2
2026-08-09T21:33:16.300653+00:00,1786311196.301,61.24,13.19,0.0352,6.37,0.260,397.8,244.2
2026-08-09T21:33:16.504726+00:00,1786311196.505,61.45,13.19,0.0352,6.28,0.229,395.6,244.2
2026-08-09T21:33:16.706714+00:00,1786311196.707,61.65,13.81,0.0352,6.17,0.315,394.5,244.2
2026-08-09T21:33:16.911909+00:00,1786311196.912,61.85,13.81,0.0374,6.04,0.315,390.6,244.2
2026-08-09T21:33:17.113028+00:00,1786311197.113,62.05,13.81,0.0374,5.87,0.253,384.8,244.2
2026-08-09T21:33:17.311527+00:00,1786311197.312,62.25,14.31,0.0396,5.66,0.322,379.4,244.2
2026-08-09T21:33:17.516002+00:00,1786311197.516,62.46,14.31,0.0396,5.44,0.322,385.3,244.2
2026-08-09T21:33:17.714425+00:00,1786311197.714,62.66,14.76,0.0396,5.20,0.305,389.7,244.2
2026-08-09T21:33:17.920633+00:00,1786311197.921,62.86,14.76,0.0418,5.00,0.305,393.2,244.2
2026-08-09T21:33:18.118427+00:00,1786311198.118,63.06,14.76,0.0418,4.84,0.305,396.7,244.2
2026-08-09T21:33:18.318989+00:00,1786311198.319,63.26,15.24,0.0440,4.71,0.282,399.2,233.1
2026-08-09T21:33:18.513870+00:00,1786311198.514,63.46,15.24,0.0440,4.60,0.284,401.2,233.1
2026-08-09T21:33:18.712286+00:00,1786311198.712,63.65,15.71,0.0440,4.50,0.264,402.9,233.1
2026-08-09T21:33:18.916651+00:00,1786311198.917,63.86,15.71,0.0462,4.41,0.264,404.6,233.1
2026-08-09T21:33:19.116736+00:00,1786311199.117,64.06,16.21,0.0462,4.31,0.333,407.6,233.1
2026-08-09T21:33:19.318029+00:00,1786311199.318,64.26,16.21,0.0484,4.21,0.263,409.1,233.1
2026-08-09T21:33:19.519847+00:00,1786311199.520,64.46,16.69,0.0484,4.10,0.330,411.2,233.1
2026-08-09T21:33:19.725056+00:00,1786311199.725,64.67,16.69,0.0484,4.00,0.267,412.5,233.1
2026-08-09T21:33:19.926683+00:00,1786311199.927,64.87,16.69,0.0506,3.92,0.267,413.6,233.1
2026-08-09T21:33:20.125272+00:00,1786311200.125,65.07,17.09,0.0506,3.85,0.321,414.7,233.1
2026-08-09T21:33:20.326710+00:00,1786311200.327,65.27,17.09,0.0528,3.81,0.256,415.2,233.1
2026-08-09T21:33:20.528935+00:00,1786311200.529,65.47,17.56,0.0528,3.77,0.321,417.4,233.1
2026-08-09T21:33:20.734812+00:00,1786311200.735,65.68,17.56,0.0528,3.75,0.254,417.1,233.1
2026-08-09T21:33:20.935452+00:00,1786311200.935,65.88,17.95,0.0550,3.71,0.308,418.5,233.1
2026-08-09T21:33:21.140459+00:00,1786311201.140,66.08,17.95,0.0550,3.67,0.240,419.0,233.1
2026-08-09T21:33:21.340398+00:00,1786311201.340,66.28,18.30,0.0594,3.63,0.287,418.9,233.1
2026-08-09T21:33:21.544126+00:00,1786311201.544,66.49,18.30,0.0594,3.58,0.220,418.0,233.1
2026-08-09T21:33:21.745135+00:00,1786311201.745,66.69,18.70,0.0594,3.53,0.275,416.7,233.1
2026-08-09T21:33:21.949869+00:00,1786311201.950,66.89,18.70,0.0616,3.46,0.275,415.5,233.1
2026-08-09T21:33:22.152160+00:00,1786311202.152,67.09,19.07,0.0616,3.39,0.271,415.5,233.1
2026-08-09T21:33:22.353115+00:00,1786311202.353,67.29,19.07,0.0638,3.31,0.271,414.2,233.1
2026-08-09T21:33:22.552513+00:00,1786311202.553,67.49,19.51,0.0638,3.23,0.267,413.5,233.1
2026-08-09T21:33:22.757281+00:00,1786311202.757,67.70,19.51,0.0638,3.17,0.267,412.8,233.1
2026-08-09T21:33:22.958912+00:00,1786311202.959,67.90,19.71,0.0682,3.10,0.242,412.1,233.1
2026-08-09T21:33:23.163050+00:00,1786311203.163,68.10,20.14,0.0682,3.05,0.301,413.1,233.1
2026-08-09T21:33:23.365317+00:00,1786311203.365,68.31,20.14,0.0704,2.99,0.253,413.0,233.1
2026-08-09T21:33:23.565607+00:00,1786311203.566,68.51,20.07,0.0704,2.93,0.243,412.8,233.1
2026-08-09T21:33:23.760106+00:00,1786311203.760,68.70,20.07,0.0704,2.83,0.190,411.3,233.1
2026-08-09T21:33:23.965878+00:00,1786311203.966,68.91,20.22,0.0726,2.74,0.210,410.2,233.1
2026-08-09T21:33:24.171205+00:00,1786311204.171,69.11,20.22,0.0726,2.66,0.158,406.6,233.1
2026-08-09T21:33:24.374181+00:00,1786311204.374,69.32,20.26,0.0748,2.58,0.164,404.2,233.1
2026-08-09T21:33:24.576964+00:00,1786311204.577,69.52,20.26,0.0748,2.48,0.103,399.0,233.1
2026-08-09T21:33:24.780870+00:00,1786311204.781,69.72,20.31,0.0748,2.40,0.111,395.0,233.1
2026-08-09T21:33:24.985083+00:00,1786311204.985,69.93,20.31,0.0792,2.32,0.082,390.4,233.1
2026-08-09T21:33:25.187198+00:00,1786311205.187,70.13,20.50,0.0792,2.24,0.000,383.0,233.1
2026-08-09T21:33:25.388855+00:00,1786311205.389,70.33,20.50,0.0814,2.17,0.000,376.6,233.1
2026-08-09T21:33:25.587239+00:00,1786311205.587,70.53,20.50,0.0814,2.10,0.060,369.6,233.1
2026-08-09T21:33:25.793293+00:00,1786311205.793,70.73,20.50,0.0814,2.04,0.059,363.6,233.1
2026-08-09T21:33:25.988252+00:00,1786311205.988,70.93,21.09,0.0858,1.98,0.120,357.7,233.1
2026-08-09T21:33:26.194282+00:00,1786311206.194,71.14,21.37,0.0858,1.91,0.158,353.8,233.1
2026-08-09T21:33:26.397179+00:00,1786311206.397,71.34,21.37,0.0880,1.85,0.152,348.6,222.0
2026-08-09T21:33:26.599057+00:00,1786311206.599,71.54,21.80,0.0880,1.81,0.212,346.0,222.0
2026-08-09T21:33:26.804266+00:00,1786311206.804,71.75,21.80,0.0880,1.81,0.204,342.0,222.0
2026-08-09T21:33:27.002275+00:00,1786311207.002,71.94,22.19,0.0902,1.82,0.258,339.8,222.0
2026-08-09T21:33:27.206227+00:00,1786311207.206,72.15,22.57,0.0902,1.84,0.284,338.3,222.0
2026-08-09T21:33:27.407010+00:00,1786311207.407,72.35,22.57,0.0946,1.85,0.284,337.1,222.0
2026-08-09T21:33:27.607271+00:00,1786311207.607,72.55,22.89,0.0946,1.87,0.328,337.1,222.0
2026-08-09T21:33:27.810234+00:00,1786311207.810,72.75,22.89,0.0946,1.89,0.329,337.3,222.0
2026-08-09T21:33:28.008733+00:00,1786311208.009,72.95,23.13,0.0968,1.90,0.281,337.3,222.0
2026-08-09T21:33:28.210964+00:00,1786311208.211,73.15,23.42,0.0968,1.92,0.283,336.2,222.0
2026-08-09T21:33:28.408420+00:00,1786311208.408,73.35,23.42,0.1012,1.93,0.283,336.3,222.0
2026-08-09T21:33:28.605062+00:00,1786311208.605,73.55,23.59,0.1012,1.96,0.249,336.4,222.0
2026-08-09T21:33:28.808034+00:00,1786311208.808,73.75,23.59,0.1012,2.00,0.249,337.9,222.0
2026-08-09T21:33:29.005527+00:00,1786311209.006,73.95,23.72,0.1034,2.04,0.212,338.6,222.0
2026-08-09T21:33:29.208691+00:00,1786311209.209,74.15,23.79,0.1034,2.08,0.169,339.8,222.0
2026-08-09T21:33:29.412775+00:00,1786311209.413,74.35,23.79,0.1078,2.13,0.169,341.3,233.1
2026-08-09T21:33:29.610755+00:00,1786311209.611,74.55,23.80,0.1078,2.14,0.126,343.4,233.1
2026-08-09T21:33:29.817012+00:00,1786311209.817,74.76,23.80,0.1078,2.12,0.126,345.4,233.1
2026-08-09T21:33:30.014930+00:00,1786311210.015,74.96,23.87,0.1100,2.09,0.102,347.7,233.1
2026-08-09T21:33:30.220432+00:00,1786311210.220,75.16,23.83,0.1100,2.06,0.057,350.5,233.1
2026-08-09T21:33:30.422288+00:00,1786311210.422,75.36,23.83,0.1144,2.03,0.057,353.5,233.1
2026-08-09T21:33:30.617377+00:00,1786311210.617,75.56,23.85,0.1144,2.00,0.000,354.1,233.1
2026-08-09T21:33:30.813005+00:00,1786311210.813,75.75,23.85,0.1144,1.98,0.000,354.9,233.1
2026-08-09T21:33:31.012628+00:00,1786311211.013,75.95,23.77,0.1166,1.95,0.000,354.2,222.0
2026-08-09T21:33:31.211537+00:00,1786311211.212,76.15,23.91,0.1166,1.89,0.000,352.6,222.0
2026-08-09T21:33:31.411862+00:00,1786311211.412,76.35,23.91,0.1210,1.83,0.000,351.1,222.0
2026-08-09T21:33:31.609600+00:00,1786311211.610,76.55,24.03,0.1210,1.76,0.000,348.0,222.0
2026-08-09T21:33:31.810099+00:00,1786311211.810,76.75,24.03,0.1210,1.65,0.000,344.7,222.0
2026-08-09T21:33:32.017095+00:00,1786311212.017,76.96,24.04,0.1253,1.54,0.000,339.5,222.0
2026-08-09T21:33:32.217725+00:00,1786311212.218,77.16,24.12,0.1253,1.43,0.000,333.0,222.0
2026-08-09T21:33:32.414753+00:00,1786311212.415,77.36,24.12,0.1275,1.32,0.000,326.1,222.0
2026-08-09T21:33:32.613291+00:00,1786311212.613,77.55,24.24,0.1275,1.23,0.055,318.8,222.0
2026-08-09T21:33:32.819777+00:00,1786311212.820,77.76,24.45,0.1275,1.17,0.082,312.0,222.0
2026-08-09T21:33:33.022852+00:00,1786311213.023,77.96,24.45,0.1319,1.12,0.093,306.0,222.0
2026-08-09T21:33:33.223304+00:00,1786311213.223,78.16,24.47,0.1319,1.07,0.077,299.0,222.0
2026-08-09T21:33:33.423560+00:00,1786311213.424,78.36,24.47,0.1341,1.00,0.077,291.8,222.0
2026-08-09T21:33:33.621257+00:00,1786311213.621,78.56,24.55,0.1341,0.93,0.072,284.7,222.0
2026-08-09T21:33:33.824732+00:00,1786311213.825,78.77,24.71,0.1341,0.86,0.094,277.8,222.0
2026-08-09T21:33:34.021406+00:00,1786311214.021,78.96,24.71,0.1385,0.80,0.093,271.2,222.0
2026-08-09T21:33:34.218290+00:00,1786311214.218,79.16,24.79,0.1385,0.76,0.093,265.2,222.0
2026-08-09T21:33:34.414472+00:00,1786311214.414,79.36,24.87,0.1407,0.75,0.104,259.3,222.0
2026-08-09T21:33:34.618123+00:00,1786311214.618,79.56,24.87,0.1407,0.72,0.087,253.7,222.0
2026-08-09T21:33:34.819191+00:00,1786311214.819,79.76,25.03,0.1407,0.68,0.080,248.1,222.0
2026-08-09T21:33:35.019110+00:00,1786311215.019,79.96,25.16,0.1451,0.64,0.100,243.4,222.0
2026-08-09T21:33:35.213399+00:00,1786311215.213,80.15,25.16,0.1451,0.60,0.097,239.6,222.0
2026-08-09T21:33:35.408594+00:00,1786311215.409,80.35,25.33,0.1495,0.56,0.121,236.4,222.0
2026-08-09T21:33:35.612575+00:00,1786311215.613,80.55,25.33,0.1495,0.52,0.110,234.1,222.0
2026-08-09T21:33:35.814286+00:00,1786311215.814,80.76,25.36,0.1495,0.48,0.092,231.4,222.0
2026-08-09T21:33:36.021455+00:00,1786311216.021,80.96,25.69,0.1517,0.44,0.136,229.9,222.0
2026-08-09T21:33:36.222355+00:00,1786311216.222,81.16,25.91,0.1517,0.41,0.155,228.9,222.0
2026-08-09T21:33:36.425643+00:00,1786311216.426,81.37,25.91,0.1561,0.40,0.143,227.9,222.0
2026-08-09T21:33:36.625687+00:00,1786311216.626,81.57,26.07,0.1561,0.41,0.166,227.8,222.0
2026-08-09T21:33:36.830676+00:00,1786311216.831,81.77,26.22,0.1561,0.43,0.165,228.2,222.0
2026-08-09T21:33:37.032939+00:00,1786311217.033,81.97,26.22,0.1605,0.50,0.146,228.9,222.0
2026-08-09T21:33:37.230614+00:00,1786311217.231,82.17,26.24,0.1605,0.60,0.148,230.4,222.0
2026-08-09T21:33:37.426993+00:00,1786311217.427,82.37,26.24,0.1627,0.73,0.124,232.3,222.0
2026-08-09T21:33:37.627777+00:00,1786311217.628,82.57,26.19,0.1627,0.91,0.117,233.7,222.0
2026-08-09T21:33:37.827522+00:00,1786311217.828,82.77,26.05,0.1627,1.16,0.094,235.0,222.0
2026-08-09T21:33:38.031931+00:00,1786311218.032,82.97,26.05,0.1671,1.41,0.000,235.0,222.0
2026-08-09T21:33:38.230045+00:00,1786311218.230,83.17,25.63,0.1671,1.67,0.000,236.3,222.0
2026-08-09T21:33:38.426152+00:00,1786311218.426,83.37,25.32,0.1693,1.97,-0.081,237.0,222.0
2026-08-09T21:33:38.628756+00:00,1786311218.629,83.57,25.32,0.1693,2.27,-0.104,238.6,222.0
2026-08-09T21:33:38.834829+00:00,1786311218.835,83.78,24.98,0.1693,2.59,-0.171,239.4,222.0
2026-08-09T21:33:39.029806+00:00,1786311219.030,83.97,24.98,0.1737,2.92,-0.172,241.7,233.1
2026-08-09T21:33:39.235493+00:00,1786311219.235,84.18,24.65,0.1737,3.26,-0.219,244.1,233.1
2026-08-09T21:33:39.438293+00:00,1786311219.438,84.38,24.57,0.1759,3.63,-0.230,247.3,233.1
2026-08-09T21:33:39.643449+00:00,1786311219.643,84.58,24.57,0.1759,4.02,-0.223,252.8,233.1
2026-08-09T21:33:39.846311+00:00,1786311219.846,84.79,24.33,0.1759,4.43,-0.236,259.5,233.1
2026-08-09T21:33:40.045663+00:00,1786311220.046,84.99,24.36,0.1803,4.80,-0.233,267.3,233.1
2026-08-09T21:33:40.246662+00:00,1786311220.247,85.19,24.36,0.1803,5.12,-0.175,277.9,233.1
2026-08-09T21:33:40.447826+00:00,1786311220.448,85.39,24.42,0.1847,5.41,-0.124,290.2,244.2
2026-08-09T21:33:40.640724+00:00,1786311220.641,85.58,24.42,0.1847,5.65,-0.124,303.9,244.2
2026-08-09T21:33:40.846151+00:00,1786311220.846,85.79,24.48,0.1847,5.85,-0.069,320.3,244.2
2026-08-09T21:33:41.052656+00:00,1786311221.053,85.99,24.70,0.1869,6.05,0.000,338.2,244.2
2026-08-09T21:33:41.249177+00:00,1786311221.249,86.19,24.70,0.1869,6.24,0.000,356.3,244.2
2026-08-09T21:33:41.448491+00:00,1786311221.448,86.39,24.75,0.1913,6.38,0.000,375.4,244.2
2026-08-09T21:33:41.642905+00:00,1786311221.643,86.58,24.98,0.1913,6.51,0.057,395.9,244.2
2026-08-09T21:33:41.848593+00:00,1786311221.849,86.79,24.98,0.1913,6.58,0.090,417.3,244.2
2026-08-09T21:33:42.047024+00:00,1786311222.047,86.99,25.21,0.1935,6.62,0.118,440.0,244.2
2026-08-09T21:33:42.243911+00:00,1786311222.244,87.19,25.36,0.1935,6.58,0.139,462.8,244.2
2026-08-09T21:33:42.438878+00:00,1786311222.439,87.38,25.36,0.1979,6.47,0.130,485.0,244.2
2026-08-09T21:33:42.635954+00:00,1786311222.636,87.58,25.59,0.1979,6.27,0.163,507.0,244.2
2026-08-09T21:33:42.835579+00:00,1786311222.836,87.78,25.82,0.1979,6.02,0.187,528.6,244.2
2026-08-09T21:33:43.035012+00:00,1786311223.035,87.98,25.82,0.2023,5.76,0.157,549.7,244.2
2026-08-09T21:33:43.237892+00:00,1786311223.238,88.18,26.25,0.2023,5.51,0.217,571.0,244.2
2026-08-09T21:33:43.443487+00:00,1786311223.443,88.38,26.48,0.2045,5.25,0.241,593.2,244.2
2026-08-09T21:33:43.639441+00:00,1786311223.639,88.58,26.48,0.2045,4.95,0.210,612.7,244.2
2026-08-09T21:33:43.835075+00:00,1786311223.835,88.78,26.72,0.2045,4.62,0.244,632.5,244.2
2026-08-09T21:33:44.038104+00:00,1786311224.038,88.98,27.12,0.2089,4.29,0.267,650.9,233.1
2026-08-09T21:33:44.240864+00:00,1786311224.241,89.18,27.12,0.2089,3.95,0.246,667.2,233.1
2026-08-09T21:33:44.440254+00:00,1786311224.440,89.38,27.21,0.2133,3.61,0.257,681.4,233.1
2026-08-09T21:33:44.648338+00:00,1786311224.648,89.59,27.78,0.2133,3.26,0.302,694.3,233.1
2026-08-09T21:33:44.847268+00:00,1786311224.847,89.79,28.05,0.2133,2.94,0.308,705.2,233.1
2026-08-09T21:33:45.052863+00:00,1786311225.053,89.99,28.05,0.2177,2.66,0.307,713.4,233.1
2026-08-09T21:33:45.255385+00:00,1786311225.255,90.20,28.18,0.2177,2.43,0.266,717.2,233.1
2026-08-09T21:33:45.455882+00:00,1786311225.456,90.40,28.74,0.2221,2.23,0.311,719.6,233.1
2026-08-09T21:33:45.651157+00:00,1786311225.651,90.59,28.95,0.2221,2.08,0.340,721.4,233.1
2026-08-09T21:33:45.847393+00:00,1786311225.847,90.79,28.95,0.2221,1.96,0.307,719.7,233.1
2026-08-09T21:33:46.053061+00:00,1786311226.053,90.99,29.41,0.2265,1.85,0.315,715.6,222.0
2026-08-09T21:33:46.249864+00:00,1786311226.250,91.19,29.37,0.2265,1.76,0.311,710.3,222.0
2026-08-09T21:33:46.450358+00:00,1786311226.450,91.39,29.47,0.2287,1.69,0.313,704.1,222.0
2026-08-09T21:33:46.655066+00:00,1786311226.655,91.60,29.47,0.2287,1.65,0.234,693.5,222.0
2026-08-09T21:33:46.861991+00:00,1786311226.862,91.80,29.72,0.2287,1.63,0.230,681.9,222.0
2026-08-09T21:33:47.066661+00:00,1786311227.067,92.01,29.62,0.2331,1.62,0.216,668.7,222.0
2026-08-09T21:33:47.261646+00:00,1786311227.262,92.20,29.63,0.2331,1.63,0.201,654.5,222.0
2026-08-09T21:33:47.456149+00:00,1786311227.456,92.40,29.63,0.2375,1.65,0.124,639.0,222.0
2026-08-09T21:33:47.662079+00:00,1786311227.662,92.60,29.60,0.2375,1.71,0.090,622.4,222.0
2026-08-09T21:33:47.856773+00:00,1786311227.857,92.80,29.59,0.2375,1.77,0.088,606.1,222.0
2026-08-09T21:33:48.060038+00:00,1786311228.060,93.00,29.49,0.2419,1.83,0.000,589.4,222.0
2026-08-09T21:33:48.258728+00:00,1786311228.259,93.20,29.49,0.2419,1.89,0.000,571.8,222.0
2026-08-09T21:33:48.458199+00:00,1786311228.458,93.40,29.44,0.2463,1.95,0.000,554.7,222.0
2026-08-09T21:33:48.663443+00:00,1786311228.663,93.60,29.24,0.2463,2.01,0.000,539.6,222.0
2026-08-09T21:33:48.866601+00:00,1786311228.867,93.81,29.10,0.2463,2.06,-0.086,522.5,222.0
2026-08-09T21:33:49.066156+00:00,1786311229.066,94.01,29.10,0.2507,2.11,-0.072,506.3,233.1
2026-08-09T21:33:49.272618+00:00,1786311229.273,94.21,28.97,0.2507,2.13,-0.091,491.5,233.1
2026-08-09T21:33:49.476581+00:00,1786311229.477,94.42,28.61,0.2529,2.15,-0.140,476.3,233.1
2026-08-09T21:33:49.675346+00:00,1786311229.675,94.62,28.61,0.2529,2.16,-0.137,460.9,233.1
2026-08-09T21:33:49.881709+00:00,1786311229.882,94.82,28.31,0.2529,2.14,-0.174,445.1,233.1
2026-08-09T21:33:50.081140+00:00,1786311230.081,95.02,28.23,0.2573,2.10,-0.174,430.2,233.1
2026-08-09T21:33:50.285785+00:00,1786311230.286,95.23,28.05,0.2573,2.03,-0.198,416.3,233.1
2026-08-09T21:33:50.490500+00:00,1786311230.490,95.43,28.05,0.2617,1.97,-0.191,401.4,233.1
2026-08-09T21:33:50.692678+00:00,1786311230.693,95.63,27.81,0.2617,1.89,-0.196,385.5,233.1
2026-08-09T21:33:50.888621+00:00,1786311230.889,95.83,27.64,0.2617,1.79,-0.200,370.4,233.1
2026-08-09T21:33:51.085607+00:00,1786311231.086,96.03,27.64,0.2661,1.68,-0.201,354.6,222.0
2026-08-09T21:33:51.285017+00:00,1786311231.285,96.23,27.52,0.2661,1.58,-0.201,338.8,222.0
2026-08-09T21:33:51.485427+00:00,1786311231.485,96.43,27.45,0.2683,1.48,-0.161,323.8,222.0
2026-08-09T21:33:51.689168+00:00,1786311231.689,96.63,27.45,0.2683,1.39,-0.161,310.8,222.0
2026-08-09T21:33:51.889038+00:00,1786311231.889,96.83,27.14,0.2683,1.30,-0.163,297.0,222.0
2026-08-09T21:33:52.085778+00:00,1786311232.086,97.03,27.00,0.2727,1.21,-0.171,283.2,222.0
2026-08-09T21:33:52.289105+00:00,1786311232.289,97.23,27.00,0.2727,1.12,-0.146,269.9,222.0
2026-08-09T21:33:52.488301+00:00,1786311232.488,97.43,26.90,0.2771,1.04,-0.160,258.0,222.0
2026-08-09T21:33:52.692120+00:00,1786311232.692,97.63,26.85,0.2771,0.97,-0.133,247.0,222.0
2026-08-09T21:33:52.896599+00:00,1786311232.897,97.84,26.85,0.2771,0.93,-0.109,236.3,222.0
2026-08-09T21:33:53.101965+00:00,1786311233.102,98.04,26.68,0.2815,0.91,-0.132,227.1,222.0
2026-08-09T21:33:53.306515+00:00,1786311233.307,98.25,26.81,0.2815,0.91,-0.097,218.5,222.0
2026-08-09T21:33:53.505660+00:00,1786311233.506,98.45,26.85,0.2837,0.92,-0.083,210.1,222.0
2026-08-09T21:33:53.708614+00:00,1786311233.709,98.65,26.85,0.2837,0.92,-0.083,201.6,222.0
2026-08-09T21:33:53.914258+00:00,1786311233.914,98.86,26.89,0.2837,0.95,0.000,197.5,222.0
2026-08-09T21:33:54.111453+00:00,1786311234.111,99.05,26.93,0.2881,0.98,0.000,192.9,222.0
2026-08-09T21:33:54.312066+00:00,1786311234.312,99.25,26.93,0.2881,1.02,0.000,189.0,222.0
2026-08-09T21:33:54.507304+00:00,1786311234.507,99.45,26.91,0.2925,1.06,0.000,186.8,222.0
2026-08-09T21:33:54.706173+00:00,1786311234.706,99.65,27.06,0.2925,1.10,0.000,184.7,222.0
2026-08-09T21:33:54.905820+00:00,1786311234.906,99.85,27.06,0.2925,1.15,0.000,184.0,222.0
2026-08-09T21:33:55.112576+00:00,1786311235.113,100.05,26.89,0.2947,1.21,0.000,183.8,222.0
2026-08-09T21:33:55.317962+00:00,1786311235.318,100.26,26.83,0.2947,1.26,0.000,184.7,222.0
2026-08-09T21:33:55.523955+00:00,1786311235.524,100.47,26.83,0.2991,1.32,0.000,186.0,222.0
2026-08-09T21:33:55.720884+00:00,1786311235.721,100.66,26.77,0.2991,1.38,0.000,188.1,222.0
2026-08-09T21:33:55.926551+00:00,1786311235.927,100.87,26.66,0.2991,1.42,0.000,191.0,222.0
2026-08-09T21:33:56.127814+00:00,1786311236.128,101.07,26.66,0.3035,1.46,0.000,194.5,222.0
2026-08-09T21:33:56.323965+00:00,1786311236.324,101.27,26.60,0.3035,1.50,0.000,198.6,222.0
2026-08-09T21:33:56.519968+00:00,1786311236.520,101.46,26.46,0.3057,1.53,-0.063,200.7,222.0
2026-08-09T21:33:56.724413+00:00,1786311236.724,101.67,26.46,0.3057,1.56,-0.083,202.8,222.0
2026-08-09T21:33:56.924975+00:00,1786311236.925,101.87,26.44,0.3057,1.59,-0.085,205.5,222.0
2026-08-09T21:33:57.130188+00:00,1786311237.130,102.07,26.37,0.3101,1.61,-0.071,209.3,222.0
2026-08-09T21:33:57.332178+00:00,1786311237.332,102.27,26.37,0.3101,1.62,-0.064,213.0,222.0
2026-08-09T21:33:57.531720+00:00,1786311237.532,102.47,26.28,0.3145,1.62,-0.076,217.2,222.0
2026-08-09T21:33:57.734065+00:00,1786311237.734,102.68,26.28,0.3145,1.61,-0.068,221.1,222.0
2026-08-09T21:33:57.934169+00:00,1786311237.934,102.88,26.28,0.3145,1.58,-0.053,224.8,222.0
2026-08-09T21:33:58.129257+00:00,1786311238.129,103.07,26.17,0.3167,1.54,-0.068,228.7,222.0
2026-08-09T21:33:58.334841+00:00,1786311238.335,103.28,26.24,0.3167,1.51,0.000,233.2,222.0
2026-08-09T21:33:58.537622+00:00,1786311238.538,103.48,26.24,0.3211,1.47,0.000,237.2,222.0
2026-08-09T21:33:58.736641+00:00,1786311238.737,103.68,26.17,0.3211,1.45,0.000,241.0,222.0
2026-08-09T21:33:58.939268+00:00,1786311238.939,103.88,26.11,0.3211,1.45,0.000,242.6,222.0
2026-08-09T21:33:59.144327+00:00,1786311239.144,104.09,26.11,0.3255,1.45,0.000,244.0,222.0
2026-08-09T21:33:59.340670+00:00,1786311239.341,104.28,26.09,0.3255,1.46,0.000,245.3,222.0
2026-08-09T21:33:59.536500+00:00,1786311239.536,104.48,25.78,0.3277,1.47,-0.070,244.6,222.0
2026-08-09T21:33:59.742530+00:00,1786311239.743,104.68,25.78,0.3277,1.48,-0.069,243.7,222.0
2026-08-09T21:33:59.940134+00:00,1786311239.940,104.88,25.51,0.3277,1.46,-0.106,241.4,222.0
2026-08-09T21:34:00.136867+00:00,1786311240.137,105.08,25.51,0.3321,1.40,-0.091,239.2,222.0
2026-08-09T21:34:00.338591+00:00,1786311240.339,105.28,25.29,0.3321,1.34,-0.133,235.5,222.0
2026-08-09T21:34:00.541670+00:00,1786311240.542,105.48,25.13,0.3343,1.29,-0.155,230.7,222.0
2026-08-09T21:34:00.747172+00:00,1786311240.747,105.69,25.13,0.3343,1.24,-0.143,225.8,222.0
2026-08-09T21:34:00.947862+00:00,1786311240.948,105.89,24.96,0.3343,1.21,-0.159,220.2,222.0
2026-08-09T21:34:01.146178+00:00,1786311241.146,106.09,24.78,0.3387,1.19,-0.185,213.7,222.0
2026-08-09T21:34:01.348770+00:00,1786311241.349,106.29,24.78,0.3387,1.16,-0.181,207.1,222.0
2026-08-09T21:34:01.546186+00:00,1786311241.546,106.49,24.88,0.3431,1.14,-0.124,203.3,222.0
2026-08-09T21:34:01.750655+00:00,1786311241.751,106.69,24.99,0.3431,1.11,-0.109,200.1,222.0
2026-08-09T21:34:01.953682+00:00,1786311241.954,106.90,24.99,0.3431,1.08,-0.072,197.5,222.0
2026-08-09T21:34:02.155944+00:00,1786311242.156,107.10,24.99,0.3453,1.05,-0.072,194.5,222.0
2026-08-09T21:34:02.352490+00:00,1786311242.352,107.29,24.99,0.3453,1.01,0.000,192.8,222.0
2026-08-09T21:34:02.552831+00:00,1786311242.553,107.49,24.99,0.3497,0.98,0.000,191.3,222.0
2026-08-09T21:34:02.748925+00:00,1786311242.749,107.69,25.09,0.3497,0.96,0.000,189.6,222.0
2026-08-09T21:34:02.947777+00:00,1786311242.948,107.89,25.09,0.3497,0.96,0.000,187.7,222.0
2026-08-09T21:34:03.149604+00:00,1786311243.150,108.09,25.13,0.3519,0.99,0.000,186.5,222.0
2026-08-09T21:34:03.348638+00:00,1786311243.349,108.29,25.30,0.3519,1.04,0.072,185.7,222.0
2026-08-09T21:34:03.547125+00:00,1786311243.547,108.49,25.30,0.3563,1.09,0.058,185.0,222.0
2026-08-09T21:34:03.746830+00:00,1786311243.747,108.69,25.42,0.3563,1.14,0.061,184.7,222.0
2026-08-09T21:34:03.943491+00:00,1786311243.943,108.88,25.60,0.3563,1.18,0.085,185.3,222.0
2026-08-09T21:34:04.142701+00:00,1786311244.143,109.08,25.60,0.3607,1.21,0.085,186.0,222.0
2026-08-09T21:34:04.341023+00:00,1786311244.341,109.28,25.78,0.3607,1.23,0.109,187.5,222.0
2026-08-09T21:34:04.544772+00:00,1786311244.545,109.49,25.93,0.3629,1.26,0.131,191.5,222.0
2026-08-09T21:34:04.747977+00:00,1786311244.748,109.69,25.93,0.3629,1.30,0.116,195.4,222.0
2026-08-09T21:34:04.948237+00:00,1786311244.948,109.89,26.15,0.3629,1.34,0.147,201.3,222.0
2026-08-09T21:34:05.147044+00:00,1786311245.147,110.09,26.22,0.3673,1.38,0.153,207.5,222.0
2026-08-09T21:34:05.346219+00:00,1786311245.346,110.29,26.22,0.3673,1.42,0.129,214.6,222.0
2026-08-09T21:34:05.546450+00:00,1786311245.546,110.49,26.33,0.3717,1.46,0.144,223.2,222.0
2026-08-09T21:34:05.749459+00:00,1786311245.749,110.69,26.43,0.3717,1.50,0.139,231.8,222.0
2026-08-09T21:34:05.948997+00:00,1786311245.949,110.89,26.43,0.3717,1.53,0.115,240.5,222.0
2026-08-09T21:34:06.147252+00:00,1786311246.147,111.09,26.55,0.3738,1.56,0.132,250.5,222.0
2026-08-09T21:34:06.352277+00:00,1786311246.352,111.29,26.60,0.3738,1.59,0.114,260.3,222.0
2026-08-09T21:34:06.552174+00:00,1786311246.552,111.49,26.60,0.3782,1.62,0.093,268.4,222.0
2026-08-09T21:34:06.753397+00:00,1786311246.753,111.69,26.66,0.3782,1.64,0.101,276.6,222.0
2026-08-09T21:34:06.957216+00:00,1786311246.957,111.90,26.79,0.3782,1.65,0.089,283.9,222.0
2026-08-09T21:34:07.159853+00:00,1786311247.160,112.10,26.79,0.3826,1.65,0.079,291.1,222.0
2026-08-09T21:34:07.356160+00:00,1786311247.356,112.30,26.82,0.3826,1.66,0.082,296.9,222.0
2026-08-09T21:34:07.552602+00:00,1786311247.553,112.49,27.09,0.3870,1.66,0.105,303.5,222.0
2026-08-09T21:34:07.753353+00:00,1786311247.753,112.69,27.19,0.3870,1.66,0.106,310.4,222.0
2026-08-09T21:34:07.954000+00:00,1786311247.954,112.90,27.19,0.3870,1.66,0.106,317.2,222.0
2026-08-09T21:34:08.156788+00:00,1786311248.157,113.10,27.31,0.3892,1.65,0.105,323.9,222.0
2026-08-09T21:34:08.360517+00:00,1786311248.361,113.30,27.42,0.3892,1.64,0.113,328.9,222.0
2026-08-09T21:34:08.560285+00:00,1786311248.560,113.50,27.42,0.3936,1.63,0.113,334.0,222.0
2026-08-09T21:34:08.758158+00:00,1786311248.758,113.70,27.42,0.3936,1.60,0.105,338.4,222.0
2026-08-09T21:34:08.957087+00:00,1786311248.957,113.90,27.54,0.3936,1.58,0.104,342.0,222.0
2026-08-09T21:34:09.160508+00:00,1786311249.160,114.10,27.54,0.3980,1.56,0.104,345.4,222.0
2026-08-09T21:34:09.360920+00:00,1786311249.361,114.30,27.41,0.3980,1.52,0.083,347.1,222.0
2026-08-09T21:34:09.564718+00:00,1786311249.565,114.51,27.46,0.4024,1.48,0.051,347.2,222.0
2026-08-09T21:34:09.768513+00:00,1786311249.768,114.71,27.51,0.4024,1.45,0.000,346.1,222.0
2026-08-09T21:34:09.973221+00:00,1786311249.973,114.91,27.51,0.4024,1.43,0.000,343.8,222.0
2026-08-09T21:34:10.179812+00:00,1786311250.180,115.12,27.60,0.4046,1.41,0.000,341.1,222.0
2026-08-09T21:34:10.380102+00:00,1786311250.380,115.32,27.71,0.4046,1.40,0.000,338.9,222.0
2026-08-09T21:34:10.576927+00:00,1786311250.577,115.52,27.71,0.4090,1.40,0.000,336.1,222.0
2026-08-09T21:34:10.771998+00:00,1786311250.772,115.71,27.83,0.4090,1.38,0.057,334.6,222.0
2026-08-09T21:34:10.976494+00:00,1786311250.976,115.92,27.89,0.4090,1.36,0.000,332.1,222.0
2026-08-09T21:34:11.176799+00:00,1786311251.177,116.12,27.89,0.4134,1.35,0.000,328.8,222.0
2026-08-09T21:34:11.374663+00:00,1786311251.375,116.32,27.71,0.4134,1.31,0.000,325.6,222.0
2026-08-09T21:34:11.571298+00:00,1786311251.571,116.51,27.95,0.4178,1.27,0.067,324.5,222.0
2026-08-09T21:34:11.776542+00:00,1786311251.777,116.72,27.97,0.4178,1.23,0.063,322.8,222.0
2026-08-09T21:34:11.980430+00:00,1786311251.980,116.92,27.97,0.4178,1.20,0.063,321.1,222.0
2026-08-09T21:34:12.187005+00:00,1786311252.187,117.13,27.96,0.4200,1.18,0.000,317.9,222.0
2026-08-09T21:34:12.393436+00:00,1786311252.393,117.33,27.96,0.4200,1.18,0.000,314.6,222.0
2026-08-09T21:34:12.598897+00:00,1786311252.599,117.54,27.98,0.4244,1.19,0.000,310.6,222.0
2026-08-09T21:34:12.803538+00:00,1786311252.804,117.74,27.98,0.4244,1.19,0.000,306.5,222.0
2026-08-09T21:34:13.009815+00:00,1786311253.010,117.95,28.16,0.4288,1.19,0.000,302.4,222.0
2026-08-09T21:34:13.211001+00:00,1786311253.211,118.15,27.96,0.4288,1.19,0.000,298.3,222.0
2026-08-09T21:34:13.406720+00:00,1786311253.407,118.35,27.96,0.4288,1.17,0.000,293.8,222.0
2026-08-09T21:34:13.603938+00:00,1786311253.604,118.55,27.95,0.4332,1.15,0.000,289.2,222.0
2026-08-09T21:34:13.807779+00:00,1786311253.808,118.75,27.90,0.4332,1.12,0.000,284.8,222.0
2026-08-09T21:34:14.006977+00:00,1786311254.007,118.95,27.90,0.4332,1.08,0.000,280.2,222.0
2026-08-09T21:34:14.211145+00:00,1786311254.211,119.15,27.77,0.4376,1.06,0.000,275.6,222.0
2026-08-09T21:34:14.415379+00:00,1786311254.415,119.36,27.81,0.4376,1.06,0.000,271.8,222.0
2026-08-09T21:34:14.611298+00:00,1786311254.611,119.55,27.77,0.4398,1.05,0.000,268.8,222.0
2026-08-09T21:34:14.810868+00:00,1786311254.811,119.75,27.77,0.4398,1.04,0.000,267.2,222.0
2026-08-09T21:34:15.010185+00:00,1786311255.010,119.95,27.70,0.4398,1.04,-0.064,264.0,222.0
2026-08-09T21:34:15.216992+00:00,1786311255.217,120.16,27.62,0.4442,1.02,0.000,262.4,222.0
2026-08-09T21:34:15.411339+00:00,1786311255.411,120.35,27.62,0.4442,0.98,0.000,260.5,222.0
2026-08-09T21:34:15.617154+00:00,1786311255.617,120.56,27.59,0.4486,0.93,0.000,258.4,222.0
2026-08-09T21:34:15.816379+00:00,1786311255.816,120.76,27.64,0.4486,0.88,0.000,254.6,222.0
2026-08-09T21:34:16.015180+00:00,1786311256.015,120.96,27.64,0.4486,0.83,0.000,252.1,222.0
2026-08-09T21:34:16.213816+00:00,1786311256.214,121.16,27.48,0.4530,0.79,0.000,249.5,222.0
2026-08-09T21:34:16.413379+00:00,1786311256.413,121.35,27.46,0.4530,0.75,0.000,246.9,222.0
2026-08-09T21:34:16.609591+00:00,1786311256.610,121.55,27.46,0.4552,0.71,0.000,242.5,222.0
2026-08-09T21:34:16.812564+00:00,1786311256.813,121.75,27.17,0.4552,0.69,-0.084,236.0,222.0
2026-08-09T21:34:17.017941+00:00,1786311257.018,121.96,27.37,0.4552,0.68,0.000,231.8,222.0
2026-08-09T21:34:17.215200+00:00,1786311257.215,122.16,27.33,0.4596,0.67,0.000,229.1,222.0
2026-08-09T21:34:17.417649+00:00,1786311257.418,122.36,27.33,0.4596,0.65,0.000,226.5,222.0
2026-08-09T21:34:17.617042+00:00,1786311257.617,122.56,27.24,0.4640,0.64,0.000,223.6,222.0
2026-08-09T21:34:17.816333+00:00,1786311257.816,122.76,27.19,0.4640,0.62,-0.062,219.1,222.0
2026-08-09T21:34:18.018846+00:00,1786311258.019,122.96,27.19,0.4640,0.60,-0.062,214.4,222.0
2026-08-09T21:34:18.219928+00:00,1786311258.220,123.16,27.10,0.4662,0.58,-0.052,210.0,222.0
2026-08-09T21:34:18.422966+00:00,1786311258.423,123.36,27.28,0.4662,0.57,0.000,207.0,222.0
2026-08-09T21:34:18.628318+00:00,1786311258.628,123.57,27.28,0.4706,0.57,0.000,204.1,222.0
2026-08-09T21:34:18.832987+00:00,1786311258.833,123.77,26.99,0.4706,0.56,0.000,201.1,222.0
2026-08-09T21:34:19.032239+00:00,1786311259.032,123.97,26.94,0.4706,0.56,-0.059,196.9,222.0
2026-08-09T21:34:19.238188+00:00,1786311259.238,124.18,26.94,0.4750,0.57,-0.053,193.0,222.0
2026-08-09T21:34:19.441691+00:00,1786311259.442,124.38,26.83,0.4750,0.58,-0.068,188.7,222.0
2026-08-09T21:34:19.647818+00:00,1786311259.648,124.59,26.86,0.4794,0.59,-0.052,184.9,222.0
2026-08-09T21:34:19.850891+00:00,1786311259.851,124.79,26.80,0.4794,0.60,-0.053,181.1,222.0
2026-08-09T21:34:20.049123+00:00,1786311260.049,124.99,26.80,0.4794,0.58,-0.053,178.9,222.0
2026-08-09T21:34:20.247378+00:00,1786311260.247,125.19,26.74,0.4816,0.55,-0.050,175.2,222.0
2026-08-09T21:34:20.446425+00:00,1786311260.446,125.39,26.68,0.4816,0.52,-0.083,170.7,222.0
2026-08-09T21:34:20.646080+00:00,1786311260.646,125.59,26.68,0.4860,0.49,-0.083,166.3,222.0
2026-08-09T21:34:20.843401+00:00,1786311260.843,125.78,26.60,0.4860,0.47,-0.055,162.6,222.0
2026-08-09T21:34:21.048015+00:00,1786311261.048,125.99,26.60,0.4860,0.46,0.000,160.5,222.0
2026-08-09T21:34:21.249375+00:00,1786311261.249,126.19,26.60,0.4904,0.45,0.000,158.6,222.0
2026-08-09T21:34:21.443449+00:00,1786311261.443,126.38,26.43,0.4904,0.44,-0.055,155.3,222.0
2026-08-09T21:34:21.646556+00:00,1786311261.647,126.59,26.45,0.4926,0.44,-0.057,152.3,222.0
2026-08-09T21:34:21.843897+00:00,1786311261.844,126.79,26.45,0.4926,0.44,0.000,152.9,222.0
2026-08-09T21:34:22.050850+00:00,1786311262.051,126.99,26.43,0.4926,0.45,-0.050,150.2,222.0
2026-08-09T21:34:22.245680+00:00,1786311262.246,127.19,26.43,0.4970,0.44,0.000,148.8,222.0
2026-08-09T21:34:22.445633+00:00,1786311262.446,127.39,26.43,0.4970,0.45,0.000,147.5,222.0
2026-08-09T21:34:22.641479+00:00,1786311262.641,127.58,26.45,0.5014,0.45,0.000,146.3,222.0
2026-08-09T21:34:22.840279+00:00,1786311262.840,127.78,26.46,0.5014,0.46,0.000,146.8,222.0
2026-08-09T21:34:23.036171+00:00,1786311263.036,127.98,26.46,0.5014,0.49,0.000,147.5,222.0
2026-08-09T21:34:23.241576+00:00,1786311263.242,128.18,26.49,0.5036,0.54,0.000,148.3,222.0
2026-08-09T21:34:23.440585+00:00,1786311263.441,128.38,26.42,0.5036,0.59,0.000,147.9,222.0
2026-08-09T21:34:23.636329+00:00,1786311263.636,128.58,26.42,0.5080,0.64,0.000,147.8,222.0
2026-08-09T21:34:23.842799+00:00,1786311263.843,128.78,26.39,0.5080,0.69,0.000,148.0,222.0
2026-08-09T21:34:24.041023+00:00,1786311264.041,128.98,26.39,0.5080,0.74,0.000,150.0,222.0
2026-08-09T21:34:24.247927+00:00,1786311264.248,129.19,26.28,0.5124,0.79,0.000,151.9,222.0
2026-08-09T21:34:24.446996+00:00,1786311264.447,129.39,26.22,0.5124,0.84,0.000,154.3,222.0
2026-08-09T21:34:24.645557+00:00,1786311264.646,129.59,26.22,0.5146,0.88,0.000,156.4,222.0
2026-08-09T21:34:24.841967+00:00,1786311264.842,129.78,26.06,0.5146,0.92,-0.055,157.3,222.0
2026-08-09T21:34:25.044994+00:00,1786311265.045,129.99,26.10,0.5146,0.96,0.000,159.8,222.0
2026-08-09T21:34:25.249521+00:00,1786311265.250,130.19,26.10,0.5190,1.00,-0.054,161.3,222.0
2026-08-09T21:34:25.450274+00:00,1786311265.450,130.39,25.94,0.5190,1.03,-0.067,163.4,222.0
2026-08-09T21:34:25.653183+00:00,1786311265.653,130.59,25.73,0.5234,1.06,-0.095,165.0,222.0
2026-08-09T21:34:25.859200+00:00,1786311265.859,130.80,25.73,0.5234,1.07,-0.091,166.1,222.0
2026-08-09T21:34:26.058447+00:00,1786311266.058,131.00,25.51,0.5234,1.06,-0.122,165.1,222.0
2026-08-09T21:34:26.265317+00:00,1786311266.265,131.21,25.11,0.5256,1.02,-0.161,162.9,222.0
2026-08-09T21:34:26.467879+00:00,1786311266.468,131.41,25.11,0.5256,0.98,-0.153,162.2,222.0
2026-08-09T21:34:26.665829+00:00,1786311266.666,131.61,24.78,0.5300,0.94,-0.198,160.2,222.0
2026-08-09T21:34:26.868225+00:00,1786311266.868,131.81,24.78,0.5300,0.92,-0.175,157.2,222.0
2026-08-09T21:34:27.067202+00:00,1786311267.067,132.01,24.10,0.5300,0.89,-0.275,152.9,222.0
2026-08-09T21:34:27.271090+00:00,1786311267.271,132.21,24.10,0.5322,0.87,-0.275,147.3,222.0
2026-08-09T21:34:27.467353+00:00,1786311267.467,132.41,23.55,0.5322,0.83,-0.329,140.2,222.0
2026-08-09T21:34:27.669505+00:00,1786311267.669,132.61,23.00,0.5344,0.79,-0.377,131.9,222.0
2026-08-09T21:34:27.871399+00:00,1786311267.871,132.81,23.00,0.5344,0.76,-0.378,123.3,222.0
2026-08-09T21:34:28.066739+00:00,1786311268.067,133.01,22.35,0.5344,0.74,-0.438,113.4,222.0
2026-08-09T21:34:28.262262+00:00,1786311268.262,133.20,22.35,0.5388,0.73,-0.384,104.2,222.0
2026-08-09T21:34:28.461158+00:00,1786311268.461,133.40,21.67,0.5388,0.71,-0.479,92.8,222.0
2026-08-09T21:34:28.666736+00:00,1786311268.667,133.61,21.67,0.5410,0.66,-0.432,82.0,222.0
2026-08-09T21:34:28.865557+00:00,1786311268.866,133.81,21.06,0.5410,0.62,-0.518,69.2,222.0
2026-08-09T21:34:29.066623+00:00,1786311269.067,134.01,21.06,0.5410,0.61,-0.422,58.0,222.0
2026-08-09T21:34:29.267067+00:00,1786311269.267,134.21,20.56,0.5432,0.60,-0.493,45.4,222.0
2026-08-09T21:34:29.467999+00:00,1786311269.468,134.41,20.56,0.5432,0.61,-0.416,34.0,222.0
2026-08-09T21:34:29.663482+00:00,1786311269.663,134.60,20.25,0.5454,0.61,-0.383,23.1,222.0
2026-08-09T21:34:29.860941+00:00,1786311269.861,134.80,20.25,0.5454,0.64,-0.384,13.6,222.0
2026-08-09T21:34:30.067805+00:00,1786311270.068,135.01,19.89,0.5454,0.71,-0.341,3.5,222.0
2026-08-09T21:34:30.273401+00:00,1786311270.273,135.21,19.89,0.5498,0.82,-0.339,0.0,222.0
2026-08-09T21:34:30.467484+00:00,1786311270.467,135.41,19.89,0.5498,0.98,-0.246,0.0,222.0
2026-08-09T21:34:30.669986+00:00,1786311270.670,135.61,19.43,0.5520,1.18,-0.310,0.0,222.0
2026-08-09T21:34:30.864497+00:00,1786311270.864,135.81,19.43,0.5520,1.43,-0.226,0.0,222.0
2026-08-09T21:34:31.066230+00:00,1786311271.066,136.01,19.20,0.5520,1.68,-0.257,0.0,222.0
2026-08-09T21:34:31.267662+00:00,1786311271.268,136.21,19.20,0.5542,1.97,-0.188,0.0,222.0
2026-08-09T21:34:31.469578+00:00,1786311271.470,136.41,18.95,0.5542,2.31,-0.223,0.0,222.0
2026-08-09T21:34:31.667471+00:00,1786311271.667,136.61,18.95,0.5564,2.71,-0.180,0.0,233.1
2026-08-09T21:34:31.869950+00:00,1786311271.870,136.81,18.58,0.5564,3.16,-0.231,0.0,233.1
2026-08-09T21:34:32.074640+00:00,1786311272.075,137.02,18.58,0.5564,3.65,-0.182,0.0,233.1
2026-08-09T21:34:32.275078+00:00,1786311272.275,137.22,18.21,0.5586,4.17,-0.234,2.4,233.1
2026-08-09T21:34:32.475551+00:00,1786311272.476,137.42,18.21,0.5586,4.72,-0.233,14.5,233.1
2026-08-09T21:34:32.672572+00:00,1786311272.673,137.61,18.21,0.5608,5.32,-0.171,30.5,233.1
2026-08-09T21:34:32.871006+00:00,1786311272.871,137.81,17.99,0.5608,5.92,-0.200,47.7,233.1
2026-08-09T21:34:33.073768+00:00,1786311273.074,138.02,17.99,0.5608,6.49,-0.168,68.3,233.1
2026-08-09T21:34:33.269412+00:00,1786311273.269,138.21,18.18,0.5652,6.99,-0.143,89.9,244.2
2026-08-09T21:34:33.475894+00:00,1786311273.476,138.42,18.18,0.5652,7.42,-0.107,115.3,244.2
2026-08-09T21:34:33.678564+00:00,1786311273.679,138.62,18.32,0.5674,7.77,-0.086,141.5,244.2
2026-08-09T21:34:33.883367+00:00,1786311273.883,138.82,18.32,0.5674,8.07,0.000,171.8,244.2
2026-08-09T21:34:34.085760+00:00,1786311274.086,139.03,18.54,0.5674,8.33,0.000,201.4,244.2
2026-08-09T21:34:34.288457+00:00,1786311274.288,139.23,19.11,0.5696,8.51,0.125,235.9,244.2
2026-08-09T21:34:34.492450+00:00,1786311274.492,139.43,19.11,0.5696,8.61,0.125,269.2,244.2
2026-08-09T21:34:34.691730+00:00,1786311274.692,139.63,19.66,0.5718,8.66,0.201,304.4,244.2
2026-08-09T21:34:34.897416+00:00,1786311274.897,139.84,19.66,0.5718,8.66,0.230,340.0,244.2
2026-08-09T21:34:35.096638+00:00,1786311275.097,140.04,20.24,0.5718,8.61,0.309,377.0,244.2
2026-08-09T21:34:35.293630+00:00,1786311275.294,140.24,20.24,0.5762,8.48,0.284,412.8,244.2
2026-08-09T21:34:35.497613+00:00,1786311275.498,140.44,20.63,0.5762,8.28,0.337,447.4,244.2
2026-08-09T21:34:35.692381+00:00,1786311275.692,140.63,20.63,0.5784,8.00,0.318,481.4,244.2
2026-08-09T21:34:35.895071+00:00,1786311275.895,140.84,21.05,0.5784,7.63,0.376,513.8,244.2
2026-08-09T21:34:36.089707+00:00,1786311276.090,141.03,21.05,0.5784,7.26,0.347,544.4,244.2
2026-08-09T21:34:36.292123+00:00,1786311276.292,141.23,21.49,0.5828,6.89,0.330,572.0,244.2
2026-08-09T21:34:36.487192+00:00,1786311276.487,141.43,21.80,0.5828,6.55,0.374,599.6,244.2
2026-08-09T21:34:36.683004+00:00,1786311276.683,141.62,21.80,0.5850,6.23,0.297,622.7,244.2
2026-08-09T21:34:36.880897+00:00,1786311276.881,141.82,22.04,0.5850,5.92,0.333,645.5,244.2
2026-08-09T21:34:37.077100+00:00,1786311277.077,142.02,22.04,0.5850,5.62,0.253,663.4,244.2
2026-08-09T21:34:37.282207+00:00,1786311277.282,142.22,22.39,0.5872,5.34,0.300,681.5,244.2
2026-08-09T21:34:37.477970+00:00,1786311277.478,142.42,22.39,0.5872,5.11,0.247,696.0,244.2
2026-08-09T21:34:37.677331+00:00,1786311277.677,142.62,22.55,0.5916,4.88,0.269,707.8,244.2
2026-08-09T21:34:37.874790+00:00,1786311277.875,142.82,22.97,0.5916,4.66,0.270,718.3,244.2
2026-08-09T21:34:38.079852+00:00,1786311278.080,143.02,22.97,0.5916,4.46,0.268,726.0,244.2
2026-08-09T21:34:38.282034+00:00,1786311278.282,143.22,23.20,0.5938,4.27,0.238,730.6,233.1
2026-08-09T21:34:38.480199+00:00,1786311278.480,143.42,23.20,0.5938,4.11,0.195,731.9,233.1
2026-08-09T21:34:38.682421+00:00,1786311278.682,143.62,23.28,0.5982,3.96,0.206,731.4,233.1
2026-08-09T21:34:38.877944+00:00,1786311278.878,143.82,23.57,0.5982,3.85,0.212,728.7,233.1
2026-08-09T21:34:39.082248+00:00,1786311279.082,144.02,23.57,0.5982,3.74,0.211,724.5,233.1
2026-08-09T21:34:39.280603+00:00,1786311279.281,144.22,23.66,0.6004,3.64,0.177,715.6,233.1
2026-08-09T21:34:39.475845+00:00,1786311279.476,144.42,23.66,0.6004,3.56,0.177,706.2,233.1
2026-08-09T21:34:39.678227+00:00,1786311279.678,144.62,23.81,0.6048,3.48,0.175,694.1,233.1
2026-08-09T21:34:39.882933+00:00,1786311279.883,144.82,23.92,0.6048,3.40,0.131,680.4,233.1
2026-08-09T21:34:40.077838+00:00,1786311280.078,145.02,23.92,0.6048,3.32,0.132,664.0,233.1
2026-08-09T21:34:40.279752+00:00,1786311280.280,145.22,24.04,0.6092,3.25,0.118,648.0,233.1
2026-08-09T21:34:40.474653+00:00,1786311280.475,145.42,24.26,0.6092,3.17,0.148,631.5,233.1
2026-08-09T21:34:40.672738+00:00,1786311280.673,145.61,24.26,0.6114,3.10,0.137,615.8,233.1
2026-08-09T21:34:40.869484+00:00,1786311280.869,145.81,24.31,0.6114,3.03,0.103,598.3,233.1
2026-08-09T21:34:41.065450+00:00,1786311281.065,146.01,24.31,0.6114,2.95,0.103,582.4,233.1
2026-08-09T21:34:41.272470+00:00,1786311281.272,146.21,24.38,0.6158,2.90,0.101,567.1,233.1
2026-08-09T21:34:41.471528+00:00,1786311281.472,146.41,24.59,0.6158,2.85,0.130,552.2,233.1
2026-08-09T21:34:41.668253+00:00,1786311281.668,146.61,24.59,0.6180,2.83,0.109,539.3,233.1
2026-08-09T21:34:41.864195+00:00,1786311281.864,146.81,24.52,0.6180,2.78,0.084,525.7,233.1
2026-08-09T21:34:42.059376+00:00,1786311282.059,147.00,24.52,0.6180,2.74,0.084,514.5,233.1
2026-08-09T21:34:42.257533+00:00,1786311282.258,147.20,24.44,0.6223,2.71,0.055,501.9,233.1
2026-08-09T21:34:42.462900+00:00,1786311282.463,147.40,24.62,0.6223,2.67,0.051,491.2,233.1
2026-08-09T21:34:42.668757+00:00,1786311282.669,147.61,24.62,0.6245,2.63,0.051,480.4,233.1
2026-08-09T21:34:42.870362+00:00,1786311282.870,147.81,24.65,0.6245,2.57,0.000,468.5,233.1
2026-08-09T21:34:43.075299+00:00,1786311283.075,148.02,24.72,0.6245,2.52,0.058,458.5,233.1
2026-08-09T21:34:43.270966+00:00,1786311283.271,148.21,24.72,0.6289,2.46,0.000,448.0,233.1
2026-08-09T21:34:43.465446+00:00,1786311283.465,148.41,24.81,0.6289,2.41,0.000,438.9,233.1
2026-08-09T21:34:43.668401+00:00,1786311283.668,148.61,24.85,0.6311,2.35,0.000,429.8,233.1
2026-08-09T21:34:43.870169+00:00,1786311283.870,148.81,24.85,0.6311,2.32,0.000,420.5,233.1
2026-08-09T21:34:44.068888+00:00,1786311284.069,149.01,25.12,0.6311,2.28,0.083,413.6,233.1
2026-08-09T21:34:44.272448+00:00,1786311284.272,149.21,25.12,0.6355,2.24,0.094,407.8,233.1
2026-08-09T21:34:44.474789+00:00,1786311284.475,149.42,24.98,0.6355,2.21,0.000,400.0,233.1
2026-08-09T21:34:44.679370+00:00,1786311284.679,149.62,25.17,0.6399,2.19,0.075,394.1,233.1
2026-08-09T21:34:44.884789+00:00,1786311284.885,149.83,25.17,0.6399,2.19,0.071,389.2,233.1
2026-08-09T21:34:45.082832+00:00,1786311285.083,150.02,25.22,0.6399,2.20,0.069,384.7,233.1
2026-08-09T21:34:45.280132+00:00,1786311285.280,150.22,25.24,0.6421,2.23,0.072,380.8,233.1
2026-08-09T21:34:45.481229+00:00,1786311285.481,150.42,25.24,0.6421,2.25,0.059,376.1,233.1
2026-08-09T21:34:45.681082+00:00,1786311285.681,150.62,25.27,0.6465,2.28,0.058,372.1,233.1
2026-08-09T21:34:45.876039+00:00,1786311285.876,150.82,25.23,0.6465,2.30,0.052,368.9,233.1
2026-08-09T21:34:46.080056+00:00,1786311286.080,151.02,25.23,0.6465,2.30,0.000,364.8,233.1
2026-08-09T21:34:46.274624+00:00,1786311286.275,151.22,25.25,0.6487,2.31,0.000,360.9,233.1
2026-08-09T21:34:46.474419+00:00,1786311286.474,151.42,25.25,0.6487,2.31,0.000,356.4,233.1
2026-08-09T21:34:46.670235+00:00,1786311286.670,151.61,25.06,0.6531,2.32,0.000,352.3,233.1
2026-08-09T21:34:46.871229+00:00,1786311286.871,151.81,25.05,0.6531,2.31,0.000,349.0,233.1
2026-08-09T21:34:47.071527+00:00,1786311287.072,152.01,25.05,0.6531,2.29,0.000,345.8,233.1
2026-08-09T21:34:47.270024+00:00,1786311287.270,152.21,24.98,0.6575,2.26,0.000,343.2,233.1
2026-08-09T21:34:47.470682+00:00,1786311287.471,152.41,24.91,0.6575,2.24,0.000,340.6,233.1
2026-08-09T21:34:47.671309+00:00,1786311287.671,152.61,24.91,0.6597,2.21,-0.050,336.9,233.1
2026-08-09T21:34:47.873178+00:00,1786311287.873,152.81,24.78,0.6597,2.18,-0.062,334.1,233.1
2026-08-09T21:34:48.076273+00:00,1786311288.076,153.02,24.78,0.6597,2.13,-0.062,329.9,233.1
2026-08-09T21:34:48.283028+00:00,1786311288.283,153.22,24.67,0.6641,2.07,-0.080,326.5,233.1
2026-08-09T21:34:48.487440+00:00,1786311288.487,153.43,24.57,0.6641,2.02,-0.093,322.8,233.1
2026-08-09T21:34:48.688980+00:00,1786311288.689,153.63,24.57,0.6663,1.96,-0.067,319.5,233.1
2026-08-09T21:34:48.882592+00:00,1786311288.883,153.82,24.36,0.6663,1.93,-0.096,315.5,233.1
2026-08-09T21:34:49.086206+00:00,1786311289.086,154.03,24.36,0.6663,1.90,-0.096,309.5,233.1
2026-08-09T21:34:49.281261+00:00,1786311289.281,154.22,24.14,0.6707,1.88,-0.117,302.6,222.0
2026-08-09T21:34:49.485076+00:00,1786311289.485,154.43,24.02,0.6707,1.85,-0.123,297.8,222.0
2026-08-09T21:34:49.685071+00:00,1786311289.685,154.63,24.02,0.6729,1.81,-0.123,291.1,222.0
2026-08-09T21:34:49.882446+00:00,1786311289.882,154.82,23.86,0.6729,1.78,-0.127,284.2,222.0
2026-08-09T21:34:50.085483+00:00,1786311290.085,155.03,23.86,0.6729,1.76,-0.127,277.1,222.0
2026-08-09T21:34:50.283669+00:00,1786311290.284,155.23,23.68,0.6773,1.73,-0.137,269.5,222.0
2026-08-09T21:34:50.487078+00:00,1786311290.487,155.43,23.51,0.6773,1.70,-0.147,261.6,222.0
2026-08-09T21:34:50.690725+00:00,1786311290.691,155.63,23.51,0.6795,1.65,-0.147,253.5,222.0
2026-08-09T21:34:50.888119+00:00,1786311290.888,155.83,23.36,0.6795,1.60,-0.139,245.4,222.0
2026-08-09T21:34:51.082409+00:00,1786311291.082,156.02,23.36,0.6795,1.56,-0.139,238.3,222.0
2026-08-09T21:34:51.289588+00:00,1786311291.290,156.23,23.29,0.6839,1.51,-0.117,231.4,222.0
2026-08-09T21:34:51.492233+00:00,1786311291.492,156.43,23.10,0.6839,1.48,-0.127,224.2,222.0
2026-08-09T21:34:51.695391+00:00,1786311291.695,156.64,23.10,0.6861,1.46,-0.127,216.9,222.0
2026-08-09T21:34:51.894897+00:00,1786311291.895,156.84,22.96,0.6861,1.44,-0.124,209.7,222.0
2026-08-09T21:34:52.098049+00:00,1786311292.098,157.04,22.96,0.6861,1.41,-0.124,202.4,222.0
2026-08-09T21:34:52.304130+00:00,1786311292.304,157.25,22.86,0.6905,1.37,-0.113,195.3,222.0
2026-08-09T21:34:52.508180+00:00,1786311292.508,157.45,22.86,0.6905,1.34,-0.090,188.7,222.0
2026-08-09T21:34:52.708027+00:00,1786311292.708,157.65,22.74,0.6927,1.30,-0.106,182.9,222.0
2026-08-09T21:34:52.910959+00:00,1786311292.911,157.85,22.66,0.6927,1.27,-0.096,177.7,222.0
2026-08-09T21:34:53.113019+00:00,1786311293.113,158.05,22.66,0.6927,1.26,-0.096,172.6,222.0
2026-08-09T21:34:53.318019+00:00,1786311293.318,158.26,22.53,0.6949,1.26,-0.104,167.9,222.0
2026-08-09T21:34:53.512971+00:00,1786311293.513,158.45,22.53,0.6949,1.27,-0.078,164.4,222.0
2026-08-09T21:34:53.710171+00:00,1786311293.710,158.65,22.40,0.6993,1.29,-0.096,160.1,222.0
2026-08-09T21:34:53.903372+00:00,1786311293.903,158.84,22.40,0.6993,1.31,-0.077,157.3,222.0
2026-08-09T21:34:54.103004+00:00,1786311294.103,159.04,22.30,0.6993,1.34,-0.091,154.3,222.0
2026-08-09T21:34:54.301366+00:00,1786311294.301,159.24,22.30,0.7015,1.35,-0.078,152.3,222.0
2026-08-09T21:34:54.501108+00:00,1786311294.501,159.44,22.16,0.7015,1.33,-0.097,150.1,222.0
2026-08-09T21:34:54.703534+00:00,1786311294.704,159.64,22.07,0.7059,1.31,-0.093,148.0,222.0
2026-08-09T21:34:54.909138+00:00,1786311294.909,159.85,22.07,0.7059,1.29,-0.082,146.3,222.0
2026-08-09T21:34:55.110566+00:00,1786311295.111,160.05,21.94,0.7059,1.29,-0.100,144.4,222.0
2026-08-09T21:34:55.306149+00:00,1786311295.306,160.25,21.94,0.7081,1.30,-0.083,143.1,222.0
2026-08-09T21:34:55.505428+00:00,1786311295.505,160.45,21.80,0.7081,1.31,-0.102,142.0,222.0
2026-08-09T21:34:55.707744+00:00,1786311295.708,160.65,21.80,0.7103,1.34,-0.084,141.4,222.0
2026-08-09T21:34:55.905171+00:00,1786311295.905,160.85,21.70,0.7103,1.37,-0.097,140.7,222.0
2026-08-09T21:34:56.106692+00:00,1786311296.107,161.05,21.70,0.7103,1.39,-0.083,140.6,222.0
2026-08-09T21:34:56.313475+00:00,1786311296.313,161.25,21.57,0.7147,1.40,-0.100,139.8,222.0
2026-08-09T21:34:56.515294+00:00,1786311296.515,161.46,21.57,0.7147,1.41,-0.081,139.8,222.0
2026-08-09T21:34:56.713756+00:00,1786311296.714,161.66,21.44,0.7169,1.43,-0.087,139.8,222.0
2026-08-09T21:34:56.917287+00:00,1786311296.917,161.86,21.44,0.7169,1.44,-0.087,139.9,222.0
2026-08-09T21:34:57.123540+00:00,1786311297.124,162.06,21.24,0.7169,1.45,-0.097,139.8,222.0
2026-08-09T21:34:57.322243+00:00,1786311297.322,162.26,21.10,0.7191,1.47,-0.116,139.3,222.0
2026-08-09T21:34:57.522796+00:00,1786311297.523,162.46,21.10,0.7191,1.50,-0.097,139.0,222.0
2026-08-09T21:34:57.722152+00:00,1786311297.722,162.66,20.93,0.7235,1.53,-0.120,138.7,222.0
2026-08-09T21:34:57.922422+00:00,1786311297.922,162.86,20.93,0.7235,1.56,-0.106,138.7,222.0
2026-08-09T21:34:58.119393+00:00,1786311298.119,163.06,20.75,0.7235,1.59,-0.131,138.3,222.0
2026-08-09T21:34:58.319997+00:00,1786311298.320,163.26,20.75,0.7257,1.61,-0.114,138.5,222.0
2026-08-09T21:34:58.517680+00:00,1786311298.518,163.46,20.55,0.7257,1.63,-0.142,137.6,222.0
2026-08-09T21:34:58.719488+00:00,1786311298.719,163.66,20.55,0.7279,1.64,-0.124,137.5,222.0
2026-08-09T21:34:58.917321+00:00,1786311298.917,163.86,20.48,0.7279,1.65,-0.134,136.6,222.0
2026-08-09T21:34:59.120819+00:00,1786311299.121,164.06,20.48,0.7279,1.66,-0.105,136.6,222.0
2026-08-09T21:34:59.327371+00:00,1786311299.327,164.27,20.49,0.7301,1.65,-0.084,136.7,222.0
2026-08-09T21:34:59.527969+00:00,1786311299.528,164.47,20.49,0.7301,1.67,-0.084,137.3,222.0
2026-08-09T21:34:59.723309+00:00,1786311299.723,164.66,20.58,0.7345,1.69,0.000,139.7,222.0
2026-08-09T21:34:59.925806+00:00,1786311299.926,164.87,20.58,0.7345,1.72,0.000,142.0,222.0
2026-08-09T21:35:00.120968+00:00,1786311300.121,165.06,20.82,0.7345,1.74,0.000,144.9,222.0
2026-08-09T21:35:00.318266+00:00,1786311300.318,165.26,20.82,0.7367,1.77,0.000,147.6,222.0
2026-08-09T21:35:00.514335+00:00,1786311300.514,165.46,21.13,0.7367,1.79,0.080,152.4,222.0
2026-08-09T21:35:00.717684+00:00,1786311300.718,165.66,21.68,0.7411,1.83,0.157,158.8,222.0
2026-08-09T21:35:00.922089+00:00,1786311300.922,165.86,21.68,0.7411,1.91,0.166,165.9,222.0
2026-08-09T21:35:01.121322+00:00,1786311301.121,166.06,22.15,0.7411,1.98,0.232,174.6,222.0
2026-08-09T21:35:01.319601+00:00,1786311301.320,166.26,22.15,0.7433,2.08,0.231,184.0,222.0
2026-08-09T21:35:01.516065+00:00,1786311301.516,166.46,22.68,0.7433,2.18,0.306,195.3,222.0
2026-08-09T21:35:01.715097+00:00,1786311301.715,166.66,23.09,0.7477,2.29,0.350,208.5,233.1
2026-08-09T21:35:01.910574+00:00,1786311301.911,166.85,23.09,0.7477,2.40,0.351,222.1,233.1
2026-08-09T21:35:02.106892+00:00,1786311302.107,167.05,23.63,0.7477,2.52,0.394,237.8,233.1
2026-08-09T21:35:02.306863+00:00,1786311302.307,167.25,24.15,0.7499,2.65,0.466,256.6,233.1
2026-08-09T21:35:02.502129+00:00,1786311302.502,167.44,24.15,0.7499,2.76,0.423,274.4,233.1
2026-08-09T21:35:02.703494+00:00,1786311302.703,167.64,24.48,0.7543,2.88,0.391,292.7,233.1
2026-08-09T21:35:02.909463+00:00,1786311302.909,167.85,24.93,0.7543,3.03,0.455,313.3,233.1
2026-08-09T21:35:03.112484+00:00,1786311303.112,168.05,24.93,0.7543,3.21,0.388,333.4,233.1
2026-08-09T21:35:03.314690+00:00,1786311303.315,168.26,25.26,0.7565,3.38,0.434,355.4,233.1
2026-08-09T21:35:03.519016+00:00,1786311303.519,168.46,25.72,0.7565,3.56,0.421,378.9,233.1
2026-08-09T21:35:03.723500+00:00,1786311303.723,168.66,25.72,0.7609,3.73,0.363,401.3,233.1
2026-08-09T21:35:03.925542+00:00,1786311303.926,168.87,25.95,0.7609,3.85,0.394,425.4,233.1
2026-08-09T21:35:04.120291+00:00,1786311304.120,169.06,26.22,0.7609,3.96,0.358,448.9,233.1
2026-08-09T21:35:04.326621+00:00,1786311304.327,169.27,26.22,0.7653,4.06,0.285,470.7,233.1
2026-08-09T21:35:04.529314+00:00,1786311304.529,169.47,26.54,0.7653,4.15,0.327,494.3,233.1
2026-08-09T21:35:04.723906+00:00,1786311304.724,169.67,26.72,0.7697,4.23,0.308,516.3,233.1
2026-08-09T21:35:04.930059+00:00,1786311304.930,169.87,26.72,0.7697,4.28,0.246,536.8,233.1
2026-08-09T21:35:05.134919+00:00,1786311305.135,170.08,27.08,0.7697,4.33,0.296,559.1,233.1
2026-08-09T21:35:05.338738+00:00,1786311305.339,170.28,27.33,0.7719,4.36,0.284,581.5,233.1
2026-08-09T21:35:05.534747+00:00,1786311305.535,170.48,27.58,0.7719,4.40,0.257,601.9,233.1
2026-08-09T21:35:05.740609+00:00,1786311305.741,170.68,27.58,0.7763,4.44,0.257,620.5,233.1
2026-08-09T21:35:05.943675+00:00,1786311305.944,170.88,27.84,0.7763,4.44,0.261,639.0,233.1
2026-08-09T21:35:06.145672+00:00,1786311306.146,171.09,28.08,0.7763,4.42,0.255,655.7,233.1
2026-08-09T21:35:06.347152+00:00,1786311306.347,171.29,28.08,0.7807,4.39,0.256,672.0,233.1
2026-08-09T21:35:06.549963+00:00,1786311306.550,171.49,28.27,0.7807,4.36,0.238,685.6,233.1
2026-08-09T21:35:06.755361+00:00,1786311306.755,171.70,28.54,0.7851,4.33,0.249,698.0,233.1
2026-08-09T21:35:06.952547+00:00,1786311306.953,171.89,28.70,0.7851,4.30,0.272,710.7,233.1
2026-08-09T21:35:07.148058+00:00,1786311307.148,172.09,28.70,0.7851,4.29,0.223,720.0,233.1
2026-08-09T21:35:07.350432+00:00,1786311307.350,172.29,28.92,0.7895,4.27,0.220,726.9,233.1
2026-08-09T21:35:07.557017+00:00,1786311307.557,172.50,29.03,0.7895,4.24,0.199,733.7,233.1
2026-08-09T21:35:07.752888+00:00,1786311307.753,172.69,29.19,0.7917,4.21,0.221,741.1,233.1
2026-08-09T21:35:07.949073+00:00,1786311307.949,172.89,29.19,0.7917,4.19,0.186,744.8,233.1
2026-08-09T21:35:08.154259+00:00,1786311308.154,173.10,29.36,0.7917,4.18,0.177,749.3,233.1
2026-08-09T21:35:08.354933+00:00,1786311308.355,173.30,29.34,0.7961,4.16,0.175,751.5,233.1
2026-08-09T21:35:08.550701+00:00,1786311308.551,173.49,29.39,0.7961,4.12,0.156,752.1,233.1
2026-08-09T21:35:08.746953+00:00,1786311308.747,173.69,29.39,0.8005,4.09,0.119,752.2,233.1
2026-08-09T21:35:08.951550+00:00,1786311308.952,173.89,29.43,0.8005,4.06,0.101,750.2,233.1
2026-08-09T21:35:09.146889+00:00,1786311309.147,174.09,29.52,0.8005,4.01,0.114,748.5,233.1
2026-08-09T21:35:09.344345+00:00,1786311309.344,174.29,29.53,0.8049,3.98,0.085,747.2,233.1
2026-08-09T21:35:09.539766+00:00,1786311309.540,174.48,29.53,0.8049,3.94,0.071,743.5,233.1
2026-08-09T21:35:09.745542+00:00,1786311309.746,174.69,29.65,0.8093,3.87,0.064,739.3,233.1
2026-08-09T21:35:09.942205+00:00,1786311309.942,174.88,29.77,0.8093,3.81,0.081,736.8,233.1
2026-08-09T21:35:10.138667+00:00,1786311310.139,175.08,29.94,0.8093,3.74,0.081,732.2,233.1
2026-08-09T21:35:10.338805+00:00,1786311310.339,175.28,29.94,0.8137,3.68,0.083,727.2,233.1
2026-08-09T21:35:10.542317+00:00,1786311310.542,175.48,30.13,0.8137,3.64,0.102,723.0,233.1
2026-08-09T21:35:10.748619+00:00,1786311310.749,175.69,30.29,0.8181,3.60,0.124,719.2,233.1
2026-08-09T21:35:10.944617+00:00,1786311310.945,175.89,30.55,0.8181,3.57,0.157,716.1,233.1
2026-08-09T21:35:11.140610+00:00,1786311311.141,176.08,30.78,0.8181,3.56,0.176,713.7,233.1
2026-08-09T21:35:11.346755+00:00,1786311311.347,176.29,30.78,0.8225,3.56,0.173,711.3,233.1
2026-08-09T21:35:11.548897+00:00,1786311311.549,176.49,30.94,0.8225,3.57,0.194,710.0,233.1
2026-08-09T21:35:11.749283+00:00,1786311311.749,176.69,31.12,0.8269,3.58,0.204,708.8,233.1
2026-08-09T21:35:11.948892+00:00,1786311311.949,176.89,31.20,0.8269,3.59,0.197,706.9,233.1
2026-08-09T21:35:12.143175+00:00,1786311312.143,177.08,31.32,0.8269,3.61,0.191,706.4,233.1
2026-08-09T21:35:12.347321+00:00,1786311312.347,177.29,31.32,0.8313,3.61,0.191,705.7,233.1
2026-08-09T21:35:12.545293+00:00,1786311312.545,177.49,31.37,0.8313,3.61,0.172,705.1,233.1
2026-08-09T21:35:12.744988+00:00,1786311312.745,177.69,31.40,0.8357,3.64,0.154,703.5,233.1
2026-08-09T21:35:12.942527+00:00,1786311312.943,177.88,31.44,0.8357,3.67,0.123,702.3,233.1
2026-08-09T21:35:13.137792+00:00,1786311313.138,178.08,31.44,0.8357,3.70,0.091,700.3,233.1
2026-08-09T21:35:13.339997+00:00,1786311313.340,178.28,31.18,0.8401,3.71,0.055,697.1,233.1
2026-08-09T21:35:13.535865+00:00,1786311313.536,178.48,31.46,0.8401,3.72,0.073,695.5,233.1
2026-08-09T21:35:13.732105+00:00,1786311313.732,178.67,31.48,0.8445,3.72,0.050,694.5,233.1
2026-08-09T21:35:13.934200+00:00,1786311313.934,178.88,31.47,0.8445,3.73,0.000,692.6,233.1
2026-08-09T21:35:14.129546+00:00,1786311314.130,179.07,31.47,0.8445,3.72,0.000,690.4,233.1
2026-08-09T21:35:14.330638+00:00,1786311314.331,179.27,31.43,0.8489,3.70,0.000,689.0,233.1
2026-08-09T21:35:14.534945+00:00,1786311314.535,179.48,31.35,0.8489,3.68,0.000,687.9,233.1
2026-08-09T21:35:14.738737+00:00,1786311314.739,179.68,31.54,0.8533,3.64,0.000,687.2,233.1
2026-08-09T21:35:14.940635+00:00,1786311314.941,179.88,31.17,0.8533,3.58,0.000,685.5,233.1
2026-08-09T21:35:15.146303+00:00,1786311315.146,180.09,31.17,0.8533,3.53,0.000,683.7,233.1
2026-08-09T21:35:15.352636+00:00,1786311315.353,180.29,30.98,0.8555,3.46,0.000,681.5,233.1
2026-08-09T21:35:15.556889+00:00,1786311315.557,180.50,30.89,0.8555,3.38,-0.079,676.1,233.1
2026-08-09T21:35:15.753053+00:00,1786311315.753,180.69,30.76,0.8599,3.30,-0.098,668.9,233.1
2026-08-09T21:35:15.948791+00:00,1786311315.949,180.89,30.76,0.8599,3.21,-0.098,660.2,233.1
2026-08-09T21:35:16.150547+00:00,1786311316.151,181.09,30.47,0.8599,3.10,-0.137,648.8,233.1
2026-08-09T21:35:16.350710+00:00,1786311316.351,181.29,30.58,0.8643,3.00,-0.117,637.6,233.1
2026-08-09T21:35:16.549490+00:00,1786311316.549,181.49,30.52,0.8643,2.90,-0.115,625.2,233.1
2026-08-09T21:35:16.755241+00:00,1786311316.755,181.70,30.50,0.8687,2.79,-0.143,610.9,233.1
2026-08-09T21:35:16.953739+00:00,1786311316.954,181.90,30.50,0.8687,2.67,-0.093,597.4,233.1
2026-08-09T21:35:17.159204+00:00,1786311317.159,182.10,30.38,0.8687,2.54,-0.109,582.7,233.1
2026-08-09T21:35:17.355210+00:00,1786311317.355,182.30,30.41,0.8730,2.41,-0.079,568.3,233.1
2026-08-09T21:35:17.561538+00:00,1786311317.562,182.50,30.63,0.8730,2.28,0.000,556.1,233.1
2026-08-09T21:35:17.767835+00:00,1786311317.768,182.71,30.63,0.8774,2.17,0.000,543.8,233.1
2026-08-09T21:35:17.966071+00:00,1786311317.966,182.91,30.08,0.8774,2.09,-0.094,528.7,233.1
2026-08-09T21:35:18.160557+00:00,1786311318.161,183.10,30.34,0.8774,2.03,0.000,516.9,233.1
2026-08-09T21:35:18.358145+00:00,1786311318.358,183.30,30.34,0.8818,2.01,0.000,506.3,233.1
2026-08-09T21:35:18.557169+00:00,1786311318.557,183.50,30.34,0.8818,1.98,0.000,494.7,233.1
2026-08-09T21:35:18.757633+00:00,1786311318.758,183.70,30.20,0.8862,1.95,0.000,483.4,222.0
2026-08-09T21:35:18.959569+00:00,1786311318.960,183.90,30.11,0.8862,1.92,-0.053,471.9,222.0
2026-08-09T21:35:19.155187+00:00,1786311319.155,184.10,30.10,0.8862,1.91,0.000,461.8,222.0
2026-08-09T21:35:19.357347+00:00,1786311319.357,184.30,30.10,0.8906,1.90,0.000,451.8,222.0
2026-08-09T21:35:19.556686+00:00,1786311319.557,184.50,30.11,0.8906,1.93,-0.072,440.2,222.0
2026-08-09T21:35:19.751122+00:00,1786311319.751,184.69,30.08,0.8950,1.97,-0.078,428.6,222.0
2026-08-09T21:35:19.956487+00:00,1786311319.956,184.90,30.02,0.8950,2.04,0.000,420.1,222.0
2026-08-09T21:35:20.161385+00:00,1786311320.161,185.10,30.13,0.8950,2.11,0.000,412.2,222.0
2026-08-09T21:35:20.359594+00:00,1786311320.360,185.30,30.13,0.8994,2.16,0.000,405.2,233.1
2026-08-09T21:35:20.559185+00:00,1786311320.559,185.50,30.15,0.8994,2.20,0.000,401.1,233.1
2026-08-09T21:35:20.760427+00:00,1786311320.760,185.70,30.05,0.9038,2.24,0.000,398.1,233.1
2026-08-09T21:35:20.963945+00:00,1786311320.964,185.91,30.40,0.9038,2.26,0.000,396.1,233.1
2026-08-09T21:35:21.166301+00:00,1786311321.166,186.11,30.40,0.9038,2.28,0.000,396.0,233.1
2026-08-09T21:35:21.364506+00:00,1786311321.364,186.31,30.16,0.9082,2.29,0.000,395.6,233.1
2026-08-09T21:35:21.563883+00:00,1786311321.564,186.51,30.26,0.9082,2.32,0.000,395.8,233.1
2026-08-09T21:35:21.763107+00:00,1786311321.763,186.70,30.39,0.9104,2.36,0.000,397.7,233.1
2026-08-09T21:35:21.969290+00:00,1786311321.969,186.91,30.39,0.9104,2.40,0.051,400.3,233.1
2026-08-09T21:35:22.171566+00:00,1786311322.172,187.11,30.19,0.9104,2.45,0.000,402.7,233.1
2026-08-09T21:35:22.366142+00:00,1786311322.366,187.31,30.60,0.9148,2.50,0.065,407.4,233.1
2026-08-09T21:35:22.571050+00:00,1786311322.571,187.51,30.58,0.9148,2.52,0.059,410.1,233.1
2026-08-09T21:35:22.775060+00:00,1786311322.775,187.72,30.75,0.9192,2.51,0.096,414.6,233.1
2026-08-09T21:35:22.980342+00:00,1786311322.980,187.92,30.75,0.9192,2.53,0.000,419.9,233.1
2026-08-09T21:35:23.182454+00:00,1786311323.182,188.12,30.77,0.9192,2.55,0.052,424.2,233.1
2026-08-09T21:35:23.377549+00:00,1786311323.378,188.32,30.78,0.9236,2.61,0.086,429.9,233.1
2026-08-09T21:35:23.582624+00:00,1786311323.583,188.52,31.07,0.9236,2.66,0.112,437.1,233.1
2026-08-09T21:35:23.786707+00:00,1786311323.787,188.73,30.80,0.9280,2.70,0.057,442.8,233.1
2026-08-09T21:35:23.981204+00:00,1786311323.981,188.92,30.80,0.9280,2.73,0.057,450.4,233.1
2026-08-09T21:35:24.180067+00:00,1786311324.180,189.12,30.90,0.9280,2.75,0.098,457.9,233.1
2026-08-09T21:35:24.375943+00:00,1786311324.376,189.32,30.86,0.9324,2.77,0.000,462.8,233.1
2026-08-09T21:35:24.582723+00:00,1786311324.583,189.52,30.98,0.9324,2.79,0.056,471.3,233.1
2026-08-09T21:35:24.786965+00:00,1786311324.787,189.73,31.10,0.9368,2.81,0.000,478.4,233.1
2026-08-09T21:35:24.992661+00:00,1786311324.993,189.93,31.10,0.9368,2.85,0.000,483.3,233.1
2026-08-09T21:35:25.193280+00:00,1786311325.193,190.13,31.11,0.9368,2.90,0.000,488.0,233.1
2026-08-09T21:35:25.396970+00:00,1786311325.397,190.34,31.22,0.9412,2.93,0.061,494.5,233.1
2026-08-09T21:35:25.602959+00:00,1786311325.603,190.54,31.26,0.9412,2.96,0.000,499.2,233.1
2026-08-09T21:35:25.805971+00:00,1786311325.806,190.75,31.29,0.9456,2.98,0.067,505.9,233.1
2026-08-09T21:35:26.000871+00:00,1786311326.001,190.94,31.29,0.9456,2.98,0.067,512.2,233.1
2026-08-09T21:35:26.196353+00:00,1786311326.196,191.14,31.27,0.9456,2.98,0.051,517.9,233.1
2026-08-09T21:35:26.400741+00:00,1786311326.401,191.34,31.16,0.9500,2.98,0.000,522.1,233.1
2026-08-09T21:35:26.603151+00:00,1786311326.603,191.54,31.18,0.9500,2.97,0.000,526.1,233.1
2026-08-09T21:35:26.806978+00:00,1786311326.807,191.75,31.18,0.9544,2.94,0.000,529.7,233.1
2026-08-09T21:35:27.006869+00:00,1786311327.007,191.95,31.00,0.9544,2.92,0.000,531.4,233.1
2026-08-09T21:35:27.208600+00:00,1786311327.209,192.15,31.14,0.9544,2.90,0.000,534.5,233.1
2026-08-09T21:35:27.403120+00:00,1786311327.403,192.34,31.16,0.9588,2.92,0.000,535.2,233.1
2026-08-09T21:35:27.605922+00:00,1786311327.606,192.55,31.00,0.9588,2.94,0.000,535.9,233.1
2026-08-09T21:35:27.806830+00:00,1786311327.807,192.75,31.00,0.9632,2.96,0.000,535.6,233.1
2026-08-09T21:35:28.005300+00:00,1786311328.005,192.95,31.00,0.9632,2.91,0.000,537.7,233.1
2026-08-09T21:35:28.206000+00:00,1786311328.206,193.15,30.92,0.9632,2.84,0.000,537.7,233.1
2026-08-09T21:35:28.401372+00:00,1786311328.401,193.34,31.02,0.9676,2.76,0.000,536.3,233.1
2026-08-09T21:35:28.606055+00:00,1786311328.606,193.55,31.02,0.9676,2.66,0.000,533.0,233.1
2026-08-09T21:35:28.809256+00:00,1786311328.809,193.75,30.59,0.9720,2.55,-0.082,528.2,233.1
2026-08-09T21:35:29.005029+00:00,1786311329.005,193.95,30.76,0.9720,2.45,0.000,525.2,233.1
2026-08-09T21:35:29.211089+00:00,1786311329.211,194.15,30.86,0.9720,2.35,0.000,520.4,233.1
2026-08-09T21:35:29.406371+00:00,1786311329.406,194.35,30.84,0.9764,2.27,0.000,518.0,233.1
2026-08-09T21:35:29.609052+00:00,1786311329.609,194.55,30.84,0.9764,2.19,0.000,513.3,233.1
2026-08-09T21:35:29.808925+00:00,1786311329.809,194.75,30.94,0.9808,2.15,0.000,510.0,233.1
2026-08-09T21:35:30.010968+00:00,1786311330.011,194.95,30.92,0.9808,2.11,0.000,506.2,233.1
2026-08-09T21:35:30.212843+00:00,1786311330.213,195.15,31.15,0.9808,2.08,0.000,502.3,233.1
2026-08-09T21:35:30.419308+00:00,1786311330.419,195.36,30.91,0.9852,2.01,0.000,495.8,233.1
2026-08-09T21:35:30.621136+00:00,1786311330.621,195.56,30.91,0.9852,1.93,0.000,490.5,233.1
2026-08-09T21:35:30.815796+00:00,1786311330.816,195.76,30.92,0.9896,1.87,0.000,482.8,222.0
2026-08-09T21:35:31.017689+00:00,1786311331.018,195.96,30.96,0.9896,1.84,0.000,475.0,222.0
2026-08-09T21:35:31.221534+00:00,1786311331.222,196.16,30.95,0.9896,1.84,0.000,467.6,222.0
2026-08-09T21:35:31.421304+00:00,1786311331.421,196.36,30.95,0.9940,1.84,0.000,462.0,222.0
2026-08-09T21:35:31.616782+00:00,1786311331.617,196.56,30.78,0.9940,1.88,0.000,456.3,222.0
2026-08-09T21:35:31.817148+00:00,1786311331.817,196.76,30.96,0.9984,1.92,0.000,451.2,222.0
2026-08-09T21:35:32.018847+00:00,1786311332.019,196.96,30.90,0.9984,1.97,0.000,446.5,222.0
2026-08-09T21:35:32.220443+00:00,1786311332.220,197.16,30.93,0.9984,1.98,0.000,441.9,222.0
2026-08-09T21:35:32.425348+00:00,1786311332.425,197.37,30.93,1.0028,1.98,0.000,437.1,222.0
2026-08-09T21:35:32.622486+00:00,1786311332.622,197.56,30.89,1.0028,1.98,0.000,432.4,222.0
2026-08-09T21:35:32.819129+00:00,1786311332.819,197.76,30.91,1.0072,1.96,0.000,427.5,222.0
2026-08-09T21:35:33.020404+00:00,1786311333.020,197.96,31.12,1.0072,1.96,0.000,423.1,222.0
2026-08-09T21:35:33.219130+00:00,1786311333.219,198.16,31.12,1.0072,1.95,0.000,419.0,222.0
2026-08-09T21:35:33.419523+00:00,1786311333.419,198.36,30.85,1.0116,1.95,0.000,414.9,222.0
2026-08-09T21:35:33.617329+00:00,1786311333.617,198.56,31.02,1.0116,1.95,0.000,411.5,222.0
2026-08-09T21:35:33.812261+00:00,1786311333.812,198.75,30.98,1.0160,1.94,0.000,411.2,222.0
2026-08-09T21:35:34.012458+00:00,1786311334.012,198.95,30.98,1.0160,1.93,0.000,408.9,222.0
2026-08-09T21:35:34.210662+00:00,1786311334.211,199.15,30.98,1.0160,1.92,0.000,406.9,222.0
2026-08-09T21:35:34.406941+00:00,1786311334.407,199.35,31.00,1.0204,1.91,0.000,405.3,222.0
2026-08-09T21:35:34.607843+00:00,1786311334.608,199.55,30.95,1.0204,1.91,0.000,404.1,222.0
2026-08-09T21:35:34.805342+00:00,1786311334.805,199.75,31.09,1.0226,1.92,0.000,403.1,222.0
2026-08-09T21:35:35.007905+00:00,1786311335.008,199.95,31.09,1.0226,1.94,0.000,402.4,222.0
2026-08-09T21:35:35.206578+00:00,1786311335.207,200.15,30.65,1.0226,1.97,-0.066,399.6,222.0
2026-08-09T21:35:35.413146+00:00,1786311335.413,200.35,30.88,1.0270,2.01,0.000,399.6,222.0
2026-08-09T21:35:35.607741+00:00,1786311335.608,200.55,30.86,1.0270,2.05,0.000,400.1,222.0
2026-08-09T21:35:35.814686+00:00,1786311335.815,200.76,30.77,1.0314,2.10,0.000,401.1,233.1
2026-08-09T21:35:36.015578+00:00,1786311336.016,200.96,30.77,1.0314,2.11,0.000,402.2,233.1
2026-08-09T21:35:36.214223+00:00,1786311336.214,201.16,30.75,1.0314,2.12,0.000,403.4,233.1
2026-08-09T21:35:36.414485+00:00,1786311336.414,201.36,30.68,1.0358,2.14,0.000,404.6,233.1
2026-08-09T21:35:36.615973+00:00,1786311336.616,201.56,30.96,1.0358,2.15,0.000,406.0,233.1
2026-08-09T21:35:36.817979+00:00,1786311336.818,201.76,30.67,1.0402,2.15,-0.058,405.2,233.1
2026-08-09T21:35:37.019903+00:00,1786311337.020,201.96,30.67,1.0402,2.15,-0.058,404.3,233.1
2026-08-09T21:35:37.226814+00:00,1786311337.227,202.17,30.64,1.0402,2.16,0.000,404.9,233.1
2026-08-09T21:35:37.432497+00:00,1786311337.432,202.37,30.64,1.0446,2.16,0.000,405.5,233.1
2026-08-09T21:35:37.626885+00:00,1786311337.627,202.57,30.58,1.0446,2.11,0.000,405.8,233.1
2026-08-09T21:35:37.822182+00:00,1786311337.822,202.76,30.58,1.0490,2.06,0.000,406.0,233.1
2026-08-09T21:35:38.018537+00:00,1786311338.019,202.96,30.63,1.0490,2.03,0.000,405.9,233.1
2026-08-09T21:35:38.218349+00:00,1786311338.218,203.16,30.64,1.0490,1.99,0.000,405.7,233.1
2026-08-09T21:35:38.415068+00:00,1786311338.415,203.36,30.67,1.0534,1.96,0.000,405.6,222.0
2026-08-09T21:35:38.614468+00:00,1786311338.614,203.56,30.67,1.0534,1.93,0.000,405.2,222.0
2026-08-09T21:35:38.811196+00:00,1786311338.811,203.75,30.49,1.0578,1.90,0.000,404.5,222.0
2026-08-09T21:35:39.013038+00:00,1786311339.013,203.95,30.79,1.0578,1.88,0.000,404.1,222.0
2026-08-09T21:35:39.212388+00:00,1786311339.212,204.15,30.89,1.0578,1.86,0.000,403.8,222.0
2026-08-09T21:35:39.409866+00:00,1786311339.410,204.35,30.92,1.0622,1.84,0.000,403.4,222.0
2026-08-09T21:35:39.609327+00:00,1786311339.609,204.55,30.92,1.0622,1.83,0.000,403.0,222.0
2026-08-09T21:35:39.806333+00:00,1786311339.806,204.75,30.91,1.0666,1.83,0.000,402.4,222.0
2026-08-09T21:35:40.002426+00:00,1786311340.002,204.94,30.98,1.0666,1.83,0.000,401.7,222.0
2026-08-09T21:35:40.200161+00:00,1786311340.200,205.14,31.28,1.0666,1.82,0.089,406.0,222.0
2026-08-09T21:35:40.401526+00:00,1786311340.402,205.34,31.28,1.0710,1.84,0.085,408.0,222.0
2026-08-09T21:35:40.600946+00:00,1786311340.601,205.54,30.85,1.0710,1.89,0.000,407.2,222.0
2026-08-09T21:35:40.801329+00:00,1786311340.801,205.74,31.02,1.0754,1.93,0.074,408.7,222.0
2026-08-09T21:35:41.006382+00:00,1786311341.006,205.95,31.06,1.0754,1.93,0.000,408.1,222.0
2026-08-09T21:35:41.206295+00:00,1786311341.206,206.15,31.17,1.0754,1.93,0.000,407.6,222.0
2026-08-09T21:35:41.413010+00:00,1786311341.413,206.35,31.17,1.0798,1.94,0.000,407.0,222.0
2026-08-09T21:35:41.610017+00:00,1786311341.610,206.55,31.04,1.0798,1.94,0.000,406.1,222.0
2026-08-09T21:35:41.808618+00:00,1786311341.809,206.75,31.29,1.0842,1.95,0.052,408.9,222.0
2026-08-09T21:35:42.014656+00:00,1786311342.015,206.96,31.57,1.0842,1.97,0.081,412.8,222.0
2026-08-09T21:35:42.209797+00:00,1786311342.210,207.15,31.49,1.0842,1.99,0.000,412.7,222.0
2026-08-09T21:35:42.412438+00:00,1786311342.412,207.35,31.49,1.0886,2.00,0.000,412.7,222.0
2026-08-09T21:35:42.609465+00:00,1786311342.609,207.55,31.39,1.0886,2.05,0.075,415.3,222.0
2026-08-09T21:35:42.809332+00:00,1786311342.809,207.75,31.53,1.0930,2.09,0.071,418.4,233.1
2026-08-09T21:35:43.011057+00:00,1786311343.011,207.95,31.73,1.0930,2.13,0.094,422.6,233.1
2026-08-09T21:35:43.206246+00:00,1786311343.206,208.15,31.49,1.0930,2.17,0.000,424.2,233.1
2026-08-09T21:35:43.412768+00:00,1786311343.413,208.35,31.49,1.0974,2.18,0.000,426.0,233.1
2026-08-09T21:35:43.612086+00:00,1786311343.612,208.55,31.45,1.0974,2.19,0.057,429.7,233.1
2026-08-09T21:35:43.817471+00:00,1786311343.817,208.76,31.41,1.1018,2.22,0.000,432.0,233.1
2026-08-09T21:35:44.022160+00:00,1786311344.022,208.96,31.56,1.1018,2.23,0.000,434.5,233.1
2026-08-09T21:35:44.222996+00:00,1786311344.223,209.16,31.42,1.1018,2.23,0.000,436.8,233.1
2026-08-09T21:35:44.419762+00:00,1786311344.420,209.36,31.42,1.1062,2.24,0.000,439.1,233.1
2026-08-09T21:35:44.618779+00:00,1786311344.619,209.56,31.37,1.1062,2.25,0.000,441.5,233.1
2026-08-09T21:35:44.820080+00:00,1786311344.820,209.76,31.52,1.1106,2.25,0.000,444.1,233.1
2026-08-09T21:35:45.020298+00:00,1786311345.020,209.96,31.53,1.1106,2.27,0.000,446.8,233.1
2026-08-09T21:35:45.221849+00:00,1786311345.222,210.16,31.58,1.1106,2.28,0.000,446.7,233.1
2026-08-09T21:35:45.417639+00:00,1786311345.418,210.36,31.58,1.1150,2.29,0.000,446.8,233.1
2026-08-09T21:35:45.615802+00:00,1786311345.616,210.56,31.52,1.1150,2.28,0.000,449.2,233.1
2026-08-09T21:35:45.813325+00:00,1786311345.813,210.75,31.52,1.1193,2.25,0.000,449.1,233.1
2026-08-09T21:35:46.011428+00:00,1786311346.011,210.95,31.56,1.1193,2.23,0.000,451.1,233.1
2026-08-09T21:35:46.216927+00:00,1786311346.217,211.16,31.46,1.1193,2.20,0.000,452.6,233.1
2026-08-09T21:35:46.417682+00:00,1786311346.418,211.36,31.46,1.1237,2.17,0.000,454.1,233.1
2026-08-09T21:35:46.619088+00:00,1786311346.619,211.56,31.43,1.1237,2.15,0.000,455.4,233.1
2026-08-09T21:35:46.818848+00:00,1786311346.819,211.76,31.40,1.1281,2.09,0.000,454.7,233.1
2026-08-09T21:35:47.021189+00:00,1786311347.021,211.96,31.45,1.1281,2.05,0.000,452.6,233.1
2026-08-09T21:35:47.223356+00:00,1786311347.223,212.16,31.47,1.1281,2.02,0.000,452.8,233.1
2026-08-09T21:35:47.420913+00:00,1786311347.421,212.36,31.47,1.1325,1.99,0.000,452.7,233.1
2026-08-09T21:35:47.618503+00:00,1786311347.618,212.56,31.47,1.1325,1.96,0.000,450.2,233.1
2026-08-09T21:35:47.816772+00:00,1786311347.817,212.76,31.52,1.1369,1.93,0.000,447.4,222.0
2026-08-09T21:35:48.018624+00:00,1786311348.019,212.96,31.62,1.1369,1.90,0.000,443.4,222.0
2026-08-09T21:35:48.221264+00:00,1786311348.221,213.16,31.63,1.1369,1.86,0.000,442.0,222.0
2026-08-09T21:35:48.420311+00:00,1786311348.420,213.36,31.63,1.1413,1.84,0.000,440.5,222.0
2026-08-09T21:35:48.618759+00:00,1786311348.619,213.56,31.63,1.1413,1.83,0.000,437.2,222.0
2026-08-09T21:35:48.813452+00:00,1786311348.813,213.75,31.59,1.1457,1.81,0.000,435.4,222.0
2026-08-09T21:35:49.017319+00:00,1786311349.017,213.96,31.60,1.1457,1.80,0.000,433.3,222.0
2026-08-09T21:35:49.219825+00:00,1786311349.220,214.16,31.50,1.1457,1.78,0.000,431.2,222.0
2026-08-09T21:35:49.418434+00:00,1786311349.418,214.36,31.50,1.1501,1.77,0.000,429.0,222.0
2026-08-09T21:35:49.619680+00:00,1786311349.620,214.56,31.44,1.1501,1.75,0.000,426.6,222.0
2026-08-09T21:35:49.820461+00:00,1786311349.820,214.76,31.49,1.1545,1.77,0.000,424.2,222.0
2026-08-09T21:35:50.021362+00:00,1786311350.021,214.96,31.50,1.1545,1.79,0.000,421.9,222.0
2026-08-09T21:35:50.222169+00:00,1786311350.222,215.16,31.51,1.1545,1.83,0.000,419.6,222.0
2026-08-09T21:35:50.422063+00:00,1786311350.422,215.36,31.51,1.1589,1.87,0.000,417.4,222.0
2026-08-09T21:35:50.620318+00:00,1786311350.620,215.56,31.44,1.1589,1.90,0.000,415.5,222.0
2026-08-09T21:35:50.821427+00:00,1786311350.821,215.76,31.43,1.1633,1.93,0.000,413.9,222.0
2026-08-09T21:35:51.022490+00:00,1786311351.022,215.96,31.45,1.1633,1.94,0.000,412.3,222.0
2026-08-09T21:35:51.223044+00:00,1786311351.223,216.16,31.45,1.1633,1.93,0.000,411.0,222.0
2026-08-09T21:35:51.421316+00:00,1786311351.421,216.36,31.10,1.1677,1.90,-0.055,407.7,222.0
2026-08-09T21:35:51.616254+00:00,1786311351.616,216.56,31.31,1.1677,1.87,0.000,406.3,222.0
2026-08-09T21:35:51.822138+00:00,1786311351.822,216.76,31.30,1.1721,1.86,0.000,405.1,222.0
2026-08-09T21:35:52.022814+00:00,1786311352.023,216.96,31.40,1.1721,1.86,0.000,404.1,222.0
2026-08-09T21:35:52.219860+00:00,1786311352.220,217.16,31.40,1.1721,1.87,0.000,403.3,222.0
2026-08-09T21:35:52.422728+00:00,1786311352.423,217.36,31.39,1.1765,1.88,0.000,402.7,222.0
2026-08-09T21:35:52.628262+00:00,1786311352.628,217.57,31.42,1.1765,1.90,0.000,402.4,222.0
2026-08-09T21:35:52.833859+00:00,1786311352.834,217.78,31.75,1.1809,1.92,0.000,402.5,222.0
2026-08-09T21:35:53.033227+00:00,1786311353.033,217.97,31.56,1.1809,1.94,0.000,402.7,222.0
2026-08-09T21:35:53.241311+00:00,1786311353.241,218.18,31.56,1.1809,1.95,0.000,403.1,222.0
2026-08-09T21:35:53.437026+00:00,1786311353.437,218.38,31.43,1.1853,1.97,0.000,403.5,222.0
2026-08-09T21:35:53.636733+00:00,1786311353.637,218.58,31.47,1.1853,1.98,0.000,404.1,222.0
2026-08-09T21:35:53.837835+00:00,1786311353.838,218.78,31.53,1.1897,2.00,0.000,404.9,222.0
2026-08-09T21:35:54.038012+00:00,1786311354.038,218.98,31.44,1.1897,1.99,0.000,405.7,222.0
2026-08-09T21:35:54.239800+00:00,1786311354.240,219.18,31.44,1.1897,1.99,0.000,406.7,222.0
2026-08-09T21:35:54.443874+00:00,1786311354.444,219.39,31.22,1.1941,2.00,0.000,407.5,222.0
2026-08-09T21:35:54.645305+00:00,1786311354.645,219.59,30.99,1.1941,1.96,-0.060,406.4,222.0
2026-08-09T21:35:54.847830+00:00,1786311354.848,219.79,31.30,1.1985,1.88,-0.063,405.0,222.0
2026-08-09T21:35:55.048898+00:00,1786311355.049,219.99,31.19,1.1985,1.78,-0.051,403.2,222.0
2026-08-09T21:35:55.253668+00:00,1786311355.254,220.20,31.19,1.1985,1.66,-0.051,400.6,222.0
2026-08-09T21:35:55.449189+00:00,1786311355.449,220.39,31.09,1.2029,1.56,0.000,398.8,222.0
2026-08-09T21:35:55.655261+00:00,1786311355.655,220.60,31.11,1.2029,1.47,0.000,396.4,222.0
2026-08-09T21:35:55.853327+00:00,1786311355.853,220.79,31.20,1.2073,1.37,0.000,393.4,222.0
2026-08-09T21:35:56.054257+00:00,1786311356.054,221.00,31.31,1.2073,1.27,0.000,390.1,222.0
2026-08-09T21:35:56.254997+00:00,1786311356.255,221.20,31.31,1.2073,1.17,0.000,386.3,222.0
2026-08-09T21:35:56.449721+00:00,1786311356.450,221.39,31.07,1.2117,1.09,0.000,383.9,222.0
2026-08-09T21:35:56.650993+00:00,1786311356.651,221.59,31.00,1.2117,1.01,0.000,379.5,222.0
2026-08-09T21:35:56.854772+00:00,1786311356.855,221.80,31.02,1.2139,0.94,0.000,374.8,222.0
2026-08-09T21:35:57.055320+00:00,1786311357.055,222.00,31.02,1.2139,0.90,0.000,369.8,222.0
2026-08-09T21:35:57.256119+00:00,1786311357.256,222.20,30.66,1.2139,0.87,-0.074,362.2,222.0
2026-08-09T21:35:57.460562+00:00,1786311357.461,222.40,30.79,1.2183,0.83,0.000,356.6,222.0
2026-08-09T21:35:57.654953+00:00,1786311357.655,222.60,30.78,1.2183,0.84,0.000,351.0,222.0
2026-08-09T21:35:57.856152+00:00,1786311357.856,222.80,30.67,1.2227,0.85,-0.074,342.8,222.0
2026-08-09T21:35:58.060508+00:00,1786311358.060,223.00,30.67,1.2227,0.88,-0.089,334.5,222.0
2026-08-09T21:35:58.261495+00:00,1786311358.261,223.20,30.57,1.2227,0.92,-0.103,325.8,222.0
2026-08-09T21:35:58.457661+00:00,1786311358.458,223.40,30.38,1.2271,0.95,-0.095,317.4,222.0
2026-08-09T21:35:58.660754+00:00,1786311358.661,223.60,30.55,1.2271,0.96,-0.062,310.0,222.0
2026-08-09T21:35:58.856455+00:00,1786311358.856,223.80,30.55,1.2315,0.98,-0.065,302.4,222.0
2026-08-09T21:35:59.056242+00:00,1786311359.056,224.00,30.23,1.2315,0.98,-0.109,293.5,222.0
2026-08-09T21:35:59.256282+00:00,1786311359.256,224.20,30.05,1.2315,0.98,-0.085,285.2,222.0
2026-08-09T21:35:59.455826+00:00,1786311359.456,224.40,29.98,1.2359,0.94,-0.112,276.1,222.0
2026-08-09T21:35:59.661203+00:00,1786311359.661,224.60,29.98,1.2359,0.91,-0.110,269.0,222.0
2026-08-09T21:35:59.858361+00:00,1786311359.858,224.80,29.86,1.2403,0.87,-0.113,261.7,222.0
2026-08-09T21:36:00.058220+00:00,1786311360.058,225.00,29.92,1.2403,0.83,-0.105,254.8,222.0
2026-08-09T21:36:00.257651+00:00,1786311360.258,225.20,29.84,1.2403,0.80,-0.101,248.4,222.0
2026-08-09T21:36:00.457149+00:00,1786311360.457,225.40,29.84,1.2447,0.78,-0.074,241.7,222.0
2026-08-09T21:36:00.662364+00:00,1786311360.662,225.60,29.91,1.2447,0.76,-0.089,235.0,222.0
2026-08-09T21:36:00.863818+00:00,1786311360.864,225.81,29.96,1.2491,0.76,-0.082,228.9,222.0
2026-08-09T21:36:01.063325+00:00,1786311361.063,226.00,30.06,1.2491,0.77,0.000,225.6,222.0
2026-08-09T21:36:01.266286+00:00,1786311361.266,226.21,30.19,1.2491,0.79,0.000,223.0,222.0
2026-08-09T21:36:01.461331+00:00,1786311361.461,226.40,30.19,1.2535,0.82,0.000,221.0,222.0
2026-08-09T21:36:01.657851+00:00,1786311361.658,226.60,30.29,1.2535,0.87,0.000,219.8,222.0
2026-08-09T21:36:01.854216+00:00,1786311361.854,226.80,30.48,1.2579,0.94,0.086,221.9,222.0
2026-08-09T21:36:02.057650+00:00,1786311362.058,227.00,30.56,1.2579,1.00,0.089,224.5,222.0
2026-08-09T21:36:02.257616+00:00,1786311362.258,227.20,30.56,1.2579,1.08,0.099,230.4,222.0
2026-08-09T21:36:02.456076+00:00,1786311362.456,227.40,30.71,1.2623,1.17,0.121,235.4,222.0
2026-08-09T21:36:02.662447+00:00,1786311362.662,227.60,30.83,1.2623,1.25,0.128,241.1,222.0
2026-08-09T21:36:02.866831+00:00,1786311362.867,227.81,30.98,1.2667,1.34,0.142,249.8,222.0
2026-08-09T21:36:03.070779+00:00,1786311363.071,228.01,31.09,1.2667,1.43,0.142,259.4,222.0
2026-08-09T21:36:03.272773+00:00,1786311363.273,228.21,31.09,1.2667,1.52,0.125,269.1,222.0
2026-08-09T21:36:03.472783+00:00,1786311363.473,228.41,31.12,1.2711,1.60,0.129,279.2,222.0
2026-08-09T21:36:03.675969+00:00,1786311363.676,228.62,31.26,1.2711,1.69,0.133,288.8,222.0
2026-08-09T21:36:03.875825+00:00,1786311363.876,228.82,31.35,1.2755,1.77,0.120,298.6,222.0
2026-08-09T21:36:04.080108+00:00,1786311364.080,229.02,31.39,1.2755,1.83,0.114,309.9,222.0
2026-08-09T21:36:04.283480+00:00,1786311364.283,229.22,31.39,1.2755,1.87,0.113,320.9,222.0
2026-08-09T21:36:04.481450+00:00,1786311364.481,229.42,31.51,1.2799,1.91,0.109,333.0,222.0
2026-08-09T21:36:04.685307+00:00,1786311364.685,229.63,31.58,1.2799,1.92,0.102,345.2,222.0
2026-08-09T21:36:04.889296+00:00,1786311364.889,229.83,31.75,1.2843,1.93,0.105,357.9,222.0
2026-08-09T21:36:05.089849+00:00,1786311365.090,230.03,31.81,1.2843,1.96,0.099,370.7,222.0
2026-08-09T21:36:05.290037+00:00,1786311365.290,230.23,31.81,1.2843,1.99,0.099,383.6,222.0
2026-08-09T21:36:05.488375+00:00,1786311365.488,230.43,31.67,1.2887,2.02,0.077,395.3,222.0
2026-08-09T21:36:05.693262+00:00,1786311365.693,230.63,32.05,1.2887,2.05,0.109,408.9,222.0
2026-08-09T21:36:05.894425+00:00,1786311365.894,230.84,32.12,1.2931,2.07,0.106,422.4,233.1
2026-08-09T21:36:06.096645+00:00,1786311366.097,231.04,32.28,1.2931,2.08,0.123,434.2,233.1
2026-08-09T21:36:06.302511+00:00,1786311366.302,231.24,32.32,1.2931,2.10,0.129,446.2,233.1
2026-08-09T21:36:06.506271+00:00,1786311366.506,231.45,32.32,1.2975,2.13,0.111,457.6,233.1
2026-08-09T21:36:06.713006+00:00,1786311366.713,231.65,32.16,1.2975,2.16,0.080,467.8,233.1
2026-08-09T21:36:06.909724+00:00,1786311366.910,231.85,32.83,1.3019,2.19,0.149,478.0,233.1
2026-08-09T21:36:07.115865+00:00,1786311367.116,232.06,32.61,1.3019,2.24,0.110,486.7,233.1
2026-08-09T21:36:07.322608+00:00,1786311367.323,232.26,32.73,1.3019,2.31,0.126,495.6,233.1
2026-08-09T21:36:07.520822+00:00,1786311367.521,232.46,32.73,1.3063,2.37,0.144,504.3,233.1
2026-08-09T21:36:07.725350+00:00,1786311367.725,232.67,32.78,1.3063,2.44,0.100,511.3,233.1
2026-08-09T21:36:07.931242+00:00,1786311367.931,232.87,32.78,1.3107,2.51,0.091,517.4,233.1
2026-08-09T21:36:08.133963+00:00,1786311368.134,233.08,33.10,1.3107,2.55,0.112,524.2,233.1
2026-08-09T21:36:08.339813+00:00,1786311368.340,233.28,32.76,1.3107,2.59,0.060,529.3,233.1
2026-08-09T21:36:08.540315+00:00,1786311368.540,233.48,32.83,1.3151,2.62,0.069,534.4,233.1
2026-08-09T21:36:08.746468+00:00,1786311368.746,233.69,32.78,1.3151,2.66,0.085,539.4,233.1
2026-08-09T21:36:08.953139+00:00,1786311368.953,233.89,32.75,1.3195,2.70,0.000,542.0,233.1
2026-08-09T21:36:09.158239+00:00,1786311369.158,234.10,32.75,1.3195,2.72,0.000,544.5,233.1
2026-08-09T21:36:09.358081+00:00,1786311369.358,234.30,32.61,1.3195,2.74,0.000,546.7,233.1
2026-08-09T21:36:09.562258+00:00,1786311369.562,234.50,32.69,1.3239,2.74,0.000,548.8,233.1
2026-08-09T21:36:09.761930+00:00,1786311369.762,234.70,32.69,1.3239,2.73,0.000,551.0,233.1
2026-08-09T21:36:09.958481+00:00,1786311369.958,234.90,32.58,1.3283,2.71,0.000,552.6,233.1
2026-08-09T21:36:10.163538+00:00,1786311370.164,235.10,32.59,1.3283,2.67,-0.069,552.0,233.1
2026-08-09T21:36:10.370385+00:00,1786311370.370,235.31,32.59,1.3283,2.62,0.000,553.0,233.1
2026-08-09T21:36:10.576724+00:00,1786311370.577,235.52,32.50,1.3349,2.56,0.000,554.3,233.1
2026-08-09T21:36:10.780402+00:00,1786311370.780,235.72,32.72,1.3349,2.52,0.000,554.1,233.1
2026-08-09T21:36:10.978240+00:00,1786311370.978,235.92,32.63,1.3393,2.48,0.000,553.6,233.1
2026-08-09T21:36:11.180483+00:00,1786311371.180,236.12,32.61,1.3393,2.44,0.000,552.1,233.1
2026-08-09T21:36:11.382453+00:00,1786311371.382,236.32,32.71,1.3393,2.42,0.000,550.2,233.1
2026-08-09T21:36:11.587795+00:00,1786311371.588,236.53,32.71,1.3437,2.39,0.000,548.6,233.1
2026-08-09T21:36:11.790103+00:00,1786311371.790,236.73,32.41,1.3437,2.37,0.000,547.6,233.1
2026-08-09T21:36:11.991534+00:00,1786311371.992,236.93,32.77,1.3481,2.36,0.000,543.9,233.1
2026-08-09T21:36:12.193859+00:00,1786311372.194,237.14,32.65,1.3481,2.36,0.000,541.2,233.1
2026-08-09T21:36:12.392610+00:00,1786311372.393,237.33,32.62,1.3481,2.36,0.000,537.6,233.1
2026-08-09T21:36:12.592279+00:00,1786311372.592,237.53,32.63,1.3525,2.36,0.000,533.1,233.1
2026-08-09T21:36:12.786835+00:00,1786311372.787,237.73,32.63,1.3525,2.36,0.000,529.4,233.1
2026-08-09T21:36:12.981869+00:00,1786311372.982,237.92,32.53,1.3569,2.35,0.000,525.6,233.1
2026-08-09T21:36:13.184220+00:00,1786311373.184,238.13,32.78,1.3569,2.36,0.000,520.9,233.1
2026-08-09T21:36:13.388077+00:00,1786311373.388,238.33,32.57,1.3569,2.37,0.000,517.8,233.1
2026-08-09T21:36:13.591175+00:00,1786311373.591,238.53,32.58,1.3613,2.38,0.000,514.2,233.1
2026-08-09T21:36:13.793754+00:00,1786311373.794,238.74,32.61,1.3613,2.38,0.000,510.0,233.1
2026-08-09T21:36:13.992052+00:00,1786311373.992,238.93,32.61,1.3657,2.40,0.000,508.3,233.1
2026-08-09T21:36:14.191176+00:00,1786311374.191,239.13,32.58,1.3657,2.40,0.000,506.5,233.1
2026-08-09T21:36:14.391153+00:00,1786311374.391,239.33,32.61,1.3657,2.40,0.000,504.8,233.1
2026-08-09T21:36:14.590755+00:00,1786311374.591,239.53,32.56,1.3700,2.40,0.000,503.0,233.1
2026-08-09T21:36:14.790027+00:00,1786311374.790,239.73,32.47,1.3700,2.39,0.000,501.1,233.1
2026-08-09T21:36:14.989317+00:00,1786311374.989,239.93,32.47,1.3744,2.38,0.000,499.3,233.1
2026-08-09T21:36:15.189253+00:00,1786311375.189,240.13,32.38,1.3744,2.36,-0.055,497.9,233.1
2026-08-09T21:36:15.395275+00:00,1786311375.395,240.34,32.41,1.3744,2.34,0.000,496.3,233.1
2026-08-09T21:36:15.591926+00:00,1786311375.592,240.53,32.42,1.3788,2.32,0.000,495.0,233.1
2026-08-09T21:36:15.794307+00:00,1786311375.794,240.74,32.37,1.3788,2.30,0.000,493.5,233.1
2026-08-09T21:36:15.993290+00:00,1786311375.993,240.93,32.41,1.3832,2.28,0.000,492.3,233.1
2026-08-09T21:36:16.194944+00:00,1786311376.195,241.14,32.41,1.3832,2.25,0.000,491.1,233.1
2026-08-09T21:36:16.393975+00:00,1786311376.394,241.34,32.48,1.3832,2.23,0.000,489.9,233.1
2026-08-09T21:36:16.598042+00:00,1786311376.598,241.54,32.53,1.3876,2.23,0.000,488.9,233.1
2026-08-09T21:36:16.796315+00:00,1786311376.796,241.74,32.48,1.3876,2.23,0.000,488.3,233.1
2026-08-09T21:36:17.001946+00:00,1786311377.002,241.94,32.47,1.3920,2.23,0.000,487.3,233.1
2026-08-09T21:36:17.200211+00:00,1786311377.200,242.14,32.47,1.3920,2.24,0.000,486.5,233.1
2026-08-09T21:36:17.398708+00:00,1786311377.399,242.34,32.36,1.3920,2.24,0.000,485.7,233.1
2026-08-09T21:36:17.599132+00:00,1786311377.599,242.54,32.41,1.3964,2.27,0.000,485.0,233.1
2026-08-09T21:36:17.800971+00:00,1786311377.801,242.74,32.42,1.3964,2.30,0.000,484.5,233.1
2026-08-09T21:36:17.997696+00:00,1786311377.998,242.94,32.36,1.4008,2.32,0.000,484.1,233.1
2026-08-09T21:36:18.197487+00:00,1786311378.197,243.14,32.35,1.4008,2.34,0.000,483.6,233.1
2026-08-09T21:36:18.400636+00:00,1786311378.401,243.34,32.35,1.4008,2.37,0.000,483.4,233.1
2026-08-09T21:36:18.600935+00:00,1786311378.601,243.54,32.15,1.4052,2.40,-0.053,481.5,233.1
2026-08-09T21:36:18.797181+00:00,1786311378.797,243.74,32.46,1.4052,2.44,0.000,481.6,233.1
2026-08-09T21:36:18.997971+00:00,1786311378.998,243.94,32.38,1.4118,2.49,0.000,481.8,233.1
2026-08-09T21:36:19.197702+00:00,1786311379.198,244.14,32.32,1.4118,2.55,0.000,482.3,233.1
2026-08-09T21:36:19.398920+00:00,1786311379.399,244.34,32.32,1.4118,2.60,0.000,483.0,233.1
2026-08-09T21:36:19.600217+00:00,1786311379.600,244.54,32.09,1.4162,2.63,0.000,483.7,233.1
2026-08-09T21:36:19.800375+00:00,1786311379.800,244.74,32.31,1.4162,2.66,0.000,484.9,233.1
2026-08-09T21:36:19.998989+00:00,1786311379.999,244.94,32.49,1.4206,2.68,0.000,486.4,233.1
2026-08-09T21:36:20.200734+00:00,1786311380.201,245.14,32.29,1.4206,2.69,0.000,489.6,233.1
2026-08-09T21:36:20.402292+00:00,1786311380.402,245.34,32.24,1.4206,2.70,0.000,491.3,233.1
2026-08-09T21:36:20.605694+00:00,1786311380.606,245.55,32.24,1.4250,2.70,0.000,493.0,233.1
2026-08-09T21:36:20.800995+00:00,1786311380.801,245.74,32.19,1.4250,2.67,0.000,494.7,233.1
2026-08-09T21:36:21.000180+00:00,1786311381.000,245.94,32.50,1.4294,2.66,0.000,496.7,233.1
2026-08-09T21:36:21.202048+00:00,1786311381.202,246.14,32.18,1.4294,2.64,0.000,498.4,233.1
2026-08-09T21:36:21.404028+00:00,1786311381.404,246.35,32.15,1.4294,2.64,0.000,500.2,233.1
2026-08-09T21:36:21.603603+00:00,1786311381.604,246.54,32.15,1.4338,2.64,0.000,501.8,233.1
2026-08-09T21:36:21.801639+00:00,1786311381.802,246.74,32.03,1.4338,2.64,0.000,503.4,233.1
2026-08-09T21:36:22.002780+00:00,1786311382.003,246.94,32.06,1.4382,2.62,-0.059,503.2,233.1
2026-08-09T21:36:22.208035+00:00,1786311382.208,247.15,32.07,1.4382,2.60,0.000,504.6,233.1
2026-08-09T21:36:22.414186+00:00,1786311382.414,247.36,31.99,1.4382,2.57,0.000,505.9,233.1
2026-08-09T21:36:22.616459+00:00,1786311382.616,247.56,31.98,1.4426,2.55,0.000,506.9,233.1
2026-08-09T21:36:22.818349+00:00,1786311382.818,247.76,31.98,1.4426,2.52,0.000,507.6,233.1
2026-08-09T21:36:23.017528+00:00,1786311383.018,247.96,31.97,1.4470,2.50,-0.073,505.9,233.1
2026-08-09T21:36:23.224031+00:00,1786311383.224,248.17,32.05,1.4470,2.48,0.000,506.3,233.1
2026-08-09T21:36:23.430429+00:00,1786311383.430,248.37,32.03,1.4470,2.47,0.000,506.5,233.1
2026-08-09T21:36:23.630578+00:00,1786311383.631,248.57,31.94,1.4514,2.47,0.000,508.3,233.1
2026-08-09T21:36:23.828911+00:00,1786311383.829,248.77,31.94,1.4514,2.50,0.000,508.1,233.1
2026-08-09T21:36:24.026254+00:00,1786311384.026,248.97,31.97,1.4558,2.53,0.000,507.8,233.1
2026-08-09T21:36:24.228486+00:00,1786311384.228,249.17,31.92,1.4558,2.55,0.000,507.4,233.1
2026-08-09T21:36:24.428943+00:00,1786311384.429,249.37,31.91,1.4558,2.56,0.000,506.8,233.1
2026-08-09T21:36:24.630931+00:00,1786311384.631,249.57,31.90,1.4602,2.55,0.000,506.2,233.1
2026-08-09T21:36:24.831036+00:00,1786311384.831,249.77,31.90,1.4602,2.53,0.000,505.1,233.1
2026-08-09T21:36:25.027092+00:00,1786311385.027,249.97,31.73,1.4646,2.54,0.000,503.6,233.1
2026-08-09T21:36:25.229183+00:00,1786311385.229,250.17,31.95,1.4646,2.54,0.000,502.5,233.1
2026-08-09T21:36:25.427500+00:00,1786311385.427,250.37,31.89,1.4646,2.55,0.000,501.4,233.1
2026-08-09T21:36:25.631454+00:00,1786311385.631,250.57,31.97,1.4690,2.57,0.000,500.5,233.1
2026-08-09T21:36:25.833520+00:00,1786311385.834,250.77,31.99,1.4690,2.59,0.000,499.9,233.1
2026-08-09T21:36:26.036240+00:00,1786311386.036,250.98,31.99,1.4734,2.61,0.000,499.1,233.1
2026-08-09T21:36:26.236853+00:00,1786311386.237,251.18,31.96,1.4734,2.63,0.000,498.9,233.1
2026-08-09T21:36:26.441046+00:00,1786311386.441,251.38,32.15,1.4734,2.65,0.000,498.9,233.1
2026-08-09T21:36:26.647183+00:00,1786311386.647,251.59,31.98,1.4778,2.65,0.000,498.8,233.1
2026-08-09T21:36:26.844954+00:00,1786311386.845,251.79,32.03,1.4778,2.67,0.000,498.9,233.1
2026-08-09T21:36:27.042808+00:00,1786311387.043,251.98,32.03,1.4822,2.68,0.000,501.0,233.1
2026-08-09T21:36:27.238413+00:00,1786311387.238,252.18,31.92,1.4822,2.73,0.000,501.5,233.1
2026-08-09T21:36:27.438305+00:00,1786311387.438,252.38,31.76,1.4822,2.77,0.000,502.2,233.1
2026-08-09T21:36:27.643236+00:00,1786311387.643,252.58,31.63,1.4866,2.83,0.000,503.3,233.1
2026-08-09T21:36:27.842572+00:00,1786311387.843,252.78,31.51,1.4866,2.90,-0.067,502.7,233.1
2026-08-09T21:36:28.049294+00:00,1786311388.049,252.99,31.51,1.4910,2.97,-0.067,504.8,233.1
2026-08-09T21:36:28.248895+00:00,1786311388.249,253.19,31.35,1.4910,3.07,-0.084,504.5,233.1
2026-08-09T21:36:28.452384+00:00,1786311388.452,253.39,31.16,1.4910,3.20,-0.136,503.3,233.1
2026-08-09T21:36:28.647261+00:00,1786311388.647,253.59,31.05,1.4954,3.33,-0.129,502.9,233.1
2026-08-09T21:36:28.853009+00:00,1786311388.853,253.79,31.05,1.4954,3.46,-0.137,502.7,233.1
2026-08-09T21:36:29.053071+00:00,1786311389.053,253.99,30.76,1.4998,3.58,-0.176,501.5,233.1
2026-08-09T21:36:29.258671+00:00,1786311389.259,254.20,30.76,1.4998,3.68,-0.159,501.3,233.1
2026-08-09T21:36:29.459467+00:00,1786311389.459,254.40,30.53,1.4998,3.79,-0.168,501.1,233.1
2026-08-09T21:36:29.663188+00:00,1786311389.663,254.60,30.33,1.5042,3.91,-0.178,500.9,233.1
2026-08-09T21:36:29.869169+00:00,1786311389.869,254.81,30.33,1.5042,4.02,-0.161,501.9,233.1
2026-08-09T21:36:30.071929+00:00,1786311390.072,255.01,30.11,1.5086,4.13,-0.191,502.5,233.1
2026-08-09T21:36:30.267385+00:00,1786311390.267,255.21,29.95,1.5086,4.22,-0.192,503.1,233.1
2026-08-09T21:36:30.469788+00:00,1786311390.470,255.41,29.88,1.5086,4.31,-0.176,504.4,233.1
2026-08-09T21:36:30.675804+00:00,1786311390.676,255.62,29.88,1.5130,4.40,-0.159,506.5,233.1
2026-08-09T21:36:30.879080+00:00,1786311390.879,255.82,29.54,1.5130,4.50,-0.206,507.3,233.1
2026-08-09T21:36:31.084243+00:00,1786311391.084,256.03,29.30,1.5152,4.60,-0.200,508.3,233.1
2026-08-09T21:36:31.289925+00:00,1786311391.290,256.23,29.30,1.5152,4.67,-0.200,509.6,233.1
2026-08-09T21:36:31.489871+00:00,1786311391.490,256.43,28.93,1.5152,4.72,-0.220,509.9,233.1
2026-08-09T21:36:31.694100+00:00,1786311391.694,256.64,28.67,1.5196,4.79,-0.228,510.2,233.1
2026-08-09T21:36:31.900125+00:00,1786311391.900,256.84,28.23,1.5196,4.86,-0.287,508.6,233.1
2026-08-09T21:36:32.102277+00:00,1786311392.102,257.04,28.23,1.5240,4.93,-0.257,508.1,233.1
2026-08-09T21:36:32.304035+00:00,1786311392.304,257.25,27.82,1.5240,4.97,-0.291,506.4,233.1
2026-08-09T21:36:32.509140+00:00,1786311392.509,257.45,27.41,1.5240,4.97,-0.337,503.0,233.1
2026-08-09T21:36:32.713759+00:00,1786311392.714,257.66,27.41,1.5284,4.94,-0.337,499.4,233.1
2026-08-09T21:36:32.913455+00:00,1786311392.913,257.85,27.01,1.5284,4.89,-0.346,496.7,233.1
2026-08-09T21:36:33.115579+00:00,1786311393.116,258.06,26.72,1.5306,4.79,-0.353,492.8,233.1
2026-08-09T21:36:33.317608+00:00,1786311393.318,258.26,26.72,1.5306,4.66,-0.354,488.4,233.1
2026-08-09T21:36:33.516874+00:00,1786311393.517,258.46,26.38,1.5306,4.50,-0.349,484.3,233.1
2026-08-09T21:36:33.718584+00:00,1786311393.719,258.66,26.22,1.5350,4.34,-0.337,479.1,233.1
2026-08-09T21:36:33.914499+00:00,1786311393.914,258.86,26.22,1.5350,4.16,-0.278,474.1,233.1
2026-08-09T21:36:34.119850+00:00,1786311394.120,259.06,26.09,1.5394,3.99,-0.295,468.8,233.1
2026-08-09T21:36:34.326187+00:00,1786311394.326,259.27,25.99,1.5394,3.80,-0.251,462.6,233.1
2026-08-09T21:36:34.531398+00:00,1786311394.531,259.47,25.99,1.5394,3.58,-0.195,456.9,233.1
2026-08-09T21:36:34.734304+00:00,1786311394.734,259.68,25.96,1.5416,3.35,-0.199,450.1,233.1
2026-08-09T21:36:34.935908+00:00,1786311394.936,259.88,26.01,1.5416,3.13,-0.137,442.9,233.1
2026-08-09T21:36:35.131484+00:00,1786311395.131,260.07,26.01,1.5460,2.91,-0.098,436.2,233.1
2026-08-09T21:36:35.335757+00:00,1786311395.336,260.28,26.01,1.5460,2.73,-0.097,428.7,233.1
2026-08-09T21:36:35.534077+00:00,1786311395.534,260.48,26.04,1.5460,2.59,0.000,422.1,233.1
2026-08-09T21:36:35.738847+00:00,1786311395.739,260.68,26.04,1.5504,2.47,0.000,414.2,233.1
2026-08-09T21:36:35.937995+00:00,1786311395.938,260.88,26.14,1.5504,2.36,0.000,407.1,233.1
2026-08-09T21:36:36.135532+00:00,1786311396.136,261.08,26.24,1.5526,2.29,0.000,399.4,233.1
2026-08-09T21:36:36.336094+00:00,1786311396.336,261.28,26.24,1.5526,2.26,0.000,391.3,233.1
2026-08-09T21:36:36.533884+00:00,1786311396.534,261.48,26.36,1.5526,2.28,0.051,385.4,233.1
2026-08-09T21:36:36.740268+00:00,1786311396.740,261.68,26.44,1.5570,2.30,0.065,380.0,233.1
2026-08-09T21:36:36.945134+00:00,1786311396.945,261.89,26.44,1.5570,2.32,0.059,376.4,233.1
2026-08-09T21:36:37.144241+00:00,1786311397.144,262.09,26.60,1.5614,2.33,0.082,372.3,233.1
2026-08-09T21:36:37.350893+00:00,1786311397.351,262.29,26.74,1.5614,2.35,0.102,370.0,233.1
2026-08-09T21:36:37.554955+00:00,1786311397.555,262.50,26.74,1.5636,2.38,0.097,369.4,233.1
2026-08-09T21:36:37.752960+00:00,1786311397.753,262.69,26.87,1.5636,2.41,0.115,369.5,233.1
2026-08-09T21:36:37.955723+00:00,1786311397.956,262.90,27.01,1.5636,2.43,0.119,370.8,233.1
2026-08-09T21:36:38.155505+00:00,1786311398.155,263.10,27.14,1.5680,2.45,0.123,373.2,233.1
2026-08-09T21:36:38.356178+00:00,1786311398.356,263.30,27.14,1.5680,2.44,0.123,376.2,233.1
2026-08-09T21:36:38.556834+00:00,1786311398.557,263.50,27.32,1.5724,2.44,0.132,380.4,233.1
2026-08-09T21:36:38.760993+00:00,1786311398.761,263.70,27.47,1.5724,2.43,0.142,385.4,233.1
2026-08-09T21:36:38.957249+00:00,1786311398.957,263.90,27.47,1.5724,2.43,0.143,389.7,233.1
2026-08-09T21:36:39.155205+00:00,1786311399.155,264.10,27.57,1.5768,2.43,0.134,395.1,233.1
2026-08-09T21:36:39.359790+00:00,1786311399.360,264.30,27.76,1.5768,2.42,0.141,400.6,233.1
2026-08-09T21:36:39.564574+00:00,1786311399.565,264.51,27.95,1.5790,2.39,0.166,406.4,233.1
2026-08-09T21:36:39.758955+00:00,1786311399.759,264.70,27.95,1.5790,2.36,0.149,412.6,233.1
2026-08-09T21:36:39.961478+00:00,1786311399.961,264.90,28.12,1.5790,2.33,0.154,418.4,233.1
2026-08-09T21:36:40.159834+00:00,1786311400.160,265.10,28.33,1.5834,2.32,0.164,424.6,233.1
2026-08-09T21:36:40.364701+00:00,1786311400.365,265.31,28.33,1.5834,2.31,0.164,431.4,233.1
2026-08-09T21:36:40.560800+00:00,1786311400.561,265.50,28.49,1.5878,2.30,0.162,436.5,233.1
2026-08-09T21:36:40.754773+00:00,1786311400.755,265.70,28.70,1.5878,2.28,0.171,442.5,233.1
2026-08-09T21:36:40.949599+00:00,1786311400.950,265.89,28.88,1.5878,2.28,0.196,449.6,233.1
2026-08-09T21:36:41.147832+00:00,1786311401.148,266.09,28.88,1.5922,2.27,0.183,456.6,233.1
2026-08-09T21:36:41.350518+00:00,1786311401.351,266.29,29.02,1.5922,2.29,0.175,463.7,233.1
2026-08-09T21:36:41.552575+00:00,1786311401.553,266.49,29.20,1.5966,2.30,0.175,469.6,233.1
2026-08-09T21:36:41.747573+00:00,1786311401.748,266.69,29.33,1.5966,2.31,0.194,475.7,233.1
2026-08-09T21:36:41.952914+00:00,1786311401.953,266.89,29.33,1.5966,2.33,0.170,481.3,233.1
2026-08-09T21:36:42.152934+00:00,1786311402.153,267.09,29.45,1.6010,2.37,0.157,486.2,233.1
2026-08-09T21:36:42.348056+00:00,1786311402.348,267.29,29.56,1.6010,2.41,0.173,491.1,233.1
2026-08-09T21:36:42.543723+00:00,1786311402.544,267.49,29.56,1.6010,2.44,0.150,495.5,233.1
2026-08-09T21:36:42.750500+00:00,1786311402.750,267.69,29.56,1.6054,2.48,0.120,498.5,233.1
2026-08-09T21:36:42.953668+00:00,1786311402.954,267.90,29.63,1.6054,2.49,0.105,501.0,233.1
2026-08-09T21:36:43.157545+00:00,1786311403.158,268.10,29.71,1.6098,2.49,0.114,503.5,233.1
2026-08-09T21:36:43.359899+00:00,1786311403.360,268.30,29.79,1.6098,2.48,0.107,505.8,233.1
2026-08-09T21:36:43.562044+00:00,1786311403.562,268.50,29.79,1.6098,2.49,0.082,507.2,233.1
2026-08-09T21:36:43.766157+00:00,1786311403.766,268.71,29.87,1.6120,2.51,0.073,508.0,233.1
2026-08-09T21:36:43.972451+00:00,1786311403.972,268.91,29.95,1.6120,2.53,0.084,509.4,233.1
2026-08-09T21:36:44.178362+00:00,1786311404.178,269.12,30.15,1.6163,2.56,0.096,511.5,233.1
2026-08-09T21:36:44.384433+00:00,1786311404.384,269.33,30.24,1.6163,2.58,0.093,513.5,233.1
2026-08-09T21:36:44.591437+00:00,1786311404.591,269.53,30.24,1.6207,2.61,0.093,514.9,233.1
2026-08-09T21:36:44.790961+00:00,1786311404.791,269.73,30.33,1.6207,2.64,0.105,517.4,233.1
2026-08-09T21:36:44.996979+00:00,1786311404.997,269.94,30.37,1.6207,2.66,0.099,519.8,233.1
2026-08-09T21:36:45.202332+00:00,1786311405.202,270.14,30.41,1.6251,2.67,0.095,521.6,233.1
2026-08-09T21:36:45.408604+00:00,1786311405.409,270.35,30.41,1.6251,2.68,0.083,523.3,233.1
2026-08-09T21:36:45.612619+00:00,1786311405.613,270.55,30.17,1.6295,2.69,0.051,523.7,233.1
2026-08-09T21:36:45.817511+00:00,1786311405.817,270.76,30.40,1.6295,2.70,0.073,524.7,233.1
2026-08-09T21:36:46.013291+00:00,1786311406.013,270.95,30.46,1.6295,2.71,0.070,524.9,233.1
2026-08-09T21:36:46.210340+00:00,1786311406.210,271.15,30.51,1.6339,2.71,0.000,523.6,233.1
2026-08-09T21:36:46.412463+00:00,1786311406.412,271.35,30.51,1.6339,2.67,0.000,522.1,233.1
2026-08-09T21:36:46.609071+00:00,1786311406.609,271.55,30.58,1.6383,2.62,0.000,520.1,233.1
2026-08-09T21:36:46.811718+00:00,1786311406.812,271.75,30.78,1.6383,2.56,0.061,519.1,233.1
2026-08-09T21:36:47.018234+00:00,1786311407.018,271.96,31.24,1.6383,2.49,0.120,520.5,233.1
2026-08-09T21:36:47.221142+00:00,1786311407.221,272.16,31.13,1.6427,2.44,0.100,521.0,233.1
2026-08-09T21:36:47.426976+00:00,1786311407.427,272.37,31.13,1.6427,2.40,0.100,520.6,233.1
2026-08-09T21:36:47.624303+00:00,1786311407.624,272.57,31.27,1.6471,2.36,0.152,522.1,233.1
2026-08-09T21:36:47.821164+00:00,1786311407.821,272.76,31.45,1.6471,2.31,0.146,524.0,233.1
2026-08-09T21:36:48.024165+00:00,1786311408.024,272.97,31.64,1.6471,2.27,0.163,526.8,233.1
2026-08-09T21:36:48.228074+00:00,1786311408.228,273.17,31.75,1.6515,2.24,0.171,529.4,233.1
2026-08-09T21:36:48.433478+00:00,1786311408.433,273.37,31.75,1.6515,2.20,0.170,531.9,233.1
2026-08-09T21:36:48.629948+00:00,1786311408.630,273.57,31.63,1.6559,2.18,0.144,534.1,233.1
2026-08-09T21:36:48.836175+00:00,1786311408.836,273.78,32.00,1.6559,2.16,0.167,537.4,233.1
2026-08-09T21:36:49.042512+00:00,1786311409.042,273.98,32.13,1.6559,2.18,0.123,539.1,233.1
2026-08-09T21:36:49.245446+00:00,1786311409.245,274.19,32.22,1.6603,2.20,0.149,541.1,233.1
2026-08-09T21:36:49.451848+00:00,1786311409.452,274.39,32.25,1.6603,2.27,0.153,543.5,233.1
2026-08-09T21:36:49.654284+00:00,1786311409.654,274.60,32.25,1.6647,2.34,0.134,545.5,233.1
2026-08-09T21:36:49.858625+00:00,1786311409.859,274.80,32.11,1.6647,2.41,0.089,545.9,233.1
2026-08-09T21:36:50.062665+00:00,1786311410.063,275.00,32.65,1.6647,2.49,0.137,548.7,233.1
2026-08-09T21:36:50.268343+00:00,1786311410.268,275.21,32.48,1.6691,2.55,0.099,550.4,233.1
2026-08-09T21:36:50.462910+00:00,1786311410.463,275.40,32.52,1.6691,2.58,0.106,552.9,233.1
2026-08-09T21:36:50.668792+00:00,1786311410.669,275.61,32.54,1.6735,2.62,0.124,557.3,233.1
2026-08-09T21:36:50.863050+00:00,1786311410.863,275.80,32.54,1.6735,2.65,0.075,559.4,233.1
2026-08-09T21:36:51.066415+00:00,1786311411.066,276.01,32.47,1.6735,2.68,0.000,559.3,233.1
2026-08-09T21:36:51.263200+00:00,1786311411.263,276.20,32.89,1.6779,2.69,0.092,564.5,233.1
2026-08-09T21:36:51.462048+00:00,1786311411.462,276.40,32.74,1.6779,2.70,0.067,568.9,233.1
2026-08-09T21:36:51.656455+00:00,1786311411.656,276.60,32.76,1.6845,2.70,0.071,573.7,233.1
2026-08-09T21:36:51.856338+00:00,1786311411.856,276.80,32.79,1.6845,2.70,0.095,577.6,233.1
2026-08-09T21:36:52.061544+00:00,1786311412.062,277.00,32.79,1.6845,2.70,0.000,576.7,233.1
2026-08-09T21:36:52.261330+00:00,1786311412.261,277.20,32.82,1.6889,2.69,0.000,576.8,233.1
2026-08-09T21:36:52.462650+00:00,1786311412.463,277.40,32.99,1.6889,2.68,0.065,579.2,233.1
2026-08-09T21:36:52.669342+00:00,1786311412.669,277.61,32.90,1.6933,2.67,0.000,578.0,233.1
2026-08-09T21:36:52.867061+00:00,1786311412.867,277.81,32.88,1.6933,2.66,0.000,577.0,233.1
2026-08-09T21:36:53.069890+00:00,1786311413.070,278.01,32.90,1.6933,2.63,0.060,577.1,233.1
2026-08-09T21:36:53.276735+00:00,1786311413.277,278.22,32.90,1.6977,2.60,0.000,575.0,233.1
2026-08-09T21:36:53.471349+00:00,1786311413.471,278.41,32.57,1.6977,2.60,0.000,572.9,233.1
2026-08-09T21:36:53.670367+00:00,1786311413.670,278.61,32.91,1.7021,2.60,0.000,572.0,233.1
2026-08-09T21:36:53.868043+00:00,1786311413.868,278.81,32.91,1.7021,2.60,0.000,570.2,233.1
2026-08-09T21:36:54.063900+00:00,1786311414.064,279.01,32.84,1.7021,2.61,0.000,569.5,233.1
2026-08-09T21:36:54.265720+00:00,1786311414.266,279.21,32.78,1.7065,2.62,0.000,567.7,233.1
2026-08-09T21:36:54.467896+00:00,1786311414.468,279.41,32.78,1.7065,2.61,0.000,565.5,233.1
2026-08-09T21:36:54.667502+00:00,1786311414.667,279.61,32.72,1.7109,2.61,0.000,563.3,233.1
2026-08-09T21:36:54.867237+00:00,1786311414.867,279.81,33.04,1.7109,2.61,0.000,562.6,233.1
2026-08-09T21:36:55.065878+00:00,1786311415.066,280.01,32.70,1.7109,2.61,0.000,559.1,233.1
2026-08-09T21:36:55.264539+00:00,1786311415.265,280.21,32.64,1.7153,2.60,0.000,556.6,233.1
2026-08-09T21:36:55.466770+00:00,1786311415.467,280.41,32.66,1.7153,2.59,0.000,553.6,233.1
2026-08-09T21:36:55.669013+00:00,1786311415.669,280.61,32.66,1.7197,2.59,0.000,549.9,233.1
2026-08-09T21:36:55.866518+00:00,1786311415.867,280.81,32.66,1.7197,2.59,0.000,547.5,233.1
2026-08-09T21:36:56.062371+00:00,1786311416.062,281.00,32.69,1.7197,2.59,0.000,547.3,233.1
2026-08-09T21:36:56.268808+00:00,1786311416.269,281.21,32.70,1.7241,2.60,0.000,543.8,233.1
2026-08-09T21:36:56.471011+00:00,1786311416.471,281.41,32.63,1.7241,2.59,0.000,541.1,233.1
2026-08-09T21:36:56.670048+00:00,1786311416.670,281.61,32.63,1.7285,2.59,0.000,538.2,233.1
2026-08-09T21:36:56.867171+00:00,1786311416.867,281.81,32.40,1.7285,2.58,-0.088,531.7,233.1
2026-08-09T21:36:57.073743+00:00,1786311417.074,282.02,32.60,1.7285,2.58,0.000,530.9,233.1
2026-08-09T21:36:57.276050+00:00,1786311417.276,282.22,32.58,1.7329,2.57,0.000,530.0,233.1
2026-08-09T21:36:57.478454+00:00,1786311417.478,282.42,32.55,1.7329,2.55,0.000,526.9,233.1
2026-08-09T21:36:57.677326+00:00,1786311417.677,282.62,32.48,1.7373,2.54,0.000,525.7,233.1
2026-08-09T21:36:57.879840+00:00,1786311417.880,282.82,32.48,1.7373,2.52,0.000,524.6,233.1
2026-08-09T21:36:58.080061+00:00,1786311418.080,283.02,32.39,1.7373,2.53,0.000,521.8,233.1
2026-08-09T21:36:58.280723+00:00,1786311418.281,283.22,32.84,1.7439,2.51,0.000,521.3,233.1
2026-08-09T21:36:58.481448+00:00,1786311418.481,283.42,32.56,1.7439,2.51,0.000,520.8,233.1
2026-08-09T21:36:58.677531+00:00,1786311418.678,283.62,32.56,1.7483,2.52,0.000,520.0,233.1
2026-08-09T21:36:58.875110+00:00,1786311418.875,283.82,32.53,1.7483,2.52,0.000,519.2,233.1
2026-08-09T21:36:59.073456+00:00,1786311419.073,284.01,32.53,1.7483,2.52,0.000,518.4,233.1
2026-08-09T21:36:59.277486+00:00,1786311419.277,284.22,32.53,1.7527,2.52,0.000,517.7,233.1
2026-08-09T21:36:59.472579+00:00,1786311419.473,284.41,32.59,1.7527,2.50,0.000,516.9,233.1
2026-08-09T21:36:59.674706+00:00,1786311419.675,284.62,32.38,1.7571,2.47,0.000,515.8,233.1
2026-08-09T21:36:59.876605+00:00,1786311419.877,284.82,32.39,1.7571,2.44,0.000,514.3,233.1
2026-08-09T21:37:00.078322+00:00,1786311420.078,285.02,32.39,1.7571,2.41,0.000,513.0,233.1
2026-08-09T21:37:00.276245+00:00,1786311420.276,285.22,32.19,1.7615,2.38,-0.090,508.8,233.1
2026-08-09T21:37:00.474272+00:00,1786311420.474,285.42,32.29,1.7615,2.39,0.000,507.4,233.1
2026-08-09T21:37:00.677144+00:00,1786311420.677,285.62,32.30,1.7659,2.40,0.000,506.0,233.1
2026-08-09T21:37:00.879395+00:00,1786311420.879,285.82,32.28,1.7659,2.41,0.000,504.7,233.1
2026-08-09T21:37:01.081697+00:00,1786311421.082,286.02,32.20,1.7659,2.39,0.000,503.2,233.1
2026-08-09T21:37:01.280427+00:00,1786311421.280,286.22,32.20,1.7703,2.41,0.000,501.7,233.1
2026-08-09T21:37:01.480191+00:00,1786311421.480,286.42,32.19,1.7703,2.41,-0.055,498.7,233.1
2026-08-09T21:37:01.683163+00:00,1786311421.683,286.62,32.33,1.7747,2.40,0.000,497.5,233.1
2026-08-09T21:37:01.889065+00:00,1786311421.889,286.83,32.15,1.7747,2.39,0.000,498.9,233.1
2026-08-09T21:37:02.090819+00:00,1786311422.091,287.03,32.12,1.7747,2.39,0.000,497.5,233.1
2026-08-09T21:37:02.288394+00:00,1786311422.288,287.23,32.12,1.7791,2.38,0.000,496.0,233.1
2026-08-09T21:37:02.488050+00:00,1786311422.488,287.43,32.03,1.7791,2.39,0.000,494.7,233.1
2026-08-09T21:37:02.690478+00:00,1786311422.690,287.63,32.07,1.7835,2.41,0.000,493.6,233.1
2026-08-09T21:37:02.892752+00:00,1786311422.893,287.83,32.04,1.7835,2.43,0.000,492.7,233.1
2026-08-09T21:37:03.094496+00:00,1786311423.094,288.04,31.99,1.7835,2.45,0.000,491.9,233.1
2026-08-09T21:37:03.295825+00:00,1786311423.296,288.24,31.99,1.7879,2.46,0.000,490.8,233.1
2026-08-09T21:37:03.498467+00:00,1786311423.498,288.44,31.66,1.7879,2.46,-0.073,487.5,233.1
2026-08-09T21:37:03.703366+00:00,1786311423.703,288.64,31.94,1.7923,2.45,-0.054,484.9,233.1
2026-08-09T21:37:03.902301+00:00,1786311423.902,288.84,31.93,1.7923,2.45,0.000,483.9,233.1
2026-08-09T21:37:04.107879+00:00,1786311424.108,289.05,31.85,1.7923,2.44,0.000,482.8,233.1
2026-08-09T21:37:04.310131+00:00,1786311424.310,289.25,31.76,1.7967,2.43,0.000,481.6,233.1
2026-08-09T21:37:04.513815+00:00,1786311424.514,289.46,31.76,1.7967,2.42,0.000,480.3,233.1
2026-08-09T21:37:04.712591+00:00,1786311424.713,289.65,31.79,1.8011,2.42,0.000,479.5,233.1
2026-08-09T21:37:04.910668+00:00,1786311424.911,289.85,32.10,1.8011,2.42,0.000,479.1,233.1
2026-08-09T21:37:05.113886+00:00,1786311425.114,290.06,31.77,1.8011,2.41,0.000,478.5,233.1
2026-08-09T21:37:05.316883+00:00,1786311425.317,290.26,31.78,1.8055,2.41,0.000,480.9,233.1
2026-08-09T21:37:05.514902+00:00,1786311425.515,290.46,31.78,1.8055,2.40,0.000,480.4,233.1
2026-08-09T21:37:05.712544+00:00,1786311425.713,290.65,31.75,1.8099,2.37,0.000,479.8,233.1
2026-08-09T21:37:05.914145+00:00,1786311425.914,290.86,31.85,1.8099,2.35,0.000,479.0,233.1
2026-08-09T21:37:06.113907+00:00,1786311426.114,291.06,31.74,1.8099,2.32,0.000,478.2,233.1
2026-08-09T21:37:06.312115+00:00,1786311426.312,291.25,31.80,1.8143,2.28,0.000,477.2,233.1
2026-08-09T21:37:06.513732+00:00,1786311426.514,291.46,31.80,1.8143,2.24,0.000,477.6,233.1
2026-08-09T21:37:06.710662+00:00,1786311426.711,291.65,31.77,1.8187,2.20,0.000,476.0,233.1
2026-08-09T21:37:06.915413+00:00,1786311426.915,291.86,31.83,1.8187,2.16,0.000,474.6,233.1
2026-08-09T21:37:07.118939+00:00,1786311427.119,292.06,31.88,1.8187,2.11,0.000,473.0,233.1
2026-08-09T21:37:07.318769+00:00,1786311427.319,292.26,31.84,1.8231,2.06,0.000,471.1,233.1
2026-08-09T21:37:07.520467+00:00,1786311427.520,292.46,31.84,1.8231,2.00,0.000,469.0,233.1
2026-08-09T21:37:07.718367+00:00,1786311427.718,292.66,31.77,1.8275,1.94,0.000,466.4,222.0
2026-08-09T21:37:07.919827+00:00,1786311427.920,292.86,32.05,1.8275,1.88,0.000,463.7,222.0
2026-08-09T21:37:08.121849+00:00,1786311428.122,293.06,32.19,1.8275,1.83,0.063,462.6,222.0
2026-08-09T21:37:08.317662+00:00,1786311428.318,293.26,32.28,1.8319,1.80,0.066,461.5,222.0
2026-08-09T21:37:08.513994+00:00,1786311428.514,293.46,32.39,1.8319,1.78,0.083,463.4,222.0
2026-08-09T21:37:08.719709+00:00,1786311428.720,293.66,32.39,1.8363,1.77,0.087,464.6,222.0
2026-08-09T21:37:08.922236+00:00,1786311428.922,293.86,32.55,1.8363,1.77,0.100,464.8,222.0
2026-08-09T21:37:09.122826+00:00,1786311429.123,294.06,32.94,1.8363,1.77,0.146,466.9,222.0
2026-08-09T21:37:09.326804+00:00,1786311429.327,294.27,32.86,1.8407,1.79,0.141,469.1,222.0
2026-08-09T21:37:09.532936+00:00,1786311429.533,294.47,32.87,1.8407,1.87,0.142,471.7,222.0
2026-08-09T21:37:09.731326+00:00,1786311429.731,294.67,32.89,1.8451,1.94,0.154,475.1,222.0
2026-08-09T21:37:09.936696+00:00,1786311429.937,294.88,32.89,1.8451,2.02,0.115,477.4,222.0
2026-08-09T21:37:10.139396+00:00,1786311430.139,295.08,32.65,1.8451,2.09,0.063,478.5,222.0
2026-08-09T21:37:10.336465+00:00,1786311430.336,295.28,32.71,1.8495,2.17,0.060,480.0,233.1
2026-08-09T21:37:10.538279+00:00,1786311430.538,295.48,32.92,1.8495,2.25,0.072,482.6,233.1
2026-08-09T21:37:10.743566+00:00,1786311430.744,295.68,32.82,1.8561,2.32,0.059,485.2,233.1
2026-08-09T21:37:10.949127+00:00,1786311430.949,295.89,32.93,1.8561,2.39,0.052,488.1,233.1
2026-08-09T21:37:11.154224+00:00,1786311431.154,296.10,33.05,1.8561,2.46,0.000,490.1,233.1
2026-08-09T21:37:11.349049+00:00,1786311431.349,296.29,33.05,1.8605,2.51,0.000,492.5,233.1
2026-08-09T21:37:11.548552+00:00,1786311431.549,296.49,33.41,1.8605,2.58,0.074,498.2,233.1
2026-08-09T21:37:11.744254+00:00,1786311431.744,296.69,33.43,1.8648,2.64,0.075,504.5,233.1
2026-08-09T21:37:11.939365+00:00,1786311431.939,296.88,33.21,1.8648,2.71,0.000,508.6,233.1
2026-08-09T21:37:12.145280+00:00,1786311432.145,297.09,33.31,1.8648,2.74,0.091,516.1,233.1
2026-08-09T21:37:12.350400+00:00,1786311432.350,297.29,33.41,1.8692,2.76,0.096,524.3,233.1
2026-08-09T21:37:12.556177+00:00,1786311432.556,297.50,33.41,1.8692,2.74,0.067,531.7,233.1
2026-08-09T21:37:12.761488+00:00,1786311432.761,297.70,33.05,1.8736,2.73,0.000,537.0,233.1
2026-08-09T21:37:12.968334+00:00,1786311432.968,297.91,33.42,1.8736,2.72,0.068,544.8,233.1
2026-08-09T21:37:13.174447+00:00,1786311433.174,298.12,33.46,1.8736,2.73,0.056,550.5,233.1
2026-08-09T21:37:13.373173+00:00,1786311433.373,298.31,33.49,1.8780,2.73,0.060,556.4,233.1
2026-08-09T21:37:13.572293+00:00,1786311433.572,298.51,33.51,1.8780,2.73,0.000,559.9,233.1
2026-08-09T21:37:13.776111+00:00,1786311433.776,298.72,33.45,1.8824,2.72,0.000,563.2,233.1
2026-08-09T21:37:13.978844+00:00,1786311433.979,298.92,33.45,1.8824,2.70,0.000,565.9,233.1
2026-08-09T21:37:14.181250+00:00,1786311434.181,299.12,33.70,1.8824,2.67,0.053,568.6,233.1
2026-08-09T21:37:14.380570+00:00,1786311434.381,299.32,33.32,1.8868,2.64,0.000,569.2,233.1
2026-08-09T21:37:14.587293+00:00,1786311434.587,299.53,33.49,1.8868,2.59,0.000,569.1,233.1
2026-08-09T21:37:14.789871+00:00,1786311434.790,299.73,33.51,1.8934,2.53,0.063,570.1,233.1
2026-08-09T21:37:14.996748+00:00,1786311434.997,299.94,33.46,1.8934,2.48,0.000,569.5,233.1
2026-08-09T21:37:15.202820+00:00,1786311435.203,300.14,33.48,1.8934,2.46,0.000,570.4,233.1
2026-08-09T21:37:15.397768+00:00,1786311435.398,300.34,33.48,1.8978,2.44,0.000,570.7,233.1
2026-08-09T21:37:15.596956+00:00,1786311435.597,300.54,33.21,1.8978,2.42,0.000,569.7,233.1
2026-08-09T21:37:15.800236+00:00,1786311435.800,300.74,33.64,1.9022,2.37,0.000,569.0,233.1
2026-08-09T21:37:16.001371+00:00,1786311436.001,300.94,33.44,1.9022,2.32,0.000,567.6,233.1
2026-08-09T21:37:16.204181+00:00,1786311436.204,301.15,33.45,1.9022,2.29,0.000,567.1,233.1
2026-08-09T21:37:16.404622+00:00,1786311436.405,301.35,33.46,1.9066,2.26,0.000,566.2,233.1
2026-08-09T21:37:16.607125+00:00,1786311436.607,301.55,33.45,1.9066,2.22,0.000,562.1,233.1
2026-08-09T21:37:16.809954+00:00,1786311436.810,301.75,33.45,1.9110,2.21,0.000,557.5,233.1
2026-08-09T21:37:17.009810+00:00,1786311437.010,301.95,33.64,1.9110,2.19,0.000,555.3,233.1
2026-08-09T21:37:17.211985+00:00,1786311437.212,302.15,33.51,1.9110,2.16,0.000,549.6,233.1
2026-08-09T21:37:17.406957+00:00,1786311437.407,302.35,33.59,1.9154,2.15,0.000,543.7,233.1
2026-08-09T21:37:17.610218+00:00,1786311437.610,302.55,33.63,1.9154,2.13,0.057,540.4,233.1
2026-08-09T21:37:17.816661+00:00,1786311437.817,302.76,33.68,1.9198,2.09,0.000,537.8,233.1
2026-08-09T21:37:18.022486+00:00,1786311438.022,302.96,33.74,1.9198,2.05,0.000,532.5,233.1
2026-08-09T21:37:18.225341+00:00,1786311438.225,303.17,34.04,1.9198,2.00,0.081,530.1,233.1
2026-08-09T21:37:18.425442+00:00,1786311438.425,303.37,34.04,1.9264,1.94,0.079,527.1,222.0
2026-08-09T21:37:18.625491+00:00,1786311438.625,303.57,33.86,1.9264,1.89,0.056,524.8,222.0
2026-08-09T21:37:18.820089+00:00,1786311438.820,303.76,33.88,1.9308,1.86,0.059,522.6,222.0
2026-08-09T21:37:19.024524+00:00,1786311439.025,303.97,33.95,1.9308,1.83,0.000,518.5,222.0
2026-08-09T21:37:19.230898+00:00,1786311439.231,304.17,34.00,1.9308,1.78,0.067,514.6,222.0
2026-08-09T21:37:19.429268+00:00,1786311439.429,304.37,34.01,1.9352,1.74,0.057,512.4,222.0
2026-08-09T21:37:19.635927+00:00,1786311439.636,304.58,34.16,1.9352,1.73,0.073,510.8,222.0
2026-08-09T21:37:19.842752+00:00,1786311439.843,304.78,34.27,1.9396,1.70,0.081,507.9,222.0
2026-08-09T21:37:20.048968+00:00,1786311440.049,304.99,34.27,1.9396,1.72,0.072,506.9,222.0
2026-08-09T21:37:20.252351+00:00,1786311440.252,305.19,34.36,1.9396,1.76,0.000,504.1,222.0
2026-08-09T21:37:20.448204+00:00,1786311440.448,305.39,34.42,1.9440,1.78,0.052,503.2,222.0
2026-08-09T21:37:20.644266+00:00,1786311440.644,305.59,34.46,1.9440,1.82,0.083,503.9,222.0
2026-08-09T21:37:20.845321+00:00,1786311440.845,305.79,34.55,1.9506,1.87,0.092,505.2,222.0
2026-08-09T21:37:21.051154+00:00,1786311441.051,305.99,34.47,1.9506,1.92,0.072,506.4,222.0
2026-08-09T21:37:21.257631+00:00,1786311441.258,306.20,34.43,1.9506,1.98,0.058,507.6,222.0
2026-08-09T21:37:21.456400+00:00,1786311441.456,306.40,34.42,1.9550,2.04,0.056,509.1,222.0
2026-08-09T21:37:21.658692+00:00,1786311441.659,306.60,34.42,1.9550,2.10,0.000,509.5,222.0
2026-08-09T21:37:21.857044+00:00,1786311441.857,306.80,34.34,1.9594,2.15,0.000,510.1,233.1
2026-08-09T21:37:22.059129+00:00,1786311442.059,307.00,34.36,1.9594,2.21,0.000,511.0,233.1
2026-08-09T21:37:22.259706+00:00,1786311442.260,307.20,34.33,1.9594,2.26,0.000,512.3,233.1
2026-08-09T21:37:22.463555+00:00,1786311442.464,307.40,34.26,1.9638,2.31,0.000,513.8,233.1
2026-08-09T21:37:22.666435+00:00,1786311442.666,307.61,34.21,1.9638,2.34,0.000,513.8,233.1
2026-08-09T21:37:22.863741+00:00,1786311442.864,307.81,34.14,1.9682,2.37,-0.056,514.0,233.1
2026-08-09T21:37:23.068230+00:00,1786311443.068,308.01,34.14,1.9682,2.38,0.000,516.1,233.1
2026-08-09T21:37:23.272231+00:00,1786311443.272,308.21,33.85,1.9682,2.37,-0.080,512.9,233.1
2026-08-09T21:37:23.468055+00:00,1786311443.468,308.41,33.88,1.9726,2.37,-0.074,510.2,233.1
2026-08-09T21:37:23.671275+00:00,1786311443.671,308.61,33.81,1.9726,2.35,-0.083,508.2,233.1
2026-08-09T21:37:23.873991+00:00,1786311443.874,308.82,33.73,1.9792,2.33,-0.085,506.1,233.1
2026-08-09T21:37:24.076555+00:00,1786311444.077,309.02,33.60,1.9792,2.32,-0.105,505.1,233.1
2026-08-09T21:37:24.281941+00:00,1786311444.282,309.22,33.46,1.9792,2.32,-0.118,501.5,233.1
2026-08-09T21:37:24.486531+00:00,1786311444.487,309.43,33.46,1.9836,2.32,-0.110,498.8,233.1
2026-08-09T21:37:24.686957+00:00,1786311444.687,309.63,33.51,1.9836,2.31,-0.096,496.0,233.1
2026-08-09T21:37:24.889764+00:00,1786311444.890,309.83,33.28,1.9880,2.30,-0.118,491.9,233.1
2026-08-09T21:37:25.095533+00:00,1786311445.096,310.04,33.16,1.9880,2.27,-0.134,487.4,233.1
2026-08-09T21:37:25.290459+00:00,1786311445.290,310.23,33.12,1.9880,2.24,-0.100,485.6,233.1
2026-08-09T21:37:25.486683+00:00,1786311445.487,310.43,33.06,1.9924,2.21,-0.113,481.4,233.1
2026-08-09T21:37:25.682265+00:00,1786311445.682,310.62,33.06,1.9924,2.18,-0.105,476.1,233.1
2026-08-09T21:37:25.882259+00:00,1786311445.882,310.82,32.93,1.9968,2.17,-0.110,469.8,233.1
2026-08-09T21:37:26.088043+00:00,1786311446.088,311.03,33.00,1.9968,2.18,-0.083,464.9,233.1
2026-08-09T21:37:26.293858+00:00,1786311446.294,311.24,32.83,1.9968,2.18,-0.088,459.8,233.1
2026-08-09T21:37:26.498258+00:00,1786311446.498,311.44,32.85,2.0012,2.17,-0.085,454.6,233.1
2026-08-09T21:37:26.700106+00:00,1786311446.700,311.64,32.76,2.0012,2.18,-0.104,450.2,233.1
2026-08-09T21:37:26.902627+00:00,1786311446.903,311.84,32.76,2.0056,2.19,-0.072,446.6,233.1
2026-08-09T21:37:27.105658+00:00,1786311447.106,312.05,32.54,2.0056,2.19,-0.086,442.1,233.1
2026-08-09T21:37:27.309153+00:00,1786311447.309,312.25,32.65,2.0056,2.17,-0.064,438.0,233.1
2026-08-09T21:37:27.504093+00:00,1786311447.504,312.45,32.53,2.0100,2.18,-0.073,433.3,233.1
2026-08-09T21:37:27.709280+00:00,1786311447.709,312.65,32.56,2.0100,2.18,-0.068,428.7,233.1
2026-08-09T21:37:27.907791+00:00,1786311447.908,312.85,32.41,2.0144,2.18,-0.072,425.6,233.1
2026-08-09T21:37:28.105103+00:00,1786311448.105,313.05,32.41,2.0144,2.20,-0.081,420.5,233.1
2026-08-09T21:37:28.306565+00:00,1786311448.307,313.25,32.31,2.0144,2.22,-0.072,418.5,233.1
2026-08-09T21:37:28.511125+00:00,1786311448.511,313.45,32.48,2.0188,2.24,-0.051,417.2,233.1
2026-08-09T21:37:28.716476+00:00,1786311448.716,313.66,32.30,2.0188,2.26,-0.063,415.9,233.1
2026-08-09T21:37:28.921449+00:00,1786311448.921,313.86,32.34,2.0232,2.26,-0.057,415.1,233.1
2026-08-09T21:37:29.116770+00:00,1786311449.117,314.06,32.34,2.0232,2.25,0.000,416.7,233.1
2026-08-09T21:37:29.321932+00:00,1786311449.322,314.26,32.26,2.0232,2.25,-0.055,417.2,233.1
2026-08-09T21:37:29.517411+00:00,1786311449.517,314.46,32.31,2.0276,2.27,0.000,419.2,233.1
2026-08-09T21:37:29.722749+00:00,1786311449.723,314.66,32.38,2.0276,2.29,0.000,420.8,233.1
2026-08-09T21:37:29.924246+00:00,1786311449.924,314.87,32.31,2.0320,2.31,0.000,423.6,233.1
2026-08-09T21:37:30.125809+00:00,1786311450.126,315.07,32.30,2.0320,2.36,0.000,427.3,233.1
2026-08-09T21:37:30.326816+00:00,1786311450.327,315.27,32.30,2.0320,2.40,0.000,430.3,233.1
2026-08-09T21:37:30.530381+00:00,1786311450.530,315.47,32.24,2.0386,2.41,0.000,434.0,233.1
2026-08-09T21:37:30.732542+00:00,1786311450.733,315.67,32.30,2.0386,2.42,0.000,437.6,233.1
2026-08-09T21:37:30.934312+00:00,1786311450.934,315.88,32.29,2.0430,2.43,0.000,441.6,233.1
2026-08-09T21:37:31.135313+00:00,1786311451.135,316.08,32.19,2.0430,2.45,0.000,444.7,233.1
2026-08-09T21:37:31.338868+00:00,1786311451.339,316.28,32.15,2.0430,2.47,0.000,448.1,233.1
2026-08-09T21:37:31.545313+00:00,1786311451.545,316.49,32.15,2.0474,2.49,0.000,451.6,233.1
2026-08-09T21:37:31.744542+00:00,1786311451.745,316.69,32.09,2.0474,2.50,0.000,455.7,233.1
2026-08-09T21:37:31.946031+00:00,1786311451.946,316.89,32.09,2.0518,2.50,0.000,458.8,233.1
2026-08-09T21:37:32.140714+00:00,1786311452.141,317.08,32.10,2.0518,2.50,0.000,462.6,233.1
2026-08-09T21:37:32.338630+00:00,1786311452.339,317.28,32.03,2.0518,2.49,0.000,465.5,233.1
2026-08-09T21:37:32.540019+00:00,1786311452.540,317.48,32.03,2.0562,2.51,0.000,468.9,233.1
2026-08-09T21:37:32.738886+00:00,1786311452.739,317.68,32.07,2.0562,2.53,0.000,472.2,233.1
2026-08-09T21:37:32.939946+00:00,1786311452.940,317.88,32.06,2.0606,2.53,0.000,475.7,233.1
2026-08-09T21:37:33.137707+00:00,1786311453.138,318.08,32.12,2.0606,2.52,0.000,479.5,233.1
2026-08-09T21:37:33.340379+00:00,1786311453.340,318.28,32.15,2.0606,2.50,0.000,482.9,233.1
2026-08-09T21:37:33.541627+00:00,1786311453.542,318.48,32.15,2.0650,2.50,0.000,485.4,233.1
2026-08-09T21:37:33.737016+00:00,1786311453.737,318.68,31.98,2.0650,2.51,0.000,488.2,233.1
2026-08-09T21:37:33.935220+00:00,1786311453.935,318.88,32.17,2.0694,2.51,0.000,491.0,233.1
2026-08-09T21:37:34.134046+00:00,1786311454.134,319.08,32.20,2.0694,2.52,0.000,492.2,233.1
2026-08-09T21:37:34.336055+00:00,1786311454.336,319.28,32.27,2.0694,2.53,0.000,495.3,233.1
2026-08-09T21:37:34.534288+00:00,1786311454.534,319.48,32.26,2.0738,2.57,0.000,496.7,233.1
2026-08-09T21:37:34.736560+00:00,1786311454.737,319.68,32.26,2.0738,2.60,0.000,498.2,233.1
2026-08-09T21:37:34.932319+00:00,1786311454.932,319.87,32.22,2.0782,2.65,0.000,499.8,233.1
2026-08-09T21:37:35.134425+00:00,1786311455.134,320.08,32.38,2.0782,2.69,0.000,501.6,233.1
2026-08-09T21:37:35.338115+00:00,1786311455.338,320.28,32.19,2.0782,2.74,0.000,503.2,233.1
2026-08-09T21:37:35.537062+00:00,1786311455.537,320.48,32.13,2.0826,2.74,0.000,504.7,233.1
2026-08-09T21:37:35.735700+00:00,1786311455.736,320.68,32.13,2.0826,2.73,0.000,506.1,233.1
2026-08-09T21:37:35.931435+00:00,1786311455.931,320.87,32.04,2.0870,2.72,0.000,507.3,233.1
2026-08-09T21:37:36.133513+00:00,1786311456.133,321.07,31.98,2.0870,2.72,0.000,508.4,233.1
2026-08-09T21:37:36.332761+00:00,1786311456.333,321.27,31.98,2.0870,2.72,0.000,509.5,233.1
2026-08-09T21:37:36.537429+00:00,1786311456.537,321.48,31.88,2.0914,2.73,-0.054,508.9,233.1
2026-08-09T21:37:36.732316+00:00,1786311456.732,321.67,31.88,2.0914,2.73,-0.054,508.2,233.1
2026-08-09T21:37:36.934258+00:00,1786311456.934,321.88,31.82,2.0958,2.73,-0.055,507.4,233.1
2026-08-09T21:37:37.136683+00:00,1786311457.137,322.08,31.77,2.0958,2.72,-0.085,505.7,233.1
2026-08-09T21:37:37.342094+00:00,1786311457.342,322.28,31.77,2.0958,2.70,-0.058,504.8,233.1
2026-08-09T21:37:37.547273+00:00,1786311457.547,322.49,31.75,2.1002,2.66,-0.053,503.7,233.1
2026-08-09T21:37:37.752585+00:00,1786311457.753,322.69,31.75,2.1002,2.63,-0.053,502.3,233.1
2026-08-09T21:37:37.952047+00:00,1786311457.952,322.89,31.55,2.1046,2.60,-0.066,500.2,233.1
2026-08-09T21:37:38.157825+00:00,1786311458.158,323.10,31.76,2.1046,2.57,0.000,500.1,233.1
2026-08-09T21:37:38.362130+00:00,1786311458.362,323.30,31.68,2.1090,2.53,0.000,499.7,233.1
2026-08-09T21:37:38.568508+00:00,1786311458.568,323.51,31.67,2.1090,2.53,0.000,499.4,233.1
2026-08-09T21:37:38.765837+00:00,1786311458.766,323.71,31.67,2.1090,2.53,0.000,499.2,233.1
2026-08-09T21:37:38.972823+00:00,1786311458.973,323.91,31.26,2.1133,2.53,-0.076,496.2,233.1
2026-08-09T21:37:39.176294+00:00,1786311459.176,324.12,31.53,2.1133,2.51,0.000,495.4,233.1
2026-08-09T21:37:39.381799+00:00,1786311459.382,324.32,31.67,2.1177,2.49,0.000,494.6,233.1
2026-08-09T21:37:39.583272+00:00,1786311459.583,324.52,31.45,2.1177,2.48,0.000,493.4,233.1
2026-08-09T21:37:39.788270+00:00,1786311459.788,324.73,31.56,2.1177,2.47,0.000,492.0,233.1
2026-08-09T21:37:39.990336+00:00,1786311459.990,324.93,31.56,2.1221,2.46,0.000,490.4,233.1
2026-08-09T21:37:40.189592+00:00,1786311460.190,325.13,31.48,2.1221,2.47,0.000,488.4,233.1
2026-08-09T21:37:40.393077+00:00,1786311460.393,325.33,31.81,2.1265,2.50,0.000,486.8,233.1
2026-08-09T21:37:40.595331+00:00,1786311460.595,325.54,31.53,2.1265,2.53,0.000,485.1,233.1
2026-08-09T21:37:40.797553+00:00,1786311460.798,325.74,31.51,2.1265,2.54,0.000,483.5,233.1
2026-08-09T21:37:40.999075+00:00,1786311460.999,325.94,31.51,2.1309,2.56,0.000,482.2,233.1
2026-08-09T21:37:41.201618+00:00,1786311461.202,326.14,31.48,2.1309,2.58,0.000,481.1,233.1
2026-08-09T21:37:41.402758+00:00,1786311461.403,326.34,31.38,2.1353,2.60,0.000,479.9,233.1
2026-08-09T21:37:41.606320+00:00,1786311461.606,326.55,31.51,2.1353,2.62,0.000,480.5,233.1
2026-08-09T21:37:41.808529+00:00,1786311461.809,326.75,31.50,2.1353,2.63,0.000,481.2,233.1
2026-08-09T21:37:42.010167+00:00,1786311462.010,326.95,31.50,2.1397,2.65,0.000,482.2,233.1
2026-08-09T21:37:42.208910+00:00,1786311462.209,327.15,31.45,2.1397,2.65,0.000,484.0,233.1
2026-08-09T21:37:42.404015+00:00,1786311462.404,327.35,31.52,2.1441,2.67,0.000,485.3,233.1
2026-08-09T21:37:42.606385+00:00,1786311462.606,327.55,31.49,2.1441,2.66,0.000,486.6,233.1
2026-08-09T21:37:42.808485+00:00,1786311462.808,327.75,31.54,2.1441,2.61,0.000,487.8,233.1
2026-08-09T21:37:43.006659+00:00,1786311463.007,327.95,31.54,2.1485,2.58,0.000,489.6,233.1
2026-08-09T21:37:43.205957+00:00,1786311463.206,328.15,31.59,2.1485,2.55,0.000,489.4,233.1
2026-08-09T21:37:43.403819+00:00,1786311463.404,328.35,31.52,2.1529,2.53,0.000,489.2,233.1
2026-08-09T21:37:43.604188+00:00,1786311463.604,328.55,31.60,2.1529,2.51,0.000,489.0,233.1
2026-08-09T21:37:43.804708+00:00,1786311463.805,328.75,31.49,2.1529,2.48,0.000,488.6,233.1
2026-08-09T21:37:44.003219+00:00,1786311464.003,328.94,31.49,2.1573,2.46,0.000,490.7,233.1
2026-08-09T21:37:44.202339+00:00,1786311464.202,329.14,31.47,2.1573,2.43,0.000,490.3,233.1
2026-08-09T21:37:44.399077+00:00,1786311464.399,329.34,31.37,2.1617,2.37,0.000,489.4,233.1
2026-08-09T21:37:44.602761+00:00,1786311464.603,329.54,31.27,2.1617,2.30,0.000,488.3,233.1
2026-08-09T21:37:44.804550+00:00,1786311464.805,329.75,31.27,2.1617,2.23,0.000,486.9,233.1
2026-08-09T21:37:45.001303+00:00,1786311465.001,329.94,31.02,2.1661,2.20,-0.072,483.0,233.1
2026-08-09T21:37:45.207343+00:00,1786311465.207,330.15,31.02,2.1661,2.22,-0.079,479.1,233.1
2026-08-09T21:37:45.407536+00:00,1786311465.408,330.35,30.97,2.1705,2.25,-0.077,474.9,233.1
2026-08-09T21:37:45.610135+00:00,1786311465.610,330.55,30.91,2.1705,2.31,-0.095,470.6,233.1
2026-08-09T21:37:45.815529+00:00,1786311465.816,330.76,30.91,2.1705,2.40,-0.080,467.0,233.1
2026-08-09T21:37:46.018047+00:00,1786311466.018,330.96,30.91,2.1749,2.47,-0.081,463.6,233.1
2026-08-09T21:37:46.217271+00:00,1786311466.217,331.16,30.79,2.1749,2.50,-0.093,459.9,233.1
2026-08-09T21:37:46.422250+00:00,1786311466.422,331.36,31.00,2.1771,2.54,-0.050,457.8,233.1
2026-08-09T21:37:46.628449+00:00,1786311466.628,331.57,30.96,2.1771,2.58,0.000,457.1,233.1
2026-08-09T21:37:46.833344+00:00,1786311466.833,331.77,30.96,2.1771,2.62,0.000,456.5,233.1
2026-08-09T21:37:47.032198+00:00,1786311467.032,331.97,30.96,2.1815,2.65,0.000,455.9,233.1
2026-08-09T21:37:47.230870+00:00,1786311467.231,332.17,31.05,2.1815,2.69,0.000,455.7,233.1
2026-08-09T21:37:47.430098+00:00,1786311467.430,332.37,31.03,2.1859,2.75,0.000,455.6,233.1
2026-08-09T21:37:47.629909+00:00,1786311467.630,332.57,31.06,2.1859,2.80,0.000,455.9,233.1
2026-08-09T21:37:47.830003+00:00,1786311467.830,332.77,31.06,2.1859,2.84,0.000,456.6,233.1
2026-08-09T21:37:48.029098+00:00,1786311468.029,332.97,31.13,2.1903,2.83,0.000,457.4,233.1
2026-08-09T21:37:48.230378+00:00,1786311468.230,333.17,31.08,2.1903,2.82,0.000,458.1,233.1
2026-08-09T21:37:48.429125+00:00,1786311468.429,333.37,31.09,2.1947,2.75,0.000,458.8,233.1
2026-08-09T21:37:48.629338+00:00,1786311468.629,333.57,31.09,2.1947,2.70,0.000,459.2,233.1
2026-08-09T21:37:48.831091+00:00,1786311468.831,333.77,30.94,2.1947,2.64,0.000,459.5,233.1
2026-08-09T21:37:49.033694+00:00,1786311469.034,333.98,31.11,2.1991,2.60,0.000,459.8,233.1
2026-08-09T21:37:49.233646+00:00,1786311469.234,334.18,31.15,2.1991,2.55,0.000,460.0,233.1
2026-08-09T21:37:49.432380+00:00,1786311469.432,334.37,31.15,2.2035,2.49,0.000,460.4,233.1
2026-08-09T21:37:49.629597+00:00,1786311469.630,334.57,31.15,2.2035,2.45,0.000,461.0,233.1
2026-08-09T21:37:49.828557+00:00,1786311469.829,334.77,31.16,2.2035,2.40,0.000,461.7,233.1
2026-08-09T21:37:50.025018+00:00,1786311470.025,334.97,31.16,2.2079,2.35,0.000,464.6,233.1
2026-08-09T21:37:50.223965+00:00,1786311470.224,335.17,31.30,2.2079,2.30,0.000,467.5,233.1
2026-08-09T21:37:50.422052+00:00,1786311470.422,335.36,31.19,2.2123,2.26,0.000,470.0,233.1
2026-08-09T21:37:50.623434+00:00,1786311470.623,335.56,31.19,2.2123,2.23,0.000,472.6,233.1
2026-08-09T21:37:50.823394+00:00,1786311470.823,335.76,31.14,2.2123,2.22,0.000,474.2,233.1
2026-08-09T21:37:51.024513+00:00,1786311471.024,335.97,31.18,2.2167,2.19,0.000,475.4,233.1
2026-08-09T21:37:51.228171+00:00,1786311471.228,336.17,31.17,2.2167,2.17,0.000,476.8,233.1
2026-08-09T21:37:51.426257+00:00,1786311471.426,336.37,31.17,2.2211,2.17,0.000,476.6,233.1
2026-08-09T21:37:51.632414+00:00,1786311471.632,336.57,31.07,2.2211,2.17,0.000,474.7,233.1
2026-08-09T21:37:51.830459+00:00,1786311471.830,336.77,31.22,2.2211,2.17,0.000,472.8,233.1
2026-08-09T21:37:52.037665+00:00,1786311472.038,336.98,31.22,2.2255,2.16,0.000,470.7,233.1
2026-08-09T21:37:52.236607+00:00,1786311472.237,337.18,31.28,2.2255,2.17,0.000,468.4,233.1
2026-08-09T21:37:52.434672+00:00,1786311472.435,337.38,31.28,2.2299,2.17,0.000,465.8,233.1
2026-08-09T21:37:52.635555+00:00,1786311472.636,337.58,31.15,2.2299,2.17,0.000,462.8,233.1
2026-08-09T21:37:52.833961+00:00,1786311472.834,337.78,31.31,2.2299,2.17,0.000,459.8,233.1
2026-08-09T21:37:53.032511+00:00,1786311473.032,337.97,31.45,2.2343,2.17,0.000,456.9,233.1
2026-08-09T21:37:53.233112+00:00,1786311473.233,338.17,31.35,2.2343,2.16,0.000,453.9,233.1
2026-08-09T21:37:53.434278+00:00,1786311473.434,338.38,31.35,2.2387,2.16,0.000,451.3,233.1
2026-08-09T21:37:53.629390+00:00,1786311473.629,338.57,31.39,2.2387,2.15,0.000,448.9,233.1
2026-08-09T21:37:53.830748+00:00,1786311473.831,338.77,31.38,2.2387,2.15,0.000,447.0,233.1
2026-08-09T21:37:54.028383+00:00,1786311474.028,338.97,31.58,2.2431,2.16,0.000,445.3,233.1
2026-08-09T21:37:54.229542+00:00,1786311474.230,339.17,31.47,2.2431,2.16,0.000,443.7,233.1
2026-08-09T21:37:54.426279+00:00,1786311474.426,339.37,31.47,2.2475,2.16,0.000,442.3,233.1
2026-08-09T21:37:54.631348+00:00,1786311474.631,339.57,31.44,2.2475,2.15,0.000,441.2,233.1
2026-08-09T21:37:54.827227+00:00,1786311474.827,339.77,31.57,2.2475,2.14,0.000,440.3,233.1
2026-08-09T21:37:55.028633+00:00,1786311475.029,339.97,31.61,2.2519,2.14,0.000,439.7,233.1
2026-08-09T21:37:55.226241+00:00,1786311475.226,340.17,31.74,2.2519,2.13,0.054,440.9,233.1
2026-08-09T21:37:55.430063+00:00,1786311475.430,340.37,31.74,2.2563,2.12,0.054,442.3,233.1
2026-08-09T21:37:55.633542+00:00,1786311475.634,340.57,31.73,2.2563,2.11,0.000,442.2,233.1
2026-08-09T21:37:55.828773+00:00,1786311475.829,340.77,31.88,2.2563,2.12,0.071,444.5,233.1
2026-08-09T21:37:56.024813+00:00,1786311476.025,340.97,32.03,2.2607,2.12,0.063,446.8,233.1
2026-08-09T21:37:56.228303+00:00,1786311476.228,341.17,32.03,2.2607,2.13,0.079,449.7,233.1
2026-08-09T21:37:56.429968+00:00,1786311476.430,341.37,32.03,2.2651,2.14,0.078,452.7,233.1
2026-08-09T21:37:56.629467+00:00,1786311476.629,341.57,31.90,2.2651,2.13,0.063,455.1,233.1
2026-08-09T21:37:56.834978+00:00,1786311476.835,341.78,32.17,2.2651,2.12,0.083,458.3,233.1
2026-08-09T21:37:57.040531+00:00,1786311477.041,341.98,32.37,2.2695,2.11,0.104,462.2,233.1
2026-08-09T21:37:57.245667+00:00,1786311477.246,342.19,32.40,2.2695,2.11,0.091,465.8,233.1
2026-08-09T21:37:57.443870+00:00,1786311477.444,342.39,32.50,2.2739,2.12,0.106,469.8,233.1
2026-08-09T21:37:57.639708+00:00,1786311477.640,342.58,32.50,2.2739,2.13,0.107,474.1,233.1
2026-08-09T21:37:57.839776+00:00,1786311477.840,342.78,32.40,2.2739,2.14,0.071,477.1,233.1
2026-08-09T21:37:58.042409+00:00,1786311478.042,342.98,32.91,2.2805,2.15,0.122,482.1,233.1
2026-08-09T21:37:58.248162+00:00,1786311478.248,343.19,32.78,2.2805,2.16,0.103,486.6,233.1
2026-08-09T21:37:58.452311+00:00,1786311478.452,343.39,32.71,2.2849,2.16,0.093,490.7,233.1
2026-08-09T21:37:58.655198+00:00,1786311478.655,343.60,32.84,2.2849,2.16,0.130,496.1,233.1
2026-08-09T21:37:58.857952+00:00,1786311478.858,343.80,32.93,2.2849,2.16,0.104,500.8,233.1
2026-08-09T21:37:59.058211+00:00,1786311479.058,344.00,32.93,2.2893,2.15,0.077,504.4,233.1
2026-08-09T21:37:59.261621+00:00,1786311479.262,344.20,33.15,2.2893,2.14,0.104,509.1,233.1
2026-08-09T21:37:59.465484+00:00,1786311479.465,344.41,33.01,2.2937,2.14,0.069,512.6,233.1
2026-08-09T21:37:59.660240+00:00,1786311479.660,344.60,33.02,2.2937,2.17,0.072,516.3,233.1
2026-08-09T21:37:59.862721+00:00,1786311479.863,344.80,33.20,2.2937,2.20,0.110,521.6,233.1
2026-08-09T21:38:00.066999+00:00,1786311480.067,345.01,33.17,2.2981,2.23,0.000,523.5,233.1
2026-08-09T21:38:00.273244+00:00,1786311480.273,345.21,33.17,2.2981,2.26,0.054,525.6,233.1
2026-08-09T21:38:00.475336+00:00,1786311480.475,345.42,32.89,2.3025,2.28,0.000,526.0,233.1
2026-08-09T21:38:00.682296+00:00,1786311480.682,345.62,33.24,2.3025,2.31,0.054,530.1,233.1
2026-08-09T21:38:00.888793+00:00,1786311480.889,345.83,33.27,2.3025,2.35,0.000,530.6,233.1
2026-08-09T21:38:01.085708+00:00,1786311481.086,346.03,33.31,2.3069,2.38,0.052,533.0,233.1
2026-08-09T21:38:01.292722+00:00,1786311481.293,346.23,33.24,2.3069,2.42,0.000,533.3,233.1
2026-08-09T21:38:01.495936+00:00,1786311481.496,346.44,33.29,2.3113,2.44,0.000,533.8,233.1
2026-08-09T21:38:01.691857+00:00,1786311481.692,346.63,33.29,2.3113,2.42,0.000,534.8,233.1
2026-08-09T21:38:01.892127+00:00,1786311481.892,346.83,33.53,2.3113,2.40,0.000,535.1,233.1
2026-08-09T21:38:02.097007+00:00,1786311482.097,347.04,33.34,2.3157,2.38,0.000,534.4,233.1
2026-08-09T21:38:02.303031+00:00,1786311482.303,347.24,33.43,2.3157,2.35,0.000,533.9,233.1
2026-08-09T21:38:02.502035+00:00,1786311482.502,347.44,33.46,2.3223,2.33,0.078,535.2,233.1
2026-08-09T21:38:02.696721+00:00,1786311482.697,347.64,33.46,2.3223,2.29,0.000,533.7,233.1
2026-08-09T21:38:02.900030+00:00,1786311482.900,347.84,33.56,2.3223,2.24,0.000,533.3,233.1
2026-08-09T21:38:03.104911+00:00,1786311483.105,348.05,33.56,2.3267,2.20,0.000,530.5,233.1
2026-08-09T21:38:03.305040+00:00,1786311483.305,348.25,33.63,2.3267,2.18,0.054,530.0,233.1
2026-08-09T21:38:03.508969+00:00,1786311483.509,348.45,33.76,2.3311,2.19,0.065,530.4,233.1
2026-08-09T21:38:03.714112+00:00,1786311483.714,348.66,33.59,2.3311,2.22,0.000,527.6,233.1
2026-08-09T21:38:03.909658+00:00,1786311483.910,348.85,33.49,2.3311,2.25,0.000,525.5,233.1
2026-08-09T21:38:04.104298+00:00,1786311484.104,349.05,33.34,2.3355,2.27,0.000,524.1,233.1
2026-08-09T21:38:04.308423+00:00,1786311484.308,349.25,33.34,2.3355,2.27,0.000,521.8,233.1
2026-08-09T21:38:04.503988+00:00,1786311484.504,349.45,32.94,2.3399,2.26,-0.071,518.1,233.1
2026-08-09T21:38:04.710637+00:00,1786311484.711,349.65,32.78,2.3399,2.25,-0.095,513.2,233.1
2026-08-09T21:38:04.916520+00:00,1786311484.917,349.86,32.30,2.3399,2.23,-0.174,503.9,233.1
2026-08-09T21:38:05.113313+00:00,1786311485.113,350.05,32.24,2.3443,2.18,-0.184,497.3,233.1
2026-08-09T21:38:05.319778+00:00,1786311485.320,350.26,32.11,2.3443,2.14,-0.210,487.8,233.1
2026-08-09T21:38:05.521847+00:00,1786311485.522,350.46,32.11,2.3487,2.09,-0.228,479.3,233.1
2026-08-09T21:38:05.726250+00:00,1786311485.726,350.67,32.13,2.3487,2.05,-0.201,469.3,233.1
2026-08-09T21:38:05.931806+00:00,1786311485.932,350.87,32.25,2.3487,2.00,-0.171,461.4,233.1
2026-08-09T21:38:06.128289+00:00,1786311486.128,351.07,32.32,2.3531,1.96,-0.140,452.5,233.1
2026-08-09T21:38:06.334586+00:00,1786311486.335,351.28,32.52,2.3531,1.90,-0.112,445.8,233.1
2026-08-09T21:38:06.537742+00:00,1786311486.538,351.48,32.56,2.3575,1.81,-0.053,440.2,222.0
2026-08-09T21:38:06.732228+00:00,1786311486.732,351.67,32.56,2.3575,1.70,0.000,435.8,222.0
2026-08-09T21:38:06.935906+00:00,1786311486.936,351.88,32.72,2.3575,1.59,0.058,432.6,222.0
2026-08-09T21:38:07.130615+00:00,1786311487.131,352.07,32.84,2.3618,1.48,0.083,430.0,222.0
2026-08-09T21:38:07.330007+00:00,1786311487.330,352.27,32.84,2.3618,1.40,0.100,427.5,222.0
2026-08-09T21:38:07.534461+00:00,1786311487.534,352.48,32.99,2.3662,1.35,0.121,423.3,222.0
2026-08-09T21:38:07.739446+00:00,1786311487.739,352.68,33.01,2.3662,1.35,0.121,421.8,222.0
2026-08-09T21:38:07.937177+00:00,1786311487.937,352.88,33.01,2.3662,1.36,0.105,419.9,222.0
2026-08-09T21:38:08.143272+00:00,1786311488.143,353.08,33.07,2.3728,1.39,0.103,418.4,222.0
2026-08-09T21:38:08.348675+00:00,1786311488.349,353.29,33.13,2.3728,1.43,0.084,414.9,222.0
2026-08-09T21:38:08.550562+00:00,1786311488.551,353.49,33.20,2.3772,1.47,0.089,411.3,222.0
2026-08-09T21:38:08.756913+00:00,1786311488.757,353.70,33.40,2.3772,1.52,0.116,411.0,222.0
2026-08-09T21:38:08.960301+00:00,1786311488.960,353.90,33.37,2.3772,1.60,0.089,410.3,222.0
2026-08-09T21:38:09.155305+00:00,1786311489.155,354.10,33.45,2.3816,1.68,0.084,409.9,222.0
2026-08-09T21:38:09.350021+00:00,1786311489.350,354.29,33.45,2.3816,1.77,0.083,410.0,222.0
2026-08-09T21:38:09.556294+00:00,1786311489.556,354.50,33.53,2.3860,1.86,0.074,413.0,222.0
2026-08-09T21:38:09.761973+00:00,1786311489.762,354.70,33.59,2.3860,1.95,0.079,417.6,222.0
2026-08-09T21:38:09.966836+00:00,1786311489.967,354.91,33.57,2.3860,2.05,0.077,425.5,222.0
2026-08-09T21:38:10.173275+00:00,1786311490.173,355.11,33.46,2.3904,2.15,0.054,433.7,233.1
2026-08-09T21:38:10.378623+00:00,1786311490.379,355.32,33.48,2.3904,2.24,0.000,441.7,233.1
2026-08-09T21:38:10.583308+00:00,1786311490.583,355.52,33.50,2.3948,2.29,0.000,450.8,233.1
2026-08-09T21:38:10.788642+00:00,1786311490.789,355.73,33.50,2.3948,2.33,0.000,459.6,233.1
2026-08-09T21:38:10.988332+00:00,1786311490.988,355.93,33.26,2.3948,2.38,0.000,467.6,233.1
2026-08-09T21:38:11.195057+00:00,1786311491.195,356.14,33.56,2.3992,2.44,0.000,475.4,233.1
2026-08-09T21:38:11.396852+00:00,1786311491.397,356.34,33.66,2.3992,2.50,0.000,483.0,233.1
2026-08-09T21:38:11.596845+00:00,1786311491.597,356.54,33.88,2.4058,2.57,0.000,489.8,233.1
2026-08-09T21:38:11.798924+00:00,1786311491.799,356.74,33.95,2.4058,2.63,0.000,496.0,233.1
2026-08-09T21:38:12.000790+00:00,1786311492.001,356.94,34.04,2.4058,2.68,0.064,503.3,233.1
2026-08-09T21:38:12.198253+00:00,1786311492.198,357.14,34.35,2.4102,2.70,0.122,512.5,233.1
2026-08-09T21:38:12.404236+00:00,1786311492.404,357.35,34.35,2.4102,2.72,0.120,521.7,233.1
2026-08-09T21:38:12.604552+00:00,1786311492.605,357.55,33.96,2.4146,2.74,0.064,528.2,233.1
2026-08-09T21:38:12.802339+00:00,1786311492.802,357.74,34.02,2.4146,2.73,0.072,534.9,233.1
2026-08-09T21:38:13.000938+00:00,1786311493.001,357.94,33.89,2.4146,2.70,0.087,542.3,233.1
2026-08-09T21:38:13.200208+00:00,1786311493.200,358.14,33.89,2.4190,2.66,0.000,546.6,233.1
2026-08-09T21:38:13.404444+00:00,1786311493.404,358.35,33.80,2.4190,2.60,0.000,550.8,233.1
2026-08-09T21:38:13.608790+00:00,1786311493.609,358.55,33.77,2.4234,2.58,0.000,554.4,233.1
2026-08-09T21:38:13.813820+00:00,1786311493.814,358.76,33.77,2.4234,2.55,0.000,556.6,233.1
2026-08-09T21:38:14.016905+00:00,1786311494.017,358.96,33.74,2.4234,2.51,0.000,559.0,233.1
2026-08-09T21:38:14.213494+00:00,1786311494.213,359.15,33.69,2.4278,2.43,-0.091,557.7,233.1
2026-08-09T21:38:14.408168+00:00,1786311494.408,359.35,33.74,2.4278,2.34,-0.085,555.7,233.1
2026-08-09T21:38:14.611136+00:00,1786311494.611,359.55,33.68,2.4344,2.25,0.000,555.6,233.1
2026-08-09T21:38:14.808611+00:00,1786311494.809,359.75,33.70,2.4344,2.18,0.000,554.5,233.1
2026-08-09T21:38:15.014902+00:00,1786311495.015,359.96,33.67,2.4344,2.10,0.000,552.5,233.1
2026-08-09T21:38:15.214457+00:00,1786311495.214,360.16,33.67,2.4388,2.02,0.000,550.3,233.1
2026-08-09T21:38:15.414383+00:00,1786311495.414,360.36,33.72,2.4388,1.94,0.000,549.0,233.1
2026-08-09T21:38:15.616320+00:00,1786311495.616,360.56,33.74,2.4432,1.85,0.000,547.0,222.0
2026-08-09T21:38:15.818289+00:00,1786311495.818,360.76,33.67,2.4432,1.77,0.000,544.2,222.0
2026-08-09T21:38:16.020272+00:00,1786311496.020,360.96,33.67,2.4432,1.71,0.000,541.1,222.0
2026-08-09T21:38:16.225129+00:00,1786311496.225,361.17,33.65,2.4476,1.65,0.000,537.1,222.0
2026-08-09T21:38:16.427916+00:00,1786311496.428,361.37,33.69,2.4476,1.60,0.000,532.4,222.0
2026-08-09T21:38:16.630482+00:00,1786311496.630,361.57,33.69,2.4520,1.55,0.000,526.9,222.0
2026-08-09T21:38:16.829948+00:00,1786311496.830,361.77,33.69,2.4520,1.52,0.000,520.8,222.0
2026-08-09T21:38:17.031211+00:00,1786311497.031,361.97,33.64,2.4520,1.52,0.000,512.2,222.0
2026-08-09T21:38:17.234912+00:00,1786311497.235,362.18,33.62,2.4564,1.54,0.000,501.5,222.0
2026-08-09T21:38:17.436931+00:00,1786311497.437,362.38,33.57,2.4564,1.56,0.000,490.7,222.0
2026-08-09T21:38:17.641063+00:00,1786311497.641,362.58,33.53,2.4608,1.56,0.000,482.1,222.0
2026-08-09T21:38:17.845892+00:00,1786311497.846,362.79,33.50,2.4608,1.53,0.000,473.0,222.0
2026-08-09T21:38:18.048106+00:00,1786311498.048,362.99,33.50,2.4652,1.50,0.000,463.6,222.0
2026-08-09T21:38:18.252764+00:00,1786311498.253,363.19,33.39,2.4652,1.46,0.000,456.8,222.0
2026-08-09T21:38:18.453882+00:00,1786311498.454,363.40,33.48,2.4652,1.43,0.000,450.3,222.0
2026-08-09T21:38:18.657817+00:00,1786311498.658,363.60,33.46,2.4718,1.41,0.000,443.9,222.0
2026-08-09T21:38:18.861933+00:00,1786311498.862,363.80,33.45,2.4718,1.39,0.000,437.5,222.0
2026-08-09T21:38:19.064805+00:00,1786311499.065,364.01,33.42,2.4762,1.37,0.000,431.3,222.0
2026-08-09T21:38:19.266253+00:00,1786311499.266,364.21,33.38,2.4762,1.36,0.000,428.2,222.0
2026-08-09T21:38:19.467105+00:00,1786311499.467,364.41,33.38,2.4762,1.36,0.000,425.4,222.0
2026-08-09T21:38:19.662032+00:00,1786311499.662,364.60,33.47,2.4806,1.36,0.000,420.5,222.0
2026-08-09T21:38:19.860083+00:00,1786311499.860,364.80,33.29,2.4806,1.37,0.000,415.9,222.0
2026-08-09T21:38:20.057627+00:00,1786311500.058,365.00,33.27,2.4850,1.35,0.000,411.6,222.0
2026-08-09T21:38:20.258490+00:00,1786311500.258,365.20,33.31,2.4850,1.34,0.000,407.7,222.0
2026-08-09T21:38:20.459574+00:00,1786311500.460,365.40,33.29,2.4850,1.35,0.000,404.3,222.0
2026-08-09T21:38:20.656957+00:00,1786311500.657,365.60,33.29,2.4894,1.39,0.000,401.5,222.0
2026-08-09T21:38:20.855306+00:00,1786311500.855,365.80,33.26,2.4894,1.44,0.000,399.3,222.0
2026-08-09T21:38:21.052638+00:00,1786311501.053,365.99,33.20,2.4938,1.49,0.000,397.8,222.0
2026-08-09T21:38:21.253487+00:00,1786311501.253,366.19,33.23,2.4938,1.53,0.000,396.8,222.0
2026-08-09T21:38:21.454416+00:00,1786311501.454,366.40,33.15,2.4938,1.58,0.000,396.2,222.0
2026-08-09T21:38:21.650456+00:00,1786311501.650,366.59,33.10,2.4982,1.63,-0.052,394.4,222.0
2026-08-09T21:38:21.856017+00:00,1786311501.856,366.80,33.10,2.4982,1.67,0.000,394.7,222.0
2026-08-09T21:38:22.053285+00:00,1786311502.053,366.99,33.07,2.5026,1.72,0.000,395.2,222.0
2026-08-09T21:38:22.255449+00:00,1786311502.255,367.20,33.06,2.5026,1.77,0.000,395.9,222.0
2026-08-09T21:38:22.454669+00:00,1786311502.455,367.40,33.15,2.5026,1.80,0.000,396.8,222.0
2026-08-09T21:38:22.654659+00:00,1786311502.655,367.60,33.11,2.5070,1.84,0.000,397.8,222.0
2026-08-09T21:38:22.856751+00:00,1786311502.857,367.80,33.14,2.5070,1.88,0.000,399.3,222.0
2026-08-09T21:38:23.055515+00:00,1786311503.056,368.00,33.14,2.5114,1.91,0.000,401.1,222.0
2026-08-09T21:38:23.254494+00:00,1786311503.254,368.20,33.08,2.5114,1.93,0.000,403.3,222.0
2026-08-09T21:38:23.458755+00:00,1786311503.459,368.40,33.17,2.5114,1.94,0.000,405.7,222.0
2026-08-09T21:38:23.659334+00:00,1786311503.659,368.60,33.19,2.5158,1.95,0.000,408.3,222.0
2026-08-09T21:38:23.860310+00:00,1786311503.860,368.80,33.05,2.5158,1.96,0.000,410.8,222.0
2026-08-09T21:38:24.058560+00:00,1786311504.059,369.00,32.84,2.5202,1.96,0.000,413.3,222.0
2026-08-09T21:38:24.258546+00:00,1786311504.259,369.20,32.84,2.5202,1.94,0.000,415.8,222.0
2026-08-09T21:38:24.457101+00:00,1786311504.457,369.40,32.94,2.5202,1.92,0.000,418.4,222.0
2026-08-09T21:38:24.654915+00:00,1786311504.655,369.60,32.90,2.5268,1.91,0.000,420.6,222.0
2026-08-09T21:38:24.855962+00:00,1786311504.856,369.80,32.82,2.5268,1.87,0.000,422.8,222.0
2026-08-09T21:38:25.053709+00:00,1786311505.054,370.00,32.70,2.5312,1.84,-0.062,423.0,222.0
2026-08-09T21:38:25.257852+00:00,1786311505.258,370.20,32.64,2.5312,1.82,-0.060,423.0,222.0
2026-08-09T21:38:25.458774+00:00,1786311505.459,370.40,32.64,2.5312,1.79,-0.073,422.5,222.0
2026-08-09T21:38:25.657720+00:00,1786311505.658,370.60,32.84,2.5356,1.76,0.000,424.0,222.0
2026-08-09T21:38:25.863405+00:00,1786311505.863,370.80,32.59,2.5356,1.72,-0.064,422.9,222.0
2026-08-09T21:38:26.058799+00:00,1786311506.059,371.00,32.64,2.5400,1.67,0.000,423.3,222.0
2026-08-09T21:38:26.264407+00:00,1786311506.264,371.21,32.54,2.5400,1.63,0.000,423.2,222.0
2026-08-09T21:38:26.463933+00:00,1786311506.464,371.41,32.54,2.5400,1.57,-0.056,420.9,222.0
2026-08-09T21:38:26.667264+00:00,1786311506.667,371.61,32.45,2.5444,1.52,-0.062,419.5,222.0
2026-08-09T21:38:26.868933+00:00,1786311506.869,371.81,32.59,2.5444,1.46,0.000,417.9,222.0
2026-08-09T21:38:27.074025+00:00,1786311507.074,372.02,32.52,2.5488,1.42,0.000,415.9,222.0
2026-08-09T21:38:27.275072+00:00,1786311507.275,372.22,32.67,2.5488,1.40,0.000,413.7,222.0
2026-08-09T21:38:27.475877+00:00,1786311507.476,372.42,32.67,2.5488,1.39,0.000,411.1,222.0
2026-08-09T21:38:27.674779+00:00,1786311507.675,372.62,32.76,2.5532,1.38,0.000,408.4,222.0
2026-08-09T21:38:27.878688+00:00,1786311507.879,372.82,32.76,2.5532,1.39,0.000,405.6,222.0
2026-08-09T21:38:28.077199+00:00,1786311508.077,373.02,32.92,2.5576,1.40,0.000,402.8,222.0
2026-08-09T21:38:28.278144+00:00,1786311508.278,373.22,32.89,2.5576,1.40,0.000,399.9,222.0
2026-08-09T21:38:28.475483+00:00,1786311508.475,373.42,32.98,2.5576,1.41,0.060,398.8,222.0
2026-08-09T21:38:28.680201+00:00,1786311508.680,373.62,32.90,2.5620,1.43,0.062,397.7,222.0
2026-08-09T21:38:28.881273+00:00,1786311508.881,373.82,33.08,2.5620,1.45,0.068,397.2,222.0
2026-08-09T21:38:29.084042+00:00,1786311509.084,374.03,33.08,2.5664,1.49,0.078,397.4,222.0
2026-08-09T21:38:29.284690+00:00,1786311509.285,374.23,33.07,2.5664,1.55,0.055,397.3,222.0
2026-08-09T21:38:29.487489+00:00,1786311509.487,374.43,33.13,2.5664,1.61,0.063,397.8,222.0
2026-08-09T21:38:29.694378+00:00,1786311509.694,374.64,33.14,2.5708,1.67,0.052,398.4,222.0
2026-08-09T21:38:29.891233+00:00,1786311509.891,374.83,33.06,2.5708,1.73,0.000,397.9,222.0
2026-08-09T21:38:30.095098+00:00,1786311510.095,375.04,33.26,2.5752,1.78,0.000,400.0,222.0
2026-08-09T21:38:30.296174+00:00,1786311510.296,375.24,33.26,2.5752,1.82,0.050,403.9,222.0
2026-08-09T21:38:30.498608+00:00,1786311510.499,375.44,32.84,2.5752,1.86,0.000,406.7,222.0
2026-08-09T21:38:30.704553+00:00,1786311510.705,375.65,33.18,2.5818,1.90,0.000,407.7,222.0
2026-08-09T21:38:30.906769+00:00,1786311510.907,375.85,33.22,2.5818,1.93,0.000,411.3,222.0
2026-08-09T21:38:31.108102+00:00,1786311511.108,376.05,33.25,2.5862,1.97,0.000,413.4,222.0
2026-08-09T21:38:31.309848+00:00,1786311511.310,376.25,33.40,2.5862,2.00,0.000,416.1,222.0
2026-08-09T21:38:31.511437+00:00,1786311511.511,376.45,33.38,2.5862,2.04,0.000,421.0,222.0
2026-08-09T21:38:31.706909+00:00,1786311511.707,376.65,33.38,2.5906,2.07,0.000,426.5,233.1
2026-08-09T21:38:31.906749+00:00,1786311511.907,376.85,33.66,2.5906,2.08,0.083,433.3,233.1
2026-08-09T21:38:32.110293+00:00,1786311512.110,377.05,33.53,2.5950,2.10,0.000,437.7,233.1
2026-08-09T21:38:32.306449+00:00,1786311512.306,377.25,33.64,2.5950,2.10,0.052,443.9,233.1
2026-08-09T21:38:32.510950+00:00,1786311512.511,377.45,33.80,2.5950,2.11,0.133,452.8,233.1
2026-08-09T21:38:32.716083+00:00,1786311512.716,377.66,33.88,2.5994,2.11,0.097,460.6,233.1
2026-08-09T21:38:32.918439+00:00,1786311512.918,377.86,34.03,2.5994,2.11,0.112,469.1,233.1
2026-08-09T21:38:33.117364+00:00,1786311513.117,378.06,34.26,2.6038,2.12,0.140,478.6,233.1
2026-08-09T21:38:33.323088+00:00,1786311513.323,378.26,34.26,2.6038,2.15,0.118,487.5,233.1
2026-08-09T21:38:33.528635+00:00,1786311513.529,378.47,34.21,2.6038,2.17,0.114,494.4,233.1
2026-08-09T21:38:33.725075+00:00,1786311513.725,378.67,34.33,2.6082,2.19,0.131,502.0,233.1
2026-08-09T21:38:33.927527+00:00,1786311513.928,378.87,34.43,2.6082,2.22,0.106,508.7,233.1
2026-08-09T21:38:34.130630+00:00,1786311514.131,379.07,34.55,2.6147,2.24,0.140,516.1,233.1
2026-08-09T21:38:34.336741+00:00,1786311514.337,379.28,34.57,2.6147,2.26,0.128,523.7,233.1
2026-08-09T21:38:34.542552+00:00,1786311514.543,379.48,34.67,2.6147,2.29,0.119,530.7,233.1
2026-08-09T21:38:34.744870+00:00,1786311514.745,379.69,34.79,2.6191,2.32,0.124,538.2,233.1
2026-08-09T21:38:34.951372+00:00,1786311514.951,379.89,34.77,2.6191,2.37,0.101,546.5,233.1
2026-08-09T21:38:35.154920+00:00,1786311515.155,380.10,34.77,2.6235,2.40,0.070,553.6,233.1
2026-08-09T21:38:35.359007+00:00,1786311515.359,380.30,34.53,2.6235,2.42,0.000,556.5,233.1
2026-08-09T21:38:35.565495+00:00,1786311515.565,380.51,34.86,2.6235,2.45,0.089,564.5,233.1
2026-08-09T21:38:35.766945+00:00,1786311515.767,380.71,34.97,2.6279,2.48,0.087,572.3,233.1
2026-08-09T21:38:35.970424+00:00,1786311515.970,380.91,34.97,2.6279,2.49,0.073,579.4,233.1
2026-08-09T21:38:36.172374+00:00,1786311516.172,381.11,35.10,2.6345,2.52,0.075,586.8,233.1
2026-08-09T21:38:36.370915+00:00,1786311516.371,381.31,35.15,2.6345,2.53,0.080,594.1,233.1
2026-08-09T21:38:36.574228+00:00,1786311516.574,381.52,35.42,2.6345,2.53,0.103,602.2,233.1
2026-08-09T21:38:36.780827+00:00,1786311516.781,381.72,35.23,2.6389,2.53,0.060,608.6,233.1
2026-08-09T21:38:36.975324+00:00,1786311516.975,381.92,35.20,2.6389,2.52,0.060,612.0,233.1
2026-08-09T21:38:37.177116+00:00,1786311517.177,382.12,35.20,2.6433,2.52,0.060,618.0,233.1
2026-08-09T21:38:37.376771+00:00,1786311517.377,382.32,35.03,2.6433,2.52,0.069,622.3,233.1
2026-08-09T21:38:37.580464+00:00,1786311517.580,382.52,35.28,2.6433,2.51,0.058,623.8,233.1
2026-08-09T21:38:37.780223+00:00,1786311517.780,382.72,35.30,2.6477,2.50,0.000,624.5,233.1
2026-08-09T21:38:37.977552+00:00,1786311517.978,382.92,35.36,2.6477,2.50,0.054,626.2,233.1
2026-08-09T21:38:38.179169+00:00,1786311518.179,383.12,35.26,2.6543,2.50,0.000,625.0,233.1
2026-08-09T21:38:38.386087+00:00,1786311518.386,383.33,35.27,2.6543,2.48,0.000,624.2,233.1
2026-08-09T21:38:38.589672+00:00,1786311518.590,383.53,35.51,2.6543,2.47,0.000,623.6,233.1
2026-08-09T21:38:38.788394+00:00,1786311518.788,383.73,35.26,2.6587,2.46,0.000,622.0,233.1
2026-08-09T21:38:38.993626+00:00,1786311518.994,383.94,35.28,2.6587,2.46,0.000,620.8,233.1
2026-08-09T21:38:39.191281+00:00,1786311519.191,384.13,35.28,2.6631,2.43,0.000,618.2,233.1
2026-08-09T21:38:39.392535+00:00,1786311519.393,384.33,35.13,2.6631,2.41,0.000,615.5,233.1
2026-08-09T21:38:39.596382+00:00,1786311519.596,384.54,35.29,2.6631,2.40,0.000,612.9,233.1
2026-08-09T21:38:39.803897+00:00,1786311519.804,384.75,35.35,2.6675,2.39,0.000,609.9,233.1
2026-08-09T21:38:40.007506+00:00,1786311520.007,384.95,35.35,2.6675,2.38,0.000,607.4,233.1
2026-08-09T21:38:40.205645+00:00,1786311520.206,385.15,35.31,2.6741,2.36,0.000,605.5,233.1
2026-08-09T21:38:40.409354+00:00,1786311520.409,385.35,35.31,2.6741,2.35,0.000,606.0,233.1
2026-08-09T21:38:40.609900+00:00,1786311520.610,385.55,35.46,2.6741,2.34,0.000,603.2,233.1
2026-08-09T21:38:40.805185+00:00,1786311520.805,385.75,35.31,2.6785,2.32,0.000,599.9,233.1
2026-08-09T21:38:41.008487+00:00,1786311521.008,385.95,35.32,2.6785,2.29,0.000,596.8,233.1
2026-08-09T21:38:41.208097+00:00,1786311521.208,386.15,35.32,2.6829,2.27,0.000,593.2,233.1
2026-08-09T21:38:41.408795+00:00,1786311521.409,386.35,35.19,2.6829,2.25,0.000,589.1,233.1
2026-08-09T21:38:41.611293+00:00,1786311521.611,386.55,35.31,2.6829,2.23,0.000,584.0,233.1
2026-08-09T21:38:41.817356+00:00,1786311521.817,386.76,35.34,2.6873,2.23,0.000,580.5,233.1
2026-08-09T21:38:42.016715+00:00,1786311522.017,386.96,35.31,2.6873,2.23,0.000,577.1,233.1
2026-08-09T21:38:42.212629+00:00,1786311522.213,387.15,35.30,2.6939,2.22,0.000,573.6,233.1
2026-08-09T21:38:42.416143+00:00,1786311522.416,387.36,35.22,2.6939,2.23,0.000,570.0,233.1
2026-08-09T21:38:42.620390+00:00,1786311522.620,387.56,35.31,2.6939,2.22,0.000,566.5,233.1
2026-08-09T21:38:42.826511+00:00,1786311522.826,387.77,35.19,2.6983,2.21,0.000,564.8,233.1
2026-08-09T21:38:43.030231+00:00,1786311523.030,387.97,35.14,2.6983,2.20,0.000,561.2,233.1
2026-08-09T21:38:43.234618+00:00,1786311523.235,388.18,35.14,2.7027,2.19,0.000,559.4,233.1
2026-08-09T21:38:43.437400+00:00,1786311523.437,388.38,34.95,2.7027,2.17,0.000,557.3,233.1
2026-08-09T21:38:43.640710+00:00,1786311523.641,388.58,35.11,2.7027,2.16,0.000,555.2,233.1
2026-08-09T21:38:43.836414+00:00,1786311523.836,388.78,35.13,2.7071,2.14,0.000,553.2,233.1
2026-08-09T21:38:44.039317+00:00,1786311524.039,388.98,35.12,2.7071,2.12,0.000,551.2,233.1
2026-08-09T21:38:44.239548+00:00,1786311524.240,389.18,35.05,2.7137,2.10,0.000,549.2,233.1
2026-08-09T21:38:44.445426+00:00,1786311524.445,389.39,35.08,2.7137,2.08,0.000,547.3,233.1
2026-08-09T21:38:44.647786+00:00,1786311524.648,389.59,35.21,2.7137,2.06,0.000,545.4,233.1
2026-08-09T21:38:44.852806+00:00,1786311524.853,389.79,35.06,2.7181,2.02,0.000,543.0,233.1
2026-08-09T21:38:45.055748+00:00,1786311525.056,390.00,35.06,2.7181,1.98,0.000,540.5,233.1
2026-08-09T21:38:45.254996+00:00,1786311525.255,390.20,34.88,2.7225,1.93,0.000,537.7,222.0
2026-08-09T21:38:45.457700+00:00,1786311525.458,390.40,34.98,2.7225,1.90,0.000,534.9,222.0
2026-08-09T21:38:45.660214+00:00,1786311525.660,390.60,35.04,2.7225,1.86,0.000,531.8,222.0
2026-08-09T21:38:45.865068+00:00,1786311525.865,390.81,34.91,2.7269,1.82,0.000,528.7,222.0
2026-08-09T21:38:46.070370+00:00,1786311526.070,391.01,34.95,2.7269,1.79,0.000,525.6,222.0
2026-08-09T21:38:46.271825+00:00,1786311526.272,391.21,34.81,2.7313,1.76,0.000,522.3,222.0
2026-08-09T21:38:46.476053+00:00,1786311526.476,391.42,34.95,2.7313,1.74,0.000,519.3,222.0
2026-08-09T21:38:46.678617+00:00,1786311526.679,391.62,34.82,2.7313,1.72,-0.052,514.2,222.0
2026-08-09T21:38:46.875467+00:00,1786311526.875,391.82,34.82,2.7379,1.69,0.000,510.7,222.0
2026-08-09T21:38:47.080248+00:00,1786311527.080,392.02,34.59,2.7379,1.66,-0.065,504.8,222.0
2026-08-09T21:38:47.283488+00:00,1786311527.283,392.22,34.77,2.7423,1.64,0.000,501.1,222.0
2026-08-09T21:38:47.489434+00:00,1786311527.489,392.43,34.74,2.7423,1.62,0.000,497.3,222.0
2026-08-09T21:38:47.692005+00:00,1786311527.692,392.63,34.83,2.7423,1.61,0.000,493.4,222.0
2026-08-09T21:38:47.896784+00:00,1786311527.897,392.84,34.83,2.7467,1.60,0.000,489.7,222.0
2026-08-09T21:38:48.095988+00:00,1786311528.096,393.04,34.78,2.7467,1.60,0.000,486.0,222.0
2026-08-09T21:38:48.290997+00:00,1786311528.291,393.23,34.94,2.7511,1.60,0.000,482.6,222.0
2026-08-09T21:38:48.489493+00:00,1786311528.489,393.43,34.80,2.7511,1.61,0.000,479.4,222.0
2026-08-09T21:38:48.693279+00:00,1786311528.693,393.63,34.80,2.7511,1.62,0.000,476.2,222.0
2026-08-09T21:38:48.895849+00:00,1786311528.896,393.84,34.41,2.7577,1.64,-0.057,471.0,222.0
2026-08-09T21:38:49.102054+00:00,1786311529.102,394.04,34.73,2.7577,1.66,0.000,468.1,222.0
2026-08-09T21:38:49.304511+00:00,1786311529.304,394.25,34.65,2.7621,1.69,0.000,465.4,222.0
2026-08-09T21:38:49.506404+00:00,1786311529.506,394.45,34.70,2.7621,1.72,0.000,463.0,222.0
2026-08-09T21:38:49.708378+00:00,1786311529.708,394.65,34.64,2.7621,1.75,0.000,460.7,222.0
2026-08-09T21:38:49.913127+00:00,1786311529.913,394.85,34.58,2.7665,1.79,0.000,459.0,222.0
2026-08-09T21:38:50.114561+00:00,1786311530.115,395.06,34.89,2.7665,1.84,0.000,458.1,222.0
2026-08-09T21:38:50.313360+00:00,1786311530.313,395.25,34.50,2.7709,1.88,-0.061,455.4,222.0
2026-08-09T21:38:50.519346+00:00,1786311530.519,395.46,34.50,2.7709,1.93,0.000,455.1,222.0
2026-08-09T21:38:50.721224+00:00,1786311530.721,395.66,34.33,2.7709,1.96,-0.064,452.9,222.0
2026-08-09T21:38:50.921229+00:00,1786311530.921,395.86,34.32,2.7753,1.99,0.000,453.2,222.0
2026-08-09T21:38:51.127321+00:00,1786311531.127,396.07,34.25,2.7753,2.01,-0.066,451.6,222.0
2026-08-09T21:38:51.331422+00:00,1786311531.331,396.27,34.32,2.7819,2.04,0.000,452.6,233.1
2026-08-09T21:38:51.537766+00:00,1786311531.538,396.48,34.28,2.7819,2.07,-0.057,451.9,233.1
2026-08-09T21:38:51.744115+00:00,1786311531.744,396.69,34.20,2.7819,2.10,-0.061,453.1,233.1
2026-08-09T21:38:51.948776+00:00,1786311531.949,396.89,34.26,2.7863,2.12,0.000,454.9,233.1
2026-08-09T21:38:52.155426+00:00,1786311532.155,397.10,34.26,2.7863,2.14,-0.086,456.5,233.1
2026-08-09T21:38:52.361773+00:00,1786311532.362,397.30,34.03,2.7907,2.16,-0.063,456.5,233.1
2026-08-09T21:38:52.557144+00:00,1786311532.557,397.50,34.09,2.7907,2.16,-0.056,457.0,233.1
2026-08-09T21:38:52.755904+00:00,1786311532.756,397.70,33.95,2.7907,2.17,-0.053,457.5,233.1
2026-08-09T21:38:52.961978+00:00,1786311532.962,397.90,33.86,2.7951,2.16,-0.062,457.6,233.1
2026-08-09T21:38:53.165731+00:00,1786311533.166,398.11,33.80,2.7951,2.16,-0.061,457.7,233.1
2026-08-09T21:38:53.371043+00:00,1786311533.371,398.31,33.83,2.7995,2.15,-0.068,457.4,233.1
2026-08-09T21:38:53.574551+00:00,1786311533.575,398.52,33.88,2.7995,2.14,-0.054,457.7,233.1
2026-08-09T21:38:53.779046+00:00,1786311533.779,398.72,33.88,2.7995,2.13,0.000,459.4,233.1
2026-08-09T21:38:53.973970+00:00,1786311533.974,398.92,33.75,2.8061,2.12,-0.069,461.0,233.1
2026-08-09T21:38:54.171244+00:00,1786311534.171,399.11,33.72,2.8061,2.10,-0.074,460.0,233.1
2026-08-09T21:38:54.368293+00:00,1786311534.368,399.31,33.74,2.8105,2.09,0.000,461.3,233.1
2026-08-09T21:38:54.574457+00:00,1786311534.574,399.52,33.71,2.8105,2.07,-0.052,460.5,233.1
2026-08-09T21:38:54.769081+00:00,1786311534.769,399.71,33.60,2.8105,2.04,0.000,461.1,233.1
2026-08-09T21:38:54.974601+00:00,1786311534.975,399.92,33.60,2.8149,2.02,0.000,461.3,233.1
2026-08-09T21:38:55.172074+00:00,1786311535.172,400.11,33.28,2.8149,1.99,-0.073,458.3,233.1
2026-08-09T21:38:55.378089+00:00,1786311535.378,400.32,33.54,2.8193,1.95,0.000,459.6,222.0
2026-08-09T21:38:55.584436+00:00,1786311535.584,400.53,33.51,2.8193,1.91,-0.052,457.0,222.0
2026-08-09T21:38:55.781453+00:00,1786311535.781,400.72,33.50,2.8193,1.89,-0.053,456.2,222.0
2026-08-09T21:38:55.981969+00:00,1786311535.982,400.92,33.50,2.8237,1.86,0.000,454.7,222.0
2026-08-09T21:38:56.184541+00:00,1786311536.185,401.13,33.49,2.8237,1.84,0.000,455.1,222.0
2026-08-09T21:38:56.388400+00:00,1786311536.388,401.33,33.49,2.8281,1.84,0.000,453.2,222.0
2026-08-09T21:38:56.586040+00:00,1786311536.586,401.53,33.60,2.8281,1.83,0.000,453.1,222.0
2026-08-09T21:38:56.792283+00:00,1786311536.792,401.73,33.45,2.8281,1.84,0.000,452.9,222.0
2026-08-09T21:38:56.995263+00:00,1786311536.995,401.94,33.43,2.8325,1.84,0.000,450.6,222.0
2026-08-09T21:38:57.193299+00:00,1786311537.193,402.13,33.38,2.8325,1.84,0.000,450.8,222.0
2026-08-09T21:38:57.388316+00:00,1786311537.388,402.33,33.34,2.8369,1.83,0.000,450.4,222.0
2026-08-09T21:38:57.585264+00:00,1786311537.585,402.53,33.34,2.8369,1.83,0.000,449.6,222.0
2026-08-09T21:38:57.783442+00:00,1786311537.783,402.72,33.15,2.8369,1.81,0.000,448.7,222.0
2026-08-09T21:38:57.989569+00:00,1786311537.990,402.93,33.52,2.8435,1.80,0.000,448.3,222.0
2026-08-09T21:38:58.188906+00:00,1786311538.189,403.13,33.37,2.8435,1.80,0.000,447.9,222.0
2026-08-09T21:38:58.387294+00:00,1786311538.387,403.33,33.36,2.8479,1.79,0.000,447.7,222.0
2026-08-09T21:38:58.587830+00:00,1786311538.588,403.53,33.38,2.8479,1.78,0.000,447.0,222.0
2026-08-09T21:38:58.790935+00:00,1786311538.791,403.73,33.41,2.8479,1.78,0.000,444.7,222.0
2026-08-09T21:38:58.988422+00:00,1786311538.988,403.93,33.41,2.8523,1.78,0.000,444.8,222.0
2026-08-09T21:38:59.193236+00:00,1786311539.193,404.13,33.62,2.8523,1.77,0.000,445.3,222.0
2026-08-09T21:38:59.394272+00:00,1786311539.394,404.34,33.47,2.8567,1.76,0.000,443.3,222.0
2026-08-09T21:38:59.595944+00:00,1786311539.596,404.54,33.45,2.8567,1.76,0.000,443.1,222.0
2026-08-09T21:38:59.793305+00:00,1786311539.793,404.73,33.47,2.8567,1.77,0.000,441.5,222.0
2026-08-09T21:38:59.997171+00:00,1786311539.997,404.94,33.45,2.8610,1.77,0.000,440.0,222.0
2026-08-09T21:39:00.194682+00:00,1786311540.195,405.14,33.50,2.8610,1.76,0.000,441.3,222.0
2026-08-09T21:39:00.395241+00:00,1786311540.395,405.34,33.50,2.8654,1.77,0.000,440.3,222.0
2026-08-09T21:39:00.594234+00:00,1786311540.594,405.54,33.49,2.8654,1.78,0.000,441.2,222.0
2026-08-09T21:39:00.796004+00:00,1786311540.796,405.74,33.48,2.8654,1.79,0.000,442.3,222.0
2026-08-09T21:39:00.997897+00:00,1786311540.998,405.94,33.47,2.8698,1.80,0.000,442.0,222.0
2026-08-09T21:39:01.197919+00:00,1786311541.198,406.14,33.51,2.8698,1.81,0.000,441.9,222.0
2026-08-09T21:39:01.396206+00:00,1786311541.396,406.34,33.59,2.8742,1.84,0.000,442.0,222.0
2026-08-09T21:39:01.596136+00:00,1786311541.596,406.54,33.59,2.8742,1.89,0.000,442.2,222.0
2026-08-09T21:39:01.795386+00:00,1786311541.795,406.74,33.33,2.8742,1.92,0.000,442.5,222.0
2026-08-09T21:39:01.992489+00:00,1786311541.992,406.93,33.54,2.8786,1.95,0.000,443.2,222.0
2026-08-09T21:39:02.193771+00:00,1786311542.194,407.14,33.53,2.8786,1.98,0.000,444.1,222.0
2026-08-09T21:39:02.394625+00:00,1786311542.395,407.34,33.53,2.8852,2.01,0.000,445.2,222.0
2026-08-09T21:39:02.593670+00:00,1786311542.594,407.54,33.52,2.8852,2.01,0.000,446.4,222.0
2026-08-09T21:39:02.793435+00:00,1786311542.793,407.73,33.46,2.8852,2.01,0.000,447.7,222.0
2026-08-09T21:39:02.998868+00:00,1786311542.999,407.94,33.46,2.8896,2.01,0.000,448.8,233.1
2026-08-09T21:39:03.206210+00:00,1786311543.206,408.15,33.71,2.8896,2.02,0.000,450.3,233.1
2026-08-09T21:39:03.404162+00:00,1786311543.404,408.35,33.50,2.8940,2.03,0.000,451.6,233.1
2026-08-09T21:39:03.607398+00:00,1786311543.607,408.55,33.48,2.8940,2.04,0.000,453.1,233.1
2026-08-09T21:39:03.809326+00:00,1786311543.809,408.75,33.51,2.8940,2.04,0.000,454.5,233.1
2026-08-09T21:39:04.010366+00:00,1786311544.010,408.95,33.46,2.8984,2.04,0.000,455.9,233.1
2026-08-09T21:39:04.208403+00:00,1786311544.208,409.15,33.49,2.8984,2.04,0.000,457.1,233.1
2026-08-09T21:39:04.403346+00:00,1786311544.403,409.34,33.49,2.9028,2.03,0.000,458.6,233.1
2026-08-09T21:39:04.602608+00:00,1786311544.603,409.54,33.43,2.9028,2.00,0.000,459.8,233.1
2026-08-09T21:39:04.804550+00:00,1786311544.805,409.75,33.47,2.9028,1.97,0.000,460.8,233.1
2026-08-09T21:39:05.010377+00:00,1786311545.010,409.95,33.50,2.9072,1.94,0.000,461.8,222.0
2026-08-09T21:39:05.212102+00:00,1786311545.212,410.15,33.44,2.9072,1.92,0.000,462.6,222.0
2026-08-09T21:39:05.410134+00:00,1786311545.410,410.35,33.47,2.9116,1.91,0.000,463.3,222.0
2026-08-09T21:39:05.611976+00:00,1786311545.612,410.55,33.47,2.9116,1.90,0.000,463.9,222.0
2026-08-09T21:39:05.809025+00:00,1786311545.809,410.75,33.31,2.9116,1.90,0.000,464.3,222.0
2026-08-09T21:39:06.009755+00:00,1786311546.010,410.95,33.47,2.9160,1.90,0.000,464.9,222.0
2026-08-09T21:39:06.206199+00:00,1786311546.206,411.15,33.36,2.9160,1.89,0.000,465.1,222.0
2026-08-09T21:39:06.404864+00:00,1786311546.405,411.35,33.34,2.9204,1.88,0.000,465.1,222.0
2026-08-09T21:39:06.605341+00:00,1786311546.605,411.55,33.47,2.9204,1.87,0.000,464.8,222.0
2026-08-09T21:39:06.806863+00:00,1786311546.807,411.75,33.47,2.9204,1.85,0.000,464.7,222.0
2026-08-09T21:39:07.006104+00:00,1786311547.006,411.95,33.35,2.9270,1.85,0.000,463.9,222.0
2026-08-09T21:39:07.204060+00:00,1786311547.204,412.15,33.65,2.9270,1.85,0.000,463.4,222.0
2026-08-09T21:39:07.410557+00:00,1786311547.411,412.35,33.58,2.9314,1.86,0.000,462.6,222.0
2026-08-09T21:39:07.612755+00:00,1786311547.613,412.55,33.67,2.9314,1.86,0.000,462.0,222.0
2026-08-09T21:39:07.809406+00:00,1786311547.809,412.75,33.73,2.9314,1.88,0.057,463.4,222.0
2026-08-09T21:39:08.004735+00:00,1786311548.005,412.95,33.68,2.9358,1.91,0.000,463.1,222.0
2026-08-09T21:39:08.208189+00:00,1786311548.208,413.15,33.68,2.9358,1.94,0.000,462.6,222.0
2026-08-09T21:39:08.404757+00:00,1786311548.405,413.35,33.63,2.9402,1.97,0.000,462.4,222.0
2026-08-09T21:39:08.605069+00:00,1786311548.605,413.55,33.66,2.9402,1.98,0.000,462.3,222.0
2026-08-09T21:39:08.804821+00:00,1786311548.805,413.75,33.67,2.9402,1.99,0.000,462.2,222.0
2026-08-09T21:39:09.004254+00:00,1786311549.004,413.95,33.70,2.9446,1.98,0.000,462.1,222.0
2026-08-09T21:39:09.203879+00:00,1786311549.204,414.15,33.68,2.9446,1.99,0.000,462.1,222.0
2026-08-09T21:39:09.403507+00:00,1786311549.403,414.34,33.73,2.9490,2.00,0.000,462.2,222.0
2026-08-09T21:39:09.603796+00:00,1786311549.604,414.55,33.73,2.9490,2.02,0.000,462.6,222.0
2026-08-09T21:39:09.801346+00:00,1786311549.801,414.74,33.92,2.9490,2.04,0.000,463.4,222.0
2026-08-09T21:39:09.998306+00:00,1786311549.998,414.94,33.78,2.9534,2.06,0.000,464.3,233.1
2026-08-09T21:39:10.200002+00:00,1786311550.200,415.14,33.77,2.9534,2.08,0.000,465.5,233.1
2026-08-09T21:39:10.400420+00:00,1786311550.400,415.34,33.72,2.9600,2.09,0.000,466.7,233.1
2026-08-09T21:39:10.602583+00:00,1786311550.603,415.54,33.76,2.9600,2.11,0.000,468.0,233.1
2026-08-09T21:39:10.804522+00:00,1786311550.805,415.75,33.69,2.9600,2.11,0.000,469.5,233.1
2026-08-09T21:39:11.004337+00:00,1786311551.004,415.95,33.69,2.9644,2.12,0.000,470.8,233.1
2026-08-09T21:39:11.202947+00:00,1786311551.203,416.14,33.73,2.9644,2.10,0.000,472.3,233.1
2026-08-09T21:39:11.403552+00:00,1786311551.404,416.34,33.69,2.9688,2.09,0.000,473.8,233.1
2026-08-09T21:39:11.605636+00:00,1786311551.606,416.55,33.70,2.9688,2.09,0.000,475.2,233.1
2026-08-09T21:39:11.804162+00:00,1786311551.804,416.75,33.77,2.9688,2.08,0.000,476.7,233.1
2026-08-09T21:39:12.005846+00:00,1786311552.006,416.95,33.72,2.9732,2.08,0.000,478.3,233.1
2026-08-09T21:39:12.203764+00:00,1786311552.204,417.15,33.72,2.9732,2.08,0.000,479.5,233.1
2026-08-09T21:39:12.398507+00:00,1786311552.398,417.34,33.47,2.9776,2.08,0.000,480.6,233.1
2026-08-09T21:39:12.597049+00:00,1786311552.597,417.54,33.72,2.9776,2.07,0.000,481.7,233.1
2026-08-09T21:39:12.799061+00:00,1786311552.799,417.74,33.78,2.9776,2.05,0.000,480.9,233.1
2026-08-09T21:39:13.001317+00:00,1786311553.001,417.94,33.77,2.9820,2.02,0.000,481.6,233.1
2026-08-09T21:39:13.202612+00:00,1786311553.203,418.14,33.75,2.9820,2.00,0.000,482.0,233.1
2026-08-09T21:39:13.403283+00:00,1786311553.403,418.34,33.79,2.9864,1.98,0.000,482.2,222.0
2026-08-09T21:39:13.605154+00:00,1786311553.605,418.55,33.79,2.9864,1.95,0.000,482.1,222.0
2026-08-09T21:39:13.802927+00:00,1786311553.803,418.74,33.86,2.9864,1.92,0.000,481.9,222.0
2026-08-09T21:39:14.004880+00:00,1786311554.005,418.95,33.83,2.9930,1.88,0.000,481.5,222.0
2026-08-09T21:39:14.204725+00:00,1786311554.205,419.15,33.81,2.9930,1.84,0.000,480.8,222.0
2026-08-09T21:39:14.405686+00:00,1786311554.406,419.35,33.81,2.9974,1.80,0.000,479.8,222.0
2026-08-09T21:39:14.604929+00:00,1786311554.605,419.55,33.84,2.9974,1.77,0.000,478.6,222.0
2026-08-09T21:39:14.809645+00:00,1786311554.810,419.75,33.82,2.9974,1.74,0.000,476.8,222.0
2026-08-09T21:39:15.013166+00:00,1786311555.013,419.95,33.82,3.0018,1.71,0.000,475.0,222.0
2026-08-09T21:39:15.212289+00:00,1786311555.212,420.15,33.74,3.0018,1.69,0.000,472.9,222.0
2026-08-09T21:39:15.413377+00:00,1786311555.413,420.35,33.84,3.0062,1.67,0.000,470.8,222.0
2026-08-09T21:39:15.615390+00:00,1786311555.615,420.56,33.84,3.0062,1.64,0.000,468.5,222.0
2026-08-09T21:39:15.814379+00:00,1786311555.814,420.76,33.87,3.0062,1.62,0.000,466.0,222.0
2026-08-09T21:39:16.015927+00:00,1786311556.016,420.96,33.84,3.0106,1.60,0.000,463.5,222.0
2026-08-09T21:39:16.217444+00:00,1786311556.217,421.16,33.90,3.0106,1.58,0.000,460.9,222.0
2026-08-09T21:39:16.415284+00:00,1786311556.415,421.36,33.90,3.0150,1.55,0.000,458.2,222.0
2026-08-09T21:39:16.614912+00:00,1786311556.615,421.56,33.88,3.0150,1.53,0.000,455.5,222.0
2026-08-09T21:39:16.816568+00:00,1786311556.817,421.76,33.88,3.0150,1.53,0.000,452.7,222.0
2026-08-09T21:39:17.019864+00:00,1786311557.020,421.96,33.90,3.0194,1.53,0.000,450.0,222.0
2026-08-09T21:39:17.217940+00:00,1786311557.218,422.16,33.88,3.0194,1.53,0.000,447.2,222.0
2026-08-09T21:39:17.415347+00:00,1786311557.415,422.36,33.84,3.0260,1.54,0.000,444.8,222.0
2026-08-09T21:39:17.617297+00:00,1786311557.617,422.56,33.86,3.0260,1.54,0.000,442.1,222.0
2026-08-09T21:39:17.817846+00:00,1786311557.818,422.76,33.86,3.0260,1.54,0.000,439.5,222.0
2026-08-09T21:39:18.013051+00:00,1786311558.013,422.95,33.91,3.0304,1.52,0.000,437.0,222.0
2026-08-09T21:39:18.215541+00:00,1786311558.216,423.16,33.87,3.0304,1.49,0.000,434.4,222.0
2026-08-09T21:39:18.413530+00:00,1786311558.414,423.35,33.90,3.0348,1.47,0.000,431.9,222.0
2026-08-09T21:39:18.615112+00:00,1786311558.615,423.56,33.96,3.0348,1.49,0.000,429.6,222.0
2026-08-09T21:39:18.816804+00:00,1786311558.817,423.76,34.00,3.0348,1.53,0.000,427.7,222.0
2026-08-09T21:39:19.016745+00:00,1786311559.017,423.96,33.96,3.0392,1.57,0.000,426.2,222.0
2026-08-09T21:39:19.217936+00:00,1786311559.218,424.16,33.96,3.0392,1.60,0.000,425.1,222.0
2026-08-09T21:39:19.414505+00:00,1786311559.414,424.36,33.89,3.0436,1.62,0.000,424.3,222.0
2026-08-09T21:39:19.615756+00:00,1786311559.616,424.56,33.94,3.0436,1.63,0.000,423.7,222.0
2026-08-09T21:39:19.816828+00:00,1786311559.817,424.76,33.94,3.0436,1.63,0.000,423.2,222.0
2026-08-09T21:39:20.017863+00:00,1786311560.018,424.96,33.90,3.0480,1.63,0.000,422.9,222.0
2026-08-09T21:39:20.215706+00:00,1786311560.216,425.16,33.91,3.0480,1.62,0.000,422.6,222.0
2026-08-09T21:39:20.411406+00:00,1786311560.411,425.35,33.91,3.0524,1.61,0.000,422.4,222.0
2026-08-09T21:39:20.608105+00:00,1786311560.608,425.55,33.91,3.0524,1.62,0.000,422.4,222.0
2026-08-09T21:39:20.805997+00:00,1786311560.806,425.75,34.16,3.0524,1.63,0.000,422.7,222.0
2026-08-09T21:39:21.001935+00:00,1786311561.002,425.94,34.00,3.0590,1.67,0.000,423.2,222.0
2026-08-09T21:39:21.203308+00:00,1786311561.203,426.14,33.97,3.0590,1.71,0.000,424.0,222.0
2026-08-09T21:39:21.399380+00:00,1786311561.399,426.34,34.02,3.0634,1.76,0.000,425.2,222.0
2026-08-09T21:39:21.600582+00:00,1786311561.601,426.54,34.03,3.0634,1.76,0.000,426.6,222.0
2026-08-09T21:39:21.798878+00:00,1786311561.799,426.74,34.03,3.0634,1.75,0.000,427.8,222.0
2026-08-09T21:39:22.005800+00:00,1786311562.006,426.95,34.03,3.0678,1.72,0.000,428.9,222.0
2026-08-09T21:39:22.207574+00:00,1786311562.208,427.15,33.94,3.0678,1.69,0.000,429.8,222.0
2026-08-09T21:39:22.407778+00:00,1786311562.408,427.35,33.95,3.0722,1.68,0.000,430.7,222.0
2026-08-09T21:39:22.610482+00:00,1786311562.610,427.55,34.06,3.0722,1.67,0.000,431.5,222.0
2026-08-09T21:39:22.812573+00:00,1786311562.813,427.75,34.02,3.0722,1.69,0.000,432.4,222.0
2026-08-09T21:39:23.010516+00:00,1786311563.011,427.95,34.10,3.0766,1.70,0.000,433.6,222.0
2026-08-09T21:39:23.212007+00:00,1786311563.212,428.15,34.12,3.0766,1.73,0.000,435.1,222.0
2026-08-09T21:39:23.409822+00:00,1786311563.410,428.35,34.34,3.0810,1.76,0.000,437.0,222.0
2026-08-09T21:39:23.611841+00:00,1786311563.612,428.55,34.34,3.0810,1.77,0.000,438.8,222.0
2026-08-09T21:39:23.811176+00:00,1786311563.811,428.75,34.20,3.0810,1.79,0.000,440.4,222.0
2026-08-09T21:39:24.009389+00:00,1786311564.009,428.95,34.12,3.0876,1.80,0.000,441.8,222.0
2026-08-09T21:39:24.210894+00:00,1786311564.211,429.15,34.12,3.0876,1.80,0.000,443.0,222.0
2026-08-09T21:39:24.416914+00:00,1786311564.417,429.36,34.03,3.0920,1.78,0.000,444.0,222.0
2026-08-09T21:39:24.618808+00:00,1786311564.619,429.56,34.06,3.0920,1.78,0.000,444.9,222.0
2026-08-09T21:39:24.817672+00:00,1786311564.818,429.76,34.11,3.0920,1.78,0.000,445.8,222.0
2026-08-09T21:39:25.012317+00:00,1786311565.012,429.95,34.11,3.0964,1.80,0.000,447.0,222.0
2026-08-09T21:39:25.211571+00:00,1786311565.212,430.15,34.04,3.0964,1.83,0.000,448.2,222.0
2026-08-09T21:39:25.411011+00:00,1786311565.411,430.35,34.08,3.1008,1.87,0.000,449.7,222.0
2026-08-09T21:39:25.612712+00:00,1786311565.613,430.55,34.08,3.1008,1.90,0.000,451.4,222.0
2026-08-09T21:39:25.811948+00:00,1786311565.812,430.75,34.12,3.1008,1.92,0.000,452.9,222.0
2026-08-09T21:39:26.012081+00:00,1786311566.012,430.95,34.09,3.1052,1.93,0.000,454.4,222.0
2026-08-09T21:39:26.214023+00:00,1786311566.214,431.16,34.04,3.1052,1.94,0.000,455.7,222.0
2026-08-09T21:39:26.412275+00:00,1786311566.412,431.35,34.04,3.1095,1.93,0.000,456.6,222.0
2026-08-09T21:39:26.611557+00:00,1786311566.612,431.55,34.04,3.1095,1.93,0.000,457.5,222.0
2026-08-09T21:39:26.806642+00:00,1786311566.807,431.75,34.07,3.1095,1.92,0.000,458.4,222.0
2026-08-09T21:39:27.008529+00:00,1786311567.009,431.95,34.02,3.1139,1.92,0.000,459.5,222.0
2026-08-09T21:39:27.206260+00:00,1786311567.206,432.15,34.10,3.1139,1.92,0.000,460.8,222.0
2026-08-09T21:39:27.404701+00:00,1786311567.405,432.35,34.07,3.1205,1.92,0.000,462.2,222.0
2026-08-09T21:39:27.605602+00:00,1786311567.606,432.55,34.13,3.1205,1.92,0.000,463.6,222.0
2026-08-09T21:39:27.803507+00:00,1786311567.803,432.74,34.13,3.1205,1.91,0.000,464.9,222.0
2026-08-09T21:39:28.002724+00:00,1786311568.003,432.94,34.14,3.1249,1.90,0.000,466.0,222.0
2026-08-09T21:39:28.204122+00:00,1786311568.204,433.15,34.18,3.1249,1.87,0.000,466.8,222.0
2026-08-09T21:39:28.405753+00:00,1786311568.406,433.35,34.26,3.1293,1.85,0.000,467.2,222.0
2026-08-09T21:39:28.607822+00:00,1786311568.608,433.55,34.20,3.1293,1.84,0.000,467.5,222.0
2026-08-09T21:39:28.807674+00:00,1786311568.808,433.75,34.30,3.1293,1.84,0.000,467.9,222.0
2026-08-09T21:39:29.004194+00:00,1786311569.004,433.95,34.27,3.1337,1.84,0.000,468.2,222.0
2026-08-09T21:39:29.201713+00:00,1786311569.202,434.14,34.27,3.1337,1.84,0.000,468.6,222.0
2026-08-09T21:39:29.406499+00:00,1786311569.406,434.35,34.05,3.1381,1.85,0.000,469.0,222.0
2026-08-09T21:39:29.608271+00:00,1786311569.608,434.55,34.24,3.1381,1.86,0.000,469.6,222.0
2026-08-09T21:39:29.810101+00:00,1786311569.810,434.75,34.24,3.1381,1.87,0.000,470.2,222.0
2026-08-09T21:39:30.009188+00:00,1786311570.009,434.95,34.28,3.1425,1.86,0.000,470.7,222.0
2026-08-09T21:39:30.208880+00:00,1786311570.209,435.15,34.29,3.1425,1.85,0.000,471.0,222.0
2026-08-09T21:39:30.411434+00:00,1786311570.411,435.35,34.37,3.1491,1.84,0.000,471.2,222.0
2026-08-09T21:39:30.614403+00:00,1786311570.614,435.56,34.67,3.1491,1.84,0.065,473.5,222.0
2026-08-09T21:39:30.817842+00:00,1786311570.818,435.76,34.42,3.1491,1.86,0.000,473.5,222.0
2026-08-09T21:39:31.021647+00:00,1786311571.022,435.96,34.42,3.1535,1.89,0.000,473.6,222.0
2026-08-09T21:39:31.219266+00:00,1786311571.219,436.16,34.50,3.1535,1.92,0.000,474.0,222.0
2026-08-09T21:39:31.422040+00:00,1786311571.422,436.36,34.48,3.1579,1.95,0.060,476.4,222.0
2026-08-09T21:39:31.618676+00:00,1786311571.619,436.56,34.51,3.1579,1.96,0.000,477.1,222.0
2026-08-09T21:39:31.816994+00:00,1786311571.817,436.76,34.48,3.1579,1.97,0.000,477.7,222.0
2026-08-09T21:39:32.017252+00:00,1786311572.017,436.96,34.48,3.1623,1.97,0.000,478.5,222.0
2026-08-09T21:39:32.212326+00:00,1786311572.212,437.15,34.48,3.1623,1.97,0.000,479.2,222.0
2026-08-09T21:39:32.418985+00:00,1786311572.419,437.36,34.48,3.1667,1.96,0.000,479.8,222.0
2026-08-09T21:39:32.617424+00:00,1786311572.617,437.56,34.15,3.1667,1.95,-0.073,477.7,222.0
2026-08-09T21:39:32.826835+00:00,1786311572.827,437.77,34.44,3.1667,1.95,0.000,478.2,222.0
2026-08-09T21:39:33.029200+00:00,1786311573.029,437.97,34.37,3.1711,1.96,0.000,478.8,222.0
2026-08-09T21:39:33.228960+00:00,1786311573.229,438.17,34.36,3.1711,1.98,0.000,479.5,222.0
2026-08-09T21:39:33.429693+00:00,1786311573.430,438.37,34.35,3.1777,1.99,0.000,480.3,222.0
2026-08-09T21:39:33.632488+00:00,1786311573.632,438.57,34.30,3.1777,1.99,0.000,481.2,222.0
2026-08-09T21:39:33.830910+00:00,1786311573.831,438.77,34.54,3.1777,2.00,0.000,482.3,222.0
2026-08-09T21:39:34.036854+00:00,1786311574.037,438.98,34.54,3.1821,2.00,0.000,483.4,222.0
2026-08-09T21:39:34.234943+00:00,1786311574.235,439.18,33.94,3.1821,1.99,-0.075,481.6,222.0
2026-08-09T21:39:34.440897+00:00,1786311574.441,439.38,34.14,3.1865,1.99,0.000,482.4,222.0
2026-08-09T21:39:34.644080+00:00,1786311574.644,439.59,34.07,3.1865,1.98,0.000,482.9,222.0
2026-08-09T21:39:34.848398+00:00,1786311574.848,439.79,33.99,3.1865,1.97,-0.062,481.2,222.0
2026-08-09T21:39:35.043696+00:00,1786311575.044,439.99,33.94,3.1909,1.96,-0.060,479.5,222.0
2026-08-09T21:39:35.245425+00:00,1786311575.245,440.19,33.87,3.1909,1.94,-0.068,477.4,222.0
2026-08-09T21:39:35.450089+00:00,1786311575.450,440.39,34.13,3.1953,1.92,0.000,477.5,222.0
2026-08-09T21:39:35.655018+00:00,1786311575.655,440.60,34.13,3.1953,1.90,0.000,475.2,222.0
2026-08-09T21:39:35.854921+00:00,1786311575.855,440.80,33.84,3.1953,1.89,-0.096,471.8,222.0
2026-08-09T21:39:36.061072+00:00,1786311576.061,441.00,33.82,3.1997,1.88,-0.099,468.0,222.0
2026-08-09T21:39:36.262757+00:00,1786311576.263,441.20,33.79,3.1997,1.87,0.000,467.0,222.0
2026-08-09T21:39:36.466300+00:00,1786311576.466,441.41,33.73,3.2041,1.87,-0.055,462.2,222.0
2026-08-09T21:39:36.669602+00:00,1786311576.670,441.61,33.74,3.2041,1.85,0.000,460.9,222.0
2026-08-09T21:39:36.875952+00:00,1786311576.876,441.82,33.64,3.2107,1.83,0.000,459.3,222.0
2026-08-09T21:39:37.079466+00:00,1786311577.079,442.02,33.64,3.2107,1.83,0.000,457.7,222.0
2026-08-09T21:39:37.274368+00:00,1786311577.274,442.22,33.58,3.2107,1.80,0.000,456.0,222.0
2026-08-09T21:39:37.475809+00:00,1786311577.476,442.42,33.54,3.2151,1.78,-0.081,451.5,222.0
2026-08-09T21:39:37.682042+00:00,1786311577.682,442.62,33.47,3.2151,1.77,-0.090,449.4,222.0
2026-08-09T21:39:37.887466+00:00,1786311577.887,442.83,33.52,3.2195,1.76,0.000,447.6,222.0
2026-08-09T21:39:38.093294+00:00,1786311578.093,443.03,33.45,3.2195,1.74,0.000,445.5,222.0
2026-08-09T21:39:38.294487+00:00,1786311578.294,443.24,33.42,3.2195,1.74,-0.051,441.8,222.0
2026-08-09T21:39:38.495479+00:00,1786311578.495,443.44,33.42,3.2239,1.75,0.000,439.6,222.0
2026-08-09T21:39:38.698941+00:00,1786311578.699,443.64,33.41,3.2239,1.75,0.000,437.5,222.0
2026-08-09T21:39:38.893922+00:00,1786311578.894,443.84,33.44,3.2283,1.76,0.000,435.1,222.0
2026-08-09T21:39:39.096268+00:00,1786311579.096,444.04,33.46,3.2283,1.76,0.000,432.8,222.0
2026-08-09T21:39:39.293920+00:00,1786311579.294,444.24,33.38,3.2283,1.76,0.000,433.3,222.0
2026-08-09T21:39:39.491267+00:00,1786311579.491,444.43,33.44,3.2327,1.77,0.000,431.5,222.0
2026-08-09T21:39:39.684408+00:00,1786311579.684,444.63,33.44,3.2327,1.79,0.000,429.9,222.0
2026-08-09T21:39:39.880907+00:00,1786311579.881,444.82,33.38,3.2371,1.79,0.000,430.3,222.0
2026-08-09T21:39:40.083040+00:00,1786311580.083,445.02,33.52,3.2371,1.78,0.000,430.8,222.0
2026-08-09T21:39:40.282860+00:00,1786311580.283,445.22,33.51,3.2371,1.80,0.000,431.9,222.0
2026-08-09T21:39:40.480839+00:00,1786311580.481,445.42,33.55,3.2415,1.82,0.000,430.7,222.0
2026-08-09T21:39:40.682674+00:00,1786311580.683,445.62,33.66,3.2415,1.82,0.000,429.8,222.0
2026-08-09T21:39:40.889664+00:00,1786311580.890,445.83,33.62,3.2459,1.86,0.000,432.5,222.0
2026-08-09T21:39:41.091140+00:00,1786311581.091,446.03,33.62,3.2459,1.90,0.000,435.5,222.0
2026-08-09T21:39:41.290983+00:00,1786311581.291,446.23,33.75,3.2459,1.94,0.052,437.5,222.0
2026-08-09T21:39:41.492797+00:00,1786311581.493,446.43,33.75,3.2525,1.98,0.000,439.9,222.0
2026-08-09T21:39:41.695053+00:00,1786311581.695,446.64,33.74,3.2525,2.02,0.000,440.7,222.0
2026-08-09T21:39:41.897257+00:00,1786311581.897,446.84,33.81,3.2569,2.06,0.059,443.9,233.1
2026-08-09T21:39:42.100887+00:00,1786311582.101,447.04,33.76,3.2569,2.09,0.000,445.5,233.1
2026-08-09T21:39:42.306120+00:00,1786311582.306,447.25,33.85,3.2569,2.13,0.000,447.4,233.1
2026-08-09T21:39:42.504597+00:00,1786311582.505,447.45,33.85,3.2613,2.15,0.000,452.2,233.1
2026-08-09T21:39:42.706462+00:00,1786311582.706,447.65,33.61,3.2613,2.15,0.000,457.1,233.1
2026-08-09T21:39:42.904275+00:00,1786311582.904,447.85,33.77,3.2657,2.17,0.000,459.5,233.1
2026-08-09T21:39:43.109970+00:00,1786311583.110,448.05,33.80,3.2657,2.19,0.000,462.2,233.1
2026-08-09T21:39:43.312650+00:00,1786311583.313,448.25,33.73,3.2657,2.20,0.000,466.5,233.1
2026-08-09T21:39:43.510966+00:00,1786311583.511,448.45,33.76,3.2701,2.21,0.000,469.2,233.1
2026-08-09T21:39:43.717752+00:00,1786311583.718,448.66,33.68,3.2701,2.21,0.000,471.9,233.1
2026-08-09T21:39:43.915880+00:00,1786311583.916,448.86,33.68,3.2745,2.19,0.000,474.4,233.1
2026-08-09T21:39:44.115002+00:00,1786311584.115,449.06,33.69,3.2745,2.16,0.000,476.7,233.1
2026-08-09T21:39:44.316225+00:00,1786311584.316,449.26,33.66,3.2745,2.12,0.000,478.9,233.1
2026-08-09T21:39:44.517100+00:00,1786311584.517,449.46,33.62,3.2789,2.08,0.000,480.7,233.1
2026-08-09T21:39:44.721383+00:00,1786311584.721,449.66,33.62,3.2789,2.04,0.000,482.2,233.1
2026-08-09T21:39:44.920920+00:00,1786311584.921,449.86,33.67,3.2855,2.00,0.000,483.5,233.1
2026-08-09T21:39:45.125088+00:00,1786311585.125,450.07,33.69,3.2855,1.95,0.000,484.6,233.1
2026-08-09T21:39:45.327710+00:00,1786311585.328,450.27,33.69,3.2855,1.91,0.000,485.3,233.1
2026-08-09T21:39:45.525555+00:00,1786311585.526,450.47,33.64,3.2899,1.87,0.000,485.7,222.0
2026-08-09T21:39:45.725826+00:00,1786311585.726,450.67,33.77,3.2899,1.83,0.000,485.9,222.0
2026-08-09T21:39:45.928463+00:00,1786311585.928,450.87,33.84,3.2943,1.81,0.000,485.8,222.0
2026-08-09T21:39:46.128682+00:00,1786311586.129,451.07,33.85,3.2943,1.78,0.000,485.4,222.0
2026-08-09T21:39:46.329050+00:00,1786311586.329,451.27,33.83,3.2943,1.74,0.000,482.8,222.0
2026-08-09T21:39:46.534849+00:00,1786311586.535,451.48,33.80,3.2987,1.73,0.000,481.5,222.0
2026-08-09T21:39:46.736992+00:00,1786311586.737,451.68,33.80,3.2987,1.72,0.000,479.9,222.0
2026-08-09T21:39:46.936137+00:00,1786311586.936,451.88,33.71,3.3031,1.70,0.000,476.1,222.0
2026-08-09T21:39:47.137203+00:00,1786311587.137,452.08,33.71,3.3031,1.69,0.000,473.9,222.0
2026-08-09T21:39:47.335764+00:00,1786311587.336,452.28,33.65,3.3031,1.68,0.000,471.4,222.0
2026-08-09T21:39:47.536894+00:00,1786311587.537,452.48,33.66,3.3075,1.68,0.000,468.7,222.0
2026-08-09T21:39:47.734883+00:00,1786311587.735,452.68,33.59,3.3075,1.68,0.000,466.2,222.0
2026-08-09T21:39:47.932715+00:00,1786311587.933,452.87,33.61,3.3119,1.69,0.000,463.5,222.0
2026-08-09T21:39:48.133850+00:00,1786311588.134,453.08,33.61,3.3119,1.70,0.000,460.8,222.0
2026-08-09T21:39:48.333059+00:00,1786311588.333,453.27,33.92,3.3119,1.71,0.000,458.4,222.0
2026-08-09T21:39:48.534384+00:00,1786311588.534,453.48,33.54,3.3163,1.72,0.000,455.6,222.0
2026-08-09T21:39:48.736137+00:00,1786311588.736,453.68,33.56,3.3163,1.74,0.000,453.0,222.0
2026-08-09T21:39:48.938191+00:00,1786311588.938,453.88,33.48,3.3229,1.75,0.000,450.6,222.0
2026-08-09T21:39:49.139710+00:00,1786311589.140,454.08,33.47,3.3229,1.76,0.000,448.3,222.0
2026-08-09T21:39:49.340690+00:00,1786311589.341,454.28,33.44,3.3229,1.78,0.000,446.3,222.0
2026-08-09T21:39:49.541523+00:00,1786311589.542,454.48,33.44,3.3273,1.78,0.000,444.5,222.0
2026-08-09T21:39:49.736962+00:00,1786311589.737,454.68,33.43,3.3273,1.78,0.000,442.9,222.0
2026-08-09T21:39:49.934816+00:00,1786311589.935,454.88,33.46,3.3317,1.78,0.000,441.6,222.0
2026-08-09T21:39:50.134894+00:00,1786311590.135,455.08,33.37,3.3317,1.79,0.000,440.5,222.0
2026-08-09T21:39:50.336471+00:00,1786311590.336,455.28,33.44,3.3317,1.80,-0.066,437.6,222.0
2026-08-09T21:39:50.542054+00:00,1786311590.542,455.48,33.45,3.3361,1.80,0.000,437.1,222.0
2026-08-09T21:39:50.742472+00:00,1786311590.742,455.68,33.45,3.3361,1.79,0.000,436.5,222.0
2026-08-09T21:39:50.940843+00:00,1786311590.941,455.88,33.40,3.3405,1.79,0.000,436.0,222.0
2026-08-09T21:39:51.138373+00:00,1786311591.138,456.08,33.60,3.3405,1.79,0.000,435.8,222.0
2026-08-09T21:39:51.334359+00:00,1786311591.334,456.28,33.64,3.3405,1.78,0.000,435.8,222.0
2026-08-09T21:39:51.531658+00:00,1786311591.532,456.47,33.81,3.3449,1.78,0.052,437.7,222.0
2026-08-09T21:39:51.736941+00:00,1786311591.737,456.68,33.87,3.3449,1.77,0.060,439.9,222.0
2026-08-09T21:39:51.938063+00:00,1786311591.938,456.88,33.98,3.3493,1.77,0.072,442.8,222.0
2026-08-09T21:39:52.141681+00:00,1786311592.142,457.08,33.98,3.3493,1.79,0.084,446.2,222.0
2026-08-09T21:39:52.344459+00:00,1786311592.344,457.29,33.93,3.3493,1.81,0.068,449.3,222.0
2026-08-09T21:39:52.549244+00:00,1786311592.549,457.49,34.19,3.3558,1.84,0.103,453.9,222.0
2026-08-09T21:39:52.755551+00:00,1786311592.756,457.70,34.34,3.3558,1.87,0.123,459.5,222.0
2026-08-09T21:39:52.961187+00:00,1786311592.961,457.90,34.36,3.3602,1.91,0.131,465.6,222.0
2026-08-09T21:39:53.166383+00:00,1786311593.166,458.11,34.49,3.3602,1.96,0.122,471.7,222.0
2026-08-09T21:39:53.371599+00:00,1786311593.372,458.31,34.59,3.3602,1.99,0.129,477.9,222.0
2026-08-09T21:39:53.567900+00:00,1786311593.568,458.51,34.91,3.3646,2.02,0.151,485.8,222.0
2026-08-09T21:39:53.764273+00:00,1786311593.764,458.71,34.78,3.3646,2.06,0.125,492.7,222.0
2026-08-09T21:39:53.970728+00:00,1786311593.971,458.91,34.84,3.3690,2.07,0.118,499.5,233.1
2026-08-09T21:39:54.165763+00:00,1786311594.166,459.11,34.84,3.3690,2.08,0.118,506.4,233.1
2026-08-09T21:39:54.366624+00:00,1786311594.367,459.31,34.98,3.3690,2.10,0.144,514.3,233.1
2026-08-09T21:39:54.571538+00:00,1786311594.572,459.51,35.09,3.3734,2.11,0.124,521.8,233.1
2026-08-09T21:39:54.778472+00:00,1786311594.778,459.72,35.17,3.3734,2.17,0.114,529.4,233.1
2026-08-09T21:39:54.983156+00:00,1786311594.983,459.92,35.30,3.3800,2.23,0.130,537.9,233.1
2026-08-09T21:39:55.189573+00:00,1786311595.190,460.13,35.28,3.3800,2.27,0.108,545.9,233.1
2026-08-09T21:39:55.395828+00:00,1786311595.396,460.34,35.36,3.3800,2.31,0.106,556.2,233.1
2026-08-09T21:39:55.601107+00:00,1786311595.601,460.54,35.40,3.3844,2.34,0.066,563.3,233.1
2026-08-09T21:39:55.795484+00:00,1786311595.795,460.74,35.39,3.3844,2.37,0.084,571.2,233.1
2026-08-09T21:39:56.000673+00:00,1786311596.001,460.94,35.51,3.3888,2.39,0.091,579.6,233.1
2026-08-09T21:39:56.207196+00:00,1786311596.207,461.15,35.50,3.3888,2.39,0.089,587.7,233.1
2026-08-09T21:39:56.406559+00:00,1786311596.407,461.35,35.50,3.3888,2.41,0.070,595.4,233.1
2026-08-09T21:39:56.603411+00:00,1786311596.603,461.54,35.55,3.3954,2.43,0.062,601.2,233.1
2026-08-09T21:39:56.798141+00:00,1786311596.798,461.74,35.66,3.3954,2.44,0.067,607.0,233.1
2026-08-09T21:39:56.994125+00:00,1786311596.994,461.94,35.83,3.3998,2.48,0.073,613.0,233.1
2026-08-09T21:39:57.197023+00:00,1786311597.197,462.14,35.90,3.3998,2.51,0.086,619.2,233.1
2026-08-09T21:39:57.403759+00:00,1786311597.404,462.35,35.88,3.3998,2.54,0.072,625.5,233.1
2026-08-09T21:39:57.600796+00:00,1786311597.601,462.54,36.03,3.4042,2.56,0.089,631.1,233.1
2026-08-09T21:39:57.796865+00:00,1786311597.797,462.74,36.14,3.4042,2.54,0.104,636.3,233.1
2026-08-09T21:39:58.003316+00:00,1786311598.003,462.94,36.11,3.4086,2.52,0.084,640.2,233.1
2026-08-09T21:39:58.202725+00:00,1786311598.203,463.14,36.08,3.4086,2.51,0.081,643.7,233.1
2026-08-09T21:39:58.405897+00:00,1786311598.406,463.35,36.01,3.4086,2.51,0.071,646.4,233.1
2026-08-09T21:39:58.604377+00:00,1786311598.604,463.55,36.01,3.4152,2.51,0.063,647.5,233.1
2026-08-09T21:39:58.805888+00:00,1786311598.806,463.75,36.01,3.4152,2.51,0.000,647.3,233.1
2026-08-09T21:39:59.001749+00:00,1786311599.002,463.94,36.05,3.4196,2.50,0.000,647.2,233.1
2026-08-09T21:39:59.205889+00:00,1786311599.206,464.15,36.06,3.4196,2.49,0.000,647.0,233.1
2026-08-09T21:39:59.411057+00:00,1786311599.411,464.35,36.05,3.4196,2.48,0.000,645.6,233.1
2026-08-09T21:39:59.616217+00:00,1786311599.616,464.56,35.96,3.4240,2.48,0.000,644.6,233.1
2026-08-09T21:39:59.821012+00:00,1786311599.821,464.76,36.01,3.4240,2.47,0.000,643.5,233.1
2026-08-09T21:40:00.027033+00:00,1786311600.027,464.97,35.92,3.4284,2.45,0.000,641.2,233.1
2026-08-09T21:40:00.231195+00:00,1786311600.231,465.17,35.87,3.4284,2.42,0.000,639.2,233.1
2026-08-09T21:40:00.435838+00:00,1786311600.436,465.38,35.78,3.4350,2.39,0.000,636.6,233.1
2026-08-09T21:40:00.642208+00:00,1786311600.642,465.58,35.71,3.4350,2.37,0.000,634.9,233.1
2026-08-09T21:40:00.846609+00:00,1786311600.847,465.79,35.71,3.4350,2.34,0.000,632.3,233.1
2026-08-09T21:40:01.047128+00:00,1786311601.047,465.99,35.71,3.4394,2.30,0.000,629.1,233.1
2026-08-09T21:40:01.248159+00:00,1786311601.248,466.19,35.34,3.4394,2.24,-0.097,622.0,233.1
2026-08-09T21:40:01.453949+00:00,1786311601.454,466.40,35.69,3.4438,2.17,0.000,618.5,233.1
2026-08-09T21:40:01.650475+00:00,1786311601.650,466.59,35.53,3.4438,2.09,-0.059,612.6,233.1
2026-08-09T21:40:01.846791+00:00,1786311601.847,466.79,35.53,3.4438,2.02,-0.065,605.8,233.1
2026-08-09T21:40:02.051130+00:00,1786311602.051,466.99,35.47,3.4482,1.95,-0.063,598.0,233.1
2026-08-09T21:40:02.247363+00:00,1786311602.247,467.19,35.46,3.4482,1.89,-0.056,589.3,233.1
2026-08-09T21:40:02.463967+00:00,1786311602.464,467.41,35.83,3.4548,1.85,0.000,583.1,222.0
2026-08-09T21:40:02.668884+00:00,1786311602.669,467.61,35.41,3.4548,1.80,0.000,575.2,222.0
2026-08-09T21:40:02.872973+00:00,1786311602.873,467.81,35.42,3.4548,1.75,0.000,566.6,222.0
2026-08-09T21:40:03.075018+00:00,1786311603.075,468.02,35.38,3.4592,1.72,0.000,558.6,222.0
2026-08-09T21:40:03.280328+00:00,1786311603.280,468.22,35.38,3.4592,1.69,0.000,550.6,222.0
2026-08-09T21:40:03.480964+00:00,1786311603.481,468.42,35.17,3.4636,1.66,-0.071,540.3,222.0
2026-08-09T21:40:03.687259+00:00,1786311603.687,468.63,35.40,3.4636,1.62,0.000,532.6,222.0
2026-08-09T21:40:03.881867+00:00,1786311603.882,468.82,35.37,3.4636,1.60,0.000,526.9,222.0
2026-08-09T21:40:04.083425+00:00,1786311604.083,469.02,35.48,3.4680,1.58,0.000,521.1,222.0
2026-08-09T21:40:04.282032+00:00,1786311604.282,469.22,35.34,3.4680,1.56,0.000,515.2,222.0
2026-08-09T21:40:04.487289+00:00,1786311604.487,469.43,35.49,3.4746,1.56,0.000,509.5,222.0
2026-08-09T21:40:04.686384+00:00,1786311604.686,469.63,35.78,3.4746,1.56,0.050,505.8,222.0
2026-08-09T21:40:04.888929+00:00,1786311604.889,469.83,35.52,3.4746,1.56,0.000,500.2,222.0
2026-08-09T21:40:05.090166+00:00,1786311605.090,470.03,35.52,3.4790,1.57,0.000,494.9,222.0
2026-08-09T21:40:05.289382+00:00,1786311605.289,470.23,35.52,3.4790,1.57,0.000,489.7,222.0
2026-08-09T21:40:05.484886+00:00,1786311605.485,470.43,35.23,3.4834,1.56,0.000,484.5,222.0
2026-08-09T21:40:05.686901+00:00,1786311605.687,470.63,35.65,3.4834,1.55,0.000,480.0,222.0
2026-08-09T21:40:05.891305+00:00,1786311605.891,470.83,35.49,3.4834,1.55,0.000,475.4,222.0
2026-08-09T21:40:06.094005+00:00,1786311606.094,471.04,35.41,3.4878,1.56,0.000,470.9,222.0
2026-08-09T21:40:06.296146+00:00,1786311606.296,471.24,35.45,3.4878,1.58,0.000,470.6,222.0
2026-08-09T21:40:06.496086+00:00,1786311606.496,471.44,35.35,3.4944,1.61,0.000,467.2,222.0
2026-08-09T21:40:06.700007+00:00,1786311606.700,471.64,35.54,3.4944,1.65,0.000,466.7,222.0
2026-08-09T21:40:06.902730+00:00,1786311606.903,471.84,35.24,3.4944,1.68,0.000,466.6,222.0
2026-08-09T21:40:07.104438+00:00,1786311607.104,472.05,35.16,3.4988,1.69,0.000,467.0,222.0
2026-08-09T21:40:07.304777+00:00,1786311607.305,472.25,35.16,3.4988,1.70,0.000,467.5,222.0
2026-08-09T21:40:07.504106+00:00,1786311607.504,472.45,35.04,3.5032,1.70,0.000,465.8,222.0
2026-08-09T21:40:07.702918+00:00,1786311607.703,472.64,35.04,3.5032,1.70,-0.084,462.2,222.0
2026-08-09T21:40:07.903017+00:00,1786311607.903,472.84,35.08,3.5032,1.70,-0.056,459.7,222.0
2026-08-09T21:40:08.104977+00:00,1786311608.105,473.05,35.05,3.5076,1.68,0.000,459.1,222.0
2026-08-09T21:40:08.299795+00:00,1786311608.300,473.24,35.08,3.5076,1.65,-0.052,456.9,222.0
2026-08-09T21:40:08.505610+00:00,1786311608.506,473.45,35.16,3.5142,1.61,0.000,458.9,222.0
2026-08-09T21:40:08.711313+00:00,1786311608.711,473.65,35.25,3.5142,1.57,0.000,458.5,222.0
2026-08-09T21:40:08.911871+00:00,1786311608.912,473.85,35.24,3.5142,1.56,0.000,458.1,222.0
2026-08-09T21:40:09.110855+00:00,1786311609.111,474.05,35.24,3.5186,1.55,0.000,457.8,222.0
2026-08-09T21:40:09.310366+00:00,1786311609.310,474.25,34.98,3.5186,1.54,0.000,457.3,222.0
2026-08-09T21:40:09.509928+00:00,1786311609.510,474.45,35.18,3.5230,1.52,0.000,456.7,222.0
2026-08-09T21:40:09.711743+00:00,1786311609.712,474.65,35.16,3.5230,1.51,0.000,454.2,222.0
2026-08-09T21:40:09.913335+00:00,1786311609.913,474.85,35.10,3.5230,1.50,0.000,453.4,222.0
2026-08-09T21:40:10.114376+00:00,1786311610.114,475.06,35.07,3.5274,1.49,0.000,452.6,222.0
2026-08-09T21:40:10.315449+00:00,1786311610.315,475.26,34.96,3.5274,1.49,0.000,451.6,222.0
2026-08-09T21:40:10.512964+00:00,1786311610.513,475.45,35.18,3.5318,1.50,0.000,451.2,222.0
2026-08-09T21:40:10.712575+00:00,1786311610.713,475.65,34.99,3.5318,1.50,0.000,450.2,222.0
2026-08-09T21:40:10.912183+00:00,1786311610.912,475.85,34.99,3.5318,1.52,0.000,449.6,222.0
2026-08-09T21:40:11.110604+00:00,1786311611.111,476.05,34.87,3.5384,1.55,-0.051,447.3,222.0
2026-08-09T21:40:11.316888+00:00,1786311611.317,476.26,34.92,3.5384,1.60,0.000,446.9,222.0
2026-08-09T21:40:11.522399+00:00,1786311611.522,476.46,34.89,3.5428,1.65,0.000,446.6,222.0
2026-08-09T21:40:11.722070+00:00,1786311611.722,476.66,34.95,3.5428,1.70,0.000,446.3,222.0
2026-08-09T21:40:11.922240+00:00,1786311611.922,476.86,34.94,3.5428,1.73,0.000,446.3,222.0
2026-08-09T21:40:12.121701+00:00,1786311612.122,477.06,34.92,3.5472,1.75,0.000,446.4,222.0
2026-08-09T21:40:12.321595+00:00,1786311612.322,477.26,35.03,3.5472,1.78,0.000,446.7,222.0
2026-08-09T21:40:12.521083+00:00,1786311612.521,477.46,34.93,3.5516,1.80,0.000,447.1,222.0
2026-08-09T21:40:12.722358+00:00,1786311612.722,477.66,34.93,3.5516,1.83,0.000,450.4,222.0
2026-08-09T21:40:12.921822+00:00,1786311612.922,477.86,34.90,3.5516,1.85,0.000,452.9,222.0
2026-08-09T21:40:13.122795+00:00,1786311613.123,478.06,34.82,3.5560,1.88,0.000,453.8,222.0
2026-08-09T21:40:13.324353+00:00,1786311613.324,478.27,34.74,3.5560,1.90,0.000,456.6,222.0
2026-08-09T21:40:13.525840+00:00,1786311613.526,478.47,34.70,3.5626,1.92,0.000,457.8,222.0
2026-08-09T21:40:13.727902+00:00,1786311613.728,478.67,34.51,3.5626,1.94,-0.061,457.1,222.0
2026-08-09T21:40:13.932334+00:00,1786311613.932,478.87,34.46,3.5626,1.94,-0.066,456.3,222.0
2026-08-09T21:40:14.138622+00:00,1786311614.139,479.08,34.38,3.5670,1.94,-0.074,455.2,222.0
2026-08-09T21:40:14.336892+00:00,1786311614.337,479.28,34.38,3.5670,1.94,-0.089,454.0,222.0
2026-08-09T21:40:14.535562+00:00,1786311614.536,479.48,34.27,3.5714,1.94,-0.091,452.5,222.0
2026-08-09T21:40:14.737682+00:00,1786311614.738,479.68,34.23,3.5714,1.95,-0.097,450.8,222.0
2026-08-09T21:40:14.943969+00:00,1786311614.944,479.89,34.11,3.5714,1.96,-0.109,448.9,222.0
2026-08-09T21:40:15.142280+00:00,1786311615.142,480.08,34.14,3.5758,1.98,-0.094,447.6,222.0
2026-08-09T21:40:15.337511+00:00,1786311615.337,480.28,34.04,3.5758,1.98,-0.096,446.3,222.0
2026-08-09T21:40:15.539077+00:00,1786311615.539,480.48,33.99,3.5802,1.99,-0.098,444.8,222.0
2026-08-09T21:40:15.743415+00:00,1786311615.743,480.68,33.99,3.5802,1.98,-0.071,444.1,222.0
2026-08-09T21:40:15.948903+00:00,1786311615.949,480.89,33.78,3.5802,1.98,-0.094,442.4,222.0
2026-08-09T21:40:16.154380+00:00,1786311616.154,481.10,33.89,3.5846,1.98,-0.068,443.3,222.0
2026-08-09T21:40:16.356537+00:00,1786311616.357,481.30,33.84,3.5846,1.99,-0.074,442.0,222.0
2026-08-09T21:40:16.556054+00:00,1786311616.556,481.50,33.80,3.5912,2.00,-0.066,440.8,222.0
2026-08-09T21:40:16.758653+00:00,1786311616.759,481.70,33.77,3.5912,2.01,-0.063,439.3,222.0
2026-08-09T21:40:16.964109+00:00,1786311616.964,481.91,33.75,3.5912,2.04,0.000,439.7,222.0
2026-08-09T21:40:17.161727+00:00,1786311617.162,482.10,33.75,3.5956,2.05,-0.053,438.5,233.1
2026-08-09T21:40:17.365334+00:00,1786311617.365,482.31,33.63,3.5956,2.07,-0.057,436.9,233.1
2026-08-09T21:40:17.570539+00:00,1786311617.571,482.51,33.62,3.6000,2.08,-0.050,435.5,233.1
2026-08-09T21:40:17.776745+00:00,1786311617.777,482.72,33.60,3.6000,2.09,-0.053,434.0,233.1
2026-08-09T21:40:17.978236+00:00,1786311617.978,482.92,33.55,3.6000,2.10,0.000,433.9,233.1
2026-08-09T21:40:18.184425+00:00,1786311618.184,483.13,33.50,3.6043,2.10,-0.053,432.1,233.1
2026-08-09T21:40:18.386710+00:00,1786311618.387,483.33,33.49,3.6043,2.10,0.000,431.9,233.1
2026-08-09T21:40:18.585566+00:00,1786311618.586,483.53,33.49,3.6087,2.10,0.000,431.6,233.1
2026-08-09T21:40:18.782121+00:00,1786311618.782,483.72,33.36,3.6087,2.10,-0.056,431.6,233.1
2026-08-09T21:40:18.983244+00:00,1786311618.983,483.92,33.37,3.6087,2.11,-0.052,431.8,233.1
2026-08-09T21:40:19.189877+00:00,1786311619.190,484.13,33.34,3.6131,2.10,-0.057,432.2,233.1
2026-08-09T21:40:19.395215+00:00,1786311619.395,484.34,33.23,3.6131,2.09,-0.054,433.0,233.1
2026-08-09T21:40:19.596385+00:00,1786311619.596,484.54,33.16,3.6175,2.07,-0.063,433.5,233.1
2026-08-09T21:40:19.791739+00:00,1786311619.792,484.73,33.07,3.6175,2.03,-0.074,433.6,233.1
2026-08-09T21:40:19.994757+00:00,1786311619.995,484.94,33.07,3.6175,1.99,-0.066,434.1,233.1
2026-08-09T21:40:20.198103+00:00,1786311620.198,485.14,33.29,3.6219,1.95,0.000,436.1,222.0
2026-08-09T21:40:20.404385+00:00,1786311620.404,485.35,33.11,3.6219,1.90,-0.053,436.2,222.0
2026-08-09T21:40:20.608394+00:00,1786311620.608,485.55,33.09,3.6285,1.86,-0.056,436.0,222.0
2026-08-09T21:40:20.813880+00:00,1786311620.814,485.76,33.12,3.6285,1.81,0.000,436.5,222.0
2026-08-09T21:40:21.019736+00:00,1786311621.020,485.96,33.20,3.6329,1.77,0.000,437.8,222.0
2026-08-09T21:40:21.224231+00:00,1786311621.224,486.17,33.22,3.6329,1.72,0.000,437.9,222.0
2026-08-09T21:40:21.423716+00:00,1786311621.424,486.37,33.22,3.6329,1.70,0.000,438.2,222.0
2026-08-09T21:40:21.620433+00:00,1786311621.620,486.56,33.31,3.6373,1.69,0.000,438.2,222.0
2026-08-09T21:40:21.819964+00:00,1786311621.820,486.76,33.15,3.6373,1.68,0.000,437.8,222.0
2026-08-09T21:40:22.022018+00:00,1786311622.022,486.96,33.10,3.6417,1.67,0.000,435.3,222.0
2026-08-09T21:40:22.216664+00:00,1786311622.217,487.16,32.99,3.6417,1.67,0.000,434.3,222.0
2026-08-09T21:40:22.414185+00:00,1786311622.414,487.36,32.99,3.6417,1.68,0.000,433.4,222.0
2026-08-09T21:40:22.610572+00:00,1786311622.611,487.55,32.70,3.6461,1.65,-0.054,430.2,222.0
2026-08-09T21:40:22.816970+00:00,1786311622.817,487.76,32.56,3.6461,1.60,-0.077,426.0,222.0
2026-08-09T21:40:23.022684+00:00,1786311623.023,487.96,32.47,3.6505,1.54,-0.101,419.1,222.0
2026-08-09T21:40:23.218085+00:00,1786311623.218,488.16,32.37,3.6505,1.47,-0.118,412.9,222.0
2026-08-09T21:40:23.422856+00:00,1786311623.423,488.36,32.24,3.6505,1.40,-0.136,404.1,222.0
2026-08-09T21:40:23.620361+00:00,1786311623.620,488.56,32.24,3.6549,1.33,-0.149,394.6,222.0
2026-08-09T21:40:23.822770+00:00,1786311623.823,488.76,32.13,3.6549,1.26,-0.141,386.7,222.0
2026-08-09T21:40:24.027784+00:00,1786311624.028,488.97,32.25,3.6593,1.19,-0.118,379.1,222.0
2026-08-09T21:40:24.226171+00:00,1786311624.226,489.17,32.20,3.6593,1.14,-0.109,371.6,222.0
2026-08-09T21:40:24.424729+00:00,1786311624.425,489.37,32.20,3.6593,1.08,-0.110,364.0,222.0
2026-08-09T21:40:24.622921+00:00,1786311624.623,489.56,32.20,3.6637,1.04,-0.069,357.7,222.0
2026-08-09T21:40:24.817738+00:00,1786311624.818,489.76,32.13,3.6637,1.01,-0.060,352.2,222.0
2026-08-09T21:40:25.023305+00:00,1786311625.023,489.96,32.32,3.6681,1.00,0.000,348.5,222.0
2026-08-09T21:40:25.218839+00:00,1786311625.219,490.16,32.44,3.6681,1.01,0.000,343.0,222.0
2026-08-09T21:40:25.419863+00:00,1786311625.420,490.36,32.44,3.6681,1.03,0.000,339.5,222.0
2026-08-09T21:40:25.617793+00:00,1786311625.618,490.56,32.49,3.6725,1.09,0.000,336.8,222.0
2026-08-09T21:40:25.821661+00:00,1786311625.822,490.76,32.49,3.6725,1.19,0.000,333.0,222.0
2026-08-09T21:40:26.019884+00:00,1786311626.020,490.96,32.41,3.6769,1.31,0.000,330.0,222.0
2026-08-09T21:40:26.224100+00:00,1786311626.224,491.17,32.44,3.6769,1.45,0.000,327.9,222.0
2026-08-09T21:40:26.424630+00:00,1786311626.425,491.37,32.22,3.6769,1.58,0.000,326.4,222.0
2026-08-09T21:40:26.624591+00:00,1786311626.625,491.57,32.07,3.6813,1.71,0.000,325.4,222.0
2026-08-09T21:40:26.824757+00:00,1786311626.825,491.77,32.07,3.6813,1.82,0.000,325.1,222.0
2026-08-09T21:40:27.022260+00:00,1786311627.022,491.96,31.91,3.6857,1.93,-0.057,323.6,222.0
2026-08-09T21:40:27.220494+00:00,1786311627.220,492.16,31.78,3.6857,2.02,-0.091,321.6,222.0
2026-08-09T21:40:27.424611+00:00,1786311627.425,492.37,31.62,3.6857,2.09,-0.114,319.1,222.0
2026-08-09T21:40:27.624487+00:00,1786311627.624,492.57,31.46,3.6901,2.14,-0.142,317.9,233.1
2026-08-09T21:40:27.828644+00:00,1786311627.829,492.77,31.46,3.6901,2.14,-0.142,317.7,233.1
2026-08-09T21:40:28.029100+00:00,1786311628.029,492.97,31.41,3.6945,2.12,-0.139,318.6,233.1
2026-08-09T21:40:28.229435+00:00,1786311628.229,493.17,31.38,3.6945,2.07,-0.147,320.1,233.1
2026-08-09T21:40:28.435908+00:00,1786311628.436,493.38,31.44,3.6945,2.02,-0.108,323.4,233.1
2026-08-09T21:40:28.637021+00:00,1786311628.637,493.58,31.53,3.6989,1.97,-0.074,328.2,233.1
2026-08-09T21:40:28.840730+00:00,1786311628.841,493.78,31.53,3.6989,1.94,-0.074,333.1,233.1
2026-08-09T21:40:29.046966+00:00,1786311629.047,493.99,31.65,3.7033,1.90,0.000,339.6,222.0
2026-08-09T21:40:29.251238+00:00,1786311629.251,494.19,31.93,3.7033,1.86,0.000,346.3,222.0
2026-08-09T21:40:29.451710+00:00,1786311629.452,494.39,32.09,3.7033,1.83,0.064,355.1,222.0
2026-08-09T21:40:29.652973+00:00,1786311629.653,494.59,32.30,3.7077,1.81,0.114,364.6,222.0
2026-08-09T21:40:29.857624+00:00,1786311629.858,494.80,32.43,3.7077,1.80,0.133,374.6,222.0
2026-08-09T21:40:30.058287+00:00,1786311630.058,495.00,32.43,3.7121,1.80,0.141,383.0,222.0
2026-08-09T21:40:30.257028+00:00,1786311630.257,495.20,32.54,3.7121,1.81,0.158,391.9,222.0
2026-08-09T21:40:30.461374+00:00,1786311630.461,495.40,32.78,3.7121,1.83,0.183,401.8,222.0
2026-08-09T21:40:30.663024+00:00,1786311630.663,495.60,32.79,3.7165,1.85,0.173,411.1,222.0
2026-08-09T21:40:30.857717+00:00,1786311630.858,495.80,32.94,3.7165,1.89,0.194,421.1,222.0
2026-08-09T21:40:31.058975+00:00,1786311631.059,496.00,33.00,3.7209,1.96,0.187,430.6,222.0
2026-08-09T21:40:31.260567+00:00,1786311631.261,496.20,33.00,3.7209,2.02,0.148,438.5,222.0
2026-08-09T21:40:31.464437+00:00,1786311631.464,496.41,32.83,3.7209,2.08,0.102,444.7,222.0
2026-08-09T21:40:31.669591+00:00,1786311631.670,496.61,33.20,3.7275,2.14,0.125,451.8,233.1
2026-08-09T21:40:31.875428+00:00,1786311631.875,496.82,33.24,3.7275,2.19,0.110,458.2,233.1
2026-08-09T21:40:32.077951+00:00,1786311632.078,497.02,33.38,3.7319,2.24,0.130,466.9,233.1
2026-08-09T21:40:32.283949+00:00,1786311632.284,497.23,33.38,3.7319,2.29,0.115,476.0,233.1
2026-08-09T21:40:32.486579+00:00,1786311632.487,497.43,33.48,3.7319,2.34,0.097,485.4,233.1
2026-08-09T21:40:32.685519+00:00,1786311632.686,497.63,33.83,3.7363,2.37,0.144,497.6,233.1
2026-08-09T21:40:32.882037+00:00,1786311632.882,497.82,33.83,3.7363,2.40,0.123,509.2,233.1
2026-08-09T21:40:33.084374+00:00,1786311633.084,498.03,33.61,3.7407,2.42,0.083,519.6,233.1
2026-08-09T21:40:33.287766+00:00,1786311633.288,498.23,33.67,3.7407,2.44,0.091,530.7,233.1
2026-08-09T21:40:33.482997+00:00,1786311633.483,498.42,33.66,3.7407,2.45,0.114,541.8,233.1
2026-08-09T21:40:33.686183+00:00,1786311633.686,498.63,33.73,3.7451,2.45,0.073,550.8,233.1
2026-08-09T21:40:33.889894+00:00,1786311633.890,498.83,33.73,3.7451,2.47,0.068,560.0,233.1
2026-08-09T21:40:34.086143+00:00,1786311634.086,499.03,33.73,3.7495,2.47,0.000,564.9,233.1
2026-08-09T21:40:34.288247+00:00,1786311634.288,499.23,33.40,3.7495,2.47,0.000,569.4,233.1
2026-08-09T21:40:34.487582+00:00,1786311634.488,499.43,33.85,3.7495,2.47,0.051,574.1,233.1
2026-08-09T21:40:34.691201+00:00,1786311634.691,499.63,33.82,3.7539,2.49,0.000,575.7,233.1
2026-08-09T21:40:34.886216+00:00,1786311634.886,499.83,33.80,3.7539,2.50,0.000,576.7,233.1
2026-08-09T21:40:35.088111+00:00,1786311635.088,500.03,33.70,3.7583,2.51,0.000,577.3,233.1
2026-08-09T21:40:35.290849+00:00,1786311635.291,500.23,33.73,3.7583,2.47,0.000,577.2,233.1
2026-08-09T21:40:35.491493+00:00,1786311635.491,500.43,33.73,3.7583,2.40,0.000,575.5,233.1
2026-08-09T21:40:35.693051+00:00,1786311635.693,500.63,33.84,3.7649,2.35,0.000,573.9,233.1
2026-08-09T21:40:35.897003+00:00,1786311635.897,500.84,33.66,3.7649,2.29,0.000,570.8,233.1
2026-08-09T21:40:36.099112+00:00,1786311636.099,501.04,33.71,3.7693,2.24,0.000,567.3,233.1
2026-08-09T21:40:36.302023+00:00,1786311636.302,501.24,33.74,3.7693,2.19,0.000,564.4,233.1
2026-08-09T21:40:36.504230+00:00,1786311636.504,501.45,33.86,3.7693,2.15,0.000,562.7,233.1
2026-08-09T21:40:36.706960+00:00,1786311636.707,501.65,33.87,3.7737,2.11,0.000,559.3,233.1
2026-08-09T21:40:36.909442+00:00,1786311636.909,501.85,34.12,3.7737,2.07,0.000,556.2,233.1
2026-08-09T21:40:37.111756+00:00,1786311637.112,502.05,34.12,3.7781,2.03,0.058,553.7,233.1
2026-08-09T21:40:37.315378+00:00,1786311637.315,502.26,33.85,3.7781,2.00,0.000,549.1,233.1
2026-08-09T21:40:37.521022+00:00,1786311637.521,502.46,33.84,3.7781,1.97,0.000,544.5,233.1
2026-08-09T21:40:37.725277+00:00,1786311637.725,502.67,33.82,3.7825,1.92,0.000,537.6,222.0
2026-08-09T21:40:37.927817+00:00,1786311637.928,502.87,33.77,3.7825,1.87,0.000,530.9,222.0
2026-08-09T21:40:38.130349+00:00,1786311638.130,503.07,33.65,3.7869,1.81,0.000,525.2,222.0
2026-08-09T21:40:38.332538+00:00,1786311638.333,503.27,33.58,3.7869,1.79,0.000,518.9,222.0
2026-08-09T21:40:38.536567+00:00,1786311638.537,503.48,33.58,3.7869,1.78,0.000,511.8,222.0
2026-08-09T21:40:38.737049+00:00,1786311638.737,503.68,33.42,3.7935,1.77,-0.061,503.7,222.0
2026-08-09T21:40:38.943591+00:00,1786311638.944,503.88,33.36,3.7935,1.74,-0.104,494.3,222.0
2026-08-09T21:40:39.150138+00:00,1786311639.150,504.09,33.27,3.7979,1.70,-0.116,486.3,222.0
2026-08-09T21:40:39.356328+00:00,1786311639.356,504.30,33.18,3.7979,1.64,-0.091,478.9,222.0
2026-08-09T21:40:39.550895+00:00,1786311639.551,504.49,33.16,3.7979,1.56,-0.094,469.0,222.0
2026-08-09T21:40:39.753989+00:00,1786311639.754,504.70,33.11,3.8023,1.47,-0.097,460.1,222.0
2026-08-09T21:40:39.959441+00:00,1786311639.959,504.90,33.11,3.8023,1.40,-0.089,450.9,222.0
2026-08-09T21:40:40.161192+00:00,1786311640.161,505.10,33.15,3.8067,1.32,-0.069,442.1,222.0
2026-08-09T21:40:40.356249+00:00,1786311640.356,505.30,33.09,3.8067,1.25,-0.067,433.1,222.0
2026-08-09T21:40:40.557386+00:00,1786311640.557,505.50,33.08,3.8067,1.19,-0.069,424.1,222.0
2026-08-09T21:40:40.761026+00:00,1786311640.761,505.70,33.04,3.8111,1.15,-0.053,415.5,222.0
2026-08-09T21:40:40.966548+00:00,1786311640.967,505.91,33.02,3.8111,1.14,0.000,408.9,222.0
2026-08-09T21:40:41.170764+00:00,1786311641.171,506.11,33.02,3.8155,1.13,0.000,402.5,222.0
2026-08-09T21:40:41.369664+00:00,1786311641.370,506.31,33.05,3.8155,1.15,0.000,396.4,222.0
2026-08-09T21:40:41.570391+00:00,1786311641.570,506.51,33.20,3.8155,1.23,0.000,391.0,222.0
2026-08-09T21:40:41.775448+00:00,1786311641.775,506.72,33.23,3.8199,1.34,0.000,386.4,222.0
2026-08-09T21:40:41.977029+00:00,1786311641.977,506.92,33.16,3.8199,1.46,0.000,382.4,222.0
2026-08-09T21:40:42.174673+00:00,1786311642.175,507.12,33.09,3.8243,1.60,0.000,377.3,222.0
2026-08-09T21:40:42.374782+00:00,1786311642.375,507.32,33.09,3.8243,1.72,0.000,375.1,222.0
2026-08-09T21:40:42.572562+00:00,1786311642.573,507.51,32.96,3.8243,1.81,0.000,373.4,222.0
2026-08-09T21:40:42.777719+00:00,1786311642.778,507.72,32.96,3.8287,1.89,0.000,372.4,222.0
2026-08-09T21:40:42.978125+00:00,1786311642.978,507.92,32.79,3.8287,1.93,0.000,371.8,222.0
2026-08-09T21:40:43.177227+00:00,1786311643.177,508.12,32.68,3.8331,1.96,0.000,371.7,222.0
2026-08-09T21:40:43.376512+00:00,1786311643.376,508.32,32.75,3.8331,2.01,0.000,372.0,222.0
2026-08-09T21:40:43.576763+00:00,1786311643.577,508.52,32.75,3.8331,2.05,-0.063,370.7,222.0
2026-08-09T21:40:43.782584+00:00,1786311643.783,508.72,32.78,3.8397,2.09,-0.062,371.8,233.1
2026-08-09T21:40:43.988917+00:00,1786311643.989,508.93,33.00,3.8397,2.11,0.000,376.5,233.1
2026-08-09T21:40:44.184465+00:00,1786311644.184,509.13,32.92,3.8441,2.13,0.000,382.0,233.1
2026-08-09T21:40:44.385295+00:00,1786311644.385,509.33,32.98,3.8441,2.14,0.000,387.2,233.1
2026-08-09T21:40:44.586333+00:00,1786311644.586,509.53,32.99,3.8441,2.12,0.000,392.8,233.1
2026-08-09T21:40:44.783537+00:00,1786311644.784,509.72,32.99,3.8485,2.06,0.000,398.7,233.1
2026-08-09T21:40:44.982277+00:00,1786311644.982,509.92,32.82,3.8485,2.01,0.000,404.3,233.1
2026-08-09T21:40:45.184826+00:00,1786311645.185,510.13,33.02,3.8528,1.96,0.000,409.6,233.1
2026-08-09T21:40:45.386415+00:00,1786311645.386,510.33,32.86,3.8528,1.97,0.000,415.2,233.1
2026-08-09T21:40:45.588083+00:00,1786311645.588,510.53,32.83,3.8528,2.01,0.000,421.2,233.1
2026-08-09T21:40:45.793472+00:00,1786311645.793,510.73,32.74,3.8572,2.07,0.000,427.3,233.1
2026-08-09T21:40:45.995412+00:00,1786311645.995,510.94,32.74,3.8572,2.15,0.000,432.2,233.1
2026-08-09T21:40:46.191323+00:00,1786311646.191,511.13,32.56,3.8616,2.22,-0.050,435.8,233.1
2026-08-09T21:40:46.397358+00:00,1786311646.397,511.34,32.82,3.8616,2.27,0.000,441.4,233.1
2026-08-09T21:40:46.603360+00:00,1786311646.603,511.54,32.80,3.8616,2.31,0.000,446.5,233.1
2026-08-09T21:40:46.810597+00:00,1786311646.811,511.75,32.95,3.8660,2.35,0.000,451.4,233.1
2026-08-09T21:40:47.012487+00:00,1786311647.012,511.95,33.03,3.8660,2.36,0.000,455.9,233.1
2026-08-09T21:40:47.211260+00:00,1786311647.211,512.15,33.09,3.8704,2.37,0.000,459.9,233.1
2026-08-09T21:40:47.413043+00:00,1786311647.413,512.35,33.09,3.8704,2.36,0.000,463.2,233.1
2026-08-09T21:40:47.612283+00:00,1786311647.612,512.55,33.32,3.8704,2.34,0.068,468.4,233.1
2026-08-09T21:40:47.818489+00:00,1786311647.818,512.76,33.34,3.8748,2.32,0.081,473.6,233.1
2026-08-09T21:40:48.024096+00:00,1786311648.024,512.97,33.28,3.8748,2.29,0.073,478.1,233.1
2026-08-09T21:40:48.230748+00:00,1786311648.231,513.17,33.19,3.8792,2.26,0.086,482.8,233.1
2026-08-09T21:40:48.425613+00:00,1786311648.426,513.37,33.31,3.8792,2.24,0.066,486.6,233.1
2026-08-09T21:40:48.631857+00:00,1786311648.632,513.57,33.29,3.8792,2.22,0.067,491.9,233.1
2026-08-09T21:40:48.837338+00:00,1786311648.837,513.78,33.29,3.8858,2.19,0.000,494.8,233.1
2026-08-09T21:40:49.040508+00:00,1786311649.040,513.98,33.31,3.8858,2.15,0.000,495.4,233.1
2026-08-09T21:40:49.241043+00:00,1786311649.241,514.18,33.18,3.8902,2.10,0.000,495.4,233.1
2026-08-09T21:40:49.441816+00:00,1786311649.442,514.38,33.15,3.8902,2.05,0.000,495.1,233.1
2026-08-09T21:40:49.644778+00:00,1786311649.645,514.59,33.13,3.8902,2.01,0.000,494.7,233.1
2026-08-09T21:40:49.848095+00:00,1786311649.848,514.79,33.01,3.8946,1.96,0.000,494.2,233.1
2026-08-09T21:40:50.049664+00:00,1786311650.050,514.99,33.01,3.8946,1.93,0.000,494.0,233.1
2026-08-09T21:40:50.250628+00:00,1786311650.251,515.19,32.90,3.8990,1.90,0.000,493.6,222.0
2026-08-09T21:40:50.451007+00:00,1786311650.451,515.39,33.04,3.8990,1.89,0.000,493.3,222.0
2026-08-09T21:40:50.654002+00:00,1786311650.654,515.60,33.09,3.8990,1.87,0.000,492.9,222.0
2026-08-09T21:40:50.849124+00:00,1786311650.849,515.79,33.12,3.9034,1.86,0.000,492.2,222.0
2026-08-09T21:40:51.051988+00:00,1786311651.052,515.99,33.17,3.9034,1.85,0.000,491.1,222.0
2026-08-09T21:40:51.254113+00:00,1786311651.254,516.20,33.19,3.9078,1.85,0.000,491.3,222.0
2026-08-09T21:40:51.451216+00:00,1786311651.451,516.39,33.19,3.9078,1.83,0.000,489.4,222.0
2026-08-09T21:40:51.650516+00:00,1786311651.651,516.59,33.37,3.9078,1.81,0.000,487.4,222.0
2026-08-09T21:40:51.853133+00:00,1786311651.853,516.79,33.34,3.9122,1.80,0.000,484.9,222.0
2026-08-09T21:40:52.054748+00:00,1786311652.055,517.00,33.32,3.9122,1.81,0.000,482.4,222.0
2026-08-09T21:40:52.256661+00:00,1786311652.257,517.20,33.38,3.9166,1.85,0.066,482.0,222.0
2026-08-09T21:40:52.456627+00:00,1786311652.457,517.40,33.38,3.9166,1.88,0.000,479.7,222.0
2026-08-09T21:40:52.662238+00:00,1786311652.662,517.60,33.38,3.9166,1.90,0.000,475.4,222.0
2026-08-09T21:40:52.861457+00:00,1786311652.861,517.80,33.29,3.9232,1.91,0.000,470.7,222.0
2026-08-09T21:40:53.063108+00:00,1786311653.063,518.00,33.45,3.9232,1.93,0.000,466.8,222.0
2026-08-09T21:40:53.263930+00:00,1786311653.264,518.21,33.41,3.9276,1.94,0.000,462.7,222.0
2026-08-09T21:40:53.467436+00:00,1786311653.467,518.41,33.53,3.9276,1.96,0.000,459.4,222.0
2026-08-09T21:40:53.669200+00:00,1786311653.669,518.61,33.54,3.9276,1.98,0.000,456.4,222.0
2026-08-09T21:40:53.870647+00:00,1786311653.871,518.81,33.66,3.9320,2.00,0.000,455.8,222.0
2026-08-09T21:40:54.071720+00:00,1786311654.072,519.01,33.66,3.9320,2.03,0.000,455.5,222.0
2026-08-09T21:40:54.269395+00:00,1786311654.269,519.21,33.69,3.9364,2.08,0.000,455.9,233.1
2026-08-09T21:40:54.469247+00:00,1786311654.469,519.41,33.71,3.9364,2.13,0.000,456.9,233.1
2026-08-09T21:40:54.671282+00:00,1786311654.671,519.61,33.78,3.9364,2.17,0.056,460.1,233.1
2026-08-09T21:40:54.877228+00:00,1786311654.877,519.82,33.74,3.9408,2.21,0.061,464.0,233.1
2026-08-09T21:40:55.078961+00:00,1786311655.079,520.02,33.81,3.9408,2.24,0.000,466.4,233.1
2026-08-09T21:40:55.273301+00:00,1786311655.273,520.21,33.75,3.9452,2.28,0.000,469.1,233.1
2026-08-09T21:40:55.477477+00:00,1786311655.477,520.42,33.75,3.9452,2.32,0.000,472.1,233.1
2026-08-09T21:40:55.677127+00:00,1786311655.677,520.62,33.80,3.9452,2.39,0.000,475.6,233.1
2026-08-09T21:40:55.882024+00:00,1786311655.882,520.82,33.82,3.9496,2.47,0.000,479.4,233.1
2026-08-09T21:40:56.083901+00:00,1786311656.084,521.03,33.78,3.9496,2.53,0.000,483.6,233.1
2026-08-09T21:40:56.287905+00:00,1786311656.288,521.23,33.82,3.9562,2.60,0.000,488.1,233.1
2026-08-09T21:40:56.489538+00:00,1786311656.490,521.43,33.74,3.9562,2.67,0.000,493.1,233.1
2026-08-09T21:40:56.691389+00:00,1786311656.691,521.63,33.75,3.9562,2.73,0.000,498.3,233.1
2026-08-09T21:40:56.893622+00:00,1786311656.894,521.84,33.75,3.9606,2.78,0.000,503.8,233.1
2026-08-09T21:40:57.094776+00:00,1786311657.095,522.04,33.52,3.9606,2.81,0.000,509.2,233.1
2026-08-09T21:40:57.296432+00:00,1786311657.296,522.24,33.68,3.9650,2.82,0.000,512.6,233.1
2026-08-09T21:40:57.498895+00:00,1786311657.499,522.44,33.79,3.9650,2.82,0.000,517.9,233.1
2026-08-09T21:40:57.697797+00:00,1786311657.698,522.64,33.79,3.9650,2.82,0.000,523.2,233.1
2026-08-09T21:40:57.893943+00:00,1786311657.894,522.84,33.80,3.9694,2.82,0.000,528.4,233.1
2026-08-09T21:40:58.093887+00:00,1786311658.094,523.04,33.82,3.9694,2.84,0.000,533.6,233.1
2026-08-09T21:40:58.293003+00:00,1786311658.293,523.23,33.82,3.9738,2.84,0.000,538.7,233.1
2026-08-09T21:40:58.488551+00:00,1786311658.489,523.43,33.99,3.9738,2.83,0.000,543.8,233.1
2026-08-09T21:40:58.690929+00:00,1786311658.691,523.63,33.87,3.9738,2.80,0.000,548.4,233.1
2026-08-09T21:40:58.897664+00:00,1786311658.898,523.84,33.82,3.9782,2.76,0.000,552.6,233.1
2026-08-09T21:40:59.100613+00:00,1786311659.101,524.04,33.87,3.9782,2.73,0.000,556.4,233.1
2026-08-09T21:40:59.304150+00:00,1786311659.304,524.25,33.88,3.9826,2.70,0.000,559.9,233.1
2026-08-09T21:40:59.506659+00:00,1786311659.507,524.45,33.88,3.9826,2.66,0.000,562.9,233.1
2026-08-09T21:40:59.706588+00:00,1786311659.707,524.65,34.13,3.9826,2.62,0.000,563.9,233.1
2026-08-09T21:40:59.913046+00:00,1786311659.913,524.85,34.13,3.9892,2.59,0.000,564.4,233.1
2026-08-09T21:41:00.113412+00:00,1786311660.113,525.05,33.95,3.9892,2.56,0.000,566.3,233.1
2026-08-09T21:41:00.317271+00:00,1786311660.317,525.26,33.95,3.9936,2.54,0.000,567.9,233.1
2026-08-09T21:41:00.520265+00:00,1786311660.520,525.46,33.93,3.9936,2.52,0.000,569.1,233.1
2026-08-09T21:41:00.723225+00:00,1786311660.723,525.66,33.95,3.9936,2.49,0.000,569.8,233.1
2026-08-09T21:41:00.928088+00:00,1786311660.928,525.87,33.99,3.9980,2.47,0.000,570.0,233.1
2026-08-09T21:41:01.128950+00:00,1786311661.129,526.07,33.86,3.9980,2.43,0.000,569.6,233.1
2026-08-09T21:41:01.326623+00:00,1786311661.327,526.27,33.86,4.0024,2.39,0.000,568.5,233.1
2026-08-09T21:41:01.527442+00:00,1786311661.527,526.47,33.69,4.0024,2.33,0.000,566.6,233.1
2026-08-09T21:41:01.730122+00:00,1786311661.730,526.67,33.78,4.0024,2.28,0.000,564.3,233.1
2026-08-09T21:41:01.936334+00:00,1786311661.936,526.88,33.63,4.0068,2.23,-0.069,559.1,233.1
2026-08-09T21:41:02.131170+00:00,1786311662.131,527.07,33.68,4.0068,2.19,0.000,556.0,233.1
2026-08-09T21:41:02.338022+00:00,1786311662.338,527.28,33.56,4.0112,2.15,-0.054,550.7,233.1
2026-08-09T21:41:02.532815+00:00,1786311662.533,527.47,33.57,4.0112,2.11,0.000,546.8,233.1
2026-08-09T21:41:02.728811+00:00,1786311662.729,527.67,33.57,4.0112,2.09,-0.053,541.1,233.1
2026-08-09T21:41:02.924184+00:00,1786311662.924,527.87,33.49,4.0156,2.08,-0.069,534.7,233.1
2026-08-09T21:41:03.130634+00:00,1786311663.131,528.07,33.40,4.0156,2.07,-0.065,528.2,233.1
2026-08-09T21:41:03.334148+00:00,1786311663.334,528.28,33.40,4.0222,2.06,-0.065,521.7,233.1
2026-08-09T21:41:03.538291+00:00,1786311663.538,528.48,33.17,4.0222,2.04,-0.073,514.5,233.1
2026-08-09T21:41:03.735276+00:00,1786311663.735,528.68,33.14,4.0222,2.02,-0.089,506.9,233.1
2026-08-09T21:41:03.933332+00:00,1786311663.933,528.87,33.14,4.0266,2.00,-0.068,500.1,233.1
2026-08-09T21:41:04.136662+00:00,1786311664.137,529.08,32.98,4.0266,1.97,-0.097,492.3,233.1
2026-08-09T21:41:04.342406+00:00,1786311664.342,529.28,33.07,4.0310,1.96,-0.068,485.6,222.0
2026-08-09T21:41:04.539576+00:00,1786311664.540,529.48,32.93,4.0310,1.95,-0.089,478.2,222.0
2026-08-09T21:41:04.736855+00:00,1786311664.737,529.68,32.89,4.0310,1.95,-0.095,470.5,222.0
2026-08-09T21:41:04.935311+00:00,1786311664.935,529.88,32.92,4.0354,1.94,-0.079,463.5,222.0
2026-08-09T21:41:05.140694+00:00,1786311665.141,530.08,32.92,4.0354,1.92,-0.065,457.1,222.0
2026-08-09T21:41:05.342729+00:00,1786311665.343,530.28,32.78,4.0398,1.90,-0.086,449.9,222.0
2026-08-09T21:41:05.537995+00:00,1786311665.538,530.48,32.95,4.0398,1.87,0.000,445.6,222.0
2026-08-09T21:41:05.743715+00:00,1786311665.744,530.69,32.90,4.0398,1.85,0.000,441.1,222.0
2026-08-09T21:41:05.939277+00:00,1786311665.939,530.88,32.90,4.0442,1.81,0.000,436.6,222.0
2026-08-09T21:41:06.138291+00:00,1786311666.138,531.08,32.94,4.0442,1.78,0.000,432.3,222.0
2026-08-09T21:41:06.338886+00:00,1786311666.339,531.28,32.94,4.0486,1.75,0.000,428.1,222.0
2026-08-09T21:41:06.538511+00:00,1786311666.538,531.48,32.90,4.0486,1.72,0.000,424.2,222.0
2026-08-09T21:41:06.740144+00:00,1786311666.740,531.68,33.04,4.0486,1.70,0.000,420.4,222.0
2026-08-09T21:41:06.944927+00:00,1786311666.945,531.89,32.93,4.0530,1.69,0.000,419.1,222.0
2026-08-09T21:41:07.146029+00:00,1786311667.146,532.09,32.98,4.0530,1.68,0.000,415.8,222.0
2026-08-09T21:41:07.347060+00:00,1786311667.347,532.29,33.03,4.0574,1.67,0.000,414.4,222.0
2026-08-09T21:41:07.548176+00:00,1786311667.548,532.49,33.03,4.0574,1.67,0.000,411.6,222.0
2026-08-09T21:41:07.742851+00:00,1786311667.743,532.68,32.98,4.0574,1.67,0.000,410.5,222.0
2026-08-09T21:41:07.940871+00:00,1786311667.941,532.88,33.15,4.0618,1.68,0.000,410.2,222.0
2026-08-09T21:41:08.139572+00:00,1786311668.140,533.08,33.19,4.0618,1.68,0.000,410.0,222.0
2026-08-09T21:41:08.334674+00:00,1786311668.335,533.28,33.28,4.0684,1.69,0.000,410.0,222.0
2026-08-09T21:41:08.534329+00:00,1786311668.534,533.48,33.38,4.0684,1.71,0.067,412.8,222.0
2026-08-09T21:41:08.729364+00:00,1786311668.729,533.67,33.38,4.0684,1.73,0.000,414.3,222.0
2026-08-09T21:41:08.924716+00:00,1786311668.925,533.87,33.27,4.0728,1.75,0.000,415.2,222.0
2026-08-09T21:41:09.125985+00:00,1786311669.126,534.07,33.58,4.0728,1.77,0.084,420.3,222.0
2026-08-09T21:41:09.330526+00:00,1786311669.331,534.27,33.53,4.0772,1.78,0.071,424.1,222.0
2026-08-09T21:41:09.535826+00:00,1786311669.536,534.48,33.64,4.0772,1.80,0.086,429.4,222.0
2026-08-09T21:41:09.730684+00:00,1786311669.731,534.67,33.71,4.0772,1.82,0.103,435.6,222.0
2026-08-09T21:41:09.935986+00:00,1786311669.936,534.88,33.79,4.0816,1.84,0.088,441.1,222.0
2026-08-09T21:41:10.140647+00:00,1786311670.141,535.08,33.79,4.0816,1.86,0.083,446.1,222.0
2026-08-09T21:41:10.345282+00:00,1786311670.345,535.29,33.68,4.0860,1.88,0.055,451.2,222.0
2026-08-09T21:41:10.550847+00:00,1786311670.551,535.49,33.94,4.0860,1.90,0.077,454.7,222.0
2026-08-09T21:41:10.756518+00:00,1786311670.757,535.70,34.07,4.0860,1.92,0.094,459.2,222.0
2026-08-09T21:41:10.962283+00:00,1786311670.962,535.90,34.11,4.0904,1.95,0.115,464.7,222.0
2026-08-09T21:41:11.167805+00:00,1786311671.168,536.11,34.16,4.0904,1.97,0.078,469.4,222.0
2026-08-09T21:41:11.373169+00:00,1786311671.373,536.31,34.22,4.0970,1.99,0.093,474.8,222.0
2026-08-09T21:41:11.579184+00:00,1786311671.579,536.52,34.66,4.0970,2.00,0.137,482.4,222.0
2026-08-09T21:41:11.777880+00:00,1786311671.778,536.72,34.32,4.0970,2.01,0.083,487.9,222.0
2026-08-09T21:41:11.984226+00:00,1786311671.984,536.93,34.32,4.1013,2.03,0.073,493.3,233.1
2026-08-09T21:41:12.188147+00:00,1786311672.188,537.13,34.08,4.1013,2.08,0.000,496.5,233.1
2026-08-09T21:41:12.393721+00:00,1786311672.394,537.34,34.32,4.1057,2.14,0.086,503.0,233.1
2026-08-09T21:41:12.590964+00:00,1786311672.591,537.53,34.27,4.1057,2.20,0.000,507.0,233.1
2026-08-09T21:41:12.787134+00:00,1786311672.787,537.73,34.23,4.1057,2.25,0.000,511.3,233.1
2026-08-09T21:41:12.989932+00:00,1786311672.990,537.93,34.13,4.1101,2.29,0.000,515.4,233.1
2026-08-09T21:41:13.191685+00:00,1786311673.192,538.13,34.07,4.1101,2.30,0.000,519.5,233.1
2026-08-09T21:41:13.390745+00:00,1786311673.391,538.33,34.31,4.1145,2.28,0.000,523.6,233.1
2026-08-09T21:41:13.593370+00:00,1786311673.593,538.53,34.31,4.1145,2.26,0.000,525.4,233.1
2026-08-09T21:41:13.796340+00:00,1786311673.796,538.74,34.02,4.1145,2.23,0.000,528.6,233.1
2026-08-09T21:41:14.002089+00:00,1786311674.002,538.94,34.09,4.1189,2.20,0.000,531.8,233.1
2026-08-09T21:41:14.204490+00:00,1786311674.204,539.15,34.17,4.1189,2.18,0.000,531.9,233.1
2026-08-09T21:41:14.406917+00:00,1786311674.407,539.35,34.24,4.1255,2.17,0.000,532.5,233.1
2026-08-09T21:41:14.613150+00:00,1786311674.613,539.55,34.32,4.1255,2.16,0.000,532.4,233.1
2026-08-09T21:41:14.817169+00:00,1786311674.817,539.76,34.36,4.1255,2.18,0.000,531.8,233.1
2026-08-09T21:41:15.020643+00:00,1786311675.021,539.96,34.39,4.1299,2.19,0.000,531.5,233.1
2026-08-09T21:41:15.220487+00:00,1786311675.220,540.16,34.39,4.1299,2.15,0.000,531.1,233.1
2026-08-09T21:41:15.415352+00:00,1786311675.415,540.36,34.24,4.1343,2.12,0.000,531.2,233.1
2026-08-09T21:41:15.616135+00:00,1786311675.616,540.56,34.31,4.1343,2.08,0.000,530.1,233.1
2026-08-09T21:41:15.810674+00:00,1786311675.811,540.75,34.36,4.1343,2.03,0.000,528.0,233.1
2026-08-09T21:41:16.015486+00:00,1786311676.015,540.96,34.34,4.1387,2.00,0.000,524.9,233.1
2026-08-09T21:41:16.218103+00:00,1786311676.218,541.16,34.34,4.1387,1.98,0.000,522.7,233.1
2026-08-09T21:41:16.417549+00:00,1786311676.418,541.36,34.37,4.1431,1.98,0.000,519.8,222.0
2026-08-09T21:41:16.616561+00:00,1786311676.617,541.56,34.52,4.1431,1.98,0.000,515.2,222.0
2026-08-09T21:41:16.815155+00:00,1786311676.815,541.76,34.52,4.1431,1.98,0.000,512.6,222.0
2026-08-09T21:41:17.019565+00:00,1786311677.020,541.96,34.43,4.1497,1.98,0.000,510.2,222.0
2026-08-09T21:41:17.218369+00:00,1786311677.218,542.16,34.33,4.1497,1.98,0.000,509.9,222.0
2026-08-09T21:41:17.417994+00:00,1786311677.418,542.36,34.35,4.1541,1.95,0.000,506.2,222.0
2026-08-09T21:41:17.621363+00:00,1786311677.621,542.56,34.37,4.1541,1.91,0.000,504.7,222.0
2026-08-09T21:41:17.824046+00:00,1786311677.824,542.77,34.40,4.1541,1.85,0.000,502.7,222.0
2026-08-09T21:41:18.028671+00:00,1786311678.029,542.97,34.48,4.1585,1.79,0.000,500.4,222.0
2026-08-09T21:41:18.230393+00:00,1786311678.230,543.17,34.50,4.1585,1.75,0.000,497.9,222.0
2026-08-09T21:41:18.429393+00:00,1786311678.429,543.37,34.50,4.1629,1.72,0.000,495.1,222.0
2026-08-09T21:41:18.629048+00:00,1786311678.629,543.57,34.64,4.1629,1.69,0.000,492.4,222.0
2026-08-09T21:41:18.834282+00:00,1786311678.834,543.78,34.77,4.1629,1.69,0.000,490.3,222.0
2026-08-09T21:41:19.034673+00:00,1786311679.035,543.98,34.86,4.1673,1.69,0.059,490.2,222.0
2026-08-09T21:41:19.235014+00:00,1786311679.235,544.18,35.00,4.1673,1.71,0.091,491.5,222.0
2026-08-09T21:41:19.437669+00:00,1786311679.438,544.38,35.05,4.1739,1.74,0.095,493.1,222.0
2026-08-09T21:41:19.644051+00:00,1786311679.644,544.59,35.14,4.1739,1.77,0.106,495.3,222.0
2026-08-09T21:41:19.850478+00:00,1786311679.850,544.79,35.18,4.1783,1.80,0.106,497.5,222.0
2026-08-09T21:41:20.054714+00:00,1786311680.055,545.00,35.19,4.1783,1.85,0.097,499.7,222.0
2026-08-09T21:41:20.260645+00:00,1786311680.261,545.20,35.25,4.1783,1.89,0.102,502.5,222.0
2026-08-09T21:41:20.461208+00:00,1786311680.461,545.40,35.25,4.1827,1.94,0.102,505.9,222.0
2026-08-09T21:41:20.664081+00:00,1786311680.664,545.61,35.00,4.1827,2.00,0.050,507.8,222.0
2026-08-09T21:41:20.860364+00:00,1786311680.860,545.80,35.23,4.1871,2.05,0.063,510.8,222.0
2026-08-09T21:41:21.058208+00:00,1786311681.058,546.00,35.25,4.1871,2.09,0.053,514.0,222.0
2026-08-09T21:41:21.264835+00:00,1786311681.265,546.21,35.35,4.1871,2.12,0.000,515.9,222.0
2026-08-09T21:41:21.459332+00:00,1786311681.459,546.40,35.31,4.1915,2.14,0.000,517.7,233.1
2026-08-09T21:41:21.665458+00:00,1786311681.665,546.61,35.40,4.1915,2.18,0.000,519.7,233.1
2026-08-09T21:41:21.870796+00:00,1786311681.871,546.81,35.67,4.1981,2.21,0.068,524.5,233.1
2026-08-09T21:41:22.074264+00:00,1786311682.074,547.02,35.51,4.1981,2.25,0.000,527.0,233.1
2026-08-09T21:41:22.269432+00:00,1786311682.269,547.21,35.53,4.1981,2.27,0.000,529.9,233.1
2026-08-09T21:41:22.468349+00:00,1786311682.468,547.41,35.53,4.2025,2.29,0.000,533.0,233.1
2026-08-09T21:41:22.669326+00:00,1786311682.669,547.61,35.30,4.2025,2.28,0.000,536.0,233.1
2026-08-09T21:41:22.873666+00:00,1786311682.874,547.82,35.60,4.2069,2.25,0.052,541.1,233.1
2026-08-09T21:41:23.075385+00:00,1786311683.075,548.02,35.61,4.2069,2.21,0.000,544.6,233.1
2026-08-09T21:41:23.273946+00:00,1786311683.274,548.22,35.63,4.2069,2.16,0.000,548.0,233.1
2026-08-09T21:41:23.473829+00:00,1786311683.474,548.42,35.72,4.2113,2.11,0.056,553.3,233.1
2026-08-09T21:41:23.669136+00:00,1786311683.669,548.61,35.79,4.2113,2.04,0.055,558.2,233.1
2026-08-09T21:41:23.869582+00:00,1786311683.870,548.81,36.15,4.2179,1.97,0.066,563.4,233.1
2026-08-09T21:41:24.069049+00:00,1786311684.069,549.01,36.04,4.2179,1.92,0.073,566.4,233.1
2026-08-09T21:41:24.273707+00:00,1786311684.274,549.22,36.03,4.2179,1.83,0.069,567.5,233.1
2026-08-09T21:41:24.475504+00:00,1786311684.475,549.42,36.20,4.2223,1.78,0.093,568.8,222.0
2026-08-09T21:41:24.672778+00:00,1786311684.673,549.61,36.20,4.2223,1.72,0.124,570.3,222.0
2026-08-09T21:41:24.875408+00:00,1786311684.875,549.82,36.03,4.2267,1.65,0.060,568.9,222.0
2026-08-09T21:41:25.070660+00:00,1786311685.071,550.01,36.19,4.2267,1.59,0.081,568.0,222.0
2026-08-09T21:41:25.266486+00:00,1786311685.266,550.21,36.34,4.2267,1.55,0.099,567.2,222.0
2026-08-09T21:41:25.469202+00:00,1786311685.469,550.41,36.53,4.2333,1.55,0.113,566.9,222.0
2026-08-09T21:41:25.676108+00:00,1786311685.676,550.62,36.67,4.2333,1.62,0.121,568.9,222.0
2026-08-09T21:41:25.880024+00:00,1786311685.880,550.82,36.62,4.2377,1.69,0.065,568.6,222.0
2026-08-09T21:41:26.085336+00:00,1786311686.085,551.03,36.90,4.2377,1.77,0.118,570.8,222.0
2026-08-09T21:41:26.291812+00:00,1786311686.292,551.23,36.78,4.2377,1.86,0.104,574.5,222.0
2026-08-09T21:41:26.495489+00:00,1786311686.495,551.44,36.62,4.2421,1.95,0.058,576.8,222.0
2026-08-09T21:41:26.694421+00:00,1786311686.694,551.64,36.40,4.2421,2.05,0.000,577.2,222.0
2026-08-09T21:41:26.897239+00:00,1786311686.897,551.84,36.28,4.2487,2.12,0.000,575.1,233.1
2026-08-09T21:41:27.091352+00:00,1786311687.091,552.03,36.30,4.2487,2.18,0.000,575.6,233.1
2026-08-09T21:41:27.297316+00:00,1786311687.297,552.24,36.22,4.2487,2.26,0.000,576.3,233.1
2026-08-09T21:41:27.497865+00:00,1786311687.498,552.44,36.22,4.2531,2.31,0.000,577.2,233.1
2026-08-09T21:41:27.698838+00:00,1786311687.699,552.64,36.11,4.2531,2.35,-0.077,576.0,233.1
2026-08-09T21:41:27.903714+00:00,1786311687.904,552.85,36.13,4.2575,2.38,-0.067,573.3,233.1
2026-08-09T21:41:28.110457+00:00,1786311688.110,553.05,36.28,4.2575,2.41,-0.084,572.4,233.1
2026-08-09T21:41:28.305339+00:00,1786311688.305,553.25,36.35,4.2575,2.44,-0.060,572.8,233.1
2026-08-09T21:41:28.506651+00:00,1786311688.507,553.45,36.35,4.2641,2.43,0.000,573.4,233.1
2026-08-09T21:41:28.710898+00:00,1786311688.711,553.65,36.40,4.2641,2.38,0.000,574.2,233.1
2026-08-09T21:41:28.910336+00:00,1786311688.910,553.85,36.55,4.2685,2.34,0.000,574.5,233.1
2026-08-09T21:41:29.111489+00:00,1786311689.111,554.05,36.54,4.2685,2.30,0.000,574.8,233.1
2026-08-09T21:41:29.312414+00:00,1786311689.312,554.25,36.49,4.2685,2.25,0.000,575.4,233.1
2026-08-09T21:41:29.511872+00:00,1786311689.512,554.45,36.48,4.2729,2.19,0.000,574.9,233.1
2026-08-09T21:41:29.715587+00:00,1786311689.716,554.66,36.52,4.2729,2.15,0.057,575.5,233.1
2026-08-09T21:41:29.918987+00:00,1786311689.919,554.86,36.39,4.2773,2.12,0.000,576.6,233.1
2026-08-09T21:41:30.125390+00:00,1786311690.125,555.07,36.57,4.2773,2.11,0.000,577.2,233.1
2026-08-09T21:41:30.330761+00:00,1786311690.331,555.27,36.62,4.2773,2.10,0.000,577.3,233.1
2026-08-09T21:41:30.528524+00:00,1786311690.529,555.47,36.62,4.2839,2.10,0.000,576.7,233.1
2026-08-09T21:41:30.725668+00:00,1786311690.726,555.67,36.27,4.2839,2.09,0.000,574.9,233.1
2026-08-09T21:41:30.925323+00:00,1786311690.925,555.87,36.58,4.2883,2.08,0.000,574.8,233.1
2026-08-09T21:41:31.126004+00:00,1786311691.126,556.07,36.53,4.2883,2.06,0.000,572.0,233.1
2026-08-09T21:41:31.328686+00:00,1786311691.329,556.27,36.62,4.2883,2.03,0.000,569.2,233.1
2026-08-09T21:41:31.527915+00:00,1786311691.528,556.47,36.49,4.2927,1.99,0.000,567.3,233.1
2026-08-09T21:41:31.730176+00:00,1786311691.730,556.67,36.29,4.2927,1.97,0.000,566.8,233.1
2026-08-09T21:41:31.931690+00:00,1786311691.932,556.87,36.73,4.2993,1.95,0.000,566.3,222.0
2026-08-09T21:41:32.133314+00:00,1786311692.133,557.07,36.35,4.2993,1.92,0.000,564.9,222.0
2026-08-09T21:41:32.335722+00:00,1786311692.336,557.28,36.40,4.2993,1.90,0.000,563.0,222.0
2026-08-09T21:41:32.539169+00:00,1786311692.539,557.48,36.40,4.3037,1.87,0.000,560.8,222.0
2026-08-09T21:41:32.739417+00:00,1786311692.739,557.68,36.32,4.3037,1.85,0.000,560.7,222.0
2026-08-09T21:41:32.937768+00:00,1786311692.938,557.88,36.48,4.3081,1.83,0.000,560.3,222.0
2026-08-09T21:41:33.138447+00:00,1786311693.138,558.08,36.48,4.3081,1.81,0.000,559.9,222.0
2026-08-09T21:41:33.338902+00:00,1786311693.339,558.28,36.05,4.3081,1.80,-0.079,555.3,222.0
2026-08-09T21:41:33.543155+00:00,1786311693.543,558.48,36.36,4.3147,1.78,0.000,551.7,222.0
2026-08-09T21:41:33.737852+00:00,1786311693.738,558.68,36.28,4.3147,1.77,0.000,548.1,222.0
2026-08-09T21:41:33.939149+00:00,1786311693.939,558.88,36.22,4.3191,1.76,-0.070,542.1,222.0
2026-08-09T21:41:34.133689+00:00,1786311694.134,559.08,36.23,4.3191,1.76,0.000,538.7,222.0
2026-08-09T21:41:34.336620+00:00,1786311694.337,559.28,36.17,4.3191,1.73,0.000,535.5,222.0
2026-08-09T21:41:34.535938+00:00,1786311694.536,559.48,36.44,4.3235,1.70,0.000,532.6,222.0
2026-08-09T21:41:34.739765+00:00,1786311694.740,559.68,36.17,4.3235,1.66,0.000,527.5,222.0
2026-08-09T21:41:34.939568+00:00,1786311694.940,559.88,36.15,4.3279,1.62,0.000,524.4,222.0
2026-08-09T21:41:35.143090+00:00,1786311695.143,560.08,36.23,4.3279,1.59,0.000,521.1,222.0
2026-08-09T21:41:35.346476+00:00,1786311695.346,560.29,36.18,4.3279,1.56,0.000,517.6,222.0
2026-08-09T21:41:35.545010+00:00,1786311695.545,560.49,36.18,4.3345,1.56,0.000,514.0,222.0
2026-08-09T21:41:35.742657+00:00,1786311695.743,560.68,36.01,4.3345,1.56,0.000,510.8,222.0
2026-08-09T21:41:35.937687+00:00,1786311695.938,560.88,36.21,4.3389,1.56,0.000,507.4,222.0
2026-08-09T21:41:36.136188+00:00,1786311696.136,561.08,36.23,4.3389,1.57,0.000,504.3,222.0
2026-08-09T21:41:36.339969+00:00,1786311696.340,561.28,36.25,4.3389,1.58,0.000,501.4,222.0
2026-08-09T21:41:36.539193+00:00,1786311696.539,561.48,36.16,4.3433,1.60,0.000,498.9,222.0
2026-08-09T21:41:36.745171+00:00,1786311696.745,561.69,36.21,4.3433,1.62,0.000,496.8,222.0
2026-08-09T21:41:36.943205+00:00,1786311696.943,561.88,36.36,4.3498,1.65,0.000,494.7,222.0
2026-08-09T21:41:37.145256+00:00,1786311697.145,562.09,36.08,4.3498,1.68,0.000,493.1,222.0
2026-08-09T21:41:37.346927+00:00,1786311697.347,562.29,36.00,4.3498,1.73,0.000,491.7,222.0
2026-08-09T21:41:37.545490+00:00,1786311697.545,562.49,35.93,4.3542,1.78,0.000,490.6,222.0
2026-08-09T21:41:37.748538+00:00,1786311697.749,562.69,35.93,4.3542,1.83,0.000,490.1,222.0
2026-08-09T21:41:37.943364+00:00,1786311697.943,562.88,35.52,4.3586,1.87,-0.096,486.1,222.0
2026-08-09T21:41:38.149853+00:00,1786311698.150,563.09,35.80,4.3586,1.90,-0.059,483.9,222.0
2026-08-09T21:41:38.355296+00:00,1786311698.355,563.30,35.81,4.3586,1.92,-0.061,484.9,222.0
2026-08-09T21:41:38.554644+00:00,1786311698.555,563.50,35.76,4.3630,1.94,-0.054,483.4,222.0
2026-08-09T21:41:38.761327+00:00,1786311698.761,563.70,35.69,4.3630,1.95,-0.071,481.4,222.0
2026-08-09T21:41:38.966343+00:00,1786311698.966,563.91,35.65,4.3696,1.96,-0.097,481.0,222.0
2026-08-09T21:41:39.170218+00:00,1786311699.170,564.11,35.92,4.3696,1.96,0.000,481.8,222.0
2026-08-09T21:41:39.371014+00:00,1786311699.371,564.31,35.49,4.3696,1.93,-0.070,479.9,222.0
2026-08-09T21:41:39.567736+00:00,1786311699.568,564.51,35.36,4.3740,1.89,-0.078,477.4,222.0
2026-08-09T21:41:39.762506+00:00,1786311699.762,564.70,35.36,4.3740,1.85,-0.078,475.1,222.0
2026-08-09T21:41:39.958342+00:00,1786311699.958,564.90,35.15,4.3784,1.80,-0.052,473.4,222.0
2026-08-09T21:41:40.164259+00:00,1786311700.164,565.11,35.28,4.3784,1.76,-0.073,471.0,222.0
2026-08-09T21:41:40.369091+00:00,1786311700.369,565.31,35.28,4.3784,1.73,-0.073,468.6,222.0
2026-08-09T21:41:40.567058+00:00,1786311700.567,565.51,35.31,4.3828,1.70,-0.062,466.5,222.0
2026-08-09T21:41:40.761693+00:00,1786311700.762,565.70,35.29,4.3828,1.63,-0.056,464.4,222.0
2026-08-09T21:41:40.960966+00:00,1786311700.961,565.90,35.33,4.3894,1.59,0.000,463.7,222.0
2026-08-09T21:41:41.166958+00:00,1786311701.167,566.11,35.53,4.3894,1.52,-0.055,460.9,222.0
2026-08-09T21:41:41.372740+00:00,1786311701.373,566.31,35.43,4.3894,1.47,0.000,459.4,222.0
2026-08-09T21:41:41.567750+00:00,1786311701.568,566.51,35.56,4.3938,1.44,0.000,457.9,222.0
2026-08-09T21:41:41.770525+00:00,1786311701.771,566.71,35.65,4.3938,1.41,0.000,456.2,222.0
2026-08-09T21:41:41.973430+00:00,1786311701.973,566.91,35.65,4.3982,1.43,0.069,456.5,222.0
2026-08-09T21:41:42.175173+00:00,1786311702.175,567.12,35.60,4.3982,1.47,0.000,454.8,222.0
2026-08-09T21:41:42.381002+00:00,1786311702.381,567.32,35.87,4.3982,1.52,0.082,456.3,222.0
2026-08-09T21:41:42.578127+00:00,1786311702.578,567.52,35.95,4.4026,1.58,0.088,458.1,222.0
2026-08-09T21:41:42.774506+00:00,1786311702.774,567.72,35.88,4.4026,1.63,0.081,459.7,222.0
2026-08-09T21:41:42.977040+00:00,1786311702.977,567.92,35.94,4.4092,1.65,0.085,464.9,222.0
2026-08-09T21:41:43.179152+00:00,1786311703.179,568.12,36.08,4.4092,1.67,0.077,468.4,222.0
2026-08-09T21:41:43.380890+00:00,1786311703.381,568.32,36.28,4.4092,1.68,0.117,473.5,222.0
2026-08-09T21:41:43.583144+00:00,1786311703.583,568.52,36.25,4.4136,1.68,0.096,477.5,222.0
2026-08-09T21:41:43.786547+00:00,1786311703.787,568.73,36.21,4.4136,1.72,0.077,481.7,222.0
2026-08-09T21:41:43.989154+00:00,1786311703.989,568.93,36.38,4.4180,1.75,0.100,487.9,222.0
2026-08-09T21:41:44.184311+00:00,1786311704.184,569.13,36.42,4.4180,1.80,0.112,491.3,222.0
2026-08-09T21:41:44.389143+00:00,1786311704.389,569.33,36.42,4.4180,1.86,0.076,496.8,222.0
2026-08-09T21:41:44.589865+00:00,1786311704.590,569.53,36.17,4.4246,1.91,0.000,500.3,222.0
2026-08-09T21:41:44.785619+00:00,1786311704.786,569.73,36.28,4.4246,1.96,0.055,506.3,222.0
2026-08-09T21:41:44.988098+00:00,1786311704.988,569.93,36.33,4.4290,2.01,0.053,512.1,222.0
2026-08-09T21:41:45.193561+00:00,1786311705.194,570.13,36.44,4.4290,2.06,0.000,517.4,222.0
2026-08-09T21:41:45.399221+00:00,1786311705.399,570.34,36.39,4.4290,2.10,0.000,523.0,222.0
2026-08-09T21:41:45.593836+00:00,1786311705.594,570.54,36.21,4.4334,2.10,0.000,528.3,233.1
2026-08-09T21:41:45.794782+00:00,1786311705.795,570.74,36.35,4.4334,2.10,0.000,533.8,233.1
2026-08-09T21:41:45.991473+00:00,1786311705.991,570.93,36.34,4.4400,2.10,0.000,537.7,233.1
2026-08-09T21:41:46.190397+00:00,1786311706.190,571.13,36.22,4.4400,2.09,0.000,543.4,233.1
2026-08-09T21:41:46.392353+00:00,1786311706.392,571.33,36.15,4.4400,2.08,0.000,547.5,233.1
2026-08-09T21:41:46.591956+00:00,1786311706.592,571.53,36.20,4.4444,2.07,0.000,551.7,233.1
2026-08-09T21:41:46.794186+00:00,1786311706.794,571.74,36.23,4.4444,2.07,0.000,556.0,233.1
2026-08-09T21:41:46.990268+00:00,1786311706.990,571.93,36.23,4.4488,2.10,0.000,558.1,233.1
2026-08-09T21:41:47.189858+00:00,1786311707.190,572.13,36.18,4.4488,2.11,0.000,562.3,233.1
2026-08-09T21:41:47.391947+00:00,1786311707.392,572.33,36.05,4.4488,2.12,0.000,563.1,233.1
2026-08-09T21:41:47.594868+00:00,1786311707.595,572.54,36.04,4.4532,2.12,0.000,563.3,233.1
2026-08-09T21:41:47.792683+00:00,1786311707.793,572.73,35.92,4.4532,2.12,-0.059,561.4,233.1
2026-08-09T21:41:47.993017+00:00,1786311707.993,572.93,35.89,4.4598,2.08,-0.062,558.9,233.1
2026-08-09T21:41:48.195955+00:00,1786311708.196,573.14,35.65,4.4598,2.03,-0.079,555.3,233.1
2026-08-09T21:41:48.402325+00:00,1786311708.402,573.34,35.74,4.4598,1.99,-0.056,550.7,233.1
2026-08-09T21:41:48.601624+00:00,1786311708.602,573.54,35.70,4.4642,1.97,-0.070,546.2,222.0
2026-08-09T21:41:48.807999+00:00,1786311708.808,573.75,35.60,4.4642,1.96,-0.087,541.5,222.0
2026-08-09T21:41:49.011145+00:00,1786311709.011,573.95,35.67,4.4686,1.99,-0.078,536.1,222.0
2026-08-09T21:41:49.217096+00:00,1786311709.217,574.16,35.67,4.4686,2.02,-0.070,530.5,222.0
2026-08-09T21:41:49.420915+00:00,1786311709.421,574.36,35.45,4.4686,2.07,-0.082,525.4,222.0
2026-08-09T21:41:49.618965+00:00,1786311709.619,574.56,35.65,4.4730,2.11,-0.053,524.2,233.1
2026-08-09T21:41:49.814621+00:00,1786311709.815,574.76,35.64,4.4730,2.17,0.000,522.8,233.1
2026-08-09T21:41:50.020969+00:00,1786311710.021,574.96,35.61,4.4796,2.20,0.000,521.3,233.1
2026-08-09T21:41:50.222863+00:00,1786311710.223,575.16,35.52,4.4796,2.23,0.000,521.3,233.1
2026-08-09T21:41:50.428442+00:00,1786311710.428,575.37,35.44,4.4796,2.21,0.000,520.8,233.1
2026-08-09T21:41:50.631152+00:00,1786311710.631,575.57,35.60,4.4840,2.20,0.000,520.7,233.1
2026-08-09T21:41:50.832735+00:00,1786311710.833,575.77,35.55,4.4840,2.18,0.000,520.3,233.1
2026-08-09T21:41:51.032899+00:00,1786311711.033,575.97,35.44,4.4884,2.15,0.000,519.6,233.1
2026-08-09T21:41:51.234722+00:00,1786311711.235,576.18,35.44,4.4884,2.13,0.000,519.0,233.1
2026-08-09T21:41:51.432519+00:00,1786311711.433,576.37,35.13,4.4884,2.10,0.000,518.0,233.1
2026-08-09T21:41:51.634722+00:00,1786311711.635,576.58,35.52,4.4928,2.09,0.000,517.4,233.1
2026-08-09T21:41:51.838434+00:00,1786311711.838,576.78,35.40,4.4928,2.08,0.000,516.5,233.1
2026-08-09T21:41:52.042502+00:00,1786311712.042,576.98,35.43,4.4994,2.08,0.000,515.5,233.1
2026-08-09T21:41:52.241864+00:00,1786311712.242,577.18,35.45,4.4994,2.07,0.000,514.5,233.1
2026-08-09T21:41:52.443848+00:00,1786311712.444,577.39,35.38,4.4994,2.02,0.000,513.3,233.1
2026-08-09T21:41:52.645784+00:00,1786311712.646,577.59,35.67,4.5038,1.97,0.000,512.0,233.1
2026-08-09T21:41:52.850139+00:00,1786311712.850,577.79,35.30,4.5038,1.90,0.000,512.1,233.1
2026-08-09T21:41:53.054284+00:00,1786311713.054,578.00,35.39,4.5082,1.83,0.000,512.2,222.0
2026-08-09T21:41:53.256521+00:00,1786311713.257,578.20,35.35,4.5082,1.77,0.000,513.1,222.0
2026-08-09T21:41:53.458563+00:00,1786311713.459,578.40,35.35,4.5082,1.75,0.000,513.2,222.0
2026-08-09T21:41:53.656084+00:00,1786311713.656,578.60,35.24,4.5126,1.73,0.000,513.8,222.0
2026-08-09T21:41:53.860536+00:00,1786311713.861,578.80,35.21,4.5126,1.71,0.000,514.8,222.0
2026-08-09T21:41:54.062553+00:00,1786311714.063,579.00,35.20,4.5192,1.70,0.000,515.3,222.0
2026-08-09T21:41:54.264827+00:00,1786311714.265,579.21,35.17,4.5192,1.68,0.000,515.2,222.0
2026-08-09T21:41:54.467216+00:00,1786311714.467,579.41,35.20,4.5192,1.66,0.000,515.3,222.0
2026-08-09T21:41:54.668126+00:00,1786311714.668,579.61,35.02,4.5236,1.64,-0.088,511.0,222.0
2026-08-09T21:41:54.874517+00:00,1786311714.875,579.82,35.02,4.5236,1.62,0.000,507.3,222.0
2026-08-09T21:41:55.078571+00:00,1786311715.079,580.02,35.00,4.5280,1.58,-0.054,501.6,222.0
2026-08-09T21:41:55.284655+00:00,1786311715.285,580.23,35.00,4.5280,1.52,0.000,497.2,222.0
2026-08-09T21:41:55.488415+00:00,1786311715.488,580.43,34.66,4.5324,1.50,-0.093,489.5,222.0
2026-08-09T21:41:55.682795+00:00,1786311715.683,580.62,34.90,4.5324,1.51,0.000,485.0,222.0
2026-08-09T21:41:55.888646+00:00,1786311715.889,580.83,34.76,4.5324,1.49,-0.061,478.4,222.0
2026-08-09T21:41:56.084601+00:00,1786311716.085,581.03,34.68,4.5390,1.48,-0.072,471.7,222.0
2026-08-09T21:41:56.282103+00:00,1786311716.282,581.22,34.67,4.5390,1.46,-0.069,465.1,222.0
2026-08-09T21:41:56.484390+00:00,1786311716.484,581.43,34.59,4.5434,1.44,-0.085,458.2,222.0
2026-08-09T21:41:56.689536+00:00,1786311716.690,581.63,34.81,4.5434,1.42,0.000,453.9,222.0
2026-08-09T21:41:56.883513+00:00,1786311716.884,581.82,34.81,4.5434,1.41,0.000,449.6,222.0
2026-08-09T21:41:57.081502+00:00,1786311717.081,582.02,34.40,4.5478,1.40,-0.083,442.3,222.0
2026-08-09T21:41:57.287351+00:00,1786311717.287,582.23,34.37,4.5478,1.39,-0.087,434.7,222.0
2026-08-09T21:41:57.494159+00:00,1786311717.494,582.44,34.39,4.5522,1.38,0.000,430.2,222.0
2026-08-09T21:41:57.699597+00:00,1786311717.700,582.64,34.23,4.5522,1.36,-0.091,422.6,222.0
2026-08-09T21:41:57.905446+00:00,1786311717.905,582.85,34.15,4.5522,1.33,-0.084,415.8,222.0
2026-08-09T21:41:58.109954+00:00,1786311718.110,583.05,34.00,4.5566,1.29,-0.093,408.6,222.0
2026-08-09T21:41:58.314512+00:00,1786311718.314,583.26,34.04,4.5566,1.27,-0.086,401.9,222.0
2026-08-09T21:41:58.515331+00:00,1786311718.515,583.46,34.04,4.5610,1.25,-0.075,395.6,222.0
2026-08-09T21:41:58.717726+00:00,1786311718.718,583.66,33.88,4.5610,1.21,-0.128,387.5,222.0
2026-08-09T21:41:58.922816+00:00,1786311718.923,583.86,33.96,4.5610,1.22,-0.116,380.0,222.0
2026-08-09T21:41:59.127560+00:00,1786311719.128,584.07,33.93,4.5654,1.24,-0.064,374.3,222.0
2026-08-09T21:41:59.332442+00:00,1786311719.332,584.27,34.07,4.5654,1.28,0.000,371.1,222.0
2026-08-09T21:41:59.538576+00:00,1786311719.539,584.48,34.04,4.5720,1.35,0.000,368.4,222.0
2026-08-09T21:41:59.739880+00:00,1786311719.740,584.68,33.79,4.5720,1.42,-0.060,367.0,222.0
2026-08-09T21:41:59.940009+00:00,1786311719.940,584.88,33.82,4.5720,1.50,0.000,365.2,222.0
2026-08-09T21:42:00.138033+00:00,1786311720.138,585.08,33.82,4.5764,1.57,0.000,365.8,222.0
2026-08-09T21:42:00.334503+00:00,1786311720.334,585.28,33.44,4.5764,1.64,-0.082,362.3,222.0
2026-08-09T21:42:00.539014+00:00,1786311720.539,585.48,33.28,4.5808,1.70,-0.104,361.9,222.0
2026-08-09T21:42:00.743042+00:00,1786311720.743,585.68,32.90,4.5808,1.77,-0.135,357.3,222.0
2026-08-09T21:42:00.937771+00:00,1786311720.938,585.88,32.62,4.5808,1.82,-0.184,353.4,222.0
2026-08-09T21:42:01.141134+00:00,1786311721.141,586.08,32.62,4.5852,1.86,-0.180,350.4,222.0
2026-08-09T21:42:01.338835+00:00,1786311721.339,586.28,32.44,4.5852,1.85,-0.225,345.8,222.0
2026-08-09T21:42:01.542384+00:00,1786311721.542,586.48,32.24,4.5896,1.84,-0.249,341.0,222.0
2026-08-09T21:42:01.746902+00:00,1786311721.747,586.69,32.11,4.5896,1.82,-0.233,333.7,222.0
2026-08-09T21:42:01.951132+00:00,1786311721.951,586.89,31.84,4.5896,1.77,-0.273,324.8,222.0
2026-08-09T21:42:02.151121+00:00,1786311722.151,587.09,31.84,4.5940,1.70,-0.273,318.6,222.0
2026-08-09T21:42:02.350553+00:00,1786311722.351,587.29,31.50,4.5940,1.61,-0.267,312.2,222.0
2026-08-09T21:42:02.547351+00:00,1786311722.547,587.49,31.05,4.5983,1.49,-0.308,301.1,222.0
2026-08-09T21:42:02.752250+00:00,1786311722.752,587.69,30.48,4.5983,1.36,-0.334,291.4,222.0
2026-08-09T21:42:02.955371+00:00,1786311722.955,587.90,30.48,4.5983,1.22,-0.295,282.1,222.0
2026-08-09T21:42:03.152731+00:00,1786311723.153,588.09,29.66,4.6005,1.07,-0.409,269.3,222.0
2026-08-09T21:42:03.348890+00:00,1786311723.349,588.29,28.88,4.6005,0.91,-0.492,253.1,222.0
2026-08-09T21:42:03.552042+00:00,1786311723.552,588.49,28.88,4.6049,0.74,-0.464,236.7,222.0
2026-08-09T21:42:03.754762+00:00,1786311723.755,588.70,27.97,4.6049,0.56,-0.573,218.6,222.0
2026-08-09T21:42:03.957821+00:00,1786311723.958,588.90,27.05,4.6049,0.43,-0.664,197.0,222.0
2026-08-09T21:42:04.156517+00:00,1786311724.157,589.10,27.05,4.6093,0.29,-0.664,173.2,222.0
2026-08-09T21:42:04.352834+00:00,1786311724.353,589.29,26.01,4.6093,0.19,-0.762,144.5,222.0
2026-08-09T21:42:04.554958+00:00,1786311724.555,589.50,26.01,4.6115,0.08,-0.698,116.4,222.0
2026-08-09T21:42:04.754545+00:00,1786311724.755,589.70,24.87,4.6115,-0.07,-0.778,87.9,222.0
2026-08-09T21:42:04.958395+00:00,1786311724.958,589.90,24.87,4.6115,-0.24,-0.778,56.5,222.0
2026-08-09T21:42:05.159582+00:00,1786311725.160,590.10,23.65,4.6137,-0.45,-0.831,23.3,188.7
2026-08-09T21:42:05.360390+00:00,1786311725.360,590.30,23.65,4.6137,-0.66,-0.722,0.0,188.7
2026-08-09T21:42:05.554699+00:00,1786311725.555,590.50,22.24,4.6181,-0.90,-0.920,0.0,188.7
2026-08-09T21:42:05.749782+00:00,1786311725.750,590.69,22.24,4.6181,-1.13,-0.797,0.0,188.7
2026-08-09T21:42:05.952339+00:00,1786311725.952,590.89,20.93,4.6181,-1.32,-0.852,0.0,188.7
2026-08-09T21:42:06.155150+00:00,1786311726.155,591.10,20.93,4.6203,-1.49,-0.850,0.0,188.7
2026-08-09T21:42:06.354000+00:00,1786311726.354,591.30,20.93,4.6203,-1.66,-0.705,0.0,188.7
2026-08-09T21:42:06.556282+00:00,1786311726.556,591.50,19.34,4.6225,-1.79,-0.926,0.0,188.7
2026-08-09T21:42:06.762035+00:00,1786311726.762,591.70,19.34,4.6225,-1.93,-0.765,0.0,188.7
2026-08-09T21:42:06.964972+00:00,1786311726.965,591.91,17.91,4.6225,-2.07,-0.964,0.0,188.7
2026-08-09T21:42:07.167329+00:00,1786311727.167,592.11,17.91,4.6247,-2.18,-0.795,0.0,188.7
2026-08-09T21:42:07.369550+00:00,1786311727.370,592.31,17.91,4.6247,-2.28,-0.794,0.0,188.7
2026-08-09T21:42:07.567679+00:00,1786311727.568,592.51,17.91,4.6247,-2.35,-0.598,0.0,188.7
2026-08-09T21:42:07.769793+00:00,1786311727.770,592.71,16.14,4.6247,-2.36,-0.839,0.0,188.7
2026-08-09T21:42:07.975457+00:00,1786311727.975,592.92,16.14,4.6247,-2.34,-0.657,0.0,188.7
2026-08-09T21:42:08.181901+00:00,1786311728.182,593.12,16.14,4.6269,-2.28,-0.656,0.0,188.7
2026-08-09T21:42:08.380144+00:00,1786311728.380,593.32,14.34,4.6269,-2.25,-0.904,0.0,188.7
2026-08-09T21:42:08.584833+00:00,1786311728.585,593.53,14.34,4.6291,-2.24,-0.685,0.0,188.7
2026-08-09T21:42:08.788542+00:00,1786311728.789,593.73,14.34,4.6291,-2.23,-0.686,0.0,188.7
2026-08-09T21:42:08.991230+00:00,1786311728.991,593.93,14.34,4.6291,-2.23,-0.489,0.0,188.7
2026-08-09T21:42:09.192485+00:00,1786311729.192,594.13,12.87,4.6291,-2.24,-0.691,0.0,188.7
2026-08-09T21:42:09.397163+00:00,1786311729.397,594.34,12.87,4.6291,-2.21,-0.690,0.0,188.7
2026-08-09T21:42:09.595555+00:00,1786311729.596,594.54,12.87,4.6313,-2.15,-0.690,0.0,188.7
2026-08-09T21:42:09.794144+00:00,1786311729.794,594.74,12.87,4.6313,-2.05,-0.449,0.0,188.7
2026-08-09T21:42:09.996086+00:00,1786311729.996,594.94,12.87,4.6313,-1.91,-0.450,0.0,188.7
2026-08-09T21:42:10.197249+00:00,1786311730.197,595.14,11.42,4.6313,-1.73,-0.650,0.0,188.7
2026-08-09T21:42:10.401858+00:00,1786311730.402,595.34,11.42,4.6313,-1.51,-0.400,0.0,188.7
2026-08-09T21:42:10.603994+00:00,1786311730.604,595.55,11.42,4.6335,-1.27,-0.401,0.0,188.7
2026-08-09T21:42:10.802515+00:00,1786311730.803,595.74,11.42,4.6335,-1.06,-0.402,0.0,188.7
2026-08-09T21:42:10.998191+00:00,1786311730.998,595.94,11.42,4.6335,-0.88,-0.403,0.0,188.7
2026-08-09T21:42:11.200937+00:00,1786311731.201,596.14,11.42,4.6335,-0.75,-0.200,0.0,188.7
2026-08-09T21:42:11.403511+00:00,1786311731.403,596.34,9.85,4.6335,-0.62,-0.418,0.0,188.7
2026-08-09T21:42:11.607781+00:00,1786311731.608,596.55,9.85,4.6357,-0.46,-0.417,0.0,188.7
2026-08-09T21:42:11.806022+00:00,1786311731.806,596.75,9.85,4.6357,-0.26,-0.417,0.0,188.7
2026-08-09T21:42:12.001705+00:00,1786311732.002,596.94,9.85,4.6357,-0.04,-0.418,0.0,188.7
2026-08-09T21:42:12.197181+00:00,1786311732.197,597.14,9.24,4.6357,0.22,-0.303,0.0,188.7
2026-08-09T21:42:12.402643+00:00,1786311732.403,597.34,9.24,4.6357,0.48,-0.303,0.0,188.7
2026-08-09T21:42:12.608159+00:00,1786311732.608,597.55,9.24,4.6379,0.73,-0.303,0.0,222.0
2026-08-09T21:42:12.807449+00:00,1786311732.807,597.75,9.24,4.6379,0.99,-0.303,0.0,222.0
2026-08-09T21:42:13.003059+00:00,1786311733.003,597.94,9.03,4.6401,1.25,-0.332,0.0,222.0
2026-08-09T21:42:13.199100+00:00,1786311733.199,598.14,9.03,4.6401,1.51,-0.333,0.0,222.0
2026-08-09T21:42:13.397264+00:00,1786311733.397,598.34,9.03,4.6401,1.76,-0.114,0.0,222.0
2026-08-09T21:42:13.601982+00:00,1786311733.602,598.54,9.09,4.6401,2.03,-0.105,0.0,222.0
2026-08-09T21:42:13.802884+00:00,1786311733.803,598.74,9.09,4.6401,2.34,-0.105,0.0,222.0
2026-08-09T21:42:14.007361+00:00,1786311734.007,598.95,9.09,4.6423,2.73,-0.105,0.0,233.1
2026-08-09T21:42:14.204765+00:00,1786311734.205,599.15,9.43,4.6423,3.14,0.000,0.0,233.1
2026-08-09T21:42:14.401495+00:00,1786311734.401,599.34,9.43,4.6423,3.56,0.000,0.0,233.1
2026-08-09T21:42:14.599812+00:00,1786311734.600,599.54,9.43,4.6445,3.94,0.000,0.0,233.1
2026-08-09T21:42:14.798369+00:00,1786311734.798,599.74,9.99,4.6445,4.26,0.105,0.0,233.1
2026-08-09T21:42:15.005106+00:00,1786311735.005,599.95,9.99,4.6467,4.59,0.134,0.0,233.1
2026-08-09T21:42:15.201375+00:00,1786311735.201,600.14,9.99,4.6467,4.88,0.134,8.5,233.1
2026-08-09T21:42:15.397748+00:00,1786311735.398,600.34,9.99,4.6467,5.17,0.134,24.5,233.1
2026-08-09T21:42:15.597752+00:00,1786311735.598,600.54,11.19,4.6489,5.41,0.292,43.4,244.2
2026-08-09T21:42:15.802655+00:00,1786311735.803,600.74,11.19,4.6489,5.61,0.292,62.3,244.2
2026-08-09T21:42:16.007844+00:00,1786311736.008,600.95,11.19,4.6489,5.75,0.292,81.1,244.2
2026-08-09T21:42:16.210755+00:00,1786311736.211,601.15,11.59,4.6489,5.81,0.300,98.3,244.2
2026-08-09T21:42:16.413054+00:00,1786311736.413,601.35,11.59,4.6489,5.79,0.299,116.9,244.2
2026-08-09T21:42:16.610020+00:00,1786311736.610,601.55,11.59,4.6511,5.69,0.300,135.0,244.2
2026-08-09T21:42:16.810790+00:00,1786311736.811,601.75,12.00,4.6511,5.50,0.277,152.8,244.2
2026-08-09T21:42:17.010264+00:00,1786311737.010,601.95,12.00,4.6533,5.24,0.279,169.8,244.2
2026-08-09T21:42:17.212206+00:00,1786311737.212,602.15,12.00,4.6533,4.96,0.277,184.7,244.2
2026-08-09T21:42:17.415230+00:00,1786311737.415,602.36,12.46,4.6533,4.73,0.339,200.0,244.2
2026-08-09T21:42:17.616619+00:00,1786311737.617,602.56,12.46,4.6555,4.56,0.174,212.7,233.1
2026-08-09T21:42:17.819360+00:00,1786311737.819,602.76,12.46,4.6555,4.46,0.175,224.9,233.1
2026-08-09T21:42:18.016527+00:00,1786311738.017,602.96,12.70,4.6577,4.36,0.208,237.3,233.1
2026-08-09T21:42:18.209972+00:00,1786311738.210,603.15,12.70,4.6577,4.29,0.153,248.6,233.1
2026-08-09T21:42:18.416257+00:00,1786311738.416,603.36,12.70,4.6577,4.21,0.153,257.6,233.1
2026-08-09T21:42:18.617614+00:00,1786311738.618,603.56,13.06,4.6599,4.14,0.203,266.9,233.1
2026-08-09T21:42:18.821291+00:00,1786311738.821,603.76,13.06,4.6599,4.10,0.147,275.1,233.1
2026-08-09T21:42:19.019409+00:00,1786311739.019,603.96,13.84,4.6621,4.10,0.254,284.7,233.1
2026-08-09T21:42:19.224386+00:00,1786311739.224,604.17,13.84,4.6621,4.15,0.254,292.8,233.1
2026-08-09T21:42:19.421699+00:00,1786311739.422,604.36,14.99,4.6621,4.26,0.351,303.0,233.1
2026-08-09T21:42:19.623957+00:00,1786311739.624,604.57,14.99,4.6643,4.44,0.351,313.2,233.1
2026-08-09T21:42:19.821757+00:00,1786311739.822,604.76,16.08,4.6643,4.66,0.503,325.5,233.1
2026-08-09T21:42:20.016619+00:00,1786311740.017,604.96,16.08,4.6665,4.91,0.470,337.3,233.1
2026-08-09T21:42:20.223138+00:00,1786311740.223,605.16,17.06,4.6665,5.20,0.603,352.7,233.1
2026-08-09T21:42:20.427229+00:00,1786311740.427,605.37,17.06,4.6665,5.48,0.603,368.6,233.1
2026-08-09T21:42:20.624566+00:00,1786311740.625,605.57,18.02,4.6687,5.73,0.686,384.7,244.2
2026-08-09T21:42:20.829115+00:00,1786311740.829,605.77,18.02,4.6687,5.94,0.686,401.1,244.2
2026-08-09T21:42:21.025488+00:00,1786311741.025,605.97,19.09,4.6731,6.10,0.727,420.3,244.2
2026-08-09T21:42:21.223743+00:00,1786311741.224,606.17,19.09,4.6731,6.22,0.730,439.3,244.2
2026-08-09T21:42:21.422779+00:00,1786311741.423,606.36,19.91,4.6731,6.31,0.682,459.2,244.2
2026-08-09T21:42:21.626374+00:00,1786311741.626,606.57,19.91,4.6753,6.36,0.681,479.5,244.2
2026-08-09T21:42:21.826656+00:00,1786311741.827,606.77,20.49,4.6753,6.34,0.611,499.5,244.2
2026-08-09T21:42:22.022128+00:00,1786311742.022,606.96,20.99,4.6797,6.26,0.680,522.0,244.2
2026-08-09T21:42:22.219822+00:00,1786311742.220,607.16,20.99,4.6797,6.18,0.546,542.2,244.2
2026-08-09T21:42:22.424635+00:00,1786311742.425,607.37,21.38,4.6797,6.09,0.600,563.1,244.2
2026-08-09T21:42:22.618996+00:00,1786311742.619,607.56,21.38,4.6819,5.99,0.467,583.2,244.2
2026-08-09T21:42:22.814786+00:00,1786311742.815,607.76,21.69,4.6819,5.88,0.513,604.5,244.2
2026-08-09T21:42:23.011041+00:00,1786311743.011,607.95,21.69,4.6819,5.77,0.363,622.0,244.2
2026-08-09T21:42:23.217970+00:00,1786311743.218,608.16,21.90,4.6841,5.62,0.391,640.8,244.2
2026-08-09T21:42:23.413886+00:00,1786311743.414,608.36,21.90,4.6841,5.48,0.278,656.9,244.2
2026-08-09T21:42:23.617643+00:00,1786311743.618,608.56,22.00,4.6885,5.33,0.292,672.1,244.2
2026-08-09T21:42:23.818382+00:00,1786311743.818,608.76,22.41,4.6885,5.20,0.268,687.7,244.2
2026-08-09T21:42:24.018530+00:00,1786311744.019,608.96,22.41,4.6885,5.06,0.197,699.3,244.2
2026-08-09T21:42:24.217767+00:00,1786311744.218,609.16,22.76,4.6907,4.94,0.246,711.9,244.2
2026-08-09T21:42:24.413238+00:00,1786311744.413,609.35,22.76,4.6907,4.82,0.193,720.0,244.2
2026-08-09T21:42:24.619480+00:00,1786311744.619,609.56,23.11,4.6951,4.73,0.241,729.0,233.1
2026-08-09T21:42:24.818261+00:00,1786311744.818,609.76,23.58,4.6951,4.68,0.262,734.7,233.1
2026-08-09T21:42:25.013784+00:00,1786311745.014,609.96,23.58,4.6951,4.67,0.262,740.3,233.1
2026-08-09T21:42:25.212903+00:00,1786311745.213,610.15,23.95,4.6973,4.66,0.285,742.6,233.1
2026-08-09T21:42:25.412947+00:00,1786311745.413,610.35,24.28,4.6973,4.61,0.331,745.4,233.1
2026-08-09T21:42:25.608987+00:00,1786311745.609,610.55,24.28,4.7017,4.57,0.318,744.1,233.1
2026-08-09T21:42:25.814571+00:00,1786311745.815,610.76,24.53,4.7017,4.53,0.295,742.0,233.1
2026-08-09T21:42:26.010457+00:00,1786311746.010,610.95,24.53,4.7017,4.49,0.296,736.6,233.1
2026-08-09T21:42:26.213346+00:00,1786311746.213,611.15,24.64,4.7061,4.49,0.262,730.1,233.1
2026-08-09T21:42:26.418254+00:00,1786311746.418,611.36,25.04,4.7061,4.48,0.316,724.5,233.1
2026-08-09T21:42:26.614017+00:00,1786311746.614,611.56,25.04,4.7083,4.48,0.268,717.6,233.1
2026-08-09T21:42:26.816362+00:00,1786311746.816,611.76,25.15,4.7083,4.46,0.218,709.9,233.1
2026-08-09T21:42:27.012551+00:00,1786311747.013,611.95,25.31,4.7083,4.43,0.241,700.9,233.1
2026-08-09T21:42:27.216650+00:00,1786311747.217,612.16,25.31,4.7127,4.40,0.189,693.4,233.1
2026-08-09T21:42:27.411823+00:00,1786311747.412,612.35,25.46,4.7127,4.35,0.165,683.8,233.1
2026-08-09T21:42:27.617623+00:00,1786311747.618,612.56,25.56,4.7171,4.29,0.177,677.4,233.1
2026-08-09T21:42:27.813684+00:00,1786311747.814,612.76,25.56,4.7171,4.23,0.144,668.9,233.1
2026-08-09T21:42:28.009482+00:00,1786311748.009,612.95,25.79,4.7171,4.16,0.175,664.5,233.1
2026-08-09T21:42:28.214359+00:00,1786311748.214,613.16,25.68,4.7193,4.08,0.145,658.5,233.1
2026-08-09T21:42:28.409246+00:00,1786311748.409,613.35,25.68,4.7193,3.99,0.090,653.7,233.1
2026-08-09T21:42:28.614467+00:00,1786311748.614,613.56,25.77,4.7237,3.84,0.101,648.7,233.1
2026-08-09T21:42:28.809394+00:00,1786311748.809,613.75,25.84,4.7237,3.67,0.097,643.4,233.1
2026-08-09T21:42:29.015047+00:00,1786311749.015,613.96,25.84,4.7237,3.50,0.074,638.7,233.1
2026-08-09T21:42:29.218557+00:00,1786311749.219,614.16,25.97,4.7259,3.32,0.091,632.9,233.1
2026-08-09T21:42:29.413314+00:00,1786311749.413,614.35,26.14,4.7259,3.19,0.093,628.3,233.1
2026-08-09T21:42:29.616911+00:00,1786311749.617,614.56,26.14,4.7303,3.07,0.080,621.7,233.1
2026-08-09T21:42:29.812028+00:00,1786311749.812,614.75,26.30,4.7303,2.96,0.103,614.5,233.1
2026-08-09T21:42:30.006919+00:00,1786311750.007,614.95,26.52,4.7303,2.86,0.102,607.1,233.1
2026-08-09T21:42:30.209994+00:00,1786311750.210,615.15,26.52,4.7347,2.76,0.117,598.7,233.1
2026-08-09T21:42:30.416535+00:00,1786311750.417,615.36,26.68,4.7347,2.68,0.139,589.4,233.1
2026-08-09T21:42:30.619984+00:00,1786311750.620,615.56,26.86,4.7391,2.61,0.151,580.7,233.1
2026-08-09T21:42:30.826526+00:00,1786311750.827,615.77,26.86,4.7391,2.54,0.139,571.7,233.1
2026-08-09T21:42:31.030494+00:00,1786311751.030,615.97,27.00,4.7391,2.48,0.160,563.3,233.1
2026-08-09T21:42:31.235081+00:00,1786311751.235,616.18,27.15,4.7413,2.42,0.163,555.5,233.1
2026-08-09T21:42:31.437813+00:00,1786311751.438,616.38,27.34,4.7413,2.39,0.165,546.1,233.1
2026-08-09T21:42:31.640976+00:00,1786311751.641,616.58,27.34,4.7457,2.41,0.165,537.8,233.1
2026-08-09T21:42:31.842229+00:00,1786311751.842,616.78,27.54,4.7457,2.47,0.169,531.2,233.1
2026-08-09T21:42:32.044505+00:00,1786311752.044,616.99,27.77,4.7457,2.52,0.171,524.4,233.1
2026-08-09T21:42:32.244816+00:00,1786311752.245,617.19,27.77,4.7501,2.59,0.171,519.4,233.1
2026-08-09T21:42:32.444876+00:00,1786311752.445,617.39,27.84,4.7501,2.67,0.158,514.9,233.1
2026-08-09T21:42:32.650910+00:00,1786311752.651,617.59,28.01,4.7545,2.78,0.158,511.0,233.1
2026-08-09T21:42:32.853912+00:00,1786311752.854,617.80,28.01,4.7545,2.92,0.159,508.7,233.1
2026-08-09T21:42:33.053200+00:00,1786311753.053,617.99,28.01,4.7545,3.04,0.139,505.7,233.1
2026-08-09T21:42:33.255579+00:00,1786311753.256,618.20,27.95,4.7567,3.16,0.110,503.5,233.1
2026-08-09T21:42:33.461462+00:00,1786311753.461,618.40,27.90,4.7567,3.26,0.077,502.6,233.1
2026-08-09T21:42:33.667456+00:00,1786311753.667,618.61,27.90,4.7611,3.34,0.077,502.2,233.1
2026-08-09T21:42:33.866926+00:00,1786311753.867,618.81,27.78,4.7611,3.43,0.000,500.8,233.1
2026-08-09T21:42:34.072564+00:00,1786311754.073,619.01,27.99,4.7611,3.51,0.000,501.2,233.1
2026-08-09T21:42:34.276794+00:00,1786311754.277,619.22,27.92,4.7655,3.59,0.000,502.1,233.1
2026-08-09T21:42:34.469791+00:00,1786311754.470,619.41,27.92,4.7655,3.65,0.000,503.5,233.1
2026-08-09T21:42:34.670861+00:00,1786311754.671,619.61,28.02,4.7699,3.72,0.000,506.2,233.1
2026-08-09T21:42:34.873686+00:00,1786311754.874,619.82,28.13,4.7699,3.79,0.000,509.0,233.1
2026-08-09T21:42:35.075075+00:00,1786311755.075,620.02,28.13,4.7699,3.82,0.000,512.2,233.1
2026-08-09T21:42:35.277072+00:00,1786311755.277,620.22,28.05,4.7743,3.85,0.000,515.4,233.1
2026-08-09T21:42:35.479287+00:00,1786311755.479,620.42,28.30,4.7743,3.85,0.054,520.0,233.1
2026-08-09T21:42:35.679068+00:00,1786311755.679,620.62,28.19,4.7765,3.82,0.000,522.7,233.1
2026-08-09T21:42:35.885363+00:00,1786311755.885,620.83,28.19,4.7765,3.77,0.057,527.3,233.1
2026-08-09T21:42:36.090370+00:00,1786311756.090,621.03,28.21,4.7809,3.72,0.000,529.7,233.1
2026-08-09T21:42:36.286379+00:00,1786311756.286,621.23,28.22,4.7809,3.67,0.000,532.1,233.1
2026-08-09T21:42:36.488780+00:00,1786311756.489,621.43,28.29,4.7809,3.65,0.050,535.5,233.1
2026-08-09T21:42:36.693128+00:00,1786311756.693,621.63,28.29,4.7853,3.64,0.000,537.6,233.1
2026-08-09T21:42:36.896014+00:00,1786311756.896,621.84,28.43,4.7853,3.63,0.000,539.2,233.1
2026-08-09T21:42:37.098563+00:00,1786311757.099,622.04,28.28,4.7897,3.62,0.000,540.1,233.1
2026-08-09T21:42:37.303289+00:00,1786311757.303,622.24,28.28,4.7897,3.62,0.000,540.7,233.1
2026-08-09T21:42:37.508916+00:00,1786311757.509,622.45,28.32,4.7897,3.62,0.000,541.2,233.1
2026-08-09T21:42:37.707705+00:00,1786311757.708,622.65,28.42,4.7919,3.62,0.000,541.2,233.1
2026-08-09T21:42:37.904619+00:00,1786311757.905,622.85,28.45,4.7919,3.63,0.000,540.7,233.1
2026-08-09T21:42:38.106809+00:00,1786311758.107,623.05,28.45,4.7963,3.67,0.000,540.3,233.1
2026-08-09T21:42:38.308560+00:00,1786311758.309,623.25,28.51,4.7963,3.71,0.000,540.5,233.1
2026-08-09T21:42:38.509366+00:00,1786311758.509,623.45,28.61,4.7963,3.74,0.000,541.3,233.1
2026-08-09T21:42:38.712181+00:00,1786311758.712,623.65,28.71,4.8007,3.79,0.058,543.7,233.1
2026-08-09T21:42:38.908722+00:00,1786311758.909,623.85,28.71,4.8007,3.85,0.000,546.5,233.1
2026-08-09T21:42:39.113479+00:00,1786311759.113,624.05,28.71,4.8051,3.92,0.058,550.6,233.1
2026-08-09T21:42:39.308802+00:00,1786311759.309,624.25,28.61,4.8051,4.00,0.000,553.2,233.1
2026-08-09T21:42:39.514590+00:00,1786311759.515,624.46,28.61,4.8051,4.07,0.000,555.7,233.1
2026-08-09T21:42:39.714839+00:00,1786311759.715,624.66,28.50,4.8095,4.14,0.000,558.1,233.1
2026-08-09T21:42:39.917953+00:00,1786311759.918,624.86,28.35,4.8095,4.22,0.000,560.2,233.1
2026-08-09T21:42:40.118073+00:00,1786311760.118,625.06,28.12,4.8117,4.29,0.000,562.3,233.1
2026-08-09T21:42:40.312465+00:00,1786311760.312,625.25,28.12,4.8117,4.38,-0.054,563.3,233.1
2026-08-09T21:42:40.516482+00:00,1786311760.516,625.46,27.86,4.8117,4.47,-0.103,561.5,233.1
2026-08-09T21:42:40.720055+00:00,1786311760.720,625.66,27.54,4.8161,4.58,-0.161,559.9,233.1
2026-08-09T21:42:40.916565+00:00,1786311760.917,625.86,27.54,4.8161,4.67,-0.161,557.5,233.1
2026-08-09T21:42:41.116587+00:00,1786311761.117,626.06,27.24,4.8205,4.74,-0.203,555.7,233.1
2026-08-09T21:42:41.313134+00:00,1786311761.313,626.25,26.88,4.8205,4.80,-0.241,553.1,233.1
2026-08-09T21:42:41.519685+00:00,1786311761.520,626.46,26.88,4.8205,4.82,-0.241,549.2,233.1
2026-08-09T21:42:41.722605+00:00,1786311761.723,626.66,26.45,4.8249,4.81,-0.284,545.2,233.1
2026-08-09T21:42:41.919991+00:00,1786311761.920,626.86,26.45,4.8249,4.79,-0.264,541.5,233.1
2026-08-09T21:42:42.124053+00:00,1786311762.124,627.07,25.97,4.8271,4.70,-0.298,536.4,233.1
2026-08-09T21:42:42.324863+00:00,1786311762.325,627.27,25.54,4.8271,4.60,-0.357,529.1,233.1
2026-08-09T21:42:42.518997+00:00,1786311762.519,627.46,25.54,4.8271,4.47,-0.323,522.0,233.1
2026-08-09T21:42:42.725011+00:00,1786311762.725,627.67,25.14,4.8315,4.29,-0.333,513.6,233.1
2026-08-09T21:42:42.920914+00:00,1786311762.921,627.86,25.14,4.8315,4.07,-0.333,504.2,233.1
2026-08-09T21:42:43.120945+00:00,1786311763.121,628.06,24.55,4.8337,3.84,-0.373,492.5,233.1
2026-08-09T21:42:43.316679+00:00,1786311763.317,628.26,24.46,4.8337,3.57,-0.335,480.3,233.1
2026-08-09T21:42:43.511082+00:00,1786311763.511,628.45,24.46,4.8337,3.30,-0.336,466.8,233.1
2026-08-09T21:42:43.710606+00:00,1786311763.711,628.65,24.28,4.8381,3.01,-0.303,451.0,233.1
2026-08-09T21:42:43.916434+00:00,1786311763.916,628.86,24.22,4.8381,2.73,-0.310,435.2,233.1
2026-08-09T21:42:44.123306+00:00,1786311764.123,629.06,24.22,4.8403,2.47,-0.243,418.1,233.1
2026-08-09T21:42:44.328712+00:00,1786311764.329,629.27,24.18,4.8403,2.24,-0.187,402.6,233.1
2026-08-09T21:42:44.532867+00:00,1786311764.533,629.47,24.18,4.8403,2.04,-0.186,386.1,233.1
2026-08-09T21:42:44.731765+00:00,1786311764.732,629.67,24.22,4.8447,1.84,-0.127,370.0,233.1
2026-08-09T21:42:44.926217+00:00,1786311764.926,629.87,24.47,4.8447,1.68,-0.093,354.0,233.1
2026-08-09T21:42:45.144017+00:00,1786311765.144,630.09,24.47,4.8468,1.56,0.000,339.6,222.0
2026-08-09T21:42:45.337448+00:00,1786311765.337,630.28,24.30,4.8468,1.46,0.000,325.7,222.0
2026-08-09T21:42:45.537504+00:00,1786311765.537,630.48,24.31,4.8468,1.40,0.000,312.7,222.0
2026-08-09T21:42:45.739026+00:00,1786311765.739,630.68,24.31,4.8512,1.36,0.000,301.0,222.0
2026-08-09T21:42:45.936683+00:00,1786311765.937,630.88,24.32,4.8512,1.36,0.000,288.9,222.0
2026-08-09T21:42:46.141353+00:00,1786311766.141,631.08,24.32,4.8534,1.37,0.000,277.8,222.0
2026-08-09T21:42:46.340011+00:00,1786311766.340,631.28,24.36,4.8534,1.43,0.000,268.1,222.0
2026-08-09T21:42:46.539547+00:00,1786311766.540,631.48,24.39,4.8534,1.49,0.000,258.5,222.0
2026-08-09T21:42:46.736000+00:00,1786311766.736,631.68,24.39,4.8578,1.56,0.000,250.7,222.0
2026-08-09T21:42:46.934246+00:00,1786311766.934,631.88,24.49,4.8578,1.62,0.000,242.9,222.0
2026-08-09T21:42:47.132763+00:00,1786311767.133,632.07,24.49,4.8600,1.67,0.000,236.7,222.0
2026-08-09T21:42:47.334863+00:00,1786311767.335,632.28,24.52,4.8600,1.70,0.000,233.0,222.0
2026-08-09T21:42:47.534941+00:00,1786311767.535,632.48,24.75,4.8600,1.76,0.061,230.7,222.0
2026-08-09T21:42:47.737746+00:00,1786311767.738,632.68,24.75,4.8644,1.83,0.061,229.9,222.0
2026-08-09T21:42:47.935068+00:00,1786311767.935,632.88,24.89,4.8644,1.87,0.079,230.7,222.0
2026-08-09T21:42:48.138273+00:00,1786311768.138,633.08,24.96,4.8688,1.93,0.088,234.1,222.0
2026-08-09T21:42:48.332259+00:00,1786311768.332,633.27,24.96,4.8688,1.99,0.083,237.9,222.0
2026-08-09T21:42:48.532583+00:00,1786311768.533,633.47,25.02,4.8688,2.07,0.088,243.3,222.0
2026-08-09T21:42:48.727834+00:00,1786311768.728,633.67,25.06,4.8710,2.18,0.094,249.6,233.1
2026-08-09T21:42:48.927820+00:00,1786311768.928,633.87,25.06,4.8710,2.28,0.080,257.3,233.1
2026-08-09T21:42:49.128512+00:00,1786311769.128,634.07,25.14,4.8754,2.37,0.090,265.2,233.1
2026-08-09T21:42:49.323940+00:00,1786311769.324,634.27,25.14,4.8754,2.44,0.087,272.9,233.1
2026-08-09T21:42:49.520967+00:00,1786311769.521,634.46,25.01,4.8754,2.49,0.000,279.4,233.1
2026-08-09T21:42:49.726395+00:00,1786311769.726,634.67,24.97,4.8776,2.53,0.000,285.4,233.1
2026-08-09T21:42:49.927286+00:00,1786311769.927,634.87,24.97,4.8776,2.58,0.000,291.3,233.1
2026-08-09T21:42:50.125693+00:00,1786311770.126,635.07,24.97,4.8820,2.62,0.000,295.8,233.1
2026-08-09T21:42:50.327422+00:00,1786311770.327,635.27,25.01,4.8820,2.67,0.000,300.9,233.1
2026-08-09T21:42:50.527110+00:00,1786311770.527,635.47,25.01,4.8820,2.70,0.000,306.4,233.1
2026-08-09T21:42:50.724635+00:00,1786311770.725,635.67,24.96,4.8864,2.70,0.000,312.0,233.1
2026-08-09T21:42:50.921655+00:00,1786311770.922,635.86,24.96,4.8864,2.72,0.000,317.7,233.1
2026-08-09T21:42:51.118799+00:00,1786311771.119,636.06,24.90,4.8864,2.70,0.000,323.2,233.1
2026-08-09T21:42:51.323140+00:00,1786311771.323,636.26,24.91,4.8886,2.69,0.000,328.4,233.1
2026-08-09T21:42:51.523236+00:00,1786311771.523,636.46,24.91,4.8886,2.64,0.000,333.2,233.1
2026-08-09T21:42:51.720608+00:00,1786311771.721,636.66,24.86,4.8930,2.58,0.000,337.5,233.1
2026-08-09T21:42:51.921490+00:00,1786311771.921,636.86,24.82,4.8930,2.52,0.000,341.2,233.1
2026-08-09T21:42:52.121262+00:00,1786311772.121,637.06,24.82,4.8930,2.47,0.000,344.5,233.1
2026-08-09T21:42:52.323397+00:00,1786311772.323,637.26,24.74,4.8952,2.41,0.000,347.4,233.1
2026-08-09T21:42:52.523430+00:00,1786311772.523,637.46,24.74,4.8952,2.39,0.000,348.4,233.1
2026-08-09T21:42:52.721238+00:00,1786311772.721,637.66,24.71,4.8996,2.37,0.000,349.0,233.1
2026-08-09T21:42:52.922164+00:00,1786311772.922,637.86,24.81,4.8996,2.35,0.000,349.0,233.1
2026-08-09T21:42:53.120270+00:00,1786311773.120,638.06,24.81,4.8996,2.36,0.000,348.6,233.1
2026-08-09T21:42:53.320420+00:00,1786311773.320,638.26,24.78,4.9018,2.37,0.000,348.0,233.1
2026-08-09T21:42:53.519048+00:00,1786311773.519,638.46,24.78,4.9018,2.38,0.000,347.0,233.1
2026-08-09T21:42:53.713863+00:00,1786311773.714,638.66,24.78,4.9062,2.40,0.000,345.5,233.1
2026-08-09T21:42:53.912881+00:00,1786311773.913,638.85,24.76,4.9062,2.41,0.000,343.9,233.1
2026-08-09T21:42:54.112841+00:00,1786311774.113,639.05,24.76,4.9062,2.41,0.000,341.7,233.1
2026-08-09T21:42:54.314733+00:00,1786311774.315,639.26,24.80,4.9106,2.41,0.000,339.3,233.1
2026-08-09T21:42:54.511856+00:00,1786311774.512,639.45,24.84,4.9106,2.44,0.000,339.0,233.1
2026-08-09T21:42:54.712097+00:00,1786311774.712,639.65,24.84,4.9128,2.46,0.000,338.6,233.1
2026-08-09T21:42:54.907856+00:00,1786311774.908,639.85,24.76,4.9128,2.50,0.000,338.1,233.1
2026-08-09T21:42:55.106185+00:00,1786311775.106,640.05,24.77,4.9128,2.56,0.000,337.7,233.1
2026-08-09T21:42:55.308306+00:00,1786311775.308,640.25,24.77,4.9172,2.61,0.000,337.3,233.1
2026-08-09T21:42:55.504210+00:00,1786311775.504,640.45,24.86,4.9172,2.67,0.000,337.1,233.1
2026-08-09T21:42:55.702925+00:00,1786311775.703,640.64,24.86,4.9194,2.72,0.000,337.0,233.1
2026-08-09T21:42:55.898833+00:00,1786311775.899,640.84,24.93,4.9194,2.78,0.000,337.3,233.1
2026-08-09T21:42:56.097459+00:00,1786311776.097,641.04,25.12,4.9194,2.79,0.050,338.9,233.1
2026-08-09T21:42:56.298152+00:00,1786311776.298,641.24,25.12,4.9238,2.80,0.000,339.5,233.1
2026-08-09T21:42:56.499502+00:00,1786311776.499,641.44,25.27,4.9238,2.80,0.061,341.9,233.1
2026-08-09T21:42:56.697034+00:00,1786311776.697,641.64,25.39,4.9282,2.80,0.077,345.0,233.1
2026-08-09T21:42:56.897890+00:00,1786311776.898,641.84,25.39,4.9282,2.80,0.088,348.5,233.1
2026-08-09T21:42:57.097485+00:00,1786311777.097,642.04,25.40,4.9282,2.81,0.087,352.4,233.1
2026-08-09T21:42:57.294722+00:00,1786311777.295,642.24,25.29,4.9304,2.81,0.072,356.0,233.1
2026-08-09T21:42:57.495225+00:00,1786311777.495,642.44,25.29,4.9304,2.80,0.060,359.5,233.1
2026-08-09T21:42:57.697170+00:00,1786311777.697,642.64,25.18,4.9348,2.80,0.000,361.5,233.1
2026-08-09T21:42:57.900210+00:00,1786311777.900,642.84,25.18,4.9348,2.80,0.000,363.6,233.1
2026-08-09T21:42:58.106474+00:00,1786311778.106,643.05,24.85,4.9348,2.78,0.000,365.2,233.1
2026-08-09T21:42:58.306731+00:00,1786311778.307,643.25,24.60,4.9370,2.76,-0.071,365.0,233.1
2026-08-09T21:42:58.511723+00:00,1786311778.512,643.45,24.60,4.9370,2.72,-0.092,364.0,233.1
2026-08-09T21:42:58.712472+00:00,1786311778.712,643.65,24.40,4.9414,2.68,-0.136,361.7,233.1
2026-08-09T21:42:58.906587+00:00,1786311778.907,643.85,24.40,4.9414,2.63,-0.137,359.2,233.1
2026-08-09T21:42:59.104899+00:00,1786311779.105,644.05,24.21,4.9414,2.59,-0.164,355.8,233.1
2026-08-09T21:42:59.305691+00:00,1786311779.306,644.25,24.18,4.9436,2.54,-0.153,352.4,233.1
2026-08-09T21:42:59.510450+00:00,1786311779.510,644.45,24.18,4.9436,2.48,-0.152,348.7,233.1
2026-08-09T21:42:59.705736+00:00,1786311779.706,644.65,24.16,4.9480,2.43,-0.140,344.9,233.1
2026-08-09T21:42:59.910392+00:00,1786311779.910,644.85,24.17,4.9480,2.35,-0.139,340.8,233.1
2026-08-09T21:43:00.110522+00:00,1786311780.111,645.05,24.17,4.9480,2.28,-0.094,337.2,233.1
2026-08-09T21:43:00.308260+00:00,1786311780.308,645.25,24.22,4.9502,2.20,-0.053,334.0,233.1
2026-08-09T21:43:00.511337+00:00,1786311780.511,645.45,24.22,4.9502,2.16,-0.053,330.4,233.1
2026-08-09T21:43:00.709084+00:00,1786311780.709,645.65,24.36,4.9546,2.13,0.000,327.8,233.1
2026-08-09T21:43:00.913400+00:00,1786311780.913,645.85,24.58,4.9546,2.11,0.000,324.9,233.1
2026-08-09T21:43:01.114836+00:00,1786311781.115,646.06,24.58,4.9546,2.15,0.050,322.0,233.1
2026-08-09T21:43:01.321559+00:00,1786311781.322,646.26,24.73,4.9568,2.18,0.076,321.0,233.1
2026-08-09T21:43:01.525652+00:00,1786311781.526,646.47,24.86,4.9568,2.25,0.094,319.3,233.1
2026-08-09T21:43:01.730746+00:00,1786311781.731,646.67,24.86,4.9612,2.33,0.096,317.5,233.1
2026-08-09T21:43:01.933591+00:00,1786311781.934,646.87,24.98,4.9612,2.41,0.111,316.2,233.1
2026-08-09T21:43:02.137037+00:00,1786311782.137,647.08,25.08,4.9612,2.50,0.124,315.5,233.1
2026-08-09T21:43:02.333137+00:00,1786311782.333,647.27,25.08,4.9656,2.58,0.117,315.5,233.1
2026-08-09T21:43:02.532241+00:00,1786311782.532,647.47,25.14,4.9656,2.66,0.126,316.4,233.1
2026-08-09T21:43:02.736177+00:00,1786311782.736,647.68,25.14,4.9678,2.74,0.107,318.6,233.1
2026-08-09T21:43:02.937563+00:00,1786311782.938,647.88,25.04,4.9678,2.85,0.064,320.2,233.1
2026-08-09T21:43:03.141235+00:00,1786311783.141,648.08,25.17,4.9678,2.96,0.080,323.0,233.1
2026-08-09T21:43:03.346924+00:00,1786311783.347,648.29,25.17,4.9722,3.07,0.060,327.7,233.1
2026-08-09T21:43:03.549892+00:00,1786311783.550,648.49,25.25,4.9722,3.16,0.054,333.3,233.1
2026-08-09T21:43:03.753855+00:00,1786311783.754,648.70,25.35,4.9744,3.23,0.067,340.9,233.1
2026-08-09T21:43:03.958510+00:00,1786311783.958,648.90,25.35,4.9744,3.27,0.052,348.4,233.1
2026-08-09T21:43:04.159730+00:00,1786311784.160,649.10,25.43,4.9744,3.27,0.000,355.8,233.1
2026-08-09T21:43:04.365050+00:00,1786311784.365,649.31,25.47,4.9788,3.25,0.054,364.3,233.1
2026-08-09T21:43:04.569608+00:00,1786311784.570,649.51,25.47,4.9788,3.20,0.000,371.5,233.1
2026-08-09T21:43:04.772216+00:00,1786311784.772,649.71,25.63,4.9832,3.14,0.066,380.2,233.1
2026-08-09T21:43:04.977092+00:00,1786311784.977,649.92,25.51,4.9832,3.08,0.063,388.6,233.1
2026-08-09T21:43:05.182000+00:00,1786311785.182,650.12,25.51,4.9854,3.02,0.000,394.7,233.1
2026-08-09T21:43:05.377283+00:00,1786311785.377,650.32,25.48,4.9854,2.99,0.000,399.9,233.1
2026-08-09T21:43:05.578260+00:00,1786311785.578,650.52,25.49,4.9854,2.98,0.000,405.3,233.1
2026-08-09T21:43:05.783836+00:00,1786311785.784,650.73,25.49,4.9898,3.00,0.000,409.6,233.1
2026-08-09T21:43:05.982690+00:00,1786311785.983,650.92,25.42,4.9898,3.02,0.000,413.7,233.1
2026-08-09T21:43:06.184277+00:00,1786311786.184,651.13,25.38,4.9942,3.03,0.000,416.7,233.1
2026-08-09T21:43:06.388363+00:00,1786311786.388,651.33,25.38,4.9942,3.03,0.000,418.8,233.1
2026-08-09T21:43:06.595243+00:00,1786311786.595,651.54,25.29,4.9942,3.02,0.000,419.9,233.1
2026-08-09T21:43:06.793090+00:00,1786311786.793,651.73,25.29,4.9964,3.01,0.000,420.7,233.1
2026-08-09T21:43:06.992582+00:00,1786311786.993,651.93,25.12,4.9964,2.99,-0.054,419.3,233.1
2026-08-09T21:43:07.196900+00:00,1786311787.197,652.14,25.24,5.0008,2.97,0.000,418.4,233.1
2026-08-09T21:43:07.392746+00:00,1786311787.393,652.33,25.24,5.0008,2.98,0.000,417.4,233.1
2026-08-09T21:43:07.591822+00:00,1786311787.592,652.53,25.13,5.0008,2.98,0.000,415.7,233.1
2026-08-09T21:43:07.789687+00:00,1786311787.790,652.73,25.09,5.0030,2.98,-0.056,412.7,233.1
2026-08-09T21:43:07.991960+00:00,1786311787.992,652.93,25.09,5.0030,2.96,0.000,411.7,233.1
2026-08-09T21:43:08.194543+00:00,1786311788.195,653.14,25.01,5.0074,2.93,-0.051,408.4,233.1
2026-08-09T21:43:08.392594+00:00,1786311788.393,653.33,25.02,5.0074,2.91,0.000,406.3,233.1
2026-08-09T21:43:08.598118+00:00,1786311788.598,653.54,25.02,5.0074,2.86,0.000,403.7,233.1
2026-08-09T21:43:08.799377+00:00,1786311788.799,653.74,25.15,5.0118,2.76,0.000,400.1,233.1
2026-08-09T21:43:09.004026+00:00,1786311789.004,653.95,25.15,5.0118,2.67,0.000,396.3,233.1
2026-08-09T21:43:09.202780+00:00,1786311789.203,654.14,24.90,5.0140,2.58,0.000,393.1,233.1
2026-08-09T21:43:09.406309+00:00,1786311789.406,654.35,25.05,5.0140,2.49,0.000,388.6,233.1
2026-08-09T21:43:09.607345+00:00,1786311789.607,654.55,25.05,5.0140,2.41,0.000,385.1,233.1
2026-08-09T21:43:09.814433+00:00,1786311789.814,654.76,25.18,5.0184,2.34,0.000,380.0,233.1
2026-08-09T21:43:10.015849+00:00,1786311790.016,654.96,25.34,5.0184,2.29,0.000,375.3,233.1
2026-08-09T21:43:10.216211+00:00,1786311790.216,655.16,25.34,5.0206,2.24,0.000,372.1,233.1
2026-08-09T21:43:10.420515+00:00,1786311790.421,655.36,25.52,5.0206,2.22,0.069,370.7,233.1
2026-08-09T21:43:10.625424+00:00,1786311790.625,655.57,25.62,5.0206,2.24,0.082,369.8,233.1
2026-08-09T21:43:10.829879+00:00,1786311790.830,655.77,25.62,5.0250,2.27,0.064,368.5,233.1
2026-08-09T21:43:11.031502+00:00,1786311791.031,655.97,25.84,5.0250,2.32,0.093,368.3,233.1
2026-08-09T21:43:11.234237+00:00,1786311791.234,656.18,25.82,5.0294,2.37,0.126,369.0,233.1
2026-08-09T21:43:11.438732+00:00,1786311791.439,656.38,25.82,5.0294,2.41,0.106,369.5,233.1
2026-08-09T21:43:11.638746+00:00,1786311791.639,656.58,25.87,5.0294,2.43,0.112,370.3,233.1
2026-08-09T21:43:11.840307+00:00,1786311791.840,656.78,25.91,5.0316,2.49,0.100,371.1,233.1
2026-08-09T21:43:12.044348+00:00,1786311792.044,656.99,25.91,5.0316,2.57,0.078,373.2,233.1
2026-08-09T21:43:12.245318+00:00,1786311792.245,657.19,25.90,5.0360,2.65,0.076,374.3,233.1
2026-08-09T21:43:12.448454+00:00,1786311792.448,657.39,25.91,5.0360,2.74,0.053,375.2,233.1
2026-08-09T21:43:12.653496+00:00,1786311792.653,657.59,25.91,5.0360,2.83,0.000,375.3,233.1
2026-08-09T21:43:12.853297+00:00,1786311792.853,657.79,25.92,5.0404,2.91,0.000,377.1,233.1
2026-08-09T21:43:13.053927+00:00,1786311793.054,658.00,25.96,5.0404,2.99,0.000,378.0,233.1
2026-08-09T21:43:13.249349+00:00,1786311793.249,658.19,25.96,5.0426,3.05,0.000,380.4,233.1
2026-08-09T21:43:13.447056+00:00,1786311793.447,658.39,25.93,5.0426,3.09,0.000,381.9,233.1
2026-08-09T21:43:13.647870+00:00,1786311793.648,658.59,25.94,5.0426,3.08,0.000,383.6,233.1
2026-08-09T21:43:13.844889+00:00,1786311793.845,658.79,25.94,5.0470,3.08,0.000,385.6,233.1
2026-08-09T21:43:14.051114+00:00,1786311794.051,658.99,25.88,5.0470,3.07,0.000,387.8,233.1
2026-08-09T21:43:14.248569+00:00,1786311794.249,659.19,25.80,5.0492,3.06,0.000,390.4,233.1
2026-08-09T21:43:14.451310+00:00,1786311794.451,659.39,25.80,5.0492,3.04,0.000,393.2,233.1
2026-08-09T21:43:14.650160+00:00,1786311794.650,659.59,25.77,5.0492,3.04,0.000,396.3,233.1
2026-08-09T21:43:14.848093+00:00,1786311794.848,659.79,25.64,5.0536,3.04,0.000,399.4,233.1
2026-08-09T21:43:15.045365+00:00,1786311795.045,659.99,25.64,5.0536,3.01,0.000,402.6,233.1
2026-08-09T21:43:15.244921+00:00,1786311795.245,660.19,25.50,5.0580,2.97,-0.064,404.1,233.1
2026-08-09T21:43:15.449770+00:00,1786311795.450,660.39,25.50,5.0580,2.94,-0.059,403.9,233.1
2026-08-09T21:43:15.648243+00:00,1786311795.648,660.59,25.25,5.0580,2.89,-0.095,402.0,233.1
2026-08-09T21:43:15.852944+00:00,1786311795.853,660.79,25.02,5.0602,2.82,-0.127,399.3,233.1
2026-08-09T21:43:16.057227+00:00,1786311796.057,661.00,25.02,5.0602,2.75,-0.119,395.3,233.1
2026-08-09T21:43:16.256027+00:00,1786311796.256,661.20,24.80,5.0646,2.69,-0.139,389.6,233.1
2026-08-09T21:43:16.460228+00:00,1786311796.460,661.40,24.80,5.0646,2.61,-0.139,383.9,233.1
2026-08-09T21:43:16.658644+00:00,1786311796.659,661.60,24.42,5.0646,2.54,-0.187,376.3,233.1
2026-08-09T21:43:16.859858+00:00,1786311796.860,661.80,24.07,5.0668,2.47,-0.216,367.6,233.1
2026-08-09T21:43:17.066388+00:00,1786311797.066,662.01,24.07,5.0668,2.41,-0.215,358.9,233.1
2026-08-09T21:43:17.263757+00:00,1786311797.264,662.21,23.70,5.0712,2.39,-0.248,348.9,233.1
2026-08-09T21:43:17.467974+00:00,1786311797.468,662.41,23.70,5.0712,2.37,-0.248,339.1,233.1
2026-08-09T21:43:17.665959+00:00,1786311797.666,662.61,23.18,5.0712,2.38,-0.285,329.1,233.1
2026-08-09T21:43:17.870029+00:00,1786311797.870,662.81,23.18,5.0734,2.39,-0.254,319.5,233.1
2026-08-09T21:43:18.072699+00:00,1786311798.073,663.01,22.62,5.0734,2.44,-0.331,307.8,233.1
2026-08-09T21:43:18.275482+00:00,1786311798.275,663.22,22.62,5.0756,2.53,-0.299,296.9,233.1
2026-08-09T21:43:18.478794+00:00,1786311798.479,663.42,21.79,5.0756,2.66,-0.414,283.7,233.1
2026-08-09T21:43:18.682406+00:00,1786311798.682,663.62,21.79,5.0756,2.82,-0.360,272.0,233.1
2026-08-09T21:43:18.885930+00:00,1786311798.886,663.83,20.79,5.0778,2.95,-0.450,258.7,233.1
2026-08-09T21:43:19.088807+00:00,1786311799.089,664.03,20.79,5.0778,3.08,-0.451,245.9,233.1
2026-08-09T21:43:19.283830+00:00,1786311799.284,664.23,20.07,5.0822,3.22,-0.500,232.5,233.1
2026-08-09T21:43:19.487961+00:00,1786311799.488,664.43,20.07,5.0822,3.41,-0.500,219.7,233.1
2026-08-09T21:43:19.684678+00:00,1786311799.685,664.63,19.33,5.0822,3.64,-0.530,206.9,233.1
2026-08-09T21:43:19.887167+00:00,1786311799.887,664.83,19.33,5.0844,3.90,-0.531,194.9,233.1
2026-08-09T21:43:20.085044+00:00,1786311800.085,665.03,18.85,5.0844,4.20,-0.521,184.0,233.1
2026-08-09T21:43:20.287046+00:00,1786311800.287,665.23,18.85,5.0866,4.51,-0.521,175.7,233.1
2026-08-09T21:43:20.483790+00:00,1786311800.484,665.43,18.48,5.0866,4.87,-0.459,169.4,233.1
2026-08-09T21:43:20.686323+00:00,1786311800.686,665.63,18.48,5.0866,5.23,-0.459,165.4,233.1
2026-08-09T21:43:20.886928+00:00,1786311800.887,665.83,18.48,5.0888,5.64,-0.321,166.0,244.2
2026-08-09T21:43:21.089262+00:00,1786311801.089,666.03,18.30,5.0888,6.04,-0.345,167.4,244.2
2026-08-09T21:43:21.288501+00:00,1786311801.288,666.23,18.30,5.0910,6.44,-0.244,172.4,244.2
2026-08-09T21:43:21.490673+00:00,1786311801.491,666.43,18.34,5.0910,6.84,-0.240,179.0,244.2
2026-08-09T21:43:21.689727+00:00,1786311801.690,666.63,18.34,5.0910,7.21,-0.137,190.0,244.2
2026-08-09T21:43:21.892113+00:00,1786311801.892,666.83,18.26,5.0932,7.58,-0.148,202.8,244.2
2026-08-09T21:43:22.095458+00:00,1786311802.095,667.04,18.26,5.0932,7.92,-0.081,218.0,244.2
2026-08-09T21:43:22.295715+00:00,1786311802.296,667.24,18.38,5.0975,8.25,-0.064,235.5,244.2
2026-08-09T21:43:22.498562+00:00,1786311802.499,667.44,18.38,5.0975,8.53,0.000,255.0,244.2
2026-08-09T21:43:22.705329+00:00,1786311802.705,667.65,18.55,5.0975,8.80,0.000,276.6,244.2
2026-08-09T21:43:22.905348+00:00,1786311802.905,667.85,18.55,5.0997,9.07,0.000,298.2,244.2
2026-08-09T21:43:23.104417+00:00,1786311803.104,668.05,18.74,5.0997,9.30,0.059,323.5,244.2
2026-08-09T21:43:23.306157+00:00,1786311803.306,668.25,18.74,5.1019,9.49,0.059,348.3,244.2
2026-08-09T21:43:23.505642+00:00,1786311803.506,668.45,18.95,5.1019,9.60,0.084,376.6,244.2
2026-08-09T21:43:23.701372+00:00,1786311803.701,668.64,18.95,5.1019,9.65,0.084,403.3,244.2
2026-08-09T21:43:23.901729+00:00,1786311803.902,668.84,19.23,5.1041,9.65,0.134,433.1,244.2
2026-08-09T21:43:24.102745+00:00,1786311804.103,669.04,19.23,5.1041,9.57,0.134,462.3,244.2
2026-08-09T21:43:24.302729+00:00,1786311804.303,669.24,19.60,5.1085,9.41,0.168,493.1,244.2
2026-08-09T21:43:24.500989+00:00,1786311804.501,669.44,19.60,5.1085,9.17,0.168,522.5,244.2
2026-08-09T21:43:24.700666+00:00,1786311804.701,669.64,19.93,5.1085,8.92,0.192,552.3,244.2
2026-08-09T21:43:24.896039+00:00,1786311804.896,669.84,19.93,5.1107,8.70,0.193,580.7,244.2
2026-08-09T21:43:25.097627+00:00,1786311805.098,670.04,20.23,5.1107,8.50,0.209,608.4,244.2
2026-08-09T21:43:25.302591+00:00,1786311805.303,670.24,20.23,5.1129,8.28,0.208,634.5,244.2
2026-08-09T21:43:25.505443+00:00,1786311805.505,670.45,20.52,5.1129,8.02,0.219,658.5,244.2
2026-08-09T21:43:25.702543+00:00,1786311805.703,670.64,20.96,5.1129,7.72,0.280,682.5,244.2
2026-08-09T21:43:25.906666+00:00,1786311805.907,670.85,20.96,5.1173,7.37,0.240,701.1,244.2
2026-08-09T21:43:26.101548+00:00,1786311806.102,671.04,21.40,5.1173,7.02,0.302,719.8,244.2
2026-08-09T21:43:26.307781+00:00,1786311806.308,671.25,21.40,5.1195,6.65,0.250,733.5,244.2
2026-08-09T21:43:26.504162+00:00,1786311806.504,671.45,21.80,5.1195,6.31,0.306,746.6,244.2
2026-08-09T21:43:26.699446+00:00,1786311806.699,671.64,21.80,5.1195,5.99,0.260,754.8,244.2
2026-08-09T21:43:26.895118+00:00,1786311806.895,671.84,22.18,5.1239,5.69,0.312,762.9,244.2
2026-08-09T21:43:27.090508+00:00,1786311807.090,672.03,22.44,5.1239,5.42,0.308,768.2,244.2
2026-08-09T21:43:27.296254+00:00,1786311807.296,672.24,22.44,5.1261,5.19,0.308,771.3,244.2
2026-08-09T21:43:27.498863+00:00,1786311807.499,672.44,22.71,5.1261,5.00,0.305,772.3,244.2
2026-08-09T21:43:27.694349+00:00,1786311807.694,672.64,22.71,5.1261,4.80,0.244,770.1,244.2
2026-08-09T21:43:27.898829+00:00,1786311807.899,672.84,22.83,5.1283,4.61,0.261,767.1,233.1
2026-08-09T21:43:28.094887+00:00,1786311808.095,673.04,22.83,5.1283,4.43,0.200,760.2,233.1
2026-08-09T21:43:28.297619+00:00,1786311808.298,673.24,22.94,5.1327,4.28,0.215,752.6,233.1
2026-08-09T21:43:28.493640+00:00,1786311808.494,673.44,23.13,5.1327,4.16,0.186,743.0,233.1
2026-08-09T21:43:28.689265+00:00,1786311808.689,673.63,23.13,5.1327,4.04,0.185,732.9,233.1
2026-08-09T21:43:28.891192+00:00,1786311808.891,673.83,23.20,5.1349,3.94,0.142,720.2,233.1
2026-08-09T21:43:29.086612+00:00,1786311809.087,674.03,23.20,5.1349,3.84,0.106,706.6,233.1
2026-08-09T21:43:29.290660+00:00,1786311809.291,674.23,23.28,5.1393,3.76,0.116,692.2,233.1
2026-08-09T21:43:29.486357+00:00,1786311809.486,674.43,23.37,5.1393,3.67,0.093,677.7,233.1
2026-08-09T21:43:29.684370+00:00,1786311809.684,674.63,23.37,5.1393,3.58,0.093,662.7,233.1
2026-08-09T21:43:29.885477+00:00,1786311809.885,674.83,23.59,5.1415,3.48,0.106,648.4,233.1
2026-08-09T21:43:30.079548+00:00,1786311810.080,675.02,23.59,5.1415,3.40,0.106,633.6,233.1
2026-08-09T21:43:30.281946+00:00,1786311810.282,675.22,23.80,5.1459,3.32,0.120,619.8,233.1
2026-08-09T21:43:30.478469+00:00,1786311810.478,675.42,23.79,5.1459,3.25,0.092,605.2,233.1
2026-08-09T21:43:30.673520+00:00,1786311810.674,675.61,23.79,5.1459,3.23,0.092,589.6,233.1
2026-08-09T21:43:30.876521+00:00,1786311810.877,675.82,23.91,5.1481,3.22,0.099,576.0,233.1
2026-08-09T21:43:31.082460+00:00,1786311811.082,676.02,23.91,5.1481,3.22,0.098,561.7,233.1
2026-08-09T21:43:31.289515+00:00,1786311811.290,676.23,24.02,5.1525,3.24,0.104,549.9,233.1
2026-08-09T21:43:31.492129+00:00,1786311811.492,676.43,24.10,5.1525,3.26,0.101,537.6,233.1
2026-08-09T21:43:31.694612+00:00,1786311811.695,676.64,24.10,5.1525,3.28,0.101,527.3,233.1
2026-08-09T21:43:31.893227+00:00,1786311811.893,676.83,24.08,5.1569,3.30,0.067,515.8,233.1
2026-08-09T21:43:32.090957+00:00,1786311812.091,677.03,24.07,5.1569,3.31,0.066,504.9,233.1
2026-08-09T21:43:32.290749+00:00,1786311812.291,677.23,24.07,5.1591,3.32,0.000,493.4,233.1
2026-08-09T21:43:32.494130+00:00,1786311812.494,677.44,24.11,5.1591,3.34,0.000,482.4,233.1
2026-08-09T21:43:32.696649+00:00,1786311812.697,677.64,24.11,5.1591,3.36,0.000,473.4,233.1
2026-08-09T21:43:32.898397+00:00,1786311812.898,677.84,24.15,5.1635,3.39,0.000,464.7,233.1
2026-08-09T21:43:33.101124+00:00,1786311813.101,678.04,24.22,5.1635,3.41,0.000,458.1,233.1
2026-08-09T21:43:33.305674+00:00,1786311813.306,678.25,24.22,5.1657,3.41,0.000,451.6,233.1
2026-08-09T21:43:33.503452+00:00,1786311813.503,678.44,24.21,5.1657,3.41,0.000,445.9,233.1
2026-08-09T21:43:33.704868+00:00,1786311813.705,678.65,24.21,5.1657,3.39,0.000,440.6,233.1
2026-08-09T21:43:33.910381+00:00,1786311813.910,678.85,24.09,5.1701,3.37,0.000,436.3,233.1
2026-08-09T21:43:34.111533+00:00,1786311814.112,679.05,24.38,5.1701,3.34,0.000,433.2,233.1
2026-08-09T21:43:34.310393+00:00,1786311814.310,679.25,24.38,5.1723,3.31,0.000,430.1,233.1
2026-08-09T21:43:34.509366+00:00,1786311814.509,679.45,24.45,5.1723,3.27,0.000,427.6,233.1
2026-08-09T21:43:34.711323+00:00,1786311814.711,679.65,24.47,5.1723,3.22,0.050,426.3,233.1
2026-08-09T21:43:34.913869+00:00,1786311814.914,679.86,24.47,5.1767,3.17,0.000,423.7,233.1
2026-08-09T21:43:35.116234+00:00,1786311815.116,680.06,24.52,5.1767,3.12,0.000,421.1,233.1
2026-08-09T21:43:35.314082+00:00,1786311815.314,680.26,24.52,5.1789,3.05,0.000,418.1,233.1
2026-08-09T21:43:35.512933+00:00,1786311815.513,680.45,24.46,5.1789,2.97,0.000,415.6,233.1
2026-08-09T21:43:35.717786+00:00,1786311815.718,680.66,24.87,5.1789,2.89,0.091,415.3,233.1
2026-08-09T21:43:35.921456+00:00,1786311815.921,680.86,24.87,5.1833,2.81,0.107,414.8,233.1
2026-08-09T21:43:36.123538+00:00,1786311816.124,681.06,24.72,5.1833,2.72,0.000,411.4,233.1
2026-08-09T21:43:36.328377+00:00,1786311816.328,681.27,24.77,5.1877,2.64,0.053,408.6,233.1
2026-08-09T21:43:36.532920+00:00,1786311816.533,681.47,24.77,5.1877,2.56,0.000,404.3,233.1
2026-08-09T21:43:36.737394+00:00,1786311816.737,681.68,24.89,5.1877,2.48,0.057,401.0,233.1
2026-08-09T21:43:36.935009+00:00,1786311816.935,681.88,25.01,5.1899,2.40,0.074,398.5,233.1
2026-08-09T21:43:37.139716+00:00,1786311817.140,682.08,25.01,5.1899,2.33,0.067,395.7,233.1
2026-08-09T21:43:37.334823+00:00,1786311817.335,682.28,25.26,5.1943,2.26,0.102,395.0,233.1
2026-08-09T21:43:37.539381+00:00,1786311817.539,682.48,25.21,5.1943,2.19,0.102,393.8,233.1
2026-08-09T21:43:37.741281+00:00,1786311817.741,682.68,25.21,5.1943,2.14,0.000,390.0,233.1
2026-08-09T21:43:37.946207+00:00,1786311817.946,682.89,25.29,5.1965,2.10,0.057,387.3,233.1
2026-08-09T21:43:38.142392+00:00,1786311818.142,683.08,25.43,5.1965,2.08,0.098,385.5,233.1
2026-08-09T21:43:38.344693+00:00,1786311818.345,683.29,25.43,5.2009,2.07,0.091,383.4,233.1
2026-08-09T21:43:38.546739+00:00,1786311818.547,683.49,25.46,5.2009,2.08,0.096,381.5,233.1
2026-08-09T21:43:38.751387+00:00,1786311818.751,683.69,25.46,5.2009,2.13,0.079,379.5,233.1
2026-08-09T21:43:38.957249+00:00,1786311818.957,683.90,25.34,5.2053,2.18,0.000,375.9,233.1
2026-08-09T21:43:39.153412+00:00,1786311819.153,684.09,25.49,5.2053,2.24,0.067,374.1,233.1
2026-08-09T21:43:39.357668+00:00,1786311819.358,684.30,25.49,5.2075,2.30,0.000,371.1,233.1
2026-08-09T21:43:39.562079+00:00,1786311819.562,684.50,25.46,5.2075,2.34,0.000,368.4,233.1
2026-08-09T21:43:39.762939+00:00,1786311819.763,684.70,25.52,5.2075,2.39,0.000,364.9,233.1
2026-08-09T21:43:39.964553+00:00,1786311819.965,684.91,25.52,5.2119,2.45,0.000,362.9,233.1
2026-08-09T21:43:40.162437+00:00,1786311820.162,685.10,25.42,5.2119,2.52,0.000,361.3,233.1
2026-08-09T21:43:40.359505+00:00,1786311820.359,685.30,25.39,5.2141,2.58,0.000,360.2,233.1
2026-08-09T21:43:40.562711+00:00,1786311820.563,685.50,25.39,5.2141,2.65,0.000,359.7,233.1
2026-08-09T21:43:40.762137+00:00,1786311820.762,685.70,25.49,5.2141,2.73,0.000,357.5,233.1
2026-08-09T21:43:40.959422+00:00,1786311820.959,685.90,25.30,5.2185,2.78,0.000,355.3,233.1
2026-08-09T21:43:41.159987+00:00,1786311821.160,686.10,25.30,5.2185,2.82,0.000,356.2,233.1
2026-08-09T21:43:41.356906+00:00,1786311821.357,686.30,25.29,5.2229,2.86,0.000,356.3,233.1
2026-08-09T21:43:41.555780+00:00,1786311821.556,686.50,25.29,5.2229,2.88,0.000,357.9,233.1
2026-08-09T21:43:41.755524+00:00,1786311821.756,686.70,25.14,5.2229,2.87,-0.053,357.1,233.1
2026-08-09T21:43:41.959430+00:00,1786311821.959,686.90,25.09,5.2251,2.86,-0.060,355.8,233.1
2026-08-09T21:43:42.154578+00:00,1786311822.155,687.10,25.09,5.2251,2.85,0.000,356.4,233.1
2026-08-09T21:43:42.353054+00:00,1786311822.353,687.29,25.09,5.2295,2.83,0.000,356.1,233.1
2026-08-09T21:43:42.549182+00:00,1786311822.549,687.49,25.10,5.2295,2.81,0.000,356.0,233.1
2026-08-09T21:43:42.748552+00:00,1786311822.749,687.69,25.10,5.2295,2.80,-0.056,357.2,233.1
2026-08-09T21:43:42.951485+00:00,1786311822.951,687.89,25.17,5.2317,2.78,0.000,358.5,233.1
2026-08-09T21:43:43.155877+00:00,1786311823.156,688.10,25.21,5.2317,2.74,0.000,358.6,233.1
2026-08-09T21:43:43.353761+00:00,1786311823.354,688.30,25.21,5.2361,2.70,0.000,358.8,233.1
2026-08-09T21:43:43.549964+00:00,1786311823.550,688.49,25.33,5.2361,2.67,0.000,358.8,233.1
2026-08-09T21:43:43.749056+00:00,1786311823.749,688.69,25.33,5.2361,2.63,0.000,358.9,233.1
2026-08-09T21:43:43.946067+00:00,1786311823.946,688.89,25.45,5.2405,2.62,0.051,361.9,233.1
2026-08-09T21:43:44.149829+00:00,1786311824.150,689.09,25.46,5.2405,2.61,0.052,363.0,233.1
2026-08-09T21:43:44.348943+00:00,1786311824.349,689.29,25.46,5.2427,2.60,0.051,365.4,233.1
2026-08-09T21:43:44.549332+00:00,1786311824.549,689.49,25.49,5.2427,2.60,0.055,367.7,233.1
2026-08-09T21:43:44.746611+00:00,1786311824.747,689.69,25.45,5.2427,2.60,0.000,368.5,233.1
2026-08-09T21:43:44.945122+00:00,1786311824.945,689.89,25.45,5.2471,2.59,0.000,369.0,233.1
2026-08-09T21:43:45.143774+00:00,1786311825.144,690.09,25.40,5.2471,2.58,0.000,369.2,233.1
2026-08-09T21:43:45.340891+00:00,1786311825.341,690.28,25.32,5.2493,2.57,0.000,369.2,233.1
2026-08-09T21:43:45.539029+00:00,1786311825.539,690.48,25.32,5.2493,2.57,0.000,368.8,233.1
2026-08-09T21:43:45.745634+00:00,1786311825.746,690.69,25.22,5.2493,2.56,0.000,367.9,233.1
2026-08-09T21:43:45.946485+00:00,1786311825.946,690.89,25.22,5.2537,2.55,0.000,366.9,233.1
2026-08-09T21:43:46.144198+00:00,1786311826.144,691.09,25.16,5.2537,2.53,0.000,365.7,233.1
2026-08-09T21:43:46.343963+00:00,1786311826.344,691.29,25.10,5.2581,2.49,-0.050,362.9,233.1
2026-08-09T21:43:46.548405+00:00,1786311826.548,691.49,25.10,5.2581,2.45,-0.055,359.7,233.1
2026-08-09T21:43:46.746292+00:00,1786311826.746,691.69,25.06,5.2581,2.41,-0.053,357.9,233.1
2026-08-09T21:43:46.947121+00:00,1786311826.947,691.89,25.02,5.2603,2.36,-0.059,355.9,233.1
2026-08-09T21:43:47.151040+00:00,1786311827.151,692.09,25.02,5.2603,2.31,-0.053,352.5,233.1
2026-08-09T21:43:47.349011+00:00,1786311827.349,692.29,24.99,5.2647,2.27,0.000,350.2,233.1
2026-08-09T21:43:47.553876+00:00,1786311827.554,692.50,24.99,5.2647,2.23,0.000,347.9,233.1
2026-08-09T21:43:47.752731+00:00,1786311827.753,692.69,24.78,5.2647,2.19,-0.061,345.2,233.1
2026-08-09T21:43:47.954492+00:00,1786311827.954,692.90,24.89,5.2669,2.16,0.000,342.6,233.1
2026-08-09T21:43:48.158983+00:00,1786311828.159,693.10,24.89,5.2669,2.14,0.000,340.0,233.1
2026-08-09T21:43:48.353800+00:00,1786311828.354,693.30,24.83,5.2713,2.12,0.000,337.4,233.1
2026-08-09T21:43:48.554217+00:00,1786311828.554,693.50,24.77,5.2713,2.11,0.000,334.8,233.1
2026-08-09T21:43:48.758663+00:00,1786311828.759,693.70,24.77,5.2713,2.12,0.000,332.4,233.1
2026-08-09T21:43:48.955925+00:00,1786311828.956,693.90,24.71,5.2735,2.14,0.000,328.7,233.1
2026-08-09T21:43:49.157084+00:00,1786311829.157,694.10,24.71,5.2735,2.18,0.000,325.2,233.1
2026-08-09T21:43:49.354994+00:00,1786311829.355,694.30,24.54,5.2779,2.23,-0.063,320.5,233.1
2026-08-09T21:43:49.560447+00:00,1786311829.560,694.50,24.85,5.2779,2.32,0.000,317.6,233.1
2026-08-09T21:43:49.755179+00:00,1786311829.755,694.70,24.85,5.2779,2.45,0.000,316.5,233.1
2026-08-09T21:43:49.953231+00:00,1786311829.953,694.89,24.47,5.2801,2.62,-0.059,314.6,233.1
2026-08-09T21:43:50.157788+00:00,1786311830.158,695.10,24.27,5.2801,2.83,-0.087,312.7,233.1
2026-08-09T21:43:50.358309+00:00,1786311830.358,695.30,24.27,5.2845,3.07,-0.079,311.9,233.1
2026-08-09T21:43:50.559583+00:00,1786311830.560,695.50,24.12,5.2845,3.31,-0.091,311.7,233.1
2026-08-09T21:43:50.762133+00:00,1786311830.762,695.70,24.12,5.2845,3.58,-0.091,312.7,233.1
2026-08-09T21:43:50.958815+00:00,1786311830.959,695.90,23.99,5.2867,3.90,-0.100,314.5,233.1
2026-08-09T21:43:51.163043+00:00,1786311831.163,696.10,24.03,5.2867,4.23,-0.094,318.0,233.1
2026-08-09T21:43:51.365444+00:00,1786311831.365,696.31,24.03,5.2911,4.56,-0.070,324.5,233.1
2026-08-09T21:43:51.567706+00:00,1786311831.568,696.51,23.80,5.2911,4.92,-0.145,330.7,233.1
2026-08-09T21:43:51.773603+00:00,1786311831.774,696.71,23.80,5.2911,5.31,-0.144,338.6,233.1
2026-08-09T21:43:51.972484+00:00,1786311831.972,696.91,24.05,5.2955,5.72,-0.058,350.5,244.2
2026-08-09T21:43:52.176732+00:00,1786311832.177,697.12,24.34,5.2955,6.18,0.000,365.9,244.2
2026-08-09T21:43:52.377611+00:00,1786311832.378,697.32,24.34,5.2977,6.67,0.000,382.1,244.2
2026-08-09T21:43:52.575930+00:00,1786311832.576,697.52,24.57,5.2977,7.13,0.062,401.8,244.2
2026-08-09T21:43:52.781444+00:00,1786311832.781,697.72,24.89,5.2977,7.53,0.106,426.4,244.2
2026-08-09T21:43:52.977898+00:00,1786311832.978,697.92,24.89,5.3021,7.89,0.124,451.4,244.2
2026-08-09T21:43:53.181403+00:00,1786311833.181,698.12,25.22,5.3021,8.21,0.164,479.2,244.2
2026-08-09T21:43:53.384282+00:00,1786311833.384,698.33,25.50,5.3043,8.46,0.203,509.5,244.2
2026-08-09T21:43:53.580701+00:00,1786311833.581,698.52,25.50,5.3043,8.69,0.235,541.6,244.2
2026-08-09T21:43:53.776472+00:00,1786311833.776,698.72,25.70,5.3043,8.86,0.264,575.5,244.2
2026-08-09T21:43:53.976813+00:00,1786311833.977,698.92,25.97,5.3087,8.98,0.266,610.3,244.2
2026-08-09T21:43:54.172882+00:00,1786311834.173,699.11,25.97,5.3087,9.07,0.227,644.4,244.2
2026-08-09T21:43:54.375351+00:00,1786311834.375,699.32,26.11,5.3131,9.16,0.247,681.0,244.2
2026-08-09T21:43:54.572296+00:00,1786311834.572,699.51,26.35,5.3131,9.16,0.247,716.1,244.2
2026-08-09T21:43:54.776497+00:00,1786311834.776,699.72,26.35,5.3131,9.09,0.203,749.3,244.2
2026-08-09T21:43:54.981722+00:00,1786311834.982,699.92,26.50,5.3153,8.93,0.224,783.7,244.2
2026-08-09T21:43:55.181612+00:00,1786311835.182,700.12,26.76,5.3153,8.72,0.214,817.5,244.2
2026-08-09T21:43:55.377004+00:00,1786311835.377,700.32,26.76,5.3197,8.45,0.175,848.1,244.2
2026-08-09T21:43:55.574242+00:00,1786311835.574,700.52,26.95,5.3197,8.14,0.201,877.9,244.2
2026-08-09T21:43:55.773566+00:00,1786311835.774,700.71,27.13,5.3197,7.81,0.198,905.6,244.2
2026-08-09T21:43:55.971256+00:00,1786311835.971,700.91,27.13,5.3241,7.47,0.161,930.1,244.2
2026-08-09T21:43:56.170893+00:00,1786311836.171,701.11,27.28,5.3241,7.12,0.182,952.5,244.2
2026-08-09T21:43:56.370397+00:00,1786311836.370,701.31,27.47,5.3285,6.77,0.189,972.1,244.2
2026-08-09T21:43:56.570837+00:00,1786311836.571,701.51,27.58,5.3285,6.43,0.172,990.7,244.2
2026-08-09T21:43:56.770049+00:00,1786311836.770,701.71,27.58,5.3285,6.11,0.173,1006.4,244.2
2026-08-09T21:43:56.977091+00:00,1786311836.977,701.92,27.67,5.3307,5.81,0.162,1016.9,244.2
2026-08-09T21:43:57.178431+00:00,1786311837.178,702.12,27.86,5.3307,5.51,0.153,1022.8,244.2
2026-08-09T21:43:57.379446+00:00,1786311837.379,702.32,27.86,5.3351,5.18,0.153,1025.4,244.2
2026-08-09T21:43:57.585133+00:00,1786311837.585,702.53,27.73,5.3351,4.88,0.107,1021.9,244.2
2026-08-09T21:43:57.786995+00:00,1786311837.787,702.73,27.99,5.3351,4.62,0.120,1015.0,244.2
2026-08-09T21:43:57.987438+00:00,1786311837.987,702.93,28.06,5.3395,4.40,0.129,1005.5,233.1
2026-08-09T21:43:58.186695+00:00,1786311838.187,703.13,28.06,5.3395,4.19,0.108,991.9,233.1
2026-08-09T21:43:58.392993+00:00,1786311838.393,703.33,28.17,5.3438,4.00,0.096,974.9,233.1
2026-08-09T21:43:58.592132+00:00,1786311838.592,703.53,28.23,5.3438,3.85,0.089,955.3,233.1
2026-08-09T21:43:58.790105+00:00,1786311838.790,703.73,28.23,5.3438,3.72,0.089,933.5,233.1
2026-08-09T21:43:58.992342+00:00,1786311838.992,703.93,27.88,5.3482,3.60,0.000,907.4,233.1
2026-08-09T21:43:59.190518+00:00,1786311839.191,704.13,28.45,5.3482,3.50,0.080,884.2,233.1
2026-08-09T21:43:59.386344+00:00,1786311839.386,704.33,28.40,5.3504,3.42,0.074,859.2,233.1
2026-08-09T21:43:59.584405+00:00,1786311839.584,704.53,28.40,5.3504,3.35,0.094,834.0,233.1
2026-08-09T21:43:59.782102+00:00,1786311839.782,704.72,28.38,5.3504,3.29,0.054,808.8,233.1
2026-08-09T21:43:59.983253+00:00,1786311839.983,704.92,28.35,5.3548,3.22,0.000,781.6,233.1
2026-08-09T21:44:00.179100+00:00,1786311840.179,705.12,28.35,5.3548,3.15,0.000,754.8,233.1
2026-08-09T21:44:00.382356+00:00,1786311840.382,705.32,28.16,5.3592,3.09,0.000,729.5,233.1
2026-08-09T21:44:00.589470+00:00,1786311840.589,705.53,28.70,5.3592,3.03,0.065,706.5,233.1
2026-08-09T21:44:00.786850+00:00,1786311840.787,705.73,28.45,5.3592,2.97,0.000,682.4,233.1
2026-08-09T21:44:00.984536+00:00,1786311840.985,705.93,28.45,5.3636,2.91,0.080,662.5,233.1
2026-08-09T21:44:01.188924+00:00,1786311841.189,706.13,28.44,5.3636,2.87,0.000,641.0,233.1
2026-08-09T21:44:01.384147+00:00,1786311841.384,706.33,28.45,5.3680,2.85,0.000,620.3,233.1
2026-08-09T21:44:01.589760+00:00,1786311841.590,706.53,28.48,5.3680,2.81,0.000,601.2,233.1
2026-08-09T21:44:01.794512+00:00,1786311841.794,706.74,28.48,5.3680,2.76,0.000,583.3,233.1
2026-08-09T21:44:01.995776+00:00,1786311841.996,706.94,28.73,5.3702,2.72,0.053,568.3,233.1
2026-08-09T21:44:02.202141+00:00,1786311842.202,707.14,28.51,5.3702,2.69,0.000,552.7,233.1
2026-08-09T21:44:02.406509+00:00,1786311842.406,707.35,28.51,5.3746,2.64,0.000,538.3,233.1
2026-08-09T21:44:02.606812+00:00,1786311842.607,707.55,28.23,5.3746,2.60,-0.065,524.5,233.1
2026-08-09T21:44:02.801477+00:00,1786311842.801,707.74,28.45,5.3746,2.53,0.000,512.7,233.1
2026-08-09T21:44:03.006925+00:00,1786311843.007,707.95,28.34,5.3790,2.47,0.000,501.2,233.1
2026-08-09T21:44:03.208513+00:00,1786311843.209,708.15,28.34,5.3790,2.38,0.000,490.7,233.1
2026-08-09T21:44:03.404319+00:00,1786311843.404,708.35,28.41,5.3834,2.33,0.000,481.1,233.1
2026-08-09T21:44:03.608375+00:00,1786311843.608,708.55,28.37,5.3834,2.26,0.000,471.9,233.1
2026-08-09T21:44:03.810166+00:00,1786311843.810,708.75,28.44,5.3834,2.17,0.000,463.0,233.1
2026-08-09T21:44:04.005168+00:00,1786311844.005,708.95,28.44,5.3878,2.09,0.000,456.9,233.1
2026-08-09T21:44:04.204193+00:00,1786311844.204,709.15,28.62,5.3878,2.00,0.000,448.3,233.1
2026-08-09T21:44:04.402238+00:00,1786311844.402,709.34,28.39,5.3900,1.89,0.000,439.6,233.1
2026-08-09T21:44:04.605953+00:00,1786311844.606,709.55,28.39,5.3900,1.80,0.000,430.3,233.1
2026-08-09T21:44:04.807281+00:00,1786311844.807,709.75,28.47,5.3900,1.72,0.000,422.0,233.1
2026-08-09T21:44:05.005779+00:00,1786311845.006,709.95,28.45,5.3944,1.65,0.000,415.1,222.0
2026-08-09T21:44:05.210770+00:00,1786311845.211,710.15,28.42,5.3944,1.57,0.000,408.2,222.0
2026-08-09T21:44:05.412649+00:00,1786311845.413,710.35,28.42,5.3988,1.52,0.000,401.5,222.0
2026-08-09T21:44:05.615164+00:00,1786311845.615,710.56,28.39,5.3988,1.47,0.000,392.6,222.0
2026-08-09T21:44:05.818434+00:00,1786311845.818,710.76,28.42,5.3988,1.47,0.000,385.9,222.0
2026-08-09T21:44:06.015485+00:00,1786311846.015,710.96,28.42,5.4032,1.47,0.000,377.4,222.0
2026-08-09T21:44:06.212011+00:00,1786311846.212,711.15,28.47,5.4032,1.50,0.000,371.3,222.0
2026-08-09T21:44:06.414109+00:00,1786311846.414,711.36,28.49,5.4076,1.53,0.000,365.5,222.0
2026-08-09T21:44:06.614747+00:00,1786311846.615,711.56,28.43,5.4076,1.57,0.000,360.0,222.0
2026-08-09T21:44:06.818277+00:00,1786311846.818,711.76,28.43,5.4076,1.63,0.000,354.9,222.0
2026-08-09T21:44:07.016357+00:00,1786311847.016,711.96,28.44,5.4098,1.68,0.000,348.6,222.0
2026-08-09T21:44:07.216404+00:00,1786311847.216,712.16,28.36,5.4098,1.74,0.000,344.3,222.0
2026-08-09T21:44:07.414904+00:00,1786311847.415,712.36,28.36,5.4142,1.81,0.000,340.5,222.0
2026-08-09T21:44:07.612522+00:00,1786311847.613,712.55,28.27,5.4142,1.87,0.000,339.0,222.0
2026-08-09T21:44:07.812972+00:00,1786311847.813,712.75,28.18,5.4142,1.93,0.000,336.2,222.0
2026-08-09T21:44:08.010286+00:00,1786311848.010,712.95,28.03,5.4186,1.99,-0.054,332.4,222.0
2026-08-09T21:44:08.214192+00:00,1786311848.214,713.16,28.03,5.4186,2.05,-0.060,329.1,222.0
2026-08-09T21:44:08.412442+00:00,1786311848.412,713.35,27.98,5.4230,2.08,-0.070,325.8,233.1
2026-08-09T21:44:08.616989+00:00,1786311848.617,713.56,27.90,5.4230,2.10,-0.073,322.9,233.1
2026-08-09T21:44:08.818104+00:00,1786311848.818,713.76,27.90,5.4230,2.09,-0.073,320.2,233.1
2026-08-09T21:44:09.024991+00:00,1786311849.025,713.97,27.81,5.4252,2.08,-0.087,317.5,233.1
2026-08-09T21:44:09.230661+00:00,1786311849.231,714.17,27.76,5.4252,2.06,-0.083,314.9,233.1
2026-08-09T21:44:09.431525+00:00,1786311849.432,714.37,27.76,5.4296,2.03,-0.083,312.9,233.1
2026-08-09T21:44:09.630128+00:00,1786311849.630,714.57,27.64,5.4296,2.00,-0.087,311.0,233.1
2026-08-09T21:44:09.834500+00:00,1786311849.834,714.78,27.73,5.4296,1.98,-0.063,309.9,233.1
2026-08-09T21:44:10.037058+00:00,1786311850.037,714.98,27.66,5.4340,1.95,-0.051,309.4,222.0
2026-08-09T21:44:10.239411+00:00,1786311850.239,715.18,27.66,5.4340,1.90,-0.051,309.0,222.0
2026-08-09T21:44:10.437272+00:00,1786311850.437,715.38,27.64,5.4384,1.84,0.000,309.8,222.0
2026-08-09T21:44:10.636666+00:00,1786311850.637,715.58,27.67,5.4384,1.77,0.000,310.6,222.0
2026-08-09T21:44:10.840553+00:00,1786311850.841,715.78,27.67,5.4384,1.71,0.000,311.1,222.0
2026-08-09T21:44:11.039258+00:00,1786311851.039,715.98,27.62,5.4406,1.64,0.000,311.3,222.0
2026-08-09T21:44:11.237501+00:00,1786311851.237,716.18,27.73,5.4406,1.58,0.000,311.1,222.0
2026-08-09T21:44:11.435484+00:00,1786311851.435,716.38,27.73,5.4450,1.53,0.000,310.6,222.0
2026-08-09T21:44:11.636256+00:00,1786311851.636,716.58,27.57,5.4450,1.49,0.000,309.6,222.0
2026-08-09T21:44:11.836535+00:00,1786311851.837,716.78,27.65,5.4450,1.45,0.000,308.2,222.0
2026-08-09T21:44:12.036447+00:00,1786311852.036,716.98,27.64,5.4494,1.39,0.000,306.4,222.0
2026-08-09T21:44:12.235928+00:00,1786311852.236,717.18,27.64,5.4494,1.35,0.000,304.2,222.0
2026-08-09T21:44:12.441825+00:00,1786311852.442,717.38,27.58,5.4538,1.30,0.000,301.4,222.0
2026-08-09T21:44:12.641962+00:00,1786311852.642,717.58,27.64,5.4538,1.26,0.000,298.3,222.0
2026-08-09T21:44:12.842090+00:00,1786311852.842,717.78,27.64,5.4538,1.21,0.000,294.8,222.0
2026-08-09T21:44:13.041444+00:00,1786311853.041,717.98,27.50,5.4560,1.17,0.000,292.2,222.0
2026-08-09T21:44:13.240942+00:00,1786311853.241,718.18,27.65,5.4560,1.15,0.000,289.6,222.0
2026-08-09T21:44:13.437257+00:00,1786311853.437,718.38,27.65,5.4604,1.13,0.000,287.1,222.0
2026-08-09T21:44:13.634489+00:00,1786311853.634,718.58,27.46,5.4604,1.12,0.000,284.4,222.0
2026-08-09T21:44:13.834428+00:00,1786311853.834,718.78,27.58,5.4604,1.10,0.000,281.7,222.0
2026-08-09T21:44:14.034264+00:00,1786311854.034,718.98,27.65,5.4648,1.10,0.000,279.6,222.0
2026-08-09T21:44:14.232071+00:00,1786311854.232,719.17,27.65,5.4648,1.08,0.000,277.4,222.0
2026-08-09T21:44:14.428906+00:00,1786311854.429,719.37,27.62,5.4692,1.08,0.000,275.3,222.0
2026-08-09T21:44:14.624937+00:00,1786311854.625,719.57,27.71,5.4692,1.08,0.000,273.6,222.0
2026-08-09T21:44:14.820665+00:00,1786311854.821,719.76,27.71,5.4692,1.08,0.000,271.3,222.0
2026-08-09T21:44:15.026961+00:00,1786311855.027,719.97,27.68,5.4736,1.10,0.000,268.9,222.0
2026-08-09T21:44:15.226334+00:00,1786311855.226,720.17,27.78,5.4736,1.12,0.000,266.9,222.0
2026-08-09T21:44:15.426388+00:00,1786311855.426,720.37,27.78,5.4758,1.14,0.000,264.0,222.0
2026-08-09T21:44:15.623761+00:00,1786311855.624,720.57,27.73,5.4758,1.16,0.000,261.4,222.0
2026-08-09T21:44:15.823061+00:00,1786311855.823,720.76,27.81,5.4758,1.19,0.000,259.3,222.0
2026-08-09T21:44:16.022488+00:00,1786311856.022,720.96,27.84,5.4802,1.23,0.000,257.7,222.0
2026-08-09T21:44:16.221432+00:00,1786311856.221,721.16,27.84,5.4802,1.28,0.000,256.4,222.0
2026-08-09T21:44:16.426973+00:00,1786311856.427,721.37,27.97,5.4846,1.33,0.000,255.7,222.0
2026-08-09T21:44:16.626717+00:00,1786311856.627,721.57,28.02,5.4846,1.38,0.000,255.6,222.0
2026-08-09T21:44:16.824571+00:00,1786311856.825,721.77,28.02,5.4846,1.44,0.000,255.8,222.0
2026-08-09T21:44:17.028298+00:00,1786311857.028,721.97,28.13,5.4890,1.49,0.062,258.1,222.0
2026-08-09T21:44:17.231971+00:00,1786311857.232,722.17,28.23,5.4890,1.55,0.063,261.1,222.0
2026-08-09T21:44:17.428064+00:00,1786311857.428,722.37,28.26,5.4912,1.63,0.067,264.7,222.0
2026-08-09T21:44:17.630976+00:00,1786311857.631,722.57,28.26,5.4912,1.70,0.074,269.0,222.0
2026-08-09T21:44:17.828471+00:00,1786311857.828,722.77,28.33,5.4912,1.77,0.072,273.8,222.0
2026-08-09T21:44:18.024681+00:00,1786311858.025,722.97,28.31,5.4956,1.83,0.065,279.0,222.0
2026-08-09T21:44:18.224464+00:00,1786311858.224,723.17,28.31,5.4956,1.88,0.065,284.3,222.0
2026-08-09T21:44:18.423941+00:00,1786311858.424,723.37,28.30,5.5000,1.93,0.000,288.3,222.0
2026-08-09T21:44:18.627509+00:00,1786311858.627,723.57,28.37,5.5000,1.97,0.000,292.7,222.0
2026-08-09T21:44:18.829611+00:00,1786311858.830,723.77,28.34,5.5000,1.98,0.000,297.0,222.0
2026-08-09T21:44:19.029363+00:00,1786311859.029,723.97,28.34,5.5044,1.99,0.000,301.4,222.0
2026-08-09T21:44:19.226278+00:00,1786311859.226,724.17,28.34,5.5044,1.99,0.000,305.9,222.0
2026-08-09T21:44:19.431137+00:00,1786311859.431,724.37,28.41,5.5088,1.98,0.000,310.4,222.0
2026-08-09T21:44:19.631356+00:00,1786311859.631,724.57,28.41,5.5088,1.97,0.000,314.8,222.0
2026-08-09T21:44:19.829176+00:00,1786311859.829,724.77,28.42,5.5088,1.96,0.000,319.1,222.0
2026-08-09T21:44:20.028860+00:00,1786311860.029,724.97,28.62,5.5110,1.94,0.000,323.5,222.0
2026-08-09T21:44:20.230507+00:00,1786311860.230,725.17,28.62,5.5110,1.91,0.000,327.6,222.0
2026-08-09T21:44:20.427256+00:00,1786311860.427,725.37,28.62,5.5154,1.86,0.000,331.4,222.0
2026-08-09T21:44:20.625313+00:00,1786311860.625,725.57,28.64,5.5154,1.81,0.000,334.9,222.0
2026-08-09T21:44:20.828007+00:00,1786311860.828,725.77,28.68,5.5154,1.75,0.000,338.0,222.0
2026-08-09T21:44:21.028398+00:00,1786311861.028,725.97,28.76,5.5198,1.70,0.058,342.3,222.0
2026-08-09T21:44:21.231885+00:00,1786311861.232,726.17,28.76,5.5198,1.66,0.058,346.2,222.0
2026-08-09T21:44:21.438191+00:00,1786311861.438,726.38,28.85,5.5242,1.62,0.061,349.7,222.0
2026-08-09T21:44:21.640524+00:00,1786311861.640,726.58,28.83,5.5242,1.62,0.058,352.9,222.0
2026-08-09T21:44:21.837834+00:00,1786311861.838,726.78,28.90,5.5242,1.67,0.067,356.4,222.0
2026-08-09T21:44:22.043582+00:00,1786311862.044,726.98,28.90,5.5286,1.72,0.000,356.4,222.0
2026-08-09T21:44:22.243237+00:00,1786311862.243,727.18,29.01,5.5286,1.76,0.053,357.7,222.0
2026-08-09T21:44:22.445150+00:00,1786311862.445,727.39,29.14,5.5330,1.84,0.071,359.5,222.0
2026-08-09T21:44:22.640971+00:00,1786311862.641,727.58,29.14,5.5330,1.92,0.069,361.1,222.0
2026-08-09T21:44:22.842150+00:00,1786311862.842,727.78,29.01,5.5330,2.01,0.000,360.8,222.0
2026-08-09T21:44:23.037049+00:00,1786311863.037,727.98,29.19,5.5352,2.10,0.059,362.6,233.1
2026-08-09T21:44:23.241301+00:00,1786311863.241,728.18,29.14,5.5352,2.15,0.053,364.2,233.1
2026-08-09T21:44:23.442167+00:00,1786311863.442,728.38,29.14,5.5396,2.17,0.000,366.0,233.1
2026-08-09T21:44:23.644298+00:00,1786311863.644,728.59,29.10,5.5396,2.18,0.000,367.5,233.1
2026-08-09T21:44:23.844813+00:00,1786311863.845,728.79,29.03,5.5396,2.18,0.000,369.0,233.1
2026-08-09T21:44:24.041710+00:00,1786311864.042,728.98,28.93,5.5440,2.18,0.000,370.3,233.1
2026-08-09T21:44:24.238479+00:00,1786311864.238,729.18,28.93,5.5440,2.18,0.000,371.6,233.1
2026-08-09T21:44:24.445402+00:00,1786311864.445,729.39,28.97,5.5484,2.18,0.000,372.9,233.1
2026-08-09T21:44:24.642790+00:00,1786311864.643,729.58,28.69,5.5484,2.13,-0.063,372.2,233.1
2026-08-09T21:44:24.845966+00:00,1786311864.846,729.79,28.69,5.5484,2.05,0.000,372.8,233.1
2026-08-09T21:44:25.046560+00:00,1786311865.047,729.99,28.31,5.5528,1.96,-0.121,369.5,233.1
2026-08-09T21:44:25.251330+00:00,1786311865.251,730.19,28.51,5.5528,1.87,-0.087,366.9,233.1
2026-08-09T21:44:25.453031+00:00,1786311865.453,730.39,28.42,5.5550,1.75,-0.100,363.6,222.0
2026-08-09T21:44:25.657461+00:00,1786311865.657,730.60,28.42,5.5550,1.64,-0.094,360.2,222.0
2026-08-09T21:44:25.859227+00:00,1786311865.859,730.80,28.32,5.5550,1.51,-0.098,356.3,222.0
2026-08-09T21:44:26.055123+00:00,1786311866.055,731.00,28.25,5.5594,1.41,-0.094,350.6,222.0
2026-08-09T21:44:26.261661+00:00,1786311866.262,731.20,28.15,5.5594,1.34,-0.108,344.5,222.0
2026-08-09T21:44:26.462591+00:00,1786311866.463,731.40,28.15,5.5638,1.30,-0.113,338.0,222.0
2026-08-09T21:44:26.660822+00:00,1786311866.661,731.60,28.30,5.5638,1.26,-0.053,333.1,222.0
2026-08-09T21:44:26.865977+00:00,1786311866.866,731.81,27.87,5.5638,1.23,-0.113,325.7,222.0
2026-08-09T21:44:27.063508+00:00,1786311867.063,732.00,27.87,5.5682,1.18,-0.061,321.0,222.0
2026-08-09T21:44:27.264623+00:00,1786311867.265,732.21,27.76,5.5682,1.13,-0.104,313.2,222.0
2026-08-09T21:44:27.467143+00:00,1786311867.467,732.41,27.59,5.5704,1.06,-0.114,303.8,222.0
2026-08-09T21:44:27.671264+00:00,1786311867.671,732.61,27.59,5.5704,1.01,-0.114,293.9,222.0
2026-08-09T21:44:27.868682+00:00,1786311867.869,732.81,27.45,5.5704,0.97,-0.120,285.2,222.0
2026-08-09T21:44:28.073698+00:00,1786311868.074,733.02,27.35,5.5748,0.93,-0.124,274.0,222.0
2026-08-09T21:44:28.276125+00:00,1786311868.276,733.22,27.35,5.5748,0.90,-0.110,263.0,222.0
2026-08-09T21:44:28.479011+00:00,1786311868.479,733.42,27.14,5.5792,0.87,-0.139,252.3,222.0
2026-08-09T21:44:28.682869+00:00,1786311868.683,733.62,27.22,5.5792,0.83,-0.149,241.3,222.0
2026-08-09T21:44:28.887795+00:00,1786311868.888,733.83,27.09,5.5792,0.78,-0.107,231.1,222.0
2026-08-09T21:44:29.092503+00:00,1786311869.092,734.03,27.09,5.5836,0.71,-0.106,220.8,222.0
2026-08-09T21:44:29.292288+00:00,1786311869.292,734.23,26.99,5.5836,0.64,-0.104,210.1,222.0
2026-08-09T21:44:29.495261+00:00,1786311869.495,734.44,26.93,5.5858,0.57,-0.091,199.5,222.0
2026-08-09T21:44:29.698614+00:00,1786311869.699,734.64,26.93,5.5858,0.53,-0.091,190.8,222.0
2026-08-09T21:44:29.897032+00:00,1786311869.897,734.84,26.82,5.5858,0.51,-0.086,180.8,222.0
2026-08-09T21:44:30.096172+00:00,1786311870.096,735.04,26.83,5.5901,0.55,-0.071,175.1,222.0
2026-08-09T21:44:30.302208+00:00,1786311870.302,735.24,26.83,5.5901,0.58,-0.071,169.0,222.0
2026-08-09T21:44:30.508241+00:00,1786311870.508,735.45,26.56,5.5945,0.62,-0.080,163.6,222.0
2026-08-09T21:44:30.712284+00:00,1786311870.712,735.65,26.45,5.5945,0.67,-0.105,158.1,222.0
2026-08-09T21:44:30.906354+00:00,1786311870.906,735.85,26.45,5.5945,0.70,-0.088,153.8,222.0
2026-08-09T21:44:31.108581+00:00,1786311871.109,736.05,26.34,5.5967,0.73,-0.103,149.6,222.0
2026-08-09T21:44:31.312199+00:00,1786311871.312,736.25,26.22,5.5967,0.76,-0.106,146.2,222.0
2026-08-09T21:44:31.514907+00:00,1786311871.515,736.46,26.22,5.6011,0.80,-0.097,143.5,222.0
2026-08-09T21:44:31.716333+00:00,1786311871.716,736.66,26.09,5.6011,0.88,-0.116,139.0,222.0
2026-08-09T21:44:31.922745+00:00,1786311871.923,736.86,25.90,5.6055,0.95,-0.127,136.5,222.0
2026-08-09T21:44:32.117947+00:00,1786311872.118,737.06,25.90,5.6055,1.03,-0.129,133.1,222.0
2026-08-09T21:44:32.317748+00:00,1786311872.318,737.26,25.75,5.6055,1.10,-0.149,130.9,222.0
2026-08-09T21:44:32.515541+00:00,1786311872.516,737.46,25.75,5.6077,1.16,-0.112,130.4,222.0
2026-08-09T21:44:32.713770+00:00,1786311872.714,737.66,25.47,5.6077,1.20,-0.136,129.6,222.0
2026-08-09T21:44:32.916725+00:00,1786311872.917,737.86,25.40,5.6121,1.22,-0.145,129.1,222.0
2026-08-09T21:44:33.116982+00:00,1786311873.117,738.06,25.40,5.6121,1.20,-0.130,129.1,222.0
2026-08-09T21:44:33.314658+00:00,1786311873.315,738.26,25.18,5.6121,1.17,-0.145,128.3,222.0
2026-08-09T21:44:33.514271+00:00,1786311873.514,738.46,24.90,5.6143,1.15,-0.184,127.4,222.0
2026-08-09T21:44:33.717193+00:00,1786311873.717,738.66,24.90,5.6143,1.11,-0.165,127.2,222.0
2026-08-09T21:44:33.916831+00:00,1786311873.917,738.86,24.77,5.6187,1.10,-0.157,126.2,222.0
2026-08-09T21:44:34.122161+00:00,1786311874.122,739.06,24.77,5.6187,1.08,-0.156,125.5,222.0
2026-08-09T21:44:34.318300+00:00,1786311874.318,739.26,24.52,5.6187,1.07,-0.170,124.6,222.0
2026-08-09T21:44:34.517092+00:00,1786311874.517,739.46,24.37,5.6209,1.04,-0.192,123.1,222.0
2026-08-09T21:44:34.720112+00:00,1786311874.720,739.66,24.37,5.6209,0.99,-0.153,122.4,222.0
2026-08-09T21:44:34.922326+00:00,1786311874.922,739.86,23.98,5.6253,0.93,-0.197,120.3,222.0
2026-08-09T21:44:35.126339+00:00,1786311875.126,740.07,23.98,5.6253,0.87,-0.196,117.5,222.0
2026-08-09T21:44:35.329030+00:00,1786311875.329,740.27,23.77,5.6253,0.83,-0.193,114.5,222.0
2026-08-09T21:44:35.528947+00:00,1786311875.529,740.47,23.57,5.6275,0.79,-0.183,111.6,222.0
2026-08-09T21:44:35.730484+00:00,1786311875.730,740.67,23.57,5.6275,0.76,-0.183,109.1,222.0
2026-08-09T21:44:35.925996+00:00,1786311875.926,740.87,23.29,5.6319,0.74,-0.204,105.5,222.0
2026-08-09T21:44:36.126818+00:00,1786311876.127,741.07,23.29,5.6319,0.73,-0.205,102.0,222.0
2026-08-09T21:44:36.322271+00:00,1786311876.322,741.26,23.10,5.6319,0.73,-0.197,98.8,222.0
2026-08-09T21:44:36.528275+00:00,1786311876.528,741.47,23.10,5.6341,0.74,-0.176,95.6,222.0
2026-08-09T21:44:36.727806+00:00,1786311876.728,741.67,22.86,5.6341,0.76,-0.210,91.9,222.0
2026-08-09T21:44:36.926953+00:00,1786311876.927,741.87,22.62,5.6363,0.76,-0.188,88.6,222.0
2026-08-09T21:44:37.128104+00:00,1786311877.128,742.07,22.62,5.6363,0.76,-0.188,85.0,222.0
2026-08-09T21:44:37.331949+00:00,1786311877.332,742.27,22.40,5.6363,0.75,-0.191,81.6,222.0
2026-08-09T21:44:37.526919+00:00,1786311877.527,742.47,22.40,5.6407,0.72,-0.163,77.5,222.0
2026-08-09T21:44:37.727521+00:00,1786311877.728,742.67,22.27,5.6407,0.70,-0.181,73.5,222.0
2026-08-09T21:44:37.928901+00:00,1786311877.929,742.87,22.27,5.6429,0.68,-0.142,70.4,222.0
2026-08-09T21:44:38.127217+00:00,1786311878.127,743.07,21.99,5.6429,0.64,-0.180,66.0,222.0
2026-08-09T21:44:38.328298+00:00,1786311878.328,743.27,21.99,5.6429,0.62,-0.153,62.7,222.0
2026-08-09T21:44:38.527388+00:00,1786311878.527,743.47,21.64,5.6473,0.62,-0.202,59.4,222.0
2026-08-09T21:44:38.725156+00:00,1786311878.725,743.67,21.64,5.6473,0.61,-0.169,56.4,222.0
2026-08-09T21:44:38.923530+00:00,1786311878.924,743.86,21.28,5.6495,0.63,-0.187,53.0,222.0
2026-08-09T21:44:39.124510+00:00,1786311879.124,744.07,21.28,5.6495,0.66,-0.187,49.8,222.0
2026-08-09T21:44:39.319434+00:00,1786311879.319,744.26,20.95,5.6495,0.69,-0.202,46.7,222.0
2026-08-09T21:44:39.521244+00:00,1786311879.521,744.46,20.95,5.6517,0.77,-0.201,44.6,222.0
2026-08-09T21:44:39.716371+00:00,1786311879.716,744.66,20.46,5.6517,0.83,-0.252,40.9,222.0
2026-08-09T21:44:39.917357+00:00,1786311879.917,744.86,20.46,5.6539,0.90,-0.252,38.7,222.0
2026-08-09T21:44:40.124448+00:00,1786311880.124,745.07,19.90,5.6539,0.97,-0.292,36.2,222.0
2026-08-09T21:44:40.325623+00:00,1786311880.326,745.27,19.90,5.6539,1.02,-0.291,34.0,222.0
2026-08-09T21:44:40.531906+00:00,1786311880.532,745.47,19.38,5.6561,1.09,-0.313,31.5,222.0
2026-08-09T21:44:40.733004+00:00,1786311880.733,745.67,19.38,5.6561,1.16,-0.313,29.4,222.0
2026-08-09T21:44:40.940202+00:00,1786311880.940,745.88,18.96,5.6583,1.23,-0.320,27.8,222.0
2026-08-09T21:44:41.140919+00:00,1786311881.141,746.08,18.96,5.6583,1.33,-0.320,26.7,222.0
2026-08-09T21:44:41.335593+00:00,1786311881.336,746.28,18.96,5.6583,1.42,-0.275,26.4,222.0
2026-08-09T21:44:41.541791+00:00,1786311881.542,746.48,18.38,5.6627,1.50,-0.354,24.4,222.0
2026-08-09T21:44:41.742441+00:00,1786311881.742,746.68,18.38,5.6627,1.53,-0.285,24.5,222.0
2026-08-09T21:44:41.940257+00:00,1786311881.940,746.88,17.95,5.6649,1.49,-0.345,22.9,222.0
2026-08-09T21:44:42.141086+00:00,1786311882.141,747.08,17.95,5.6649,1.41,-0.268,22.4,222.0
2026-08-09T21:44:42.337447+00:00,1786311882.337,747.28,17.85,5.6649,1.28,-0.282,21.4,222.0
2026-08-09T21:44:42.539287+00:00,1786311882.539,747.48,17.85,5.6671,1.16,-0.212,20.8,222.0
2026-08-09T21:44:42.738025+00:00,1786311882.738,747.68,17.85,5.6671,1.07,-0.212,20.4,222.0
2026-08-09T21:44:42.943350+00:00,1786311882.943,747.88,17.39,5.6693,1.02,-0.218,19.0,222.0
2026-08-09T21:44:43.143835+00:00,1786311883.144,748.09,17.39,5.6693,1.02,-0.218,18.5,222.0
2026-08-09T21:44:43.344593+00:00,1786311883.345,748.29,16.96,5.6693,1.09,-0.276,16.8,222.0
2026-08-09T21:44:43.541701+00:00,1786311883.542,748.48,16.96,5.6715,1.19,-0.198,17.6,222.0
2026-08-09T21:44:43.740100+00:00,1786311883.740,748.68,16.96,5.6715,1.33,-0.198,18.2,222.0
2026-08-09T21:44:43.947057+00:00,1786311883.947,748.89,16.67,5.6737,1.52,-0.177,19.9,222.0
2026-08-09T21:44:44.147741+00:00,1786311884.148,749.09,16.67,5.6737,1.72,-0.177,22.0,222.0
2026-08-09T21:44:44.354435+00:00,1786311884.354,749.30,16.61,5.6737,1.97,-0.172,25.0,222.0
2026-08-09T21:44:44.554531+00:00,1786311884.555,749.50,16.61,5.6759,2.25,-0.172,28.6,222.0
2026-08-09T21:44:44.749370+00:00,1786311884.749,749.69,16.48,5.6759,2.61,-0.190,33.6,222.0
2026-08-09T21:44:44.952775+00:00,1786311884.953,749.89,16.48,5.6781,3.06,-0.126,40.5,233.1
2026-08-09T21:44:45.152999+00:00,1786311885.153,750.09,16.48,5.6781,3.58,-0.126,49.3,233.1
2026-08-09T21:44:45.360103+00:00,1786311885.360,750.30,16.28,5.6781,4.18,-0.093,59.9,233.1
2026-08-09T21:44:45.557447+00:00,1786311885.557,750.50,16.28,5.6803,4.78,-0.093,72.3,233.1
2026-08-09T21:44:45.755997+00:00,1786311885.756,750.70,16.49,5.6803,5.34,-0.065,86.5,233.1
2026-08-09T21:44:45.950407+00:00,1786311885.950,750.89,16.49,5.6825,5.86,0.000,103.0,244.2
2026-08-09T21:44:46.150793+00:00,1786311886.151,751.09,16.85,5.6825,6.35,0.000,120.8,244.2
2026-08-09T21:44:46.348910+00:00,1786311886.349,751.29,16.85,5.6825,6.79,0.000,138.8,244.2
2026-08-09T21:44:46.553667+00:00,1786311886.554,751.50,17.24,5.6847,7.18,0.089,160.9,244.2
2026-08-09T21:44:46.757818+00:00,1786311886.758,751.70,17.24,5.6847,7.54,0.106,183.0,244.2
2026-08-09T21:44:46.954936+00:00,1786311886.955,751.90,17.69,5.6869,7.81,0.168,208.7,244.2
2026-08-09T21:44:47.158874+00:00,1786311887.159,752.10,17.69,5.6869,8.01,0.168,233.9,244.2
2026-08-09T21:44:47.355744+00:00,1786311887.356,752.30,18.24,5.6869,8.12,0.273,262.7,244.2
2026-08-09T21:44:47.558668+00:00,1786311887.559,752.50,18.24,5.6913,8.16,0.272,290.8,244.2
2026-08-09T21:44:47.757468+00:00,1786311887.757,752.70,18.80,5.6913,8.11,0.321,320.8,244.2
2026-08-09T21:44:47.962797+00:00,1786311887.963,752.90,18.80,5.6935,8.02,0.319,350.8,244.2
2026-08-09T21:44:48.160590+00:00,1786311888.161,753.10,19.44,5.6935,7.88,0.358,382.2,244.2
2026-08-09T21:44:48.364942+00:00,1786311888.365,753.31,19.44,5.6935,7.67,0.357,413.8,244.2
2026-08-09T21:44:48.564136+00:00,1786311888.564,753.51,20.08,5.6957,7.42,0.391,444.9,244.2
2026-08-09T21:44:48.759697+00:00,1786311888.760,753.70,20.08,5.6957,7.17,0.393,474.8,244.2
2026-08-09T21:44:48.958878+00:00,1786311888.959,753.90,20.66,5.7001,6.92,0.411,504.6,244.2
2026-08-09T21:44:49.153706+00:00,1786311889.154,754.10,20.66,5.7001,6.68,0.413,533.2,244.2
2026-08-09T21:44:49.355002+00:00,1786311889.355,754.30,21.10,5.7001,6.45,0.398,560.7,244.2
2026-08-09T21:44:49.560151+00:00,1786311889.560,754.50,21.77,5.7023,6.22,0.491,589.8,244.2
2026-08-09T21:44:49.760216+00:00,1786311889.760,754.70,21.77,5.7023,5.99,0.413,615.8,244.2
2026-08-09T21:44:49.962739+00:00,1786311889.963,754.90,22.20,5.7067,5.80,0.472,641.1,244.2
2026-08-09T21:44:50.158093+00:00,1786311890.158,755.10,22.20,5.7067,5.65,0.384,662.6,244.2
2026-08-09T21:44:50.364628+00:00,1786311890.365,755.31,22.63,5.7067,5.52,0.444,683.8,244.2
2026-08-09T21:44:50.569924+00:00,1786311890.570,755.51,22.95,5.7089,5.43,0.399,702.6,244.2
2026-08-09T21:44:50.768002+00:00,1786311890.768,755.71,22.95,5.7089,5.36,0.398,719.1,244.2
2026-08-09T21:44:50.970267+00:00,1786311890.970,755.91,23.25,5.7133,5.29,0.359,732.7,244.2
2026-08-09T21:44:51.168332+00:00,1786311891.168,756.11,23.25,5.7133,5.23,0.358,744.4,244.2
2026-08-09T21:44:51.370556+00:00,1786311891.371,756.31,23.57,5.7133,5.20,0.340,755.0,244.2
2026-08-09T21:44:51.567242+00:00,1786311891.567,756.51,23.77,5.7155,5.18,0.276,761.3,244.2
2026-08-09T21:44:51.764524+00:00,1786311891.765,756.71,23.77,5.7155,5.15,0.276,766.3,244.2
2026-08-09T21:44:51.967109+00:00,1786311891.967,756.91,23.96,5.7199,5.09,0.245,768.3,244.2
2026-08-09T21:44:52.164898+00:00,1786311892.165,757.11,24.13,5.7199,5.03,0.267,770.2,244.2
2026-08-09T21:44:52.360641+00:00,1786311892.361,757.30,24.13,5.7199,4.95,0.209,767.6,244.2
2026-08-09T21:44:52.567503+00:00,1786311892.567,757.51,24.30,5.7221,4.87,0.187,764.3,233.1
2026-08-09T21:44:52.764746+00:00,1786311892.765,757.71,24.30,5.7221,4.79,0.187,759.0,233.1
2026-08-09T21:44:52.964466+00:00,1786311892.964,757.91,24.46,5.7265,4.71,0.168,753.5,233.1
2026-08-09T21:44:53.160250+00:00,1786311893.160,758.10,24.74,5.7265,4.62,0.207,747.5,233.1
2026-08-09T21:44:53.357999+00:00,1786311893.358,758.30,24.74,5.7265,4.52,0.163,740.7,233.1
2026-08-09T21:44:53.560277+00:00,1786311893.560,758.50,24.75,5.7287,4.43,0.137,732.0,233.1
2026-08-09T21:44:53.757120+00:00,1786311893.757,758.70,24.91,5.7287,4.35,0.160,724.5,233.1
2026-08-09T21:44:53.953135+00:00,1786311893.953,758.89,24.91,5.7331,4.28,0.133,715.5,233.1
2026-08-09T21:44:54.158104+00:00,1786311894.158,759.10,25.05,5.7331,4.21,0.128,707.0,233.1
2026-08-09T21:44:54.362540+00:00,1786311894.363,759.30,25.18,5.7331,4.14,0.146,699.1,233.1
2026-08-09T21:44:54.557363+00:00,1786311894.557,759.50,25.18,5.7375,4.07,0.123,688.2,233.1
2026-08-09T21:44:54.763482+00:00,1786311894.763,759.70,25.21,5.7375,3.99,0.127,679.4,233.1
2026-08-09T21:44:54.960232+00:00,1786311894.960,759.90,25.21,5.7397,3.92,0.105,668.6,233.1
2026-08-09T21:44:55.165037+00:00,1786311895.165,760.11,25.24,5.7397,3.83,0.070,659.0,233.1
2026-08-09T21:44:55.359959+00:00,1786311895.360,760.30,25.30,5.7397,3.75,0.078,647.8,233.1
2026-08-09T21:44:55.563950+00:00,1786311895.564,760.51,25.30,5.7441,3.66,0.076,637.0,233.1
2026-08-09T21:44:55.767379+00:00,1786311895.767,760.71,25.33,5.7441,3.58,0.057,625.8,233.1
2026-08-09T21:44:55.973800+00:00,1786311895.974,760.92,25.32,5.7463,3.49,0.056,614.8,233.1
2026-08-09T21:44:56.177387+00:00,1786311896.177,761.12,25.32,5.7463,3.42,0.000,602.4,233.1
2026-08-09T21:44:56.383082+00:00,1786311896.383,761.32,25.30,5.7463,3.35,0.000,589.8,233.1
2026-08-09T21:44:56.589689+00:00,1786311896.590,761.53,25.35,5.7507,3.28,0.000,578.1,233.1
2026-08-09T21:44:56.792551+00:00,1786311896.793,761.73,25.35,5.7507,3.22,0.000,566.3,233.1
2026-08-09T21:44:56.989687+00:00,1786311896.990,761.93,25.38,5.7551,3.15,0.000,554.9,233.1
2026-08-09T21:44:57.194359+00:00,1786311897.194,762.14,25.37,5.7551,3.08,0.000,542.7,233.1
2026-08-09T21:44:57.396734+00:00,1786311897.397,762.34,25.37,5.7551,3.02,0.000,531.9,233.1
2026-08-09T21:44:57.602268+00:00,1786311897.602,762.54,25.34,5.7573,2.96,0.000,521.3,233.1
2026-08-09T21:44:57.809364+00:00,1786311897.809,762.75,25.33,5.7573,2.90,0.000,510.8,233.1
2026-08-09T21:44:58.011810+00:00,1786311898.012,762.95,25.33,5.7617,2.85,0.000,500.6,233.1
2026-08-09T21:44:58.210908+00:00,1786311898.211,763.15,25.41,5.7617,2.82,0.000,489.5,233.1
2026-08-09T21:44:58.412701+00:00,1786311898.413,763.35,25.41,5.7617,2.79,0.000,479.7,233.1
2026-08-09T21:44:58.618874+00:00,1786311898.619,763.56,25.25,5.7661,2.75,0.000,470.5,233.1
2026-08-09T21:44:58.824399+00:00,1786311898.824,763.77,25.45,5.7661,2.71,0.000,460.9,233.1
2026-08-09T21:44:59.026263+00:00,1786311899.026,763.97,25.45,5.7683,2.68,0.000,452.1,233.1
2026-08-09T21:44:59.225625+00:00,1786311899.226,764.17,25.40,5.7683,2.66,0.000,443.4,233.1
2026-08-09T21:44:59.427155+00:00,1786311899.427,764.37,25.55,5.7683,2.67,0.000,434.5,233.1
2026-08-09T21:44:59.633329+00:00,1786311899.633,764.57,25.55,5.7727,2.68,0.000,426.5,233.1
2026-08-09T21:44:59.834784+00:00,1786311899.835,764.78,25.63,5.7727,2.69,0.000,418.8,233.1
2026-08-09T21:45:00.034684+00:00,1786311900.035,764.98,25.68,5.7771,2.70,0.000,412.0,233.1
2026-08-09T21:45:00.235710+00:00,1786311900.236,765.18,25.68,5.7771,2.71,0.000,406.3,233.1
2026-08-09T21:45:00.434360+00:00,1786311900.434,765.38,25.97,5.7771,2.71,0.077,402.8,233.1
2026-08-09T21:45:00.638475+00:00,1786311900.638,765.58,25.94,5.7793,2.71,0.095,400.1,233.1
2026-08-09T21:45:00.840992+00:00,1786311900.841,765.78,25.94,5.7793,2.72,0.067,397.5,233.1
2026-08-09T21:45:01.043138+00:00,1786311901.043,765.98,26.15,5.7837,2.74,0.097,396.3,233.1
2026-08-09T21:45:01.247602+00:00,1786311901.248,766.19,26.22,5.7837,2.77,0.113,397.2,233.1
2026-08-09T21:45:01.452377+00:00,1786311901.452,766.39,26.22,5.7859,2.81,0.091,398.1,233.1
2026-08-09T21:45:01.647715+00:00,1786311901.648,766.59,26.31,5.7859,2.87,0.105,399.9,233.1
2026-08-09T21:45:01.842732+00:00,1786311901.843,766.78,26.57,5.7859,2.93,0.129,402.9,233.1
2026-08-09T21:45:02.047384+00:00,1786311902.047,766.99,26.68,5.7903,2.98,0.138,406.8,233.1
2026-08-09T21:45:02.251986+00:00,1786311902.252,767.19,26.68,5.7903,3.03,0.138,411.2,233.1
2026-08-09T21:45:02.450747+00:00,1786311902.451,767.39,26.78,5.7947,3.05,0.111,415.4,233.1
2026-08-09T21:45:02.645887+00:00,1786311902.646,767.59,26.89,5.7947,3.08,0.132,420.5,233.1
2026-08-09T21:45:02.850789+00:00,1786311902.851,767.79,26.89,5.7947,3.10,0.132,426.0,233.1
2026-08-09T21:45:03.057604+00:00,1786311903.058,768.00,26.99,5.7991,3.11,0.116,431.5,233.1
2026-08-09T21:45:03.263081+00:00,1786311903.263,768.20,27.17,5.7991,3.13,0.131,437.6,233.1
2026-08-09T21:45:03.465366+00:00,1786311903.465,768.41,27.17,5.8013,3.16,0.132,444.1,233.1
2026-08-09T21:45:03.666891+00:00,1786311903.667,768.61,27.12,5.8013,3.20,0.111,450.3,233.1
2026-08-09T21:45:03.872359+00:00,1786311903.872,768.81,27.17,5.8013,3.23,0.082,456.0,233.1
2026-08-09T21:45:04.074507+00:00,1786311904.074,769.02,27.17,5.8057,3.24,0.067,461.5,233.1
2026-08-09T21:45:04.277868+00:00,1786311904.278,769.22,27.01,5.8057,3.26,0.000,465.3,233.1
2026-08-09T21:45:04.484076+00:00,1786311904.484,769.43,27.21,5.8101,3.26,0.059,470.7,233.1
2026-08-09T21:45:04.686592+00:00,1786311904.687,769.63,27.18,5.8101,3.26,0.000,474.5,233.1
2026-08-09T21:45:04.889070+00:00,1786311904.889,769.83,27.18,5.8101,3.25,0.000,478.2,233.1
2026-08-09T21:45:05.088097+00:00,1786311905.088,770.03,27.13,5.8123,3.23,0.000,481.7,233.1
2026-08-09T21:45:05.290107+00:00,1786311905.290,770.23,27.12,5.8123,3.21,0.000,485.0,233.1
2026-08-09T21:45:05.494091+00:00,1786311905.494,770.44,27.12,5.8167,3.19,0.000,486.2,233.1
2026-08-09T21:45:05.693812+00:00,1786311905.694,770.64,27.08,5.8167,3.18,0.000,486.8,233.1
2026-08-09T21:45:05.897644+00:00,1786311905.898,770.84,27.18,5.8167,3.17,0.000,488.2,233.1
2026-08-09T21:45:06.099382+00:00,1786311906.099,771.04,27.18,5.8211,3.16,0.000,488.5,233.1
2026-08-09T21:45:06.296731+00:00,1786311906.297,771.24,26.90,5.8211,3.14,0.000,487.9,233.1
2026-08-09T21:45:06.501322+00:00,1786311906.501,771.44,26.80,5.8255,3.12,-0.056,486.0,233.1
2026-08-09T21:45:06.707397+00:00,1786311906.707,771.65,26.80,5.8255,3.09,-0.052,483.6,233.1
2026-08-09T21:45:06.909739+00:00,1786311906.910,771.85,26.69,5.8255,3.06,-0.066,479.5,233.1
2026-08-09T21:45:07.115450+00:00,1786311907.115,772.06,26.56,5.8277,3.01,-0.078,474.2,233.1
2026-08-09T21:45:07.320709+00:00,1786311907.321,772.26,26.56,5.8277,2.93,-0.076,468.4,233.1
2026-08-09T21:45:07.516537+00:00,1786311907.517,772.46,26.43,5.8321,2.85,-0.094,462.2,233.1
2026-08-09T21:45:07.722503+00:00,1786311907.722,772.66,26.38,5.8321,2.77,-0.095,454.8,233.1
2026-08-09T21:45:07.927435+00:00,1786311907.927,772.87,26.38,5.8321,2.70,-0.109,446.8,233.1
2026-08-09T21:45:08.134172+00:00,1786311908.134,773.08,26.26,5.8365,2.64,-0.125,438.2,233.1
2026-08-09T21:45:08.328768+00:00,1786311908.329,773.27,26.26,5.8365,2.58,-0.087,429.7,233.1
2026-08-09T21:45:08.527766+00:00,1786311908.528,773.47,26.26,5.8386,2.53,-0.073,421.2,233.1
2026-08-09T21:45:08.730626+00:00,1786311908.731,773.67,26.21,5.8386,2.48,-0.081,412.7,233.1
2026-08-09T21:45:08.935597+00:00,1786311908.936,773.88,26.25,5.8386,2.45,-0.061,405.1,233.1
2026-08-09T21:45:09.140183+00:00,1786311909.140,774.08,26.25,5.8430,2.42,0.000,399.2,233.1
2026-08-09T21:45:09.342878+00:00,1786311909.343,774.28,26.14,5.8430,2.40,-0.058,393.5,233.1
2026-08-09T21:45:09.547354+00:00,1786311909.547,774.49,26.26,5.8474,2.38,0.000,387.5,233.1
2026-08-09T21:45:09.753672+00:00,1786311909.754,774.70,26.26,5.8474,2.36,0.000,382.9,233.1
2026-08-09T21:45:09.952179+00:00,1786311909.952,774.89,26.21,5.8474,2.34,0.000,378.3,233.1
2026-08-09T21:45:10.155288+00:00,1786311910.155,775.10,26.22,5.8496,2.33,0.000,373.8,233.1
2026-08-09T21:45:10.355813+00:00,1786311910.356,775.30,26.22,5.8496,2.32,0.000,369.3,233.1
2026-08-09T21:45:10.555857+00:00,1786311910.556,775.50,26.04,5.8540,2.30,0.000,364.7,233.1
2026-08-09T21:45:10.756779+00:00,1786311910.757,775.70,26.20,5.8540,2.28,0.000,360.2,233.1
2026-08-09T21:45:10.958225+00:00,1786311910.958,775.90,26.20,5.8540,2.26,0.000,355.6,233.1
2026-08-09T21:45:11.163948+00:00,1786311911.164,776.11,26.13,5.8584,2.23,0.000,350.8,233.1
2026-08-09T21:45:11.366341+00:00,1786311911.366,776.31,26.18,5.8584,2.22,0.000,346.4,233.1
2026-08-09T21:45:11.566842+00:00,1786311911.567,776.51,26.34,5.8606,2.21,0.000,343.7,233.1
2026-08-09T21:45:11.768430+00:00,1786311911.768,776.71,26.34,5.8606,2.20,0.000,340.9,233.1
2026-08-09T21:45:11.966470+00:00,1786311911.966,776.91,26.25,5.8606,2.17,0.000,338.5,233.1
2026-08-09T21:45:12.171443+00:00,1786311912.171,777.11,26.45,5.8650,2.18,0.000,336.8,233.1
2026-08-09T21:45:12.371776+00:00,1786311912.372,777.31,26.45,5.8650,2.19,0.000,335.5,233.1
2026-08-09T21:45:12.568815+00:00,1786311912.569,777.51,26.23,5.8694,2.21,0.000,335.0,233.1
2026-08-09T21:45:12.768079+00:00,1786311912.768,777.71,26.23,5.8694,2.23,0.000,335.0,233.1
2026-08-09T21:45:12.964232+00:00,1786311912.964,777.91,26.28,5.8694,2.26,0.000,335.8,233.1
2026-08-09T21:45:13.159122+00:00,1786311913.159,778.10,26.14,5.8716,2.29,0.000,337.3,233.1
2026-08-09T21:45:13.359334+00:00,1786311913.359,778.30,26.14,5.8716,2.33,0.000,338.3,233.1
2026-08-09T21:45:13.565523+00:00,1786311913.566,778.51,26.03,5.8760,2.39,0.000,339.3,233.1
2026-08-09T21:45:13.766731+00:00,1786311913.767,778.71,26.02,5.8760,2.45,0.000,341.1,233.1
2026-08-09T21:45:13.966571+00:00,1786311913.967,778.91,26.02,5.8760,2.52,0.000,342.6,233.1
2026-08-09T21:45:14.173832+00:00,1786311914.174,779.12,25.95,5.8804,2.59,-0.069,341.4,233.1
2026-08-09T21:45:14.378614+00:00,1786311914.379,779.32,25.84,5.8804,2.63,-0.085,341.5,233.1
2026-08-09T21:45:14.580702+00:00,1786311914.581,779.52,25.84,5.8826,2.68,-0.054,341.1,233.1
2026-08-09T21:45:14.781139+00:00,1786311914.781,779.72,25.88,5.8826,2.71,0.000,342.2,233.1
2026-08-09T21:45:14.986254+00:00,1786311914.986,779.93,25.68,5.8826,2.74,-0.082,341.5,233.1
2026-08-09T21:45:15.183461+00:00,1786311915.183,780.12,25.68,5.8870,2.72,-0.062,341.1,233.1
2026-08-09T21:45:15.383470+00:00,1786311915.383,780.32,25.62,5.8870,2.70,-0.071,340.5,233.1
2026-08-09T21:45:15.590046+00:00,1786311915.590,780.53,25.49,5.8892,2.67,-0.074,339.8,233.1
2026-08-09T21:45:15.791168+00:00,1786311915.791,780.73,25.49,5.8892,2.64,-0.074,338.9,233.1
2026-08-09T21:45:15.989334+00:00,1786311915.989,780.93,25.34,5.8892,2.60,-0.094,337.4,233.1
2026-08-09T21:45:16.186103+00:00,1786311916.186,781.13,25.34,5.8936,2.57,-0.084,336.2,233.1
2026-08-09T21:45:16.387757+00:00,1786311916.388,781.33,25.10,5.8936,2.54,-0.102,334.3,233.1
2026-08-09T21:45:16.589780+00:00,1786311916.590,781.53,25.14,5.8980,2.50,-0.097,332.3,233.1
2026-08-09T21:45:16.790000+00:00,1786311916.790,781.73,25.14,5.8980,2.45,-0.103,330.0,233.1
2026-08-09T21:45:16.986940+00:00,1786311916.987,781.93,25.14,5.8980,2.40,-0.076,328.3,233.1
2026-08-09T21:45:17.190363+00:00,1786311917.190,782.13,24.87,5.8980,2.35,-0.113,325.2,233.1
2026-08-09T21:45:17.394345+00:00,1786311917.394,782.34,24.87,5.8980,2.31,-0.103,322.1,233.1
2026-08-09T21:45:17.595885+00:00,1786311917.596,782.54,25.05,5.9046,2.29,-0.060,320.1,233.1
2026-08-09T21:45:17.800003+00:00,1786311917.800,782.74,25.08,5.9046,2.27,-0.056,318.1,233.1
2026-08-09T21:45:18.001582+00:00,1786311918.002,782.94,25.08,5.9046,2.27,0.000,317.2,233.1
2026-08-09T21:45:18.204015+00:00,1786311918.204,783.15,25.27,5.9068,2.26,0.000,316.5,233.1
2026-08-09T21:45:18.403810+00:00,1786311918.404,783.35,25.14,5.9068,2.25,0.000,315.4,233.1
2026-08-09T21:45:18.603989+00:00,1786311918.604,783.55,25.14,5.9112,2.24,0.000,314.1,233.1
2026-08-09T21:45:18.802020+00:00,1786311918.802,783.74,28.56,5.9112,2.23,0.473,327.7,233.1
2026-08-09T21:45:19.005055+00:00,1786311919.005,783.95,28.56,5.9112,2.23,0.471,341.0,233.1
2026-08-09T21:45:19.201431+00:00,1786311919.201,784.14,25.24,5.9134,2.23,0.052,341.9,233.1
2026-08-09T21:45:19.402919+00:00,1786311919.403,784.34,25.26,5.9134,2.25,0.053,343.2,233.1
2026-08-09T21:45:19.600400+00:00,1786311919.600,784.54,25.26,5.9178,2.28,0.000,342.4,233.1
2026-08-09T21:45:19.801398+00:00,1786311919.801,784.74,25.36,5.9178,2.31,0.000,340.4,233.1
2026-08-09T21:45:20.001840+00:00,1786311920.002,784.94,25.45,5.9178,2.33,0.051,341.7,233.1
2026-08-09T21:45:20.202500+00:00,1786311920.202,785.14,25.45,5.9222,2.36,0.000,341.6,233.1
2026-08-09T21:45:20.402267+00:00,1786311920.402,785.34,25.60,5.9222,2.37,0.064,343.5,233.1
2026-08-09T21:45:20.606369+00:00,1786311920.606,785.55,25.81,5.9244,2.39,0.093,346.6,233.1
2026-08-09T21:45:20.810495+00:00,1786311920.810,785.75,25.81,5.9244,2.40,-0.380,338.5,233.1
2026-08-09T21:45:21.012575+00:00,1786311921.013,785.95,26.09,5.9244,2.43,-0.342,332.4,233.1
2026-08-09T21:45:21.208933+00:00,1786311921.209,786.15,26.05,5.9288,2.46,0.111,337.1,233.1
2026-08-09T21:45:21.413344+00:00,1786311921.413,786.35,26.05,5.9288,2.50,0.109,342.7,233.1
2026-08-09T21:45:21.611254+00:00,1786311921.611,786.55,26.16,5.9332,2.55,0.124,348.9,233.1
2026-08-09T21:45:21.815589+00:00,1786311921.816,786.76,26.28,5.9332,2.60,0.127,355.9,233.1
2026-08-09T21:45:22.020284+00:00,1786311922.020,786.96,26.28,5.9332,2.65,0.115,362.4,233.1
2026-08-09T21:45:22.226578+00:00,1786311922.227,787.17,26.32,5.9354,2.70,0.120,370.4,233.1
2026-08-09T21:45:22.431910+00:00,1786311922.432,787.37,26.35,5.9354,2.75,0.103,378.2,233.1
2026-08-09T21:45:22.636204+00:00,1786311922.636,787.58,26.35,5.9398,2.80,0.074,384.6,233.1
2026-08-09T21:45:22.838885+00:00,1786311922.839,787.78,26.30,5.9398,2.86,0.067,390.8,233.1
2026-08-09T21:45:23.039731+00:00,1786311923.040,787.98,26.29,5.9398,2.92,0.000,394.4,233.1
2026-08-09T21:45:23.246232+00:00,1786311923.246,788.19,26.29,5.9442,2.95,0.000,398.0,233.1
2026-08-09T21:45:23.444616+00:00,1786311923.445,788.39,26.26,5.9442,2.98,0.000,401.8,233.1
2026-08-09T21:45:23.642439+00:00,1786311923.642,788.58,26.11,5.9464,3.00,0.000,405.7,233.1
2026-08-09T21:45:23.845492+00:00,1786311923.845,788.79,26.11,5.9464,3.01,0.000,394.4,233.1
2026-08-09T21:45:24.043381+00:00,1786311924.043,788.98,26.10,5.9464,3.00,0.000,383.1,233.1
2026-08-09T21:45:24.248217+00:00,1786311924.248,789.19,26.04,5.9508,2.99,0.000,385.6,233.1
2026-08-09T21:45:24.449283+00:00,1786311924.449,789.39,26.04,5.9508,2.97,0.000,387.9,233.1
2026-08-09T21:45:24.644353+00:00,1786311924.644,789.59,26.01,5.9552,2.95,0.000,391.1,233.1
2026-08-09T21:45:24.845346+00:00,1786311924.845,789.79,26.02,5.9552,2.92,0.000,394.1,233.1
2026-08-09T21:45:25.045883+00:00,1786311925.046,789.99,26.02,5.9552,2.89,0.000,395.7,233.1
2026-08-09T21:45:25.246303+00:00,1786311925.246,790.19,25.97,5.9574,2.85,0.000,398.0,233.1
2026-08-09T21:45:25.448908+00:00,1786311925.449,790.39,26.05,5.9574,2.80,0.000,398.6,233.1
2026-08-09T21:45:25.648402+00:00,1786311925.648,790.59,26.05,5.9618,2.74,0.000,398.0,233.1
2026-08-09T21:45:25.846938+00:00,1786311925.847,790.79,26.01,5.9618,2.67,0.000,408.3,233.1
2026-08-09T21:45:26.048034+00:00,1786311926.048,790.99,26.00,5.9618,2.60,0.000,417.2,233.1
2026-08-09T21:45:26.253499+00:00,1786311926.253,791.19,26.00,5.9662,2.54,0.000,414.8,233.1
2026-08-09T21:45:26.451965+00:00,1786311926.452,791.39,26.01,5.9662,2.49,0.000,412.1,233.1
2026-08-09T21:45:26.652864+00:00,1786311926.653,791.59,26.05,5.9684,2.45,0.000,408.6,233.1
2026-08-09T21:45:26.854107+00:00,1786311926.854,791.80,26.05,5.9684,2.43,0.000,404.7,233.1
2026-08-09T21:45:27.051956+00:00,1786311927.052,791.99,26.16,5.9684,2.40,0.000,400.8,233.1
2026-08-09T21:45:27.254635+00:00,1786311927.255,792.20,26.22,5.9728,2.40,0.000,396.6,233.1
2026-08-09T21:45:27.452018+00:00,1786311927.452,792.39,26.22,5.9728,2.40,0.000,392.5,233.1
2026-08-09T21:45:27.656068+00:00,1786311927.656,792.60,26.22,5.9772,2.42,0.000,389.1,233.1
2026-08-09T21:45:27.854058+00:00,1786311927.854,792.80,26.27,5.9772,2.43,0.000,385.6,233.1
2026-08-09T21:45:28.054996+00:00,1786311928.055,793.00,26.27,5.9772,2.45,0.000,383.7,233.1
2026-08-09T21:45:28.257410+00:00,1786311928.257,793.20,26.31,5.9794,2.48,0.000,381.9,233.1
2026-08-09T21:45:28.457845+00:00,1786311928.458,793.40,26.23,5.9794,2.51,0.000,379.9,233.1
2026-08-09T21:45:28.658317+00:00,1786311928.658,793.60,26.23,5.9838,2.54,0.000,378.1,233.1
2026-08-09T21:45:28.856314+00:00,1786311928.856,793.80,26.13,5.9838,2.57,0.000,376.4,233.1
2026-08-09T21:45:29.056996+00:00,1786311929.057,794.00,26.01,5.9838,2.61,0.000,374.7,233.1
2026-08-09T21:45:29.261902+00:00,1786311929.262,794.20,26.01,5.9882,2.62,0.000,373.2,233.1
2026-08-09T21:45:29.461756+00:00,1786311929.462,794.40,25.99,5.9882,2.64,0.000,371.8,233.1
2026-08-09T21:45:29.662037+00:00,1786311929.662,794.60,25.94,5.9904,2.66,0.000,370.5,233.1
2026-08-09T21:45:29.862669+00:00,1786311929.863,794.80,25.94,5.9904,2.65,0.000,369.4,233.1
2026-08-09T21:45:30.060768+00:00,1786311930.061,795.00,25.85,5.9904,2.65,-0.058,366.9,233.1
2026-08-09T21:45:30.264429+00:00,1786311930.264,795.21,25.85,5.9948,2.64,-0.064,364.4,233.1
2026-08-09T21:45:30.462331+00:00,1786311930.462,795.40,25.85,5.9948,2.63,-0.052,362.3,233.1
2026-08-09T21:45:30.662339+00:00,1786311930.662,795.60,25.85,5.9992,2.61,-0.052,360.4,233.1
2026-08-09T21:45:30.860069+00:00,1786311930.860,795.80,25.85,5.9992,2.60,0.000,359.9,233.1
2026-08-09T21:45:31.063814+00:00,1786311931.064,796.01,25.78,5.9992,2.58,0.000,359.7,233.1
2026-08-09T21:45:31.265629+00:00,1786311931.266,796.21,25.85,6.0014,2.55,0.000,359.6,233.1
2026-08-09T21:45:31.464566+00:00,1786311931.465,796.41,25.85,6.0014,2.51,0.000,359.5,233.1
2026-08-09T21:45:31.660206+00:00,1786311931.660,796.60,25.82,6.0058,2.48,0.000,359.5,233.1
2026-08-09T21:45:31.860384+00:00,1786311931.860,796.80,25.83,6.0058,2.46,0.000,359.4,233.1
2026-08-09T21:45:32.058732+00:00,1786311932.059,797.00,25.83,6.0058,2.45,0.000,359.3,233.1
2026-08-09T21:45:32.263816+00:00,1786311932.264,797.21,25.81,6.0080,2.46,0.000,359.2,233.1
2026-08-09T21:45:32.462388+00:00,1786311932.462,797.40,25.75,6.0080,2.46,0.000,359.1,233.1
2026-08-09T21:45:32.657923+00:00,1786311932.658,797.60,25.75,6.0124,2.46,0.000,358.9,233.1
2026-08-09T21:45:32.864633+00:00,1786311932.865,797.81,25.80,6.0124,2.47,0.000,358.7,233.1
2026-08-09T21:45:33.063175+00:00,1786311933.063,798.00,25.67,6.0124,2.47,0.000,358.3,233.1
2026-08-09T21:45:33.257851+00:00,1786311933.258,798.20,25.67,6.0168,2.46,0.000,357.7,233.1
2026-08-09T21:45:33.456152+00:00,1786311933.456,798.40,25.63,6.0168,2.46,0.000,357.0,233.1
2026-08-09T21:45:33.651201+00:00,1786311933.651,798.59,25.63,6.0190,2.45,0.000,356.2,233.1
2026-08-09T21:45:33.849398+00:00,1786311933.849,798.79,25.48,6.0190,2.43,0.000,355.0,233.1
2026-08-09T21:45:34.049507+00:00,1786311934.049,798.99,25.48,6.0190,2.40,0.000,353.8,233.1
2026-08-09T21:45:34.255798+00:00,1786311934.256,799.20,25.48,6.0234,2.39,0.000,352.5,233.1
2026-08-09T21:45:34.454280+00:00,1786311934.454,799.40,25.45,6.0234,2.39,0.000,351.0,233.1
2026-08-09T21:45:34.661163+00:00,1786311934.661,799.60,25.42,6.0278,2.38,0.000,349.5,233.1
2026-08-09T21:45:34.864055+00:00,1786311934.864,799.81,25.42,6.0278,2.37,-0.052,346.7,233.1
2026-08-09T21:45:35.067265+00:00,1786311935.067,800.01,25.44,6.0278,2.36,0.000,346.6,233.1
2026-08-09T21:45:35.262755+00:00,1786311935.263,800.20,25.42,6.0300,2.35,0.000,346.7,233.1
2026-08-09T21:45:35.467147+00:00,1786311935.467,800.41,25.42,6.0300,2.35,0.000,346.5,233.1
2026-08-09T21:45:35.670737+00:00,1786311935.671,800.61,25.52,6.0344,2.35,0.000,346.4,233.1
2026-08-09T21:45:35.866247+00:00,1786311935.866,800.81,25.47,6.0344,2.35,0.000,345.2,233.1
2026-08-09T21:45:36.062809+00:00,1786311936.063,801.00,25.47,6.0344,2.35,0.000,344.0,233.1
2026-08-09T21:45:36.268589+00:00,1786311936.269,801.21,25.48,6.0366,2.36,0.000,343.0,233.1
2026-08-09T21:45:36.468835+00:00,1786311936.469,801.41,25.49,6.0366,2.36,0.000,342.1,233.1
2026-08-09T21:45:36.663439+00:00,1786311936.663,801.60,25.49,6.0410,2.35,0.000,341.3,233.1
2026-08-09T21:45:36.861252+00:00,1786311936.861,801.80,25.46,6.0410,2.36,0.000,340.6,233.1
2026-08-09T21:45:37.061730+00:00,1786311937.062,802.00,25.46,6.0410,2.38,0.000,340.0,233.1
2026-08-09T21:45:37.257505+00:00,1786311937.257,802.20,25.43,6.0454,2.39,0.000,339.5,233.1
2026-08-09T21:45:37.458039+00:00,1786311937.458,802.40,25.48,6.0454,2.42,0.000,339.1,233.1
2026-08-09T21:45:37.656296+00:00,1786311937.656,802.60,25.48,6.0476,2.44,0.000,338.8,233.1
2026-08-09T21:45:37.853732+00:00,1786311937.854,802.80,25.48,6.0476,2.46,0.000,338.5,233.1
2026-08-09T21:45:38.049326+00:00,1786311938.049,802.99,25.52,6.0476,2.48,0.000,338.4,233.1
2026-08-09T21:45:38.244584+00:00,1786311938.245,803.19,25.52,6.0520,2.50,0.000,338.4,233.1
2026-08-09T21:45:38.440287+00:00,1786311938.440,803.38,25.61,6.0520,2.54,0.000,338.7,233.1
2026-08-09T21:45:38.640008+00:00,1786311938.640,803.58,25.69,6.0542,2.55,0.000,339.2,233.1
2026-08-09T21:45:38.840665+00:00,1786311938.841,803.78,25.69,6.0542,2.57,0.000,339.9,233.1
2026-08-09T21:45:39.035971+00:00,1786311939.036,803.98,25.81,6.0542,2.58,0.000,340.9,233.1
2026-08-09T21:45:39.234971+00:00,1786311939.235,804.18,25.88,6.0586,2.60,0.064,343.6,233.1
2026-08-09T21:45:39.438706+00:00,1786311939.439,804.38,25.88,6.0586,2.61,0.056,346.2,233.1
2026-08-09T21:45:39.636681+00:00,1786311939.637,804.58,26.05,6.0630,2.62,0.080,349.6,233.1
2026-08-09T21:45:39.832692+00:00,1786311939.833,804.77,26.20,6.0630,2.61,0.100,354.8,233.1
2026-08-09T21:45:40.027400+00:00,1786311940.027,804.97,26.20,6.0630,2.61,0.095,358.7,233.1
2026-08-09T21:45:40.233090+00:00,1786311940.233,805.17,26.29,6.0652,2.60,0.108,363.0,233.1
2026-08-09T21:45:40.439298+00:00,1786311940.439,805.38,26.46,6.0652,2.58,0.118,367.7,233.1
2026-08-09T21:45:40.643940+00:00,1786311940.644,805.59,26.46,6.0696,2.56,0.107,371.9,233.1
2026-08-09T21:45:40.846029+00:00,1786311940.846,805.79,26.62,6.0696,2.56,0.129,376.8,233.1
2026-08-09T21:45:41.047077+00:00,1786311941.047,805.99,26.78,6.0696,2.56,0.134,382.0,233.1
2026-08-09T21:45:41.242336+00:00,1786311941.242,806.18,26.78,6.0740,2.55,0.124,386.9,233.1
2026-08-09T21:45:41.444788+00:00,1786311941.445,806.39,26.89,6.0740,2.53,0.140,392.2,233.1
2026-08-09T21:45:41.647019+00:00,1786311941.647,806.59,27.05,6.0784,2.53,0.138,397.6,233.1
2026-08-09T21:45:41.844564+00:00,1786311941.845,806.79,27.05,6.0784,2.53,0.118,402.5,233.1
2026-08-09T21:45:42.045369+00:00,1786311942.045,806.99,27.15,6.0784,2.52,0.132,407.8,233.1
2026-08-09T21:45:42.247121+00:00,1786311942.247,807.19,27.35,6.0806,2.52,0.147,413.6,233.1
2026-08-09T21:45:42.451078+00:00,1786311942.451,807.39,27.49,6.0806,2.52,0.142,419.3,233.1
2026-08-09T21:45:42.655444+00:00,1786311942.655,807.60,27.49,6.0850,2.52,0.142,424.8,233.1
2026-08-09T21:45:42.850600+00:00,1786311942.851,807.79,27.54,6.0850,2.55,0.128,430.2,233.1
2026-08-09T21:45:43.055406+00:00,1786311943.055,808.00,27.71,6.0850,2.58,0.130,435.7,233.1
2026-08-09T21:45:43.257660+00:00,1786311943.258,808.20,27.71,6.0893,2.62,0.129,441.4,233.1
2026-08-09T21:45:43.457266+00:00,1786311943.457,808.40,27.72,6.0893,2.66,0.115,446.6,233.1
2026-08-09T21:45:43.652436+00:00,1786311943.652,808.59,27.83,6.0937,2.70,0.108,451.8,233.1
2026-08-09T21:45:43.854764+00:00,1786311943.855,808.80,27.83,6.0937,2.73,0.108,457.1,233.1
2026-08-09T21:45:44.054377+00:00,1786311944.054,809.00,27.68,6.0937,2.74,0.073,461.3,233.1
2026-08-09T21:45:44.258997+00:00,1786311944.259,809.20,27.75,6.0959,2.75,0.055,463.4,233.1
2026-08-09T21:45:44.464460+00:00,1786311944.464,809.41,27.86,6.0959,2.74,0.051,465.6,233.1
2026-08-09T21:45:44.670204+00:00,1786311944.670,809.61,27.86,6.1003,2.72,0.051,467.0,233.1
2026-08-09T21:45:44.869155+00:00,1786311944.869,809.81,27.76,6.1003,2.71,0.000,466.3,233.1
2026-08-09T21:45:45.073102+00:00,1786311945.073,810.01,27.83,6.1003,2.69,0.000,465.8,233.1
2026-08-09T21:45:45.276842+00:00,1786311945.277,810.22,27.83,6.1047,2.68,0.000,464.8,233.1
2026-08-09T21:45:45.475998+00:00,1786311945.476,810.42,27.72,6.1047,2.66,0.000,463.3,233.1
2026-08-09T21:45:45.674685+00:00,1786311945.675,810.62,27.91,6.1091,2.64,0.000,462.3,233.1
2026-08-09T21:45:45.876742+00:00,1786311945.877,810.82,27.82,6.1091,2.59,0.000,460.3,233.1
2026-08-09T21:45:46.077632+00:00,1786311946.078,811.02,27.82,6.1091,2.54,0.000,457.8,233.1
2026-08-09T21:45:46.278355+00:00,1786311946.278,811.22,27.74,6.1113,2.48,0.000,455.3,233.1
2026-08-09T21:45:46.480077+00:00,1786311946.480,811.42,27.78,6.1113,2.43,0.000,452.1,233.1
2026-08-09T21:45:46.680400+00:00,1786311946.680,811.62,27.78,6.1157,2.38,0.000,448.6,233.1
2026-08-09T21:45:46.879103+00:00,1786311946.879,811.82,27.75,6.1157,2.33,0.000,445.4,233.1
2026-08-09T21:45:47.080572+00:00,1786311947.081,812.02,27.84,6.1157,2.29,0.000,441.7,233.1
2026-08-09T21:45:47.285750+00:00,1786311947.286,812.23,27.76,6.1201,2.26,0.000,437.2,233.1
2026-08-09T21:45:47.487112+00:00,1786311947.487,812.43,27.76,6.1201,2.23,0.000,432.6,233.1
2026-08-09T21:45:47.686113+00:00,1786311947.686,812.63,27.77,6.1245,2.20,0.000,427.9,233.1
2026-08-09T21:45:47.887265+00:00,1786311947.887,812.83,27.82,6.1245,2.17,0.000,423.2,233.1
2026-08-09T21:45:48.088367+00:00,1786311948.088,813.03,27.82,6.1245,2.14,0.000,418.1,233.1
2026-08-09T21:45:48.292134+00:00,1786311948.292,813.23,27.84,6.1267,2.12,0.000,412.7,233.1
2026-08-09T21:45:48.493108+00:00,1786311948.493,813.43,27.93,6.1267,2.10,0.000,407.5,233.1
2026-08-09T21:45:48.694284+00:00,1786311948.694,813.64,28.05,6.1311,2.10,0.000,402.3,233.1
2026-08-09T21:45:48.891757+00:00,1786311948.892,813.83,28.05,6.1311,2.10,0.000,396.9,233.1
2026-08-09T21:45:49.098117+00:00,1786311949.098,814.04,28.14,6.1311,2.10,0.000,392.7,233.1
2026-08-09T21:45:49.299942+00:00,1786311949.300,814.24,28.26,6.1355,2.10,0.070,390.7,233.1
2026-08-09T21:45:49.500665+00:00,1786311949.501,814.44,28.26,6.1355,2.08,0.070,388.7,233.1
2026-08-09T21:45:49.699106+00:00,1786311949.699,814.64,28.36,6.1399,2.06,0.081,387.0,233.1
2026-08-09T21:45:49.904467+00:00,1786311949.904,814.85,28.49,6.1399,2.04,0.091,387.1,233.1
2026-08-09T21:45:50.107054+00:00,1786311950.107,815.05,28.57,6.1399,2.03,0.102,387.5,233.1
2026-08-09T21:45:50.307099+00:00,1786311950.307,815.25,28.57,6.1443,2.01,0.100,387.9,233.1
2026-08-09T21:45:50.503826+00:00,1786311950.504,815.45,28.62,6.1443,2.01,0.095,388.3,233.1
2026-08-09T21:45:50.698902+00:00,1786311950.699,815.64,28.65,6.1487,2.01,0.083,388.4,233.1
2026-08-09T21:45:50.902584+00:00,1786311950.903,815.84,28.70,6.1487,2.04,0.091,389.1,233.1
2026-08-09T21:45:51.098356+00:00,1786311951.098,816.04,28.70,6.1487,2.06,0.079,389.8,233.1
2026-08-09T21:45:51.295853+00:00,1786311951.296,816.24,28.73,6.1509,2.09,0.065,390.7,233.1
2026-08-09T21:45:51.500332+00:00,1786311951.500,816.44,28.70,6.1509,2.12,0.061,391.7,233.1
2026-08-09T21:45:51.698028+00:00,1786311951.698,816.64,28.70,6.1553,2.13,0.000,391.4,233.1
2026-08-09T21:45:51.898276+00:00,1786311951.898,816.84,28.65,6.1553,2.14,0.000,391.3,233.1
2026-08-09T21:45:52.097707+00:00,1786311952.098,817.04,28.62,6.1553,2.13,0.000,391.3,233.1
2026-08-09T21:45:52.293024+00:00,1786311952.293,817.23,28.64,6.1597,2.13,0.000,391.4,233.1
2026-08-09T21:45:52.488515+00:00,1786311952.489,817.43,28.64,6.1597,2.14,0.000,391.7,233.1
2026-08-09T21:45:52.684945+00:00,1786311952.685,817.63,28.60,6.1641,2.15,0.000,392.2,233.1
2026-08-09T21:45:52.885471+00:00,1786311952.885,817.83,28.56,6.1641,2.18,0.000,392.9,233.1
2026-08-09T21:45:53.084107+00:00,1786311953.084,818.03,28.56,6.1641,2.20,0.000,393.8,233.1
2026-08-09T21:45:53.284197+00:00,1786311953.284,818.23,28.51,6.1685,2.24,0.000,394.9,233.1
2026-08-09T21:45:53.486103+00:00,1786311953.486,818.43,28.47,6.1685,2.28,0.000,396.1,233.1
2026-08-09T21:45:53.689082+00:00,1786311953.689,818.63,28.39,6.1707,2.31,0.000,397.3,233.1
2026-08-09T21:45:53.889760+00:00,1786311953.890,818.83,28.39,6.1707,2.30,0.000,398.5,233.1
2026-08-09T21:45:54.087737+00:00,1786311954.088,819.03,28.26,6.1707,2.29,0.000,399.4,233.1
2026-08-09T21:45:54.290424+00:00,1786311954.290,819.23,28.18,6.1751,2.26,-0.063,396.6,233.1
2026-08-09T21:45:54.495737+00:00,1786311954.496,819.44,28.18,6.1751,2.24,-0.063,393.8,233.1
2026-08-09T21:45:54.694510+00:00,1786311954.694,819.64,28.09,6.1795,2.24,-0.072,390.3,233.1
2026-08-09T21:45:54.895801+00:00,1786311954.896,819.84,28.04,6.1795,2.24,-0.073,386.5,233.1
2026-08-09T21:45:55.093098+00:00,1786311955.093,820.03,28.04,6.1795,2.26,-0.073,382.5,233.1
2026-08-09T21:45:55.288808+00:00,1786311955.289,820.23,27.71,6.1839,2.28,-0.110,377.5,233.1
2026-08-09T21:45:55.493394+00:00,1786311955.493,820.43,27.87,6.1839,2.31,-0.083,373.6,233.1
2026-08-09T21:45:55.694277+00:00,1786311955.694,820.64,27.79,6.1861,2.34,-0.083,370.0,233.1
2026-08-09T21:45:55.897649+00:00,1786311955.898,820.84,27.79,6.1861,2.36,-0.083,366.2,233.1
2026-08-09T21:45:56.096033+00:00,1786311956.096,821.04,27.63,6.1861,2.38,-0.087,362.4,233.1
2026-08-09T21:45:56.297238+00:00,1786311956.297,821.24,27.54,6.1905,2.39,-0.089,358.7,233.1
2026-08-09T21:45:56.499194+00:00,1786311956.499,821.44,27.54,6.1905,2.40,-0.089,355.1,233.1
2026-08-09T21:45:56.697269+00:00,1786311956.697,821.64,27.41,6.1949,2.42,-0.094,352.9,233.1
2026-08-09T21:45:56.898186+00:00,1786311956.898,821.84,27.47,6.1949,2.45,-0.078,351.3,233.1
2026-08-09T21:45:57.101973+00:00,1786311957.102,822.04,27.47,6.1949,2.48,-0.078,349.9,233.1
2026-08-09T21:45:57.299531+00:00,1786311957.300,822.24,27.09,6.1993,2.49,-0.086,348.0,233.1
2026-08-09T21:45:57.503973+00:00,1786311957.504,822.45,26.99,6.1993,2.47,-0.122,345.0,233.1
2026-08-09T21:45:57.708004+00:00,1786311957.708,822.65,26.99,6.2015,2.43,-0.110,342.1,233.1
2026-08-09T21:45:57.909850+00:00,1786311957.910,822.85,26.91,6.2015,2.38,-0.121,338.6,233.1
2026-08-09T21:45:58.114016+00:00,1786311958.114,823.06,26.84,6.2015,2.32,-0.110,334.9,233.1
2026-08-09T21:45:58.311978+00:00,1786311958.312,823.25,26.84,6.2059,2.25,-0.097,331.1,233.1
2026-08-09T21:45:58.514163+00:00,1786311958.514,823.46,26.59,6.2059,2.17,-0.132,325.9,233.1
2026-08-09T21:45:58.718615+00:00,1786311958.719,823.66,26.74,6.2103,2.08,-0.092,321.3,233.1
2026-08-09T21:45:58.922669+00:00,1786311958.923,823.86,26.77,6.2103,1.98,-0.097,316.2,233.1
2026-08-09T21:45:59.128083+00:00,1786311959.128,824.07,26.77,6.2103,1.87,-0.097,310.9,233.1
2026-08-09T21:45:59.326814+00:00,1786311959.327,824.27,26.79,6.2125,1.75,0.000,309.2,222.0
2026-08-09T21:45:59.531181+00:00,1786311959.531,824.47,26.84,6.2125,1.64,0.000,307.3,222.0
2026-08-09T21:45:59.729278+00:00,1786311959.729,824.67,26.84,6.2169,1.56,0.000,305.3,222.0
2026-08-09T21:45:59.929268+00:00,1786311959.929,824.87,26.91,6.2169,1.50,0.000,303.2,222.0
2026-08-09T21:46:00.129832+00:00,1786311960.130,825.07,27.16,6.2169,1.45,0.000,300.9,222.0
2026-08-09T21:46:00.331285+00:00,1786311960.331,825.27,27.16,6.2213,1.45,0.000,299.8,222.0
2026-08-09T21:46:00.537136+00:00,1786311960.537,825.48,27.08,6.2213,1.47,0.067,299.4,222.0
2026-08-09T21:46:00.739295+00:00,1786311960.739,825.68,27.16,6.2235,1.49,0.058,298.8,222.0
2026-08-09T21:46:00.943368+00:00,1786311960.943,825.88,27.29,6.2235,1.52,0.072,298.7,222.0
2026-08-09T21:46:01.144784+00:00,1786311961.145,826.09,27.29,6.2235,1.60,0.072,299.2,222.0
2026-08-09T21:46:01.347491+00:00,1786311961.347,826.29,27.35,6.2279,1.70,0.077,300.3,222.0
2026-08-09T21:46:01.551436+00:00,1786311961.551,826.49,27.35,6.2279,1.80,0.070,301.6,222.0
2026-08-09T21:46:01.752391+00:00,1786311961.752,826.69,27.35,6.2323,1.91,0.070,303.6,222.0
2026-08-09T21:46:01.950070+00:00,1786311961.950,826.89,27.41,6.2323,2.04,0.069,305.5,222.0
2026-08-09T21:46:02.150135+00:00,1786311962.150,827.09,27.37,6.2323,2.17,0.000,306.1,222.0
2026-08-09T21:46:02.345450+00:00,1786311962.345,827.29,27.37,6.2367,2.29,0.000,307.6,233.1
2026-08-09T21:46:02.542835+00:00,1786311962.543,827.48,27.31,6.2367,2.39,0.000,310.6,233.1
2026-08-09T21:46:02.747336+00:00,1786311962.747,827.69,27.21,6.2389,2.43,0.000,313.5,233.1
2026-08-09T21:46:02.950220+00:00,1786311962.950,827.89,27.21,6.2389,2.46,0.000,317.1,233.1
2026-08-09T21:46:03.147432+00:00,1786311963.147,828.09,27.19,6.2389,2.48,0.000,320.8,233.1
2026-08-09T21:46:03.346421+00:00,1786311963.346,828.29,27.18,6.2433,2.48,0.000,324.5,233.1
2026-08-09T21:46:03.546050+00:00,1786311963.546,828.49,27.18,6.2433,2.46,0.000,329.4,233.1
2026-08-09T21:46:03.740586+00:00,1786311963.741,828.68,27.11,6.2477,2.44,0.000,333.5,233.1
2026-08-09T21:46:03.941098+00:00,1786311963.941,828.88,27.21,6.2477,2.43,0.000,338.2,233.1
2026-08-09T21:46:04.141399+00:00,1786311964.141,829.08,27.21,6.2477,2.38,0.000,343.1,233.1
2026-08-09T21:46:04.336333+00:00,1786311964.336,829.28,27.15,6.2521,2.34,0.000,345.9,233.1
2026-08-09T21:46:04.536871+00:00,1786311964.537,829.48,27.25,6.2521,2.30,0.000,349.0,233.1
2026-08-09T21:46:04.740926+00:00,1786311964.741,829.68,27.22,6.2543,2.26,0.000,352.2,233.1
2026-08-09T21:46:04.941528+00:00,1786311964.942,829.88,27.22,6.2543,2.22,0.000,355.5,233.1
2026-08-09T21:46:05.139045+00:00,1786311965.139,830.08,27.19,6.2543,2.19,0.000,358.6,233.1
2026-08-09T21:46:05.338930+00:00,1786311965.339,830.28,27.13,6.2587,2.19,0.000,361.7,233.1
2026-08-09T21:46:05.538309+00:00,1786311965.538,830.48,27.13,6.2587,2.21,0.000,363.2,233.1
2026-08-09T21:46:05.736574+00:00,1786311965.737,830.68,26.93,6.2631,2.24,0.000,364.8,233.1
2026-08-09T21:46:05.937594+00:00,1786311965.938,830.88,26.87,6.2631,2.28,0.000,365.9,233.1
2026-08-09T21:46:06.138657+00:00,1786311966.139,831.08,26.87,6.2631,2.31,0.000,366.7,233.1
2026-08-09T21:46:06.337735+00:00,1786311966.338,831.28,26.59,6.2653,2.35,-0.078,365.0,233.1
2026-08-09T21:46:06.542768+00:00,1786311966.543,831.48,26.35,6.2653,2.41,-0.124,362.0,233.1
2026-08-09T21:46:06.746979+00:00,1786311966.747,831.69,26.35,6.2697,2.47,-0.120,358.9,233.1
2026-08-09T21:46:06.944859+00:00,1786311966.945,831.89,26.12,6.2697,2.48,-0.153,354.3,233.1
2026-08-09T21:46:07.149148+00:00,1786311967.149,832.09,26.05,6.2697,2.45,-0.158,350.6,233.1
2026-08-09T21:46:07.355282+00:00,1786311967.355,832.30,26.05,6.2741,2.38,-0.149,346.3,233.1
2026-08-09T21:46:07.557459+00:00,1786311967.557,832.50,26.04,6.2741,2.30,-0.150,341.3,233.1
2026-08-09T21:46:07.755301+00:00,1786311967.755,832.70,26.01,6.2763,2.26,-0.128,336.5,233.1
2026-08-09T21:46:07.959933+00:00,1786311967.960,832.90,26.01,6.2763,2.22,-0.119,331.7,233.1
2026-08-09T21:46:08.161396+00:00,1786311968.161,833.10,26.00,6.2763,2.21,-0.119,326.8,233.1
2026-08-09T21:46:08.364434+00:00,1786311968.364,833.31,26.03,6.2807,2.19,-0.076,322.8,233.1
2026-08-09T21:46:08.568329+00:00,1786311968.568,833.51,26.03,6.2807,2.17,0.000,320.7,233.1
2026-08-09T21:46:08.767193+00:00,1786311968.767,833.71,26.03,6.2851,2.15,0.000,318.7,233.1
2026-08-09T21:46:08.966655+00:00,1786311968.967,833.91,26.03,6.2851,2.14,0.000,316.5,233.1
2026-08-09T21:46:09.164210+00:00,1786311969.164,834.11,25.75,6.2851,2.13,0.000,314.3,233.1
2026-08-09T21:46:09.366481+00:00,1786311969.366,834.31,25.71,6.2873,2.15,0.000,312.4,233.1
2026-08-09T21:46:09.566637+00:00,1786311969.567,834.51,25.71,6.2873,2.17,0.000,310.7,233.1
2026-08-09T21:46:09.764072+00:00,1786311969.764,834.71,25.65,6.2917,2.19,0.000,309.1,233.1
2026-08-09T21:46:09.964520+00:00,1786311969.965,834.91,25.49,6.2917,2.26,-0.071,306.3,233.1
2026-08-09T21:46:10.168209+00:00,1786311970.168,835.11,25.49,6.2917,2.36,-0.070,304.0,233.1
2026-08-09T21:46:10.368623+00:00,1786311970.369,835.31,25.37,6.2939,2.49,-0.092,301.7,233.1
2026-08-09T21:46:10.574373+00:00,1786311970.574,835.52,25.24,6.2939,2.61,-0.109,299.2,233.1
2026-08-09T21:46:10.776462+00:00,1786311970.776,835.72,25.24,6.2983,2.67,-0.110,297.0,233.1
2026-08-09T21:46:10.974118+00:00,1786311970.974,835.92,25.29,6.2983,2.71,-0.103,295.1,233.1
2026-08-09T21:46:11.178198+00:00,1786311971.178,836.12,25.29,6.2983,2.73,-0.063,294.0,233.1
2026-08-09T21:46:11.382524+00:00,1786311971.383,836.32,25.02,6.3027,2.73,-0.096,294.0,233.1
2026-08-09T21:46:11.583699+00:00,1786311971.584,836.53,24.92,6.3027,2.73,-0.110,294.6,233.1
2026-08-09T21:46:11.784833+00:00,1786311971.785,836.73,24.92,6.3049,2.73,-0.101,295.0,233.1
2026-08-09T21:46:11.982694+00:00,1786311971.983,836.92,24.86,6.3049,2.72,-0.087,296.6,233.1
2026-08-09T21:46:12.186218+00:00,1786311972.186,837.13,24.80,6.3049,2.71,-0.095,298.2,233.1
2026-08-09T21:46:12.382203+00:00,1786311972.382,837.32,24.80,6.3093,2.68,-0.078,300.2,233.1
2026-08-09T21:46:12.583962+00:00,1786311972.584,837.53,24.73,6.3093,2.63,-0.070,302.5,233.1
2026-08-09T21:46:12.789387+00:00,1786311972.789,837.73,24.69,6.3115,2.60,-0.076,304.2,233.1
2026-08-09T21:46:12.994416+00:00,1786311972.994,837.94,24.69,6.3115,2.56,-0.082,305.5,233.1
2026-08-09T21:46:13.191741+00:00,1786311973.192,838.13,24.73,6.3115,2.52,-0.077,306.9,233.1
2026-08-09T21:46:13.387538+00:00,1786311973.388,838.33,24.73,6.3159,2.49,0.000,308.9,233.1
2026-08-09T21:46:13.590640+00:00,1786311973.591,838.53,24.66,6.3159,2.46,0.000,309.0,233.1
2026-08-09T21:46:13.789466+00:00,1786311973.789,838.73,24.65,6.3181,2.46,0.000,309.1,233.1
2026-08-09T21:46:13.985973+00:00,1786311973.986,838.93,24.65,6.3181,2.48,0.000,309.4,233.1
2026-08-09T21:46:14.181595+00:00,1786311974.182,839.12,24.61,6.3181,2.51,0.000,310.1,233.1
2026-08-09T21:46:14.377734+00:00,1786311974.378,839.32,24.61,6.3225,2.54,0.000,310.8,233.1
2026-08-09T21:46:14.574178+00:00,1786311974.574,839.52,24.57,6.3225,2.55,0.000,311.4,233.1
2026-08-09T21:46:14.772171+00:00,1786311974.772,839.71,24.55,6.3269,2.55,0.000,311.9,233.1
2026-08-09T21:46:14.968774+00:00,1786311974.969,839.91,24.55,6.3269,2.56,0.000,314.1,233.1
2026-08-09T21:46:15.166017+00:00,1786311975.166,840.11,24.51,6.3269,2.58,0.000,315.8,233.1
2026-08-09T21:46:15.362764+00:00,1786311975.363,840.30,24.51,6.3291,2.61,0.000,317.7,233.1
2026-08-09T21:46:15.560367+00:00,1786311975.560,840.50,24.33,6.3291,2.64,0.000,319.7,233.1
2026-08-09T21:46:15.760143+00:00,1786311975.760,840.70,24.38,6.3335,2.66,0.000,321.5,233.1
2026-08-09T21:46:15.964537+00:00,1786311975.965,840.91,24.38,6.3335,2.69,0.000,323.1,233.1
2026-08-09T21:46:16.162024+00:00,1786311976.162,841.10,24.26,6.3335,2.68,0.000,323.6,233.1
2026-08-09T21:46:16.362545+00:00,1786311976.363,841.30,24.20,6.3356,2.67,-0.058,323.6,233.1
2026-08-09T21:46:16.565375+00:00,1786311976.565,841.51,24.20,6.3356,2.62,-0.051,324.0,233.1
2026-08-09T21:46:16.765385+00:00,1786311976.765,841.71,24.15,6.3400,2.52,-0.055,323.6,233.1
2026-08-09T21:46:16.967739+00:00,1786311976.968,841.91,24.15,6.3400,2.41,-0.055,322.7,233.1
2026-08-09T21:46:17.169238+00:00,1786311977.169,842.11,24.19,6.3400,2.29,0.000,322.8,233.1
2026-08-09T21:46:17.369446+00:00,1786311977.369,842.31,24.27,6.3422,2.21,0.000,322.4,233.1
2026-08-09T21:46:17.567752+00:00,1786311977.568,842.51,24.27,6.3422,2.21,0.000,322.0,233.1
2026-08-09T21:46:17.768071+00:00,1786311977.768,842.71,24.09,6.3466,2.21,0.000,321.8,233.1
2026-08-09T21:46:17.964511+00:00,1786311977.964,842.91,24.09,6.3466,2.22,0.000,321.9,233.1
2026-08-09T21:46:18.160027+00:00,1786311978.160,843.10,24.09,6.3466,2.19,0.000,322.0,233.1
2026-08-09T21:46:18.364582+00:00,1786311978.365,843.31,24.08,6.3488,2.16,0.000,320.3,233.1
2026-08-09T21:46:18.564480+00:00,1786311978.564,843.51,24.08,6.3488,2.12,0.000,318.5,233.1
2026-08-09T21:46:18.762529+00:00,1786311978.763,843.70,24.05,6.3532,2.08,0.000,316.7,233.1
2026-08-09T21:46:18.965171+00:00,1786311978.965,843.91,24.05,6.3532,2.03,0.000,314.5,233.1
2026-08-09T21:46:19.165357+00:00,1786311979.165,844.11,23.96,6.3532,2.02,0.000,312.2,233.1
2026-08-09T21:46:19.364625+00:00,1786311979.365,844.31,23.99,6.3554,2.01,0.000,309.7,233.1
2026-08-09T21:46:19.566744+00:00,1786311979.567,844.51,23.99,6.3554,2.06,0.000,307.4,233.1
2026-08-09T21:46:19.764176+00:00,1786311979.764,844.71,24.02,6.3598,2.14,0.000,305.5,233.1
2026-08-09T21:46:19.964126+00:00,1786311979.964,844.91,24.02,6.3598,2.22,0.000,303.8,233.1
2026-08-09T21:46:20.161527+00:00,1786311980.162,845.10,23.97,6.3598,2.30,0.000,302.3,233.1
2026-08-09T21:46:20.358006+00:00,1786311980.358,845.30,24.09,6.3620,2.35,0.000,301.0,233.1
2026-08-09T21:46:20.557871+00:00,1786311980.558,845.50,24.09,6.3620,2.35,0.000,299.8,233.1
2026-08-09T21:46:20.760095+00:00,1786311980.760,845.70,24.09,6.3664,2.35,0.000,298.4,233.1
2026-08-09T21:46:20.965528+00:00,1786311980.966,845.91,24.06,6.3664,2.35,0.000,296.8,233.1
2026-08-09T21:46:21.161828+00:00,1786311981.162,846.10,24.06,6.3664,2.35,0.000,295.4,233.1
2026-08-09T21:46:21.363902+00:00,1786311981.364,846.31,23.99,6.3686,2.36,0.000,295.4,233.1
2026-08-09T21:46:21.561759+00:00,1786311981.562,846.50,23.99,6.3686,2.36,0.000,295.5,233.1
2026-08-09T21:46:21.765127+00:00,1786311981.765,846.71,23.96,6.3730,2.36,0.000,295.9,233.1
2026-08-09T21:46:21.959867+00:00,1786311981.960,846.90,24.07,6.3730,2.36,0.000,296.9,233.1
2026-08-09T21:46:22.155881+00:00,1786311982.156,847.10,24.07,6.3730,2.37,0.000,297.1,233.1
2026-08-09T21:46:22.352437+00:00,1786311982.352,847.29,24.03,6.3752,2.37,0.000,297.5,233.1
2026-08-09T21:46:22.558876+00:00,1786311982.559,847.50,24.03,6.3752,2.36,0.000,297.9,233.1
2026-08-09T21:46:22.757234+00:00,1786311982.757,847.70,24.01,6.3796,2.39,0.000,298.5,233.1
2026-08-09T21:46:22.959235+00:00,1786311982.959,847.90,24.04,6.3796,2.42,0.000,299.3,233.1
2026-08-09T21:46:23.161452+00:00,1786311983.161,848.10,24.04,6.3796,2.45,0.000,300.2,233.1
2026-08-09T21:46:23.367400+00:00,1786311983.367,848.31,24.09,6.3818,2.48,0.000,301.4,233.1
2026-08-09T21:46:23.567019+00:00,1786311983.567,848.51,24.09,6.3818,2.50,0.000,302.8,233.1
2026-08-09T21:46:23.774026+00:00,1786311983.774,848.72,24.11,6.3862,2.52,0.000,304.5,233.1
2026-08-09T21:46:23.975389+00:00,1786311983.975,848.92,24.13,6.3862,2.54,0.000,306.5,233.1
2026-08-09T21:46:24.176482+00:00,1786311984.176,849.12,24.13,6.3862,2.56,0.000,308.7,233.1
2026-08-09T21:46:24.383279+00:00,1786311984.383,849.32,24.08,6.3884,2.59,0.000,310.9,233.1
2026-08-09T21:46:24.587992+00:00,1786311984.588,849.53,24.10,6.3884,2.62,0.000,313.1,233.1
2026-08-09T21:46:24.788676+00:00,1786311984.789,849.73,24.10,6.3928,2.66,0.000,315.1,233.1
2026-08-09T21:46:24.986299+00:00,1786311984.986,849.93,24.07,6.3928,2.69,0.000,316.9,233.1
2026-08-09T21:46:25.186553+00:00,1786311985.187,850.13,24.07,6.3928,2.72,0.000,318.5,233.1
2026-08-09T21:46:25.383346+00:00,1786311985.383,850.32,24.04,6.3950,2.76,0.000,320.0,233.1
2026-08-09T21:46:25.588576+00:00,1786311985.589,850.53,24.08,6.3950,2.78,0.000,321.6,233.1
2026-08-09T21:46:25.789363+00:00,1786311985.789,850.73,24.08,6.3994,2.78,0.000,323.3,233.1
2026-08-09T21:46:25.995304+00:00,1786311985.995,850.94,24.05,6.3994,2.77,0.000,324.9,233.1
2026-08-09T21:46:26.195172+00:00,1786311986.195,851.14,24.05,6.3994,2.76,0.000,326.4,233.1
2026-08-09T21:46:26.401698+00:00,1786311986.402,851.34,24.09,6.4038,2.75,0.000,327.9,233.1
2026-08-09T21:46:26.605189+00:00,1786311986.605,851.55,24.11,6.4038,2.74,0.000,329.5,233.1
2026-08-09T21:46:26.805769+00:00,1786311986.806,851.75,24.11,6.4060,2.72,0.000,330.9,233.1
2026-08-09T21:46:27.004106+00:00,1786311987.004,851.95,24.15,6.4060,2.70,0.000,332.2,233.1
2026-08-09T21:46:27.204484+00:00,1786311987.204,852.15,24.25,6.4060,2.67,0.000,333.5,233.1
2026-08-09T21:46:27.401609+00:00,1786311987.402,852.34,24.25,6.4104,2.64,0.000,334.7,233.1
2026-08-09T21:46:27.601820+00:00,1786311987.602,852.54,24.26,6.4104,2.62,0.000,335.9,233.1
2026-08-09T21:46:27.805534+00:00,1786311987.806,852.75,24.26,6.4126,2.61,0.000,336.9,233.1
2026-08-09T21:46:28.003006+00:00,1786311988.003,852.94,24.32,6.4126,2.59,0.000,337.8,233.1
2026-08-09T21:46:28.203278+00:00,1786311988.203,853.14,24.39,6.4126,2.57,0.000,338.5,233.1
2026-08-09T21:46:28.403031+00:00,1786311988.403,853.34,24.39,6.4170,2.57,0.000,339.1,233.1
2026-08-09T21:46:28.609767+00:00,1786311988.610,853.55,24.48,6.4170,2.56,0.050,340.7,233.1
2026-08-09T21:46:28.805345+00:00,1786311988.805,853.75,24.48,6.4192,2.56,0.050,342.3,233.1
2026-08-09T21:46:29.001225+00:00,1786311989.001,853.94,24.45,6.4192,2.56,0.000,342.6,233.1
2026-08-09T21:46:29.200129+00:00,1786311989.200,854.14,24.64,6.4192,2.55,0.054,344.2,233.1
2026-08-09T21:46:29.400929+00:00,1786311989.401,854.34,24.64,6.4236,2.55,0.054,345.7,233.1
2026-08-09T21:46:29.607769+00:00,1786311989.608,854.55,24.71,6.4236,2.57,0.062,347.4,233.1
2026-08-09T21:46:29.809604+00:00,1786311989.810,854.75,24.76,6.4258,2.59,0.069,349.3,233.1
2026-08-09T21:46:30.014908+00:00,1786311990.015,854.96,24.76,6.4258,2.63,0.061,351.0,233.1
2026-08-09T21:46:30.217210+00:00,1786311990.217,855.16,24.78,6.4258,2.66,0.053,352.5,233.1
2026-08-09T21:46:30.411489+00:00,1786311990.411,855.35,24.78,6.4302,2.69,0.053,354.1,233.1
2026-08-09T21:46:30.613692+00:00,1786311990.614,855.56,24.65,6.4302,2.72,0.000,354.3,233.1
2026-08-09T21:46:30.817783+00:00,1786311990.818,855.76,24.84,6.4346,2.75,0.000,354.8,233.1
2026-08-09T21:46:31.016768+00:00,1786311991.017,855.96,24.84,6.4346,2.78,0.053,356.6,233.1
2026-08-09T21:46:31.218194+00:00,1786311991.218,856.16,24.67,6.4346,2.81,0.000,357.3,233.1
2026-08-09T21:46:31.418592+00:00,1786311991.419,856.36,24.62,6.4368,2.83,0.000,358.0,233.1
2026-08-09T21:46:31.623302+00:00,1786311991.623,856.56,24.62,6.4368,2.85,0.000,358.9,233.1
2026-08-09T21:46:31.824614+00:00,1786311991.825,856.77,24.42,6.4412,2.88,0.000,359.7,233.1
2026-08-09T21:46:32.027324+00:00,1786311992.027,856.97,24.42,6.4412,2.90,0.000,360.7,233.1
2026-08-09T21:46:32.227714+00:00,1786311992.228,857.17,24.28,6.4412,2.92,-0.068,360.1,233.1
2026-08-09T21:46:32.434141+00:00,1786311992.434,857.38,24.33,6.4434,2.94,-0.061,359.9,233.1
2026-08-09T21:46:32.629962+00:00,1786311992.630,857.57,24.33,6.4434,2.94,0.000,361.2,233.1
2026-08-09T21:46:32.837144+00:00,1786311992.837,857.78,24.14,6.4478,2.94,-0.096,360.2,233.1
2026-08-09T21:46:33.038473+00:00,1786311993.038,857.98,24.07,6.4478,2.94,-0.106,359.0,233.1
2026-08-09T21:46:33.241998+00:00,1786311993.242,858.18,24.07,6.4478,2.94,-0.082,358.2,233.1
2026-08-09T21:46:33.441311+00:00,1786311993.441,858.38,23.95,6.4500,2.94,-0.093,357.2,233.1
2026-08-09T21:46:33.635839+00:00,1786311993.636,858.58,23.95,6.4500,2.95,-0.093,355.1,233.1
2026-08-09T21:46:33.836966+00:00,1786311993.837,858.78,24.08,6.4544,2.97,0.000,355.2,233.1
2026-08-09T21:46:34.039481+00:00,1786311994.039,858.98,24.04,6.4544,3.00,-0.052,355.4,233.1
2026-08-09T21:46:34.242080+00:00,1786311994.242,859.18,24.04,6.4544,3.03,0.000,355.4,233.1
2026-08-09T21:46:34.448783+00:00,1786311994.449,859.39,23.96,6.4566,3.05,-0.051,354.4,233.1
2026-08-09T21:46:34.645414+00:00,1786311994.645,859.59,23.96,6.4566,3.05,-0.051,353.1,233.1
2026-08-09T21:46:34.841499+00:00,1786311994.841,859.78,23.86,6.4610,3.03,0.000,352.4,233.1
2026-08-09T21:46:35.045914+00:00,1786311995.046,859.99,23.81,6.4610,2.97,0.000,351.6,233.1
2026-08-09T21:46:35.248269+00:00,1786311995.248,860.19,23.81,6.4610,2.90,0.000,350.5,233.1
2026-08-09T21:46:35.449112+00:00,1786311995.449,860.39,23.82,6.4632,2.84,0.000,349.0,233.1
2026-08-09T21:46:35.650379+00:00,1786311995.650,860.59,23.82,6.4632,2.77,0.000,348.5,233.1
2026-08-09T21:46:35.848712+00:00,1786311995.849,860.79,23.61,6.4676,2.71,-0.065,346.0,233.1
2026-08-09T21:46:36.053730+00:00,1786311996.054,861.00,23.51,6.4676,2.64,-0.073,341.6,233.1
2026-08-09T21:46:36.257725+00:00,1786311996.258,861.20,23.51,6.4676,2.58,-0.073,338.3,233.1
2026-08-09T21:46:36.462302+00:00,1786311996.462,861.40,23.34,6.4698,2.51,-0.085,334.2,233.1
2026-08-09T21:46:36.658440+00:00,1786311996.658,861.60,23.34,6.4698,2.46,-0.085,329.9,233.1
2026-08-09T21:46:36.858288+00:00,1786311996.858,861.80,23.21,6.4742,2.39,-0.090,325.3,233.1
2026-08-09T21:46:37.062035+00:00,1786311997.062,862.00,23.21,6.4742,2.32,-0.082,320.5,233.1
2026-08-09T21:46:37.265707+00:00,1786311997.266,862.21,22.98,6.4742,2.24,-0.114,316.1,233.1
2026-08-09T21:46:37.468176+00:00,1786311997.468,862.41,22.69,6.4764,2.15,-0.155,310.1,233.1
2026-08-09T21:46:37.664156+00:00,1786311997.664,862.61,22.69,6.4764,2.06,-0.155,302.4,233.1
2026-08-09T21:46:37.861247+00:00,1786311997.861,862.80,22.54,6.4786,1.99,-0.148,296.9,233.1
2026-08-09T21:46:38.065073+00:00,1786311998.065,863.01,22.54,6.4786,1.95,-0.134,291.7,233.1
2026-08-09T21:46:38.266563+00:00,1786311998.267,863.21,22.37,6.4786,1.91,-0.157,285.4,233.1
2026-08-09T21:46:38.471360+00:00,1786311998.471,863.41,22.37,6.4830,1.88,-0.135,279.7,222.0
2026-08-09T21:46:38.674804+00:00,1786311998.675,863.62,22.27,6.4830,1.84,-0.149,273.5,222.0
2026-08-09T21:46:38.879172+00:00,1786311998.879,863.82,22.21,6.4852,1.80,-0.138,265.1,222.0
2026-08-09T21:46:39.082205+00:00,1786311999.082,864.02,22.21,6.4852,1.75,-0.138,257.6,222.0
2026-08-09T21:46:39.278740+00:00,1786311999.279,864.22,22.24,6.4852,1.69,-0.102,249.5,222.0
2026-08-09T21:46:39.476572+00:00,1786311999.477,864.42,22.24,6.4896,1.64,-0.062,243.0,222.0
2026-08-09T21:46:39.681868+00:00,1786311999.682,864.62,22.34,6.4896,1.57,0.000,237.7,222.0
2026-08-09T21:46:39.878478+00:00,1786311999.878,864.82,22.34,6.4918,1.51,0.000,231.2,222.0
2026-08-09T21:46:40.077579+00:00,1786312000.078,865.02,22.37,6.4918,1.46,0.000,224.8,222.0
2026-08-09T21:46:40.276631+00:00,1786312000.277,865.22,22.37,6.4918,1.42,0.000,218.5,222.0
2026-08-09T21:46:40.482517+00:00,1786312000.483,865.42,22.34,6.4962,1.40,0.000,212.3,222.0
2026-08-09T21:46:40.684844+00:00,1786312000.685,865.63,22.53,6.4962,1.38,0.000,206.4,222.0
2026-08-09T21:46:40.887045+00:00,1786312000.887,865.83,22.53,6.4984,1.38,0.000,202.4,222.0
2026-08-09T21:46:41.091957+00:00,1786312001.092,866.03,22.64,6.4984,1.39,0.059,200.1,222.0
2026-08-09T21:46:41.294292+00:00,1786312001.294,866.24,22.64,6.4984,1.42,0.055,198.1,222.0
2026-08-09T21:46:41.496900+00:00,1786312001.497,866.44,22.59,6.5006,1.46,0.000,195.7,222.0
2026-08-09T21:46:41.702714+00:00,1786312001.703,866.64,22.71,6.5006,1.50,0.050,194.7,222.0
2026-08-09T21:46:41.906957+00:00,1786312001.907,866.85,22.71,6.5050,1.55,0.050,194.4,222.0
2026-08-09T21:46:42.114123+00:00,1786312002.114,867.06,22.81,6.5050,1.61,0.060,194.6,222.0
2026-08-09T21:46:42.314582+00:00,1786312002.315,867.26,22.81,6.5072,1.67,0.060,196.2,222.0
2026-08-09T21:46:42.516469+00:00,1786312002.516,867.46,23.03,6.5072,1.75,0.094,200.2,222.0
2026-08-09T21:46:42.719143+00:00,1786312002.719,867.66,23.04,6.5072,1.83,0.070,204.4,222.0
2026-08-09T21:46:42.922529+00:00,1786312002.923,867.86,23.04,6.5116,1.91,0.070,209.0,222.0
2026-08-09T21:46:43.118742+00:00,1786312003.119,868.06,23.10,6.5116,1.98,0.064,213.6,222.0
2026-08-09T21:46:43.320745+00:00,1786312003.321,868.26,23.10,6.5138,2.06,0.064,219.2,222.0
2026-08-09T21:46:43.521664+00:00,1786312003.522,868.46,23.30,6.5138,2.13,0.097,225.6,222.0
2026-08-09T21:46:43.725254+00:00,1786312003.725,868.67,23.34,6.5138,2.21,0.087,232.5,222.0
2026-08-09T21:46:43.923500+00:00,1786312003.923,868.86,23.34,6.5182,2.28,0.088,239.7,233.1
2026-08-09T21:46:44.120525+00:00,1786312004.121,869.06,23.52,6.5182,2.35,0.099,247.6,233.1
2026-08-09T21:46:44.324427+00:00,1786312004.324,869.27,23.52,6.5204,2.39,0.098,255.2,233.1
2026-08-09T21:46:44.525113+00:00,1786312004.525,869.47,23.66,6.5204,2.43,0.087,262.2,233.1
2026-08-09T21:46:44.729097+00:00,1786312004.729,869.67,23.79,6.5204,2.47,0.104,268.7,233.1
2026-08-09T21:46:44.932961+00:00,1786312004.933,869.87,23.79,6.5248,2.51,0.104,275.5,233.1
2026-08-09T21:46:45.129799+00:00,1786312005.130,870.07,23.94,6.5248,2.56,0.115,283.0,233.1
2026-08-09T21:46:45.335191+00:00,1786312005.335,870.28,23.94,6.5270,2.60,0.115,290.8,233.1
2026-08-09T21:46:45.536682+00:00,1786312005.537,870.48,23.91,6.5270,2.64,0.085,298.2,233.1
2026-08-09T21:46:45.740923+00:00,1786312005.741,870.68,24.13,6.5270,2.68,0.108,306.4,233.1
2026-08-09T21:46:45.944733+00:00,1786312005.945,870.89,24.13,6.5314,2.70,0.108,314.7,233.1
2026-08-09T21:46:46.142214+00:00,1786312006.142,871.08,24.16,6.5314,2.71,0.088,321.2,233.1
2026-08-09T21:46:46.345234+00:00,1786312006.345,871.29,24.14,6.5336,2.73,0.084,327.7,233.1
2026-08-09T21:46:46.549822+00:00,1786312006.550,871.49,24.14,6.5336,2.73,0.065,334.9,233.1
2026-08-09T21:46:46.750446+00:00,1786312006.750,871.69,24.17,6.5336,2.73,0.052,340.4,233.1
2026-08-09T21:46:46.947857+00:00,1786312006.948,871.89,24.17,6.5380,2.72,0.052,345.8,233.1
2026-08-09T21:46:47.145571+00:00,1786312007.146,872.09,24.20,6.5380,2.72,0.000,349.5,233.1
2026-08-09T21:46:47.346336+00:00,1786312007.346,872.29,24.36,6.5424,2.72,0.059,354.5,233.1
2026-08-09T21:46:47.550714+00:00,1786312007.551,872.49,24.36,6.5424,2.72,0.062,358.4,233.1
2026-08-09T21:46:47.750584+00:00,1786312007.751,872.69,24.23,6.5424,2.72,0.000,361.1,233.1
2026-08-09T21:46:47.951261+00:00,1786312007.951,872.89,24.23,6.5446,2.72,0.000,363.4,233.1
2026-08-09T21:46:48.158076+00:00,1786312008.158,873.10,24.13,6.5446,2.72,0.000,365.5,233.1
2026-08-09T21:46:48.354424+00:00,1786312008.354,873.30,24.26,6.5490,2.72,0.000,367.4,233.1
2026-08-09T21:46:48.551157+00:00,1786312008.551,873.49,24.26,6.5490,2.71,0.000,368.1,233.1
2026-08-09T21:46:48.749606+00:00,1786312008.750,873.69,24.21,6.5490,2.69,0.000,368.7,233.1
2026-08-09T21:46:48.949048+00:00,1786312008.949,873.89,24.17,6.5512,2.69,0.000,369.0,233.1
2026-08-09T21:46:49.143600+00:00,1786312009.144,874.08,24.17,6.5512,2.69,0.000,368.6,233.1
2026-08-09T21:46:49.347754+00:00,1786312009.348,874.29,24.12,6.5556,2.69,0.000,368.0,233.1
2026-08-09T21:46:49.548094+00:00,1786312009.548,874.49,24.12,6.5556,2.69,0.000,367.4,233.1
2026-08-09T21:46:49.752183+00:00,1786312009.752,874.69,24.06,6.5556,2.69,0.000,366.1,233.1
2026-08-09T21:46:49.949600+00:00,1786312009.950,874.89,24.13,6.5578,2.68,0.000,364.7,233.1
2026-08-09T21:46:50.149833+00:00,1786312010.150,875.09,24.13,6.5578,2.66,0.000,362.7,233.1
2026-08-09T21:46:50.356730+00:00,1786312010.357,875.30,24.03,6.5622,2.64,0.000,360.3,233.1
2026-08-09T21:46:50.557511+00:00,1786312010.557,875.50,24.03,6.5622,2.62,0.000,358.5,233.1
2026-08-09T21:46:50.756091+00:00,1786312010.756,875.70,24.03,6.5622,2.62,0.000,355.7,233.1
2026-08-09T21:46:50.962143+00:00,1786312010.962,875.90,24.00,6.5644,2.62,0.000,352.9,233.1
2026-08-09T21:46:51.158881+00:00,1786312011.159,876.10,24.00,6.5644,2.62,0.000,350.5,233.1
2026-08-09T21:46:51.364395+00:00,1786312011.364,876.31,23.98,6.5688,2.62,0.000,348.1,233.1
2026-08-09T21:46:51.560587+00:00,1786312011.561,876.50,23.98,6.5688,2.63,0.000,346.1,233.1
2026-08-09T21:46:51.759966+00:00,1786312011.760,876.70,23.94,6.5688,2.63,0.000,344.4,233.1
2026-08-09T21:46:51.956690+00:00,1786312011.957,876.90,23.84,6.5710,2.63,0.000,342.6,233.1
2026-08-09T21:46:52.153617+00:00,1786312012.154,877.10,23.84,6.5710,2.61,0.000,341.9,233.1
2026-08-09T21:46:52.351513+00:00,1786312012.351,877.29,23.73,6.5754,2.57,0.000,339.5,233.1
2026-08-09T21:46:52.557028+00:00,1786312012.557,877.50,23.73,6.5754,2.54,0.000,337.0,233.1
2026-08-09T21:46:52.755114+00:00,1786312012.755,877.70,23.60,6.5754,2.50,-0.060,334.4,233.1
2026-08-09T21:46:52.959886+00:00,1786312012.960,877.90,23.52,6.5776,2.49,-0.067,331.5,233.1
2026-08-09T21:46:53.163514+00:00,1786312013.164,878.10,23.52,6.5776,2.49,-0.067,328.7,233.1
2026-08-09T21:46:53.366302+00:00,1786312013.366,878.31,23.46,6.5820,2.52,-0.071,325.8,233.1
2026-08-09T21:46:53.566903+00:00,1786312013.567,878.51,23.46,6.5820,2.55,-0.071,323.1,233.1
2026-08-09T21:46:53.765679+00:00,1786312013.766,878.71,23.41,6.5820,2.56,-0.073,320.4,233.1
2026-08-09T21:46:53.969560+00:00,1786312013.970,878.91,23.36,6.5841,2.55,-0.066,317.8,233.1
2026-08-09T21:46:54.171952+00:00,1786312014.172,879.11,23.36,6.5841,2.53,-0.066,315.2,233.1
2026-08-09T21:46:54.370963+00:00,1786312014.371,879.31,23.32,6.5885,2.51,-0.056,312.7,233.1
2026-08-09T21:46:54.576299+00:00,1786312014.576,879.52,23.32,6.5885,2.48,-0.056,310.1,233.1
2026-08-09T21:46:54.774848+00:00,1786312014.775,879.72,23.25,6.5885,2.45,0.000,308.6,233.1
2026-08-09T21:46:54.980044+00:00,1786312014.980,879.92,23.25,6.5907,2.42,0.000,307.0,233.1
2026-08-09T21:46:55.178228+00:00,1786312015.178,880.12,23.12,6.5907,2.40,-0.056,304.1,233.1
2026-08-09T21:46:55.373097+00:00,1786312015.373,880.31,23.08,6.5951,2.39,-0.053,301.4,233.1
2026-08-09T21:46:55.579016+00:00,1786312015.579,880.52,23.08,6.5951,2.40,-0.053,298.7,233.1
2026-08-09T21:46:55.776762+00:00,1786312015.777,880.72,23.03,6.5951,2.40,-0.052,296.1,233.1
2026-08-09T21:46:55.973647+00:00,1786312015.974,880.92,23.03,6.5973,2.40,0.000,294.6,233.1
2026-08-09T21:46:56.171529+00:00,1786312016.172,881.11,22.96,6.5973,2.42,-0.055,291.9,233.1
2026-08-09T21:46:56.372531+00:00,1786312016.373,881.31,22.96,6.5995,2.40,-0.051,289.3,233.1
2026-08-09T21:46:56.573906+00:00,1786312016.574,881.52,22.76,6.5995,2.39,-0.079,285.9,233.1
2026-08-09T21:46:56.779026+00:00,1786312016.779,881.72,22.85,6.5995,2.35,-0.056,282.8,233.1
2026-08-09T21:46:56.983280+00:00,1786312016.983,881.92,22.85,6.6039,2.32,-0.056,279.8,233.1
2026-08-09T21:46:57.182049+00:00,1786312017.182,882.12,22.90,6.6039,2.30,0.000,278.0,233.1
2026-08-09T21:46:57.384950+00:00,1786312017.385,882.33,22.90,6.6061,2.28,0.000,276.4,233.1
2026-08-09T21:46:57.581960+00:00,1786312017.582,882.52,22.86,6.6061,2.27,0.000,274.8,233.1
2026-08-09T21:46:57.784704+00:00,1786312017.785,882.73,22.89,6.6061,2.26,0.000,274.7,233.1
2026-08-09T21:46:57.982573+00:00,1786312017.983,882.92,22.89,6.6105,2.26,0.000,274.8,233.1
2026-08-09T21:46:58.185483+00:00,1786312018.185,883.13,22.94,6.6105,2.25,0.000,275.0,233.1
2026-08-09T21:46:58.381583+00:00,1786312018.382,883.32,22.94,6.6127,2.25,0.000,275.2,233.1
2026-08-09T21:46:58.584485+00:00,1786312018.584,883.53,23.11,6.6127,2.27,0.000,275.5,233.1
2026-08-09T21:46:58.783575+00:00,1786312018.784,883.72,23.11,6.6127,2.28,0.000,275.8,233.1
2026-08-09T21:46:58.988027+00:00,1786312018.988,883.93,22.93,6.6171,2.28,0.000,276.0,233.1
2026-08-09T21:46:59.183712+00:00,1786312019.184,884.13,23.00,6.6171,2.27,0.000,276.2,233.1
2026-08-09T21:46:59.379723+00:00,1786312019.380,884.32,23.00,6.6193,2.27,0.000,276.4,233.1
2026-08-09T21:46:59.582820+00:00,1786312019.583,884.52,22.98,6.6193,2.27,0.000,276.6,233.1
2026-08-09T21:46:59.777400+00:00,1786312019.777,884.72,22.98,6.6193,2.31,0.000,275.8,233.1
2026-08-09T21:46:59.974456+00:00,1786312019.974,884.92,22.99,6.6237,2.35,0.000,275.4,233.1
2026-08-09T21:47:00.172011+00:00,1786312020.172,885.11,22.97,6.6237,2.38,0.000,276.4,233.1
2026-08-09T21:47:00.370803+00:00,1786312020.371,885.31,22.97,6.6259,2.40,0.000,277.5,233.1
2026-08-09T21:47:00.567547+00:00,1786312020.568,885.51,23.02,6.6259,2.42,0.000,278.7,233.1
2026-08-09T21:47:00.769725+00:00,1786312020.770,885.71,23.02,6.6259,2.44,0.000,279.9,233.1
2026-08-09T21:47:00.966513+00:00,1786312020.967,885.91,23.21,6.6281,2.46,0.000,280.3,233.1
2026-08-09T21:47:01.167239+00:00,1786312021.167,886.11,23.21,6.6281,2.51,0.000,282.0,233.1
2026-08-09T21:47:01.373020+00:00,1786312021.373,886.31,23.11,6.6325,2.55,0.000,283.7,233.1
2026-08-09T21:47:01.572459+00:00,1786312021.572,886.51,23.14,6.6325,2.58,0.000,286.3,233.1
2026-08-09T21:47:01.773485+00:00,1786312021.773,886.71,23.14,6.6325,2.61,0.000,288.7,233.1
2026-08-09T21:47:01.970238+00:00,1786312021.970,886.91,23.10,6.6347,2.65,0.000,291.2,233.1
2026-08-09T21:47:02.169822+00:00,1786312022.170,887.11,23.10,6.6347,2.67,0.000,292.7,233.1
2026-08-09T21:47:02.366030+00:00,1786312022.366,887.31,23.06,6.6391,2.67,0.000,294.2,233.1
2026-08-09T21:47:02.563023+00:00,1786312022.563,887.50,23.06,6.6391,2.68,0.000,295.8,233.1
2026-08-09T21:47:02.761042+00:00,1786312022.761,887.70,22.95,6.6391,2.66,0.000,297.3,233.1
2026-08-09T21:47:02.961586+00:00,1786312022.962,887.90,22.96,6.6413,2.65,0.000,298.8,233.1
2026-08-09T21:47:03.161308+00:00,1786312023.161,888.10,22.96,6.6413,2.64,0.000,300.2,233.1
2026-08-09T21:47:03.357712+00:00,1786312023.358,888.30,22.95,6.6457,2.64,0.000,301.6,233.1
2026-08-09T21:47:03.555908+00:00,1786312023.556,888.50,22.95,6.6457,2.65,0.000,302.8,233.1
2026-08-09T21:47:03.753713+00:00,1786312023.754,888.70,22.94,6.6457,2.67,0.000,304.1,233.1
2026-08-09T21:47:03.954107+00:00,1786312023.954,888.90,22.96,6.6479,2.67,0.000,305.5,233.1
2026-08-09T21:47:04.150050+00:00,1786312024.150,889.09,22.96,6.6479,2.67,0.000,306.9,233.1
2026-08-09T21:47:04.352462+00:00,1786312024.352,889.29,22.97,6.6523,2.67,0.000,308.3,233.1
2026-08-09T21:47:04.548902+00:00,1786312024.549,889.49,22.97,6.6523,2.66,0.000,309.7,233.1
2026-08-09T21:47:04.746913+00:00,1786312024.747,889.69,23.01,6.6523,2.66,0.000,311.0,233.1
2026-08-09T21:47:04.943877+00:00,1786312024.944,889.89,23.01,6.6545,2.66,0.000,312.1,233.1
2026-08-09T21:47:05.149532+00:00,1786312025.150,890.09,22.90,6.6545,2.64,0.000,313.0,233.1
2026-08-09T21:47:05.350816+00:00,1786312025.351,890.29,22.91,6.6589,2.62,0.000,313.7,233.1
2026-08-09T21:47:05.555794+00:00,1786312025.556,890.50,22.91,6.6589,2.58,0.000,314.2,233.1
2026-08-09T21:47:05.753697+00:00,1786312025.754,890.70,22.94,6.6589,2.54,0.000,314.5,233.1
2026-08-09T21:47:05.951758+00:00,1786312025.952,890.89,22.94,6.6611,2.50,0.000,314.5,233.1
2026-08-09T21:47:06.146759+00:00,1786312026.147,891.09,22.95,6.6611,2.48,0.000,314.2,233.1
2026-08-09T21:47:06.344888+00:00,1786312026.345,891.29,22.95,6.6633,2.49,0.000,313.8,233.1
2026-08-09T21:47:06.544722+00:00,1786312026.545,891.49,23.00,6.6633,2.50,0.000,313.4,233.1
2026-08-09T21:47:06.743028+00:00,1786312026.743,891.68,23.06,6.6633,2.49,0.000,312.9,233.1
2026-08-09T21:47:06.939398+00:00,1786312026.939,891.88,23.06,6.6677,2.47,0.000,312.2,233.1
2026-08-09T21:47:07.135225+00:00,1786312027.135,892.08,23.10,6.6677,2.45,0.000,311.4,233.1
2026-08-09T21:47:07.334965+00:00,1786312027.335,892.28,23.10,6.6677,2.44,0.000,310.6,233.1
2026-08-09T21:47:07.534423+00:00,1786312027.534,892.48,23.18,6.6699,2.43,0.000,309.8,233.1
2026-08-09T21:47:07.734945+00:00,1786312027.735,892.68,23.18,6.6699,2.43,0.000,309.2,233.1
2026-08-09T21:47:07.938040+00:00,1786312027.938,892.88,23.18,6.6743,2.45,0.000,308.6,233.1
2026-08-09T21:47:08.134932+00:00,1786312028.135,893.08,23.19,6.6743,2.48,0.000,308.1,233.1
2026-08-09T21:47:08.332775+00:00,1786312028.333,893.27,23.19,6.6743,2.50,0.000,307.8,233.1
2026-08-09T21:47:08.530874+00:00,1786312028.531,893.47,23.22,6.6765,2.54,0.000,307.6,233.1
2026-08-09T21:47:08.729187+00:00,1786312028.729,893.67,23.22,6.6765,2.58,0.000,307.5,233.1
2026-08-09T21:47:08.924454+00:00,1786312028.924,893.87,23.24,6.6809,2.62,0.000,307.5,233.1
2026-08-09T21:47:09.122375+00:00,1786312029.122,894.06,23.31,6.6809,2.62,0.000,307.6,233.1
2026-08-09T21:47:09.328966+00:00,1786312029.329,894.27,23.31,6.6809,2.60,0.000,307.6,233.1
2026-08-09T21:47:09.533713+00:00,1786312029.534,894.48,23.37,6.6831,2.59,0.000,307.6,233.1
2026-08-09T21:47:09.732177+00:00,1786312029.732,894.67,23.37,6.6831,2.59,0.000,307.6,233.1
2026-08-09T21:47:09.932365+00:00,1786312029.932,894.87,23.45,6.6875,2.60,0.000,307.8,233.1
2026-08-09T21:47:10.130450+00:00,1786312030.130,895.07,23.54,6.6875,2.63,0.000,308.2,233.1
2026-08-09T21:47:10.330174+00:00,1786312030.330,895.27,23.54,6.6875,2.65,0.000,308.8,233.1
2026-08-09T21:47:10.534475+00:00,1786312030.534,895.48,23.54,6.6897,2.67,0.000,309.5,233.1
2026-08-09T21:47:10.732157+00:00,1786312030.732,895.67,23.54,6.6897,2.66,0.000,310.4,233.1
2026-08-09T21:47:10.929358+00:00,1786312030.929,895.87,23.53,6.6941,2.63,0.000,311.4,233.1
2026-08-09T21:47:11.129170+00:00,1786312031.129,896.07,23.51,6.6941,2.61,0.000,312.2,233.1
2026-08-09T21:47:11.328499+00:00,1786312031.328,896.27,23.51,6.6941,2.60,0.000,313.0,233.1
2026-08-09T21:47:11.525213+00:00,1786312031.525,896.47,23.45,6.6963,2.62,0.000,313.8,233.1
2026-08-09T21:47:11.725725+00:00,1786312031.726,896.67,23.45,6.6963,2.63,0.000,314.7,233.1
2026-08-09T21:47:11.922803+00:00,1786312031.923,896.86,23.34,6.7007,2.65,0.000,315.5,233.1
2026-08-09T21:47:12.125116+00:00,1786312032.125,897.07,23.34,6.7007,2.67,0.000,316.5,233.1
2026-08-09T21:47:12.325172+00:00,1786312032.325,897.27,23.20,6.7007,2.69,0.000,317.5,233.1
2026-08-09T21:47:12.523835+00:00,1786312032.524,897.47,23.23,6.7029,2.69,0.000,318.5,233.1
2026-08-09T21:47:12.721641+00:00,1786312032.722,897.66,23.23,6.7029,2.69,0.000,319.4,233.1
2026-08-09T21:47:12.926842+00:00,1786312032.927,897.87,23.18,6.7073,2.66,0.000,320.2,233.1
2026-08-09T21:47:13.132626+00:00,1786312033.133,898.07,23.18,6.7073,2.61,0.000,320.7,233.1
2026-08-09T21:47:13.330613+00:00,1786312033.331,898.27,23.13,6.7073,2.56,-0.054,319.7,233.1
2026-08-09T21:47:13.532821+00:00,1786312033.533,898.47,23.12,6.7095,2.51,0.000,319.5,233.1
2026-08-09T21:47:13.726495+00:00,1786312033.726,898.67,23.12,6.7095,2.47,0.000,319.1,233.1
2026-08-09T21:47:13.922068+00:00,1786312033.922,898.86,23.11,6.7139,2.44,0.000,318.3,233.1
2026-08-09T21:47:14.122220+00:00,1786312034.122,899.06,23.11,6.7139,2.42,0.000,317.5,233.1
2026-08-09T21:47:14.319283+00:00,1786312034.319,899.26,23.17,6.7139,2.39,0.000,316.6,233.1
2026-08-09T21:47:14.518791+00:00,1786312034.519,899.46,23.17,6.7161,2.36,0.000,315.6,233.1
2026-08-09T21:47:14.717136+00:00,1786312034.717,899.66,23.01,6.7161,2.31,0.000,314.4,233.1
2026-08-09T21:47:14.917086+00:00,1786312034.917,899.86,23.09,6.7205,2.27,0.000,312.9,233.1
2026-08-09T21:47:15.116574+00:00,1786312035.117,900.06,23.09,6.7205,2.23,0.000,311.1,233.1
2026-08-09T21:47:15.314240+00:00,1786312035.314,900.26,23.10,6.7205,2.19,0.000,309.1,233.1
2026-08-09T21:47:15.510245+00:00,1786312035.510,900.45,23.10,6.7227,2.15,0.000,306.9,233.1
2026-08-09T21:47:15.707594+00:00,1786312035.708,900.65,23.07,6.7227,2.15,0.000,304.7,233.1
2026-08-09T21:47:15.903857+00:00,1786312035.904,900.85,23.07,6.7249,2.16,0.000,302.7,233.1
2026-08-09T21:47:16.101099+00:00,1786312036.101,901.04,22.95,6.7249,2.21,0.000,300.8,233.1
2026-08-09T21:47:16.301032+00:00,1786312036.301,901.24,22.95,6.7249,2.25,0.000,299.2,233.1
2026-08-09T21:47:16.497762+00:00,1786312036.498,901.44,22.95,6.7293,2.27,0.000,297.6,233.1
2026-08-09T21:47:16.695013+00:00,1786312036.695,901.64,22.98,6.7293,2.28,0.000,295.9,233.1
2026-08-09T21:47:16.894903+00:00,1786312036.895,901.84,22.98,6.7315,2.29,0.000,294.4,233.1
2026-08-09T21:47:17.091957+00:00,1786312037.092,902.03,22.87,6.7315,2.29,0.000,292.7,233.1
2026-08-09T21:47:17.287463+00:00,1786312037.287,902.23,22.87,6.7315,2.29,0.000,291.0,233.1
2026-08-09T21:47:17.492863+00:00,1786312037.493,902.43,22.74,6.7359,2.28,-0.050,288.1,233.1
2026-08-09T21:47:17.697867+00:00,1786312037.698,902.64,22.82,6.7359,2.28,0.000,286.3,233.1
2026-08-09T21:47:17.898206+00:00,1786312037.898,902.84,22.82,6.7381,2.27,0.000,284.7,233.1
2026-08-09T21:47:18.095217+00:00,1786312038.095,903.04,22.93,6.7381,2.28,0.000,283.3,233.1
2026-08-09T21:47:18.294515+00:00,1786312038.295,903.24,22.93,6.7381,2.32,0.000,283.4,233.1
2026-08-09T21:47:18.500931+00:00,1786312038.501,903.44,22.91,6.7425,2.35,0.000,282.7,233.1
2026-08-09T21:47:18.701657+00:00,1786312038.702,903.64,22.94,6.7425,2.36,0.000,282.2,233.1
2026-08-09T21:47:18.899376+00:00,1786312038.899,903.84,22.94,6.7447,2.39,0.000,281.9,233.1
2026-08-09T21:47:19.095883+00:00,1786312039.096,904.04,22.92,6.7447,2.39,0.000,281.7,233.1
2026-08-09T21:47:19.302126+00:00,1786312039.302,904.24,22.92,6.7447,2.39,0.000,281.5,233.1
2026-08-09T21:47:19.507092+00:00,1786312039.507,904.45,22.92,6.7491,2.41,0.000,281.5,233.1
2026-08-09T21:47:19.702497+00:00,1786312039.702,904.64,22.92,6.7491,2.43,0.000,281.9,233.1
2026-08-09T21:47:19.897856+00:00,1786312039.898,904.84,22.82,6.7513,2.45,0.000,282.3,233.1
2026-08-09T21:47:20.097310+00:00,1786312040.097,905.04,22.79,6.7513,2.46,0.000,283.0,233.1
2026-08-09T21:47:20.294975+00:00,1786312040.295,905.24,22.79,6.7513,2.47,0.000,283.8,233.1
2026-08-09T21:47:20.491467+00:00,1786312040.491,905.43,22.76,6.7535,2.51,0.000,284.8,233.1
2026-08-09T21:47:20.691433+00:00,1786312040.691,905.63,22.76,6.7535,2.55,0.000,286.0,233.1
2026-08-09T21:47:20.888478+00:00,1786312040.888,905.83,22.76,6.7535,2.59,0.000,287.3,233.1
2026-08-09T21:47:21.087291+00:00,1786312041.087,906.03,22.76,6.7579,2.64,0.000,288.7,233.1
2026-08-09T21:47:21.284527+00:00,1786312041.285,906.23,22.77,6.7579,2.67,0.000,290.0,233.1
2026-08-09T21:47:21.483819+00:00,1786312041.484,906.43,22.81,6.7601,2.69,0.000,291.4,233.1
2026-08-09T21:47:21.683858+00:00,1786312041.684,906.63,22.81,6.7601,2.71,0.000,292.8,233.1
2026-08-09T21:47:21.880825+00:00,1786312041.881,906.82,22.75,6.7601,2.69,0.000,294.1,233.1
2026-08-09T21:47:22.082290+00:00,1786312042.082,907.02,22.75,6.7645,2.68,0.000,295.4,233.1
2026-08-09T21:47:22.279122+00:00,1786312042.279,907.22,22.70,6.7645,2.66,0.000,296.6,233.1
2026-08-09T21:47:22.478105+00:00,1786312042.478,907.42,22.70,6.7667,2.64,0.000,298.9,233.1
2026-08-09T21:47:22.676083+00:00,1786312042.676,907.62,22.66,6.7667,2.63,0.000,300.0,233.1
2026-08-09T21:47:22.875451+00:00,1786312042.875,907.82,22.61,6.7667,2.63,0.000,301.1,233.1
2026-08-09T21:47:23.071347+00:00,1786312043.071,908.01,22.61,6.7711,2.63,0.000,302.1,233.1
2026-08-09T21:47:23.277102+00:00,1786312043.277,908.22,22.59,6.7711,2.63,0.000,303.0,233.1
2026-08-09T21:47:23.482761+00:00,1786312043.483,908.42,22.59,6.7733,2.62,0.000,303.7,233.1
2026-08-09T21:47:23.682489+00:00,1786312043.682,908.62,22.56,6.7733,2.61,0.000,304.3,233.1
2026-08-09T21:47:23.882526+00:00,1786312043.883,908.82,22.56,6.7733,2.59,0.000,304.7,233.1
2026-08-09T21:47:24.087263+00:00,1786312044.087,909.03,22.60,6.7777,2.55,0.000,305.1,233.1
2026-08-09T21:47:24.287147+00:00,1786312044.287,909.23,22.64,6.7777,2.51,0.000,305.3,233.1
2026-08-09T21:47:24.482121+00:00,1786312044.482,909.42,22.64,6.7799,2.47,0.000,305.3,233.1
2026-08-09T21:47:24.678341+00:00,1786312044.678,909.62,22.73,6.7799,2.45,0.000,305.3,233.1
2026-08-09T21:47:24.879939+00:00,1786312044.880,909.82,22.73,6.7799,2.44,0.000,305.2,233.1
2026-08-09T21:47:25.075483+00:00,1786312045.075,910.02,22.83,6.7821,2.44,0.000,305.2,233.1
2026-08-09T21:47:25.282579+00:00,1786312045.283,910.22,22.97,6.7821,2.45,0.053,306.3,233.1
2026-08-09T21:47:25.485540+00:00,1786312045.486,910.43,22.97,6.7865,2.47,0.053,307.5,233.1
2026-08-09T21:47:25.688006+00:00,1786312045.688,910.63,23.18,6.7865,2.49,0.085,309.4,233.1
2026-08-09T21:47:25.891495+00:00,1786312045.891,910.83,23.18,6.7865,2.52,0.085,311.3,233.1
2026-08-09T21:47:26.089084+00:00,1786312046.089,911.03,23.34,6.7887,2.56,0.102,313.6,233.1
2026-08-09T21:47:26.292646+00:00,1786312046.293,911.23,23.53,6.7887,2.60,0.122,316.6,233.1
2026-08-09T21:47:26.493062+00:00,1786312046.493,911.43,23.53,6.7931,2.65,0.122,319.7,233.1
2026-08-09T21:47:26.693505+00:00,1786312046.693,911.63,23.65,6.7931,2.69,0.127,323.0,233.1
2026-08-09T21:47:26.890035+00:00,1786312046.890,911.83,23.65,6.7931,2.71,0.127,326.6,233.1
2026-08-09T21:47:27.096645+00:00,1786312047.097,912.04,23.83,6.7975,2.73,0.137,330.6,233.1
2026-08-09T21:47:27.303082+00:00,1786312047.303,912.24,24.00,6.7975,2.77,0.142,335.2,233.1
2026-08-09T21:47:27.500009+00:00,1786312047.500,912.44,24.00,6.7997,2.82,0.143,340.0,233.1
2026-08-09T21:47:27.698774+00:00,1786312047.699,912.64,24.06,6.7997,2.86,0.122,344.6,233.1
2026-08-09T21:47:27.903216+00:00,1786312047.903,912.84,24.06,6.7997,2.90,0.122,349.4,233.1
2026-08-09T21:47:28.104524+00:00,1786312048.105,913.05,24.16,6.8041,2.94,0.113,354.3,233.1
2026-08-09T21:47:28.308902+00:00,1786312048.309,913.25,24.27,6.8041,2.96,0.102,359.1,233.1
2026-08-09T21:47:28.513253+00:00,1786312048.513,913.45,24.27,6.8063,2.97,0.101,363.9,233.1
2026-08-09T21:47:28.711457+00:00,1786312048.711,913.65,24.39,6.8063,2.98,0.102,369.0,233.1
2026-08-09T21:47:28.912419+00:00,1786312048.912,913.85,24.46,6.8063,2.99,0.112,374.5,233.1
2026-08-09T21:47:29.116680+00:00,1786312049.117,914.06,24.46,6.8107,2.98,0.087,379.5,233.1
2026-08-09T21:47:29.318366+00:00,1786312049.318,914.26,24.51,6.8107,2.96,0.069,384.2,233.1
2026-08-09T21:47:29.521894+00:00,1786312049.522,914.46,24.59,6.8129,2.95,0.080,389.2,233.1
2026-08-09T21:47:29.718359+00:00,1786312049.718,914.66,24.59,6.8129,2.95,0.072,394.2,233.1
2026-08-09T21:47:29.917417+00:00,1786312049.917,914.86,24.68,6.8129,2.97,0.085,399.5,233.1
2026-08-09T21:47:30.115748+00:00,1786312050.116,915.06,24.68,6.8173,2.99,0.072,404.7,233.1
2026-08-09T21:47:30.319572+00:00,1786312050.320,915.26,24.70,6.8173,3.01,0.060,408.3,233.1
2026-08-09T21:47:30.521803+00:00,1786312050.522,915.46,24.70,6.8195,3.00,0.061,412.0,233.1
2026-08-09T21:47:30.721339+00:00,1786312050.721,915.66,24.70,6.8195,2.98,0.000,413.1,233.1
2026-08-09T21:47:30.925506+00:00,1786312050.925,915.87,24.70,6.8195,2.95,0.000,414.1,233.1
2026-08-09T21:47:31.123934+00:00,1786312051.124,916.07,24.70,6.8239,2.91,0.000,414.3,233.1
2026-08-09T21:47:31.320039+00:00,1786312051.320,916.26,24.70,6.8239,2.87,0.000,413.5,233.1
2026-08-09T21:47:31.518174+00:00,1786312051.518,916.46,24.69,6.8283,2.83,0.000,412.5,233.1
2026-08-09T21:47:31.719435+00:00,1786312051.719,916.66,24.69,6.8283,2.79,0.000,410.9,233.1
2026-08-09T21:47:31.918292+00:00,1786312051.918,916.86,24.67,6.8283,2.75,0.000,409.1,233.1
2026-08-09T21:47:32.119058+00:00,1786312052.119,917.06,24.67,6.8305,2.71,0.000,406.7,233.1
2026-08-09T21:47:32.316796+00:00,1786312052.317,917.26,24.67,6.8305,2.67,0.000,403.7,233.1
2026-08-09T21:47:32.511416+00:00,1786312052.511,917.45,24.68,6.8348,2.62,0.000,400.4,233.1
2026-08-09T21:47:32.712628+00:00,1786312052.713,917.65,24.68,6.8348,2.57,0.000,397.0,233.1
2026-08-09T21:47:32.917392+00:00,1786312052.917,917.86,24.56,6.8348,2.52,0.000,393.3,233.1
2026-08-09T21:47:33.114750+00:00,1786312053.115,918.06,24.73,6.8370,2.45,0.000,389.4,233.1
2026-08-09T21:47:33.315704+00:00,1786312053.316,918.26,24.73,6.8370,2.39,0.000,385.3,233.1
2026-08-09T21:47:33.512982+00:00,1786312053.513,918.45,24.77,6.8414,2.33,0.000,380.9,233.1
2026-08-09T21:47:33.714375+00:00,1786312053.714,918.66,24.81,6.8414,2.29,0.000,376.3,233.1
2026-08-09T21:47:33.915029+00:00,1786312053.915,918.86,24.81,6.8414,2.26,0.000,371.3,233.1
2026-08-09T21:47:34.114847+00:00,1786312054.115,919.06,24.85,6.8436,2.24,0.000,366.8,233.1
2026-08-09T21:47:34.315420+00:00,1786312054.315,919.26,24.89,6.8436,2.22,0.000,362.7,233.1
2026-08-09T21:47:34.515353+00:00,1786312054.515,919.46,24.89,6.8480,2.21,0.000,358.2,233.1
2026-08-09T21:47:34.719398+00:00,1786312054.719,919.66,25.08,6.8480,2.20,0.054,355.3,233.1
2026-08-09T21:47:34.924041+00:00,1786312054.924,919.87,25.08,6.8480,2.19,0.072,352.4,233.1
2026-08-09T21:47:35.125712+00:00,1786312055.126,920.07,24.91,6.8524,2.20,0.000,347.8,233.1
2026-08-09T21:47:35.329844+00:00,1786312055.330,920.27,24.96,6.8524,2.23,0.000,343.7,233.1
2026-08-09T21:47:35.527127+00:00,1786312055.527,920.47,24.96,6.8546,2.27,0.000,339.7,233.1
2026-08-09T21:47:35.725045+00:00,1786312055.725,920.67,24.93,6.8546,2.31,0.000,337.2,233.1
2026-08-09T21:47:35.925639+00:00,1786312055.926,920.87,24.91,6.8546,2.35,0.000,335.1,233.1
2026-08-09T21:47:36.127981+00:00,1786312056.128,921.07,24.91,6.8590,2.38,0.000,333.2,233.1
2026-08-09T21:47:36.325431+00:00,1786312056.325,921.27,24.91,6.8590,2.41,0.000,331.6,233.1
2026-08-09T21:47:36.532283+00:00,1786312056.532,921.47,24.91,6.8612,2.44,0.000,330.3,233.1
2026-08-09T21:47:36.730333+00:00,1786312056.730,921.67,24.74,6.8612,2.46,0.000,329.0,233.1
2026-08-09T21:47:36.930427+00:00,1786312056.930,921.87,24.82,6.8612,2.49,0.000,328.2,233.1
2026-08-09T21:47:37.134084+00:00,1786312057.134,922.08,24.82,6.8656,2.50,0.000,327.4,233.1
2026-08-09T21:47:37.331727+00:00,1786312057.332,922.27,24.71,6.8656,2.49,0.000,326.8,233.1
2026-08-09T21:47:37.530374+00:00,1786312057.530,922.47,24.65,6.8678,2.48,0.000,326.2,233.1
2026-08-09T21:47:37.728980+00:00,1786312057.729,922.67,24.65,6.8678,2.47,0.000,325.8,233.1
2026-08-09T21:47:37.926617+00:00,1786312057.927,922.87,24.59,6.8678,2.47,0.000,325.6,233.1
2026-08-09T21:47:38.121228+00:00,1786312058.121,923.06,24.59,6.8722,2.47,0.000,325.6,233.1
2026-08-09T21:47:38.325137+00:00,1786312058.325,923.27,24.52,6.8722,2.45,-0.055,324.4,233.1
2026-08-09T21:47:38.526358+00:00,1786312058.526,923.47,24.55,6.8744,2.42,-0.050,323.5,233.1
2026-08-09T21:47:38.727035+00:00,1786312058.727,923.67,24.55,6.8744,2.40,0.000,323.7,233.1
2026-08-09T21:47:38.927368+00:00,1786312058.927,923.87,24.40,6.8744,2.37,-0.059,322.5,233.1
2026-08-09T21:47:39.133631+00:00,1786312059.134,924.08,24.40,6.8788,2.35,-0.058,321.3,233.1
2026-08-09T21:47:39.331845+00:00,1786312059.332,924.27,24.18,6.8788,2.33,-0.074,319.6,233.1
2026-08-09T21:47:39.534026+00:00,1786312059.534,924.48,24.24,6.8810,2.29,-0.057,318.1,233.1
2026-08-09T21:47:39.737967+00:00,1786312059.738,924.68,24.24,6.8810,2.25,-0.057,315.2,233.1
2026-08-09T21:47:39.935131+00:00,1786312059.935,924.88,24.24,6.8810,2.21,0.000,313.0,233.1
2026-08-09T21:47:40.138651+00:00,1786312060.139,925.08,24.20,6.8854,2.18,-0.054,311.2,233.1
2026-08-09T21:47:40.342451+00:00,1786312060.342,925.28,24.20,6.8854,2.18,0.000,310.4,233.1
2026-08-09T21:47:40.538387+00:00,1786312060.538,925.48,24.18,6.8898,2.17,-0.051,308.4,233.1
2026-08-09T21:47:40.742842+00:00,1786312060.743,925.68,24.18,6.8898,2.17,-0.051,306.1,233.1
2026-08-09T21:47:40.948857+00:00,1786312060.949,925.89,24.17,6.8898,2.16,0.000,304.9,233.1
2026-08-09T21:47:41.153020+00:00,1786312061.153,926.09,24.34,6.8920,2.14,0.000,303.6,233.1
2026-08-09T21:47:41.352575+00:00,1786312061.353,926.29,24.34,6.8920,2.12,0.000,302.0,233.1
2026-08-09T21:47:41.549796+00:00,1786312061.550,926.49,24.23,6.8964,2.10,0.000,300.2,233.1
2026-08-09T21:47:41.752167+00:00,1786312061.752,926.69,24.23,6.8964,2.09,0.000,298.4,233.1
2026-08-09T21:47:41.949662+00:00,1786312061.950,926.89,24.16,6.8964,2.07,0.000,296.3,233.1
2026-08-09T21:47:42.149438+00:00,1786312062.149,927.09,24.27,6.8986,2.06,0.000,294.3,233.1
2026-08-09T21:47:42.348651+00:00,1786312062.349,927.29,24.27,6.8986,2.07,0.000,292.3,233.1
2026-08-09T21:47:42.555156+00:00,1786312062.555,927.50,24.28,6.9030,2.10,0.000,290.6,233.1
2026-08-09T21:47:42.755284+00:00,1786312062.755,927.70,24.32,6.9030,2.14,0.000,289.1,233.1
2026-08-09T21:47:42.954731+00:00,1786312062.955,927.90,24.32,6.9030,2.17,0.000,287.8,233.1
2026-08-09T21:47:43.154072+00:00,1786312063.154,928.10,24.40,6.9052,2.19,0.000,286.6,233.1
2026-08-09T21:47:43.354868+00:00,1786312063.355,928.30,24.40,6.9052,2.22,0.000,286.8,233.1
2026-08-09T21:47:43.559703+00:00,1786312063.560,928.50,24.44,6.9096,2.24,0.000,287.2,233.1
2026-08-09T21:47:43.760751+00:00,1786312063.761,928.70,24.65,6.9096,2.26,0.058,288.1,233.1
2026-08-09T21:47:43.963534+00:00,1786312063.964,928.90,24.65,6.9096,2.28,0.068,290.8,233.1
2026-08-09T21:47:44.166744+00:00,1786312064.167,929.11,24.63,6.9118,2.31,0.000,292.1,233.1
2026-08-09T21:47:44.370763+00:00,1786312064.371,929.31,24.70,6.9118,2.33,0.060,295.5,233.1
2026-08-09T21:47:44.570651+00:00,1786312064.571,929.51,24.70,6.9162,2.36,0.059,298.7,233.1
2026-08-09T21:47:44.770210+00:00,1786312064.770,929.71,24.75,6.9162,2.38,0.060,302.2,233.1
2026-08-09T21:47:44.970394+00:00,1786312064.970,929.91,24.77,6.9162,2.42,0.062,304.8,233.1
2026-08-09T21:47:45.172693+00:00,1786312065.173,930.11,24.77,6.9206,2.46,0.051,308.7,233.1
2026-08-09T21:47:45.374189+00:00,1786312065.374,930.32,24.78,6.9206,2.47,0.052,311.4,233.1
2026-08-09T21:47:45.574367+00:00,1786312065.574,930.52,24.78,6.9228,2.49,0.000,314.2,233.1
2026-08-09T21:47:45.776423+00:00,1786312065.776,930.72,24.64,6.9228,2.51,0.000,317.0,233.1
2026-08-09T21:47:45.978012+00:00,1786312065.978,930.92,24.60,6.9228,2.53,0.000,318.7,233.1
2026-08-09T21:47:46.184522+00:00,1786312066.185,931.13,24.60,6.9272,2.55,0.000,320.4,233.1
2026-08-09T21:47:46.385781+00:00,1786312066.386,931.33,24.51,6.9272,2.57,0.000,322.3,233.1
2026-08-09T21:47:46.586534+00:00,1786312066.587,931.53,24.51,6.9294,2.58,0.000,324.3,233.1
2026-08-09T21:47:46.786468+00:00,1786312066.786,931.73,24.25,6.9294,2.58,-0.069,324.6,233.1
2026-08-09T21:47:46.986030+00:00,1786312066.986,931.93,24.30,6.9294,2.58,-0.066,325.1,233.1
2026-08-09T21:47:47.184706+00:00,1786312067.185,932.13,24.30,6.9338,2.56,-0.066,325.6,233.1
2026-08-09T21:47:47.380941+00:00,1786312067.381,932.32,24.20,6.9338,2.54,-0.080,325.5,233.1
2026-08-09T21:47:47.579858+00:00,1786312067.580,932.52,24.20,6.9360,2.52,-0.080,325.2,233.1
2026-08-09T21:47:47.781641+00:00,1786312067.782,932.72,23.88,6.9360,2.49,-0.106,323.9,233.1
2026-08-09T21:47:47.985096+00:00,1786312067.985,932.93,24.03,6.9360,2.45,-0.079,323.0,233.1
2026-08-09T21:47:48.190505+00:00,1786312068.190,933.13,24.03,6.9404,2.40,-0.079,321.7,233.1
2026-08-09T21:47:48.388111+00:00,1786312068.388,933.33,23.97,6.9404,2.35,-0.074,320.3,233.1
2026-08-09T21:47:48.593046+00:00,1786312068.593,933.53,24.09,6.9426,2.31,-0.058,319.0,233.1
2026-08-09T21:47:48.797616+00:00,1786312068.798,933.74,24.09,6.9426,2.25,0.000,317.2,233.1
2026-08-09T21:47:48.998996+00:00,1786312068.999,933.94,23.96,6.9426,2.20,0.000,314.8,233.1
2026-08-09T21:47:49.203979+00:00,1786312069.204,934.15,23.96,6.9470,2.16,0.000,313.8,233.1
2026-08-09T21:47:49.401507+00:00,1786312069.401,934.34,23.97,6.9470,2.12,0.000,311.1,233.1
2026-08-09T21:47:49.601788+00:00,1786312069.602,934.54,24.21,6.9492,2.10,0.000,308.5,233.1
2026-08-09T21:47:49.802250+00:00,1786312069.802,934.74,24.21,6.9492,2.09,0.000,305.6,233.1
2026-08-09T21:47:50.002774+00:00,1786312070.003,934.94,24.01,6.9492,2.08,0.000,302.3,233.1
2026-08-09T21:47:50.205131+00:00,1786312070.205,935.15,24.01,6.9536,2.08,0.000,299.2,233.1
2026-08-09T21:47:50.410737+00:00,1786312070.411,935.35,23.99,6.9536,2.08,0.000,296.0,233.1
2026-08-09T21:47:50.616460+00:00,1786312070.616,935.56,23.99,6.9558,2.08,0.000,293.8,233.1
2026-08-09T21:47:50.823015+00:00,1786312070.823,935.76,23.99,6.9558,2.09,0.000,291.8,233.1
2026-08-09T21:47:51.020422+00:00,1786312071.020,935.96,23.96,6.9558,2.09,0.000,289.6,233.1
2026-08-09T21:47:51.218733+00:00,1786312071.219,936.16,23.99,6.9602,2.09,0.000,287.5,233.1
2026-08-09T21:47:51.414868+00:00,1786312071.415,936.36,23.99,6.9602,2.11,0.000,285.4,233.1
2026-08-09T21:47:51.612267+00:00,1786312071.612,936.55,23.99,6.9624,2.14,0.000,283.3,233.1
2026-08-09T21:47:51.809486+00:00,1786312071.809,936.75,23.99,6.9624,2.17,0.000,283.1,233.1
2026-08-09T21:47:52.004211+00:00,1786312072.004,936.95,23.98,6.9624,2.21,0.000,283.0,233.1
2026-08-09T21:47:52.203910+00:00,1786312072.204,937.15,23.98,6.9668,2.24,0.000,283.0,233.1
2026-08-09T21:47:52.401901+00:00,1786312072.402,937.34,23.96,6.9668,2.27,0.000,283.6,233.1
2026-08-09T21:47:52.599930+00:00,1786312072.600,937.54,24.00,6.9712,2.30,0.000,284.5,233.1
2026-08-09T21:47:52.803471+00:00,1786312072.803,937.74,24.00,6.9712,2.33,0.000,286.3,233.1
2026-08-09T21:47:53.000297+00:00,1786312073.000,937.94,23.96,6.9712,2.37,0.000,287.7,233.1
2026-08-09T21:47:53.198668+00:00,1786312073.199,938.14,23.96,6.9734,2.40,0.000,289.4,233.1
2026-08-09T21:47:53.396462+00:00,1786312073.396,938.34,23.75,6.9734,2.43,0.000,291.2,233.1
2026-08-09T21:47:53.595306+00:00,1786312073.595,938.54,23.76,6.9756,2.44,0.000,292.8,233.1
2026-08-09T21:47:53.799434+00:00,1786312073.799,938.74,23.76,6.9756,2.45,0.000,293.3,233.1
2026-08-09T21:47:53.996318+00:00,1786312073.996,938.94,23.78,6.9756,2.45,0.000,294.1,233.1
2026-08-09T21:47:54.202738+00:00,1786312074.203,939.14,23.88,6.9800,2.46,0.000,295.1,233.1
2026-08-09T21:47:54.402545+00:00,1786312074.403,939.34,23.88,6.9800,2.45,0.000,296.3,233.1
2026-08-09T21:47:54.599356+00:00,1786312074.599,939.54,23.83,6.9844,2.46,0.000,297.4,233.1
2026-08-09T21:47:54.799579+00:00,1786312074.800,939.74,23.83,6.9844,2.46,0.000,298.5,233.1
2026-08-09T21:47:55.004977+00:00,1786312075.005,939.95,23.88,6.9844,2.46,0.000,299.8,233.1
2026-08-09T21:47:55.200641+00:00,1786312075.201,940.14,24.08,6.9866,2.46,0.000,301.3,233.1
2026-08-09T21:47:55.396835+00:00,1786312075.397,940.34,24.08,6.9866,2.44,0.000,302.7,233.1
2026-08-09T21:47:55.594075+00:00,1786312075.594,940.54,24.09,6.9910,2.43,0.000,304.1,233.1
2026-08-09T21:47:55.793959+00:00,1786312075.794,940.74,24.09,6.9910,2.42,0.000,305.4,233.1
2026-08-09T21:47:55.991516+00:00,1786312075.992,940.93,24.11,6.9910,2.40,0.000,306.7,233.1
2026-08-09T21:47:56.187789+00:00,1786312076.188,941.13,24.13,6.9932,2.40,0.000,307.9,233.1
2026-08-09T21:47:56.384119+00:00,1786312076.384,941.33,24.13,6.9932,2.39,0.000,309.1,233.1
2026-08-09T21:47:56.591376+00:00,1786312076.591,941.53,24.11,6.9976,2.41,0.000,310.2,233.1
2026-08-09T21:47:56.791498+00:00,1786312076.791,941.73,24.11,6.9976,2.44,0.000,311.3,233.1
2026-08-09T21:47:56.988906+00:00,1786312076.989,941.93,24.11,6.9976,2.47,0.000,312.4,233.1
2026-08-09T21:47:57.186146+00:00,1786312077.186,942.13,24.12,6.9998,2.50,0.000,313.4,233.1
2026-08-09T21:47:57.385867+00:00,1786312077.386,942.33,24.12,6.9998,2.52,0.000,314.5,233.1
2026-08-09T21:47:57.582832+00:00,1786312077.583,942.52,24.11,7.0042,2.53,0.000,315.5,233.1
2026-08-09T21:47:57.786052+00:00,1786312077.786,942.73,24.11,7.0042,2.55,0.000,316.4,233.1
2026-08-09T21:47:57.983972+00:00,1786312077.984,942.93,24.09,7.0042,2.58,0.000,317.2,233.1
2026-08-09T21:47:58.184348+00:00,1786312078.184,943.13,24.08,7.0064,2.60,0.000,318.1,233.1
2026-08-09T21:47:58.384372+00:00,1786312078.384,943.33,24.08,7.0064,2.63,0.000,319.1,233.1
2026-08-09T21:47:58.581515+00:00,1786312078.582,943.52,24.13,7.0108,2.65,0.000,320.1,233.1
2026-08-09T21:47:58.784638+00:00,1786312078.785,943.73,24.13,7.0108,2.67,0.000,321.3,233.1
2026-08-09T21:47:58.982060+00:00,1786312078.982,943.92,24.07,7.0108,2.69,0.000,322.4,233.1
2026-08-09T21:47:59.181385+00:00,1786312079.181,944.12,24.09,7.0130,2.71,0.000,323.5,233.1
2026-08-09T21:47:59.381385+00:00,1786312079.381,944.32,24.09,7.0130,2.71,0.000,324.6,233.1
2026-08-09T21:47:59.583790+00:00,1786312079.584,944.53,24.07,7.0174,2.72,0.000,325.8,233.1
2026-08-09T21:47:59.792350+00:00,1786312079.792,944.73,24.06,7.0174,2.72,0.000,326.9,233.1
2026-08-09T21:47:59.989735+00:00,1786312079.990,944.93,24.06,7.0174,2.73,0.000,328.0,233.1
2026-08-09T21:48:00.184473+00:00,1786312080.184,945.13,24.05,7.0196,2.74,0.000,329.1,233.1
2026-08-09T21:48:00.384917+00:00,1786312080.385,945.33,24.05,7.0196,2.76,0.000,330.3,233.1
2026-08-09T21:48:00.583152+00:00,1786312080.583,945.52,24.01,7.0240,2.79,0.000,331.5,233.1
2026-08-09T21:48:00.785461+00:00,1786312080.785,945.73,24.04,7.0240,2.80,0.000,332.9,233.1
2026-08-09T21:48:00.986286+00:00,1786312080.986,945.93,24.04,7.0240,2.81,0.000,334.4,233.1
2026-08-09T21:48:01.183200+00:00,1786312081.183,946.12,24.00,7.0262,2.81,0.000,335.8,233.1
2026-08-09T21:48:01.379908+00:00,1786312081.380,946.32,24.00,7.0262,2.80,0.000,337.3,233.1
2026-08-09T21:48:01.577023+00:00,1786312081.577,946.52,23.98,7.0306,2.78,0.000,338.6,233.1
2026-08-09T21:48:01.777810+00:00,1786312081.778,946.72,23.99,7.0306,2.76,0.000,339.7,233.1
2026-08-09T21:48:01.978471+00:00,1786312081.978,946.92,23.99,7.0306,2.74,0.000,340.6,233.1
2026-08-09T21:48:02.184973+00:00,1786312082.185,947.13,24.00,7.0328,2.72,0.000,341.3,233.1
2026-08-09T21:48:02.385507+00:00,1786312082.385,947.33,24.00,7.0328,2.71,0.000,342.0,233.1
2026-08-09T21:48:02.592772+00:00,1786312082.593,947.53,24.05,7.0372,2.70,0.000,342.5,233.1
2026-08-09T21:48:02.793407+00:00,1786312082.793,947.73,24.12,7.0372,2.69,0.000,343.0,233.1
2026-08-09T21:48:02.993753+00:00,1786312082.994,947.94,24.12,7.0372,2.67,0.000,343.4,233.1
2026-08-09T21:48:03.199043+00:00,1786312083.199,948.14,24.18,7.0394,2.66,0.000,343.7,233.1
2026-08-09T21:48:03.397465+00:00,1786312083.397,948.34,24.29,7.0394,2.64,0.000,343.9,233.1
2026-08-09T21:48:03.595776+00:00,1786312083.596,948.54,24.29,7.0438,2.62,0.000,343.9,233.1
2026-08-09T21:48:03.792764+00:00,1786312083.793,948.73,24.30,7.0438,2.59,0.000,343.7,233.1
2026-08-09T21:48:03.991544+00:00,1786312083.992,948.93,24.30,7.0438,2.58,0.000,343.5,233.1
2026-08-09T21:48:04.187151+00:00,1786312084.187,949.13,24.42,7.0482,2.57,0.057,344.5,233.1
2026-08-09T21:48:04.393512+00:00,1786312084.393,949.33,24.46,7.0482,2.58,0.063,345.7,233.1
2026-08-09T21:48:04.594419+00:00,1786312084.594,949.54,24.46,7.0504,2.59,0.056,346.8,233.1
2026-08-09T21:48:04.792984+00:00,1786312084.793,949.73,24.48,7.0504,2.61,0.051,347.9,233.1
2026-08-09T21:48:04.996527+00:00,1786312084.997,949.94,24.48,7.0504,2.62,0.051,348.9,233.1
2026-08-09T21:48:05.191044+00:00,1786312085.191,950.13,24.46,7.0548,2.64,0.000,348.9,233.1
2026-08-09T21:48:05.393675+00:00,1786312085.394,950.34,24.50,7.0548,2.65,0.000,348.8,233.1
2026-08-09T21:48:05.590390+00:00,1786312085.590,950.53,24.50,7.0570,2.65,0.000,348.7,233.1
2026-08-09T21:48:05.786203+00:00,1786312085.786,950.73,24.57,7.0570,2.66,0.000,348.6,233.1
2026-08-09T21:48:05.985321+00:00,1786312085.985,950.93,24.54,7.0570,2.66,0.000,348.4,233.1
2026-08-09T21:48:06.179920+00:00,1786312086.180,951.12,24.54,7.0614,2.66,0.000,348.2,233.1
2026-08-09T21:48:06.383863+00:00,1786312086.384,951.33,24.60,7.0614,2.69,0.000,348.3,233.1
2026-08-09T21:48:06.582473+00:00,1786312086.582,951.52,24.60,7.0636,2.72,0.000,348.5,233.1
2026-08-09T21:48:06.779094+00:00,1786312086.779,951.72,24.58,7.0636,2.74,0.000,348.9,233.1
2026-08-09T21:48:06.978156+00:00,1786312086.978,951.92,24.60,7.0636,2.75,0.000,349.4,233.1
2026-08-09T21:48:07.177613+00:00,1786312087.178,952.12,24.60,7.0680,2.74,0.000,349.9,233.1
2026-08-09T21:48:07.373727+00:00,1786312087.374,952.32,24.55,7.0680,2.73,0.000,350.4,233.1
2026-08-09T21:48:07.574245+00:00,1786312087.574,952.52,24.55,7.0702,2.72,0.000,350.9,233.1
2026-08-09T21:48:07.773856+00:00,1786312087.774,952.72,24.48,7.0702,2.70,0.000,351.2,233.1
2026-08-09T21:48:07.974309+00:00,1786312087.974,952.92,24.39,7.0702,2.70,0.000,351.5,233.1
2026-08-09T21:48:08.178342+00:00,1786312088.178,953.12,24.39,7.0746,2.69,0.000,351.8,233.1
2026-08-09T21:48:08.374596+00:00,1786312088.375,953.32,24.35,7.0746,2.68,0.000,352.0,233.1
2026-08-09T21:48:08.574960+00:00,1786312088.575,953.52,24.34,7.0790,2.69,0.000,352.3,233.1
2026-08-09T21:48:08.777238+00:00,1786312088.777,953.72,24.34,7.0790,2.69,0.000,352.7,233.1
2026-08-09T21:48:08.981026+00:00,1786312088.981,953.92,24.36,7.0790,2.69,0.000,353.2,233.1
2026-08-09T21:48:09.176317+00:00,1786312089.176,954.12,24.36,7.0811,2.69,0.000,352.3,233.1
2026-08-09T21:48:09.382592+00:00,1786312089.383,954.32,24.36,7.0811,2.65,0.000,351.1,233.1
2026-08-09T21:48:09.580345+00:00,1786312089.580,954.52,24.40,7.0855,2.61,0.000,349.8,233.1
2026-08-09T21:48:09.783581+00:00,1786312089.784,954.72,24.40,7.0855,2.58,0.000,348.5,233.1
2026-08-09T21:48:09.981766+00:00,1786312089.982,954.92,24.45,7.0855,2.56,0.000,347.1,233.1
2026-08-09T21:48:10.178526+00:00,1786312090.179,955.12,24.45,7.0877,2.56,0.000,346.8,233.1
2026-08-09T21:48:10.385073+00:00,1786312090.385,955.33,24.38,7.0877,2.57,0.000,346.4,233.1
2026-08-09T21:48:10.583600+00:00,1786312090.584,955.52,24.48,7.0921,2.57,0.000,346.1,233.1
2026-08-09T21:48:10.779233+00:00,1786312090.779,955.72,24.48,7.0921,2.58,0.000,345.7,233.1
2026-08-09T21:48:10.976945+00:00,1786312090.977,955.92,24.47,7.0921,2.58,0.000,345.4,233.1
2026-08-09T21:48:11.180647+00:00,1786312091.181,956.12,24.45,7.0943,2.58,0.000,345.0,233.1
2026-08-09T21:48:11.376599+00:00,1786312091.377,956.32,24.45,7.0943,2.59,0.000,344.5,233.1
2026-08-09T21:48:11.574033+00:00,1786312091.574,956.52,24.43,7.0943,2.59,0.000,343.9,233.1
2026-08-09T21:48:11.773943+00:00,1786312091.774,956.72,24.43,7.0987,2.58,0.000,343.2,233.1
2026-08-09T21:48:11.969753+00:00,1786312091.970,956.91,24.41,7.0987,2.58,0.000,342.4,233.1
2026-08-09T21:48:12.176183+00:00,1786312092.176,957.12,24.46,7.1009,2.57,0.000,341.6,233.1
2026-08-09T21:48:12.376031+00:00,1786312092.376,957.32,24.46,7.1009,2.57,0.000,341.0,233.1
2026-08-09T21:48:12.582201+00:00,1786312092.582,957.52,24.34,7.1009,2.56,0.000,340.2,233.1
2026-08-09T21:48:12.783342+00:00,1786312092.783,957.72,24.34,7.1053,2.54,0.000,339.5,233.1
2026-08-09T21:48:12.981984+00:00,1786312092.982,957.92,24.19,7.1053,2.53,0.000,338.7,233.1
2026-08-09T21:48:13.180214+00:00,1786312093.180,958.12,24.30,7.1075,2.52,0.000,337.9,233.1
2026-08-09T21:48:13.380836+00:00,1786312093.381,958.32,24.30,7.1075,2.51,0.000,337.2,233.1
2026-08-09T21:48:13.576455+00:00,1786312093.576,958.52,24.35,7.1075,2.50,0.000,336.5,233.1
2026-08-09T21:48:13.777652+00:00,1786312093.778,958.72,24.34,7.1119,2.48,0.000,335.7,233.1
2026-08-09T21:48:13.977884+00:00,1786312093.978,958.92,24.34,7.1119,2.46,0.000,334.8,233.1
2026-08-09T21:48:14.175096+00:00,1786312094.175,959.12,24.36,7.1163,2.44,0.000,333.9,233.1
2026-08-09T21:48:14.378433+00:00,1786312094.378,959.32,24.36,7.1163,2.43,0.000,333.1,233.1
2026-08-09T21:48:14.573994+00:00,1786312094.574,959.52,24.40,7.1163,2.42,0.000,332.3,233.1
2026-08-09T21:48:14.775357+00:00,1786312094.775,959.72,24.57,7.1185,2.41,0.000,331.8,233.1
2026-08-09T21:48:14.977745+00:00,1786312094.978,959.92,24.57,7.1185,2.40,0.052,332.5,233.1
2026-08-09T21:48:15.175806+00:00,1786312095.176,960.12,24.47,7.1229,2.40,0.000,331.9,233.1
2026-08-09T21:48:15.375964+00:00,1786312095.376,960.32,24.47,7.1229,2.41,0.000,331.4,233.1
2026-08-09T21:48:15.572087+00:00,1786312095.572,960.51,24.31,7.1229,2.42,0.000,330.7,233.1
2026-08-09T21:48:15.769857+00:00,1786312095.770,960.71,24.51,7.1251,2.44,0.000,330.2,233.1
2026-08-09T21:48:15.968467+00:00,1786312095.968,960.91,24.51,7.1251,2.45,0.000,329.7,233.1
2026-08-09T21:48:16.162977+00:00,1786312096.163,961.10,24.52,7.1295,2.47,0.000,329.3,233.1
2026-08-09T21:48:16.361525+00:00,1786312096.362,961.30,24.57,7.1295,2.48,0.000,329.0,233.1
2026-08-09T21:48:16.559905+00:00,1786312096.560,961.50,24.57,7.1295,2.49,0.000,328.8,233.1
2026-08-09T21:48:16.757361+00:00,1786312096.757,961.70,24.62,7.1317,2.50,0.000,328.6,233.1
2026-08-09T21:48:16.955874+00:00,1786312096.956,961.90,24.62,7.1317,2.53,0.000,328.6,233.1
2026-08-09T21:48:17.154359+00:00,1786312097.154,962.10,24.66,7.1361,2.55,0.000,328.6,233.1
2026-08-09T21:48:17.353435+00:00,1786312097.353,962.29,24.86,7.1361,2.57,0.055,330.2,233.1
2026-08-09T21:48:17.557515+00:00,1786312097.558,962.50,24.86,7.1361,2.59,0.076,332.5,233.1
2026-08-09T21:48:17.758473+00:00,1786312097.758,962.70,24.71,7.1383,2.61,0.000,333.0,233.1
2026-08-09T21:48:17.962132+00:00,1786312097.962,962.90,24.76,7.1383,2.62,0.000,333.8,233.1
2026-08-09T21:48:18.158520+00:00,1786312098.159,963.10,24.76,7.1427,2.63,0.000,334.6,233.1
2026-08-09T21:48:18.356031+00:00,1786312098.356,963.30,24.77,7.1427,2.64,0.000,335.5,233.1
2026-08-09T21:48:18.556266+00:00,1786312098.556,963.50,24.77,7.1427,2.65,0.000,336.4,233.1
2026-08-09T21:48:18.762935+00:00,1786312098.763,963.70,24.77,7.1471,2.65,0.000,337.4,233.1
2026-08-09T21:48:18.968911+00:00,1786312098.969,963.91,24.81,7.1471,2.66,0.000,338.5,233.1
2026-08-09T21:48:19.165621+00:00,1786312099.166,964.11,24.81,7.1493,2.65,0.000,339.7,233.1
2026-08-09T21:48:19.363039+00:00,1786312099.363,964.30,24.82,7.1493,2.66,0.000,340.9,233.1
2026-08-09T21:48:19.562873+00:00,1786312099.563,964.50,24.85,7.1493,2.67,0.000,342.3,233.1
2026-08-09T21:48:19.762862+00:00,1786312099.763,964.70,24.85,7.1537,2.66,0.000,343.5,233.1
2026-08-09T21:48:19.961701+00:00,1786312099.962,964.90,24.81,7.1537,2.65,0.000,343.4,233.1
2026-08-09T21:48:20.161263+00:00,1786312100.161,965.10,24.81,7.1559,2.65,0.000,344.6,233.1
2026-08-09T21:48:20.367310+00:00,1786312100.367,965.31,24.79,7.1559,2.64,0.000,345.8,233.1
2026-08-09T21:48:20.567799+00:00,1786312100.568,965.51,24.81,7.1559,2.63,0.000,346.9,233.1
2026-08-09T21:48:20.769808+00:00,1786312100.770,965.71,24.81,7.1603,2.62,0.000,347.9,233.1
2026-08-09T21:48:20.967300+00:00,1786312100.967,965.91,24.79,7.1603,2.62,0.000,348.7,233.1
2026-08-09T21:48:21.166567+00:00,1786312101.167,966.11,24.77,7.1647,2.62,0.000,349.5,233.1
2026-08-09T21:48:21.365978+00:00,1786312101.366,966.31,24.77,7.1647,2.63,0.000,350.3,233.1
2026-08-09T21:48:21.563521+00:00,1786312101.564,966.50,24.72,7.1647,2.63,0.000,350.9,233.1
2026-08-09T21:48:21.768038+00:00,1786312101.768,966.71,24.72,7.1669,2.62,0.000,351.4,233.1
2026-08-09T21:48:21.967832+00:00,1786312101.968,966.91,24.59,7.1669,2.62,0.000,351.8,233.1
2026-08-09T21:48:22.171858+00:00,1786312102.172,967.11,24.66,7.1713,2.62,0.000,352.0,233.1
2026-08-09T21:48:22.368542+00:00,1786312102.369,967.31,24.66,7.1713,2.59,0.000,350.7,233.1
2026-08-09T21:48:22.566311+00:00,1786312102.566,967.51,24.56,7.1713,2.57,0.000,348.6,233.1
2026-08-09T21:48:22.767440+00:00,1786312102.767,967.71,24.49,7.1735,2.55,0.000,348.3,233.1
2026-08-09T21:48:22.965920+00:00,1786312102.966,967.91,24.49,7.1735,2.53,0.000,347.7,233.1
2026-08-09T21:48:23.162666+00:00,1786312103.163,968.10,24.42,7.1779,2.50,0.000,346.9,233.1
2026-08-09T21:48:23.362863+00:00,1786312103.363,968.30,24.42,7.1779,2.47,0.000,346.0,233.1
2026-08-09T21:48:23.560810+00:00,1786312103.561,968.50,24.38,7.1779,2.44,0.000,344.9,233.1
2026-08-09T21:48:23.761261+00:00,1786312103.761,968.70,24.48,7.1801,2.40,0.000,343.7,233.1
2026-08-09T21:48:23.961705+00:00,1786312103.962,968.90,24.48,7.1801,2.36,0.000,342.3,233.1
2026-08-09T21:48:24.168775+00:00,1786312104.169,969.11,24.37,7.1845,2.32,0.000,340.7,233.1
2026-08-09T21:48:24.369273+00:00,1786312104.369,969.31,24.37,7.1845,2.28,0.000,338.9,233.1
2026-08-09T21:48:24.567860+00:00,1786312104.568,969.51,24.27,7.1845,2.24,0.000,336.8,233.1
2026-08-09T21:48:24.765791+00:00,1786312104.766,969.71,24.42,7.1867,2.21,0.000,334.8,233.1
2026-08-09T21:48:24.966111+00:00,1786312104.966,969.91,24.42,7.1867,2.18,0.000,332.6,233.1
2026-08-09T21:48:25.173009+00:00,1786312105.173,970.11,24.52,7.1911,2.17,0.000,330.6,233.1
2026-08-09T21:48:25.373234+00:00,1786312105.373,970.31,24.54,7.1911,2.18,0.000,328.7,233.1
2026-08-09T21:48:25.573221+00:00,1786312105.573,970.51,24.54,7.1911,2.20,0.000,326.8,233.1
2026-08-09T21:48:25.778816+00:00,1786312105.779,970.72,24.56,7.1933,2.21,0.000,325.0,233.1
2026-08-09T21:48:25.985184+00:00,1786312105.985,970.93,24.60,7.1933,2.24,0.000,323.4,233.1
2026-08-09T21:48:26.185241+00:00,1786312106.185,971.13,24.60,7.1977,2.27,0.000,321.9,233.1
2026-08-09T21:48:26.383132+00:00,1786312106.383,971.32,24.70,7.1977,2.31,0.000,320.7,233.1
2026-08-09T21:48:26.590777+00:00,1786312106.591,971.53,24.70,7.1977,2.35,0.060,320.9,233.1
2026-08-09T21:48:26.791461+00:00,1786312106.791,971.73,24.57,7.2021,2.37,0.000,319.9,233.1
2026-08-09T21:48:26.986143+00:00,1786312106.986,971.93,24.55,7.2021,2.40,0.000,319.0,233.1
2026-08-09T21:48:27.180755+00:00,1786312107.181,972.12,24.55,7.2043,2.43,0.000,318.2,233.1
2026-08-09T21:48:27.378199+00:00,1786312107.378,972.32,24.57,7.2043,2.46,0.000,317.6,233.1
2026-08-09T21:48:27.578817+00:00,1786312107.579,972.52,24.57,7.2043,2.50,0.000,317.4,233.1
2026-08-09T21:48:27.783896+00:00,1786312107.784,972.73,24.55,7.2087,2.54,0.000,317.4,233.1
2026-08-09T21:48:27.983004+00:00,1786312107.983,972.92,24.63,7.2087,2.57,0.000,317.6,233.1
2026-08-09T21:48:28.179753+00:00,1786312108.180,973.12,24.63,7.2109,2.58,0.000,318.1,233.1
2026-08-09T21:48:28.381623+00:00,1786312108.382,973.32,24.68,7.2109,2.58,0.000,318.7,233.1
2026-08-09T21:48:28.576573+00:00,1786312108.577,973.52,24.75,7.2109,2.55,0.000,319.4,233.1
2026-08-09T21:48:28.774113+00:00,1786312108.774,973.72,24.75,7.2153,2.53,0.000,320.1,233.1
2026-08-09T21:48:28.971953+00:00,1786312108.972,973.91,24.78,7.2153,2.50,0.000,320.9,233.1
2026-08-09T21:48:29.170267+00:00,1786312109.170,974.11,24.78,7.2175,2.49,0.000,321.8,233.1
2026-08-09T21:48:29.372937+00:00,1786312109.373,974.31,24.80,7.2175,2.48,0.000,322.9,233.1
2026-08-09T21:48:29.572967+00:00,1786312109.573,974.51,24.93,7.2175,2.48,0.050,325.5,233.1
2026-08-09T21:48:29.774594+00:00,1786312109.775,974.72,24.93,7.2219,2.50,0.052,328.2,233.1
2026-08-09T21:48:29.972169+00:00,1786312109.972,974.91,24.90,7.2219,2.52,0.000,329.8,233.1
2026-08-09T21:48:30.176088+00:00,1786312110.176,975.12,24.91,7.2263,2.53,0.000,331.5,233.1
2026-08-09T21:48:30.381237+00:00,1786312110.381,975.32,24.91,7.2263,2.54,0.000,333.1,233.1
2026-08-09T21:48:30.578460+00:00,1786312110.578,975.52,24.90,7.2263,2.54,0.000,334.7,233.1
2026-08-09T21:48:30.775954+00:00,1786312110.776,975.72,24.94,7.2285,2.53,0.000,336.3,233.1
2026-08-09T21:48:30.976122+00:00,1786312110.976,975.92,24.94,7.2285,2.53,0.000,337.6,233.1
2026-08-09T21:48:31.182759+00:00,1786312111.183,976.12,24.95,7.2329,2.52,0.000,338.9,233.1
2026-08-09T21:48:31.385911+00:00,1786312111.386,976.33,24.95,7.2329,2.52,0.000,339.9,233.1
2026-08-09T21:48:31.592446+00:00,1786312111.592,976.53,24.86,7.2329,2.53,0.000,339.3,233.1
2026-08-09T21:48:31.787527+00:00,1786312111.788,976.73,24.84,7.2351,2.54,0.000,340.2,233.1
2026-08-09T21:48:31.988218+00:00,1786312111.988,976.93,24.84,7.2351,2.55,0.000,341.0,233.1
2026-08-09T21:48:32.184471+00:00,1786312112.184,977.13,24.80,7.2395,2.52,0.000,341.5,233.1
2026-08-09T21:48:32.387347+00:00,1786312112.387,977.33,24.74,7.2395,2.50,0.000,341.8,233.1
2026-08-09T21:48:32.586221+00:00,1786312112.586,977.53,24.74,7.2395,2.47,0.000,341.8,233.1
2026-08-09T21:48:32.783305+00:00,1786312112.783,977.72,24.62,7.2417,2.44,0.000,341.5,233.1
2026-08-09T21:48:32.982057+00:00,1786312112.982,977.92,24.62,7.2417,2.41,0.000,340.9,233.1
2026-08-09T21:48:33.180125+00:00,1786312113.180,978.12,24.56,7.2461,2.39,-0.054,338.9,233.1
2026-08-09T21:48:33.381199+00:00,1786312113.381,978.32,24.48,7.2461,2.36,-0.065,336.4,233.1
2026-08-09T21:48:33.585393+00:00,1786312113.585,978.53,24.48,7.2461,2.34,-0.053,334.2,233.1
2026-08-09T21:48:33.788845+00:00,1786312113.789,978.73,24.41,7.2483,2.32,-0.060,331.8,233.1
2026-08-09T21:48:33.992849+00:00,1786312113.993,978.93,24.41,7.2483,2.30,-0.060,329.4,233.1
2026-08-09T21:48:34.200143+00:00,1786312114.200,979.14,24.30,7.2527,2.27,-0.069,326.7,233.1
2026-08-09T21:48:34.404632+00:00,1786312114.405,979.35,24.27,7.2527,2.25,-0.065,324.0,233.1
2026-08-09T21:48:34.609080+00:00,1786312114.609,979.55,24.27,7.2527,2.23,-0.064,319.9,233.1
2026-08-09T21:48:34.811315+00:00,1786312114.811,979.75,24.24,7.2571,2.21,-0.053,315.9,233.1
2026-08-09T21:48:35.017170+00:00,1786312115.017,979.96,24.24,7.2571,2.20,-0.052,313.0,233.1
2026-08-09T21:48:35.212619+00:00,1786312115.213,980.15,24.24,7.2593,2.19,0.000,311.2,233.1
2026-08-09T21:48:35.418668+00:00,1786312115.419,980.36,24.26,7.2593,2.18,0.000,309.3,233.1
2026-08-09T21:48:35.620118+00:00,1786312115.620,980.56,24.26,7.2593,2.17,0.000,307.4,233.1
2026-08-09T21:48:35.817841+00:00,1786312115.818,980.76,24.26,7.2637,2.17,0.000,305.5,233.1
2026-08-09T21:48:36.024242+00:00,1786312116.024,980.97,24.38,7.2637,2.16,0.000,303.7,233.1
2026-08-09T21:48:36.223300+00:00,1786312116.223,981.16,24.38,7.2659,2.16,0.000,301.9,233.1
2026-08-09T21:48:36.429238+00:00,1786312116.429,981.37,24.43,7.2659,2.16,0.000,300.1,233.1
2026-08-09T21:48:36.626115+00:00,1786312116.626,981.57,24.55,7.2659,2.16,0.000,298.4,233.1
2026-08-09T21:48:36.822679+00:00,1786312116.823,981.76,24.55,7.2703,2.16,0.000,296.7,233.1
2026-08-09T21:48:37.029195+00:00,1786312117.029,981.97,24.65,7.2703,2.17,0.057,296.4,233.1
2026-08-09T21:48:37.228519+00:00,1786312117.229,982.17,24.65,7.2725,2.19,0.057,296.3,233.1
2026-08-09T21:48:37.428657+00:00,1786312117.429,982.37,24.58,7.2725,2.20,0.000,295.1,233.1
2026-08-09T21:48:37.634000+00:00,1786312117.634,982.58,24.88,7.2725,2.22,0.086,296.1,233.1
2026-08-09T21:48:37.834581+00:00,1786312117.835,982.78,24.88,7.2769,2.23,0.086,297.5,233.1
2026-08-09T21:48:38.033790+00:00,1786312118.034,982.98,24.94,7.2769,2.23,0.077,298.8,233.1
2026-08-09T21:48:38.230876+00:00,1786312118.231,983.17,25.07,7.2813,2.24,0.095,302.1,233.1
2026-08-09T21:48:38.435218+00:00,1786312118.435,983.38,25.07,7.2813,2.24,0.089,305.6,233.1
2026-08-09T21:48:38.631567+00:00,1786312118.632,983.57,25.13,7.2813,2.26,0.081,308.8,233.1
2026-08-09T21:48:38.835723+00:00,1786312118.836,983.78,25.19,7.2835,2.26,0.088,312.6,233.1
2026-08-09T21:48:39.035731+00:00,1786312119.036,983.98,25.19,7.2835,2.28,0.075,316.2,233.1
2026-08-09T21:48:39.235771+00:00,1786312119.236,984.18,25.45,7.2879,2.29,0.110,321.3,233.1
2026-08-09T21:48:39.442483+00:00,1786312119.442,984.38,25.35,7.2879,2.30,0.107,326.2,233.1
2026-08-09T21:48:39.642908+00:00,1786312119.643,984.58,25.35,7.2879,2.32,0.065,330.3,233.1
2026-08-09T21:48:39.844304+00:00,1786312119.844,984.79,25.43,7.2901,2.33,0.076,334.6,233.1
2026-08-09T21:48:40.047933+00:00,1786312120.048,984.99,25.46,7.2901,2.32,0.071,338.8,233.1
2026-08-09T21:48:40.248802+00:00,1786312120.249,985.19,25.46,7.2945,2.34,0.053,341.5,233.1
2026-08-09T21:48:40.450243+00:00,1786312120.450,985.39,25.49,7.2945,2.35,0.058,344.5,233.1
2026-08-09T21:48:40.654440+00:00,1786312120.654,985.60,25.49,7.2945,2.36,0.000,346.1,233.1
2026-08-09T21:48:40.858768+00:00,1786312120.859,985.80,25.36,7.2989,2.38,0.000,347.8,233.1
2026-08-09T21:48:41.059551+00:00,1786312121.060,986.00,25.53,7.2989,2.41,0.000,349.6,233.1
2026-08-09T21:48:41.257036+00:00,1786312121.257,986.20,25.53,7.3011,2.43,0.000,351.4,233.1
2026-08-09T21:48:41.454797+00:00,1786312121.455,986.40,25.51,7.3011,2.45,0.000,353.4,233.1
2026-08-09T21:48:41.654957+00:00,1786312121.655,986.60,25.52,7.3011,2.47,0.000,355.3,233.1
2026-08-09T21:48:41.857943+00:00,1786312121.858,986.80,25.52,7.3055,2.48,0.000,357.3,233.1
2026-08-09T21:48:42.055730+00:00,1786312122.056,987.00,25.48,7.3055,2.49,0.000,357.9,233.1
2026-08-09T21:48:42.253455+00:00,1786312122.253,987.19,25.45,7.3077,2.51,0.000,358.5,233.1
2026-08-09T21:48:42.454458+00:00,1786312122.454,987.40,25.45,7.3077,2.53,0.000,360.4,233.1
2026-08-09T21:48:42.652574+00:00,1786312122.653,987.59,25.60,7.3077,2.53,0.000,360.3,233.1
2026-08-09T21:48:42.848288+00:00,1786312122.848,987.79,25.41,7.3121,2.51,0.000,359.8,233.1
2026-08-09T21:48:43.048760+00:00,1786312123.049,987.99,25.41,7.3121,2.48,0.000,359.4,233.1
2026-08-09T21:48:43.245541+00:00,1786312123.246,988.19,25.38,7.3165,2.44,0.000,358.2,233.1
2026-08-09T21:48:43.446421+00:00,1786312123.446,988.39,25.38,7.3165,2.40,0.000,357.0,233.1
2026-08-09T21:48:43.644299+00:00,1786312123.644,988.59,25.34,7.3165,2.36,0.000,355.7,233.1
2026-08-09T21:48:43.844555+00:00,1786312123.845,988.79,25.31,7.3187,2.32,0.000,354.0,233.1
2026-08-09T21:48:44.044841+00:00,1786312124.045,988.99,25.31,7.3187,2.28,0.000,352.3,233.1
2026-08-09T21:48:44.239892+00:00,1786312124.240,989.18,25.34,7.3231,2.26,0.000,349.5,233.1
2026-08-09T21:48:44.440067+00:00,1786312124.440,989.38,25.34,7.3231,2.24,0.000,346.8,233.1
2026-08-09T21:48:44.637611+00:00,1786312124.638,989.58,25.34,7.3231,2.22,0.000,344.8,233.1
2026-08-09T21:48:44.844091+00:00,1786312124.844,989.79,25.35,7.3253,2.20,0.000,342.5,233.1
2026-08-09T21:48:45.044624+00:00,1786312125.045,989.99,25.36,7.3253,2.17,0.000,340.2,233.1
2026-08-09T21:48:45.241742+00:00,1786312125.242,990.18,25.36,7.3296,2.14,0.000,338.1,233.1
2026-08-09T21:48:45.440906+00:00,1786312125.441,990.38,25.36,7.3296,2.11,0.000,335.7,233.1
2026-08-09T21:48:45.638014+00:00,1786312125.638,990.58,25.36,7.3296,2.10,0.000,334.5,233.1
2026-08-09T21:48:45.835241+00:00,1786312125.835,990.78,25.35,7.3340,2.10,0.000,333.4,233.1
2026-08-09T21:48:46.031736+00:00,1786312126.032,990.97,25.30,7.3340,2.11,0.000,332.0,233.1
2026-08-09T21:48:46.231101+00:00,1786312126.231,991.17,25.30,7.3362,2.09,0.000,330.6,233.1
2026-08-09T21:48:46.428935+00:00,1786312126.429,991.37,25.31,7.3362,2.08,0.000,328.9,233.1
2026-08-09T21:48:46.629374+00:00,1786312126.629,991.57,25.28,7.3362,2.07,0.000,327.2,233.1
2026-08-09T21:48:46.830885+00:00,1786312126.831,991.77,25.28,7.3406,2.08,0.000,325.4,233.1
2026-08-09T21:48:47.028231+00:00,1786312127.028,991.97,25.26,7.3406,2.09,0.000,323.7,233.1
2026-08-09T21:48:47.224906+00:00,1786312127.225,992.17,25.25,7.3428,2.10,0.000,321.9,233.1
2026-08-09T21:48:47.424592+00:00,1786312127.425,992.37,25.25,7.3428,2.09,0.000,319.9,233.1
2026-08-09T21:48:47.623526+00:00,1786312127.624,992.56,25.25,7.3428,2.08,0.000,317.9,233.1
2026-08-09T21:48:47.829681+00:00,1786312127.830,992.77,25.25,7.3472,2.07,0.000,316.0,233.1
2026-08-09T21:48:48.026950+00:00,1786312128.027,992.97,25.25,7.3472,2.06,0.000,314.2,233.1
2026-08-09T21:48:48.233216+00:00,1786312128.233,993.17,25.27,7.3516,2.06,0.000,312.6,233.1
2026-08-09T21:48:48.429645+00:00,1786312128.430,993.37,25.27,7.3516,2.05,0.000,311.2,233.1
2026-08-09T21:48:48.627158+00:00,1786312128.627,993.57,25.30,7.3516,2.06,0.000,309.9,233.1
2026-08-09T21:48:48.828920+00:00,1786312128.829,993.77,25.31,7.3538,2.08,0.000,309.0,233.1
2026-08-09T21:48:49.028736+00:00,1786312129.029,993.97,25.31,7.3538,2.09,0.000,308.2,233.1
2026-08-09T21:48:49.235586+00:00,1786312129.236,994.18,25.31,7.3582,2.13,0.000,307.7,233.1
2026-08-09T21:48:49.432750+00:00,1786312129.433,994.37,25.29,7.3582,2.16,0.000,307.3,233.1
2026-08-09T21:48:49.630721+00:00,1786312129.631,994.57,25.29,7.3582,2.19,0.000,307.2,233.1
2026-08-09T21:48:49.826188+00:00,1786312129.826,994.77,25.27,7.3604,2.19,0.000,307.1,233.1
2026-08-09T21:48:50.020571+00:00,1786312130.021,994.96,25.27,7.3604,2.19,0.000,307.1,233.1
2026-08-09T21:48:50.220802+00:00,1786312130.221,995.16,25.20,7.3648,2.18,0.000,307.2,233.1
2026-08-09T21:48:50.419482+00:00,1786312130.419,995.36,25.14,7.3648,2.19,0.000,307.3,233.1
2026-08-09T21:48:50.617887+00:00,1786312130.618,995.56,25.14,7.3648,2.21,0.000,307.6,233.1
2026-08-09T21:48:50.822497+00:00,1786312130.822,995.76,25.10,7.3692,2.23,0.000,307.9,233.1
2026-08-09T21:48:51.021370+00:00,1786312131.021,995.96,25.09,7.3692,2.25,0.000,308.3,233.1
2026-08-09T21:48:51.218793+00:00,1786312131.219,996.16,25.09,7.3714,2.25,0.000,308.8,233.1
2026-08-09T21:48:51.422131+00:00,1786312131.422,996.36,25.10,7.3714,2.27,0.000,309.4,233.1
2026-08-09T21:48:51.622106+00:00,1786312131.622,996.56,25.10,7.3714,2.27,0.000,310.0,233.1
2026-08-09T21:48:51.825036+00:00,1786312131.825,996.77,25.10,7.3758,2.27,0.000,310.6,233.1
2026-08-09T21:48:52.028645+00:00,1786312132.029,996.97,25.09,7.3758,2.28,0.000,311.3,233.1
2026-08-09T21:48:52.224774+00:00,1786312132.225,997.17,25.09,7.3780,2.30,0.000,311.9,233.1
2026-08-09T21:48:52.420438+00:00,1786312132.420,997.36,25.13,7.3780,2.31,0.000,312.7,233.1
2026-08-09T21:48:52.622775+00:00,1786312132.623,997.56,25.08,7.3780,2.33,0.000,313.6,233.1
2026-08-09T21:48:52.822725+00:00,1786312132.823,997.76,25.08,7.3824,2.36,0.000,314.6,233.1
2026-08-09T21:48:53.020445+00:00,1786312133.020,997.96,25.05,7.3824,2.39,0.000,315.7,233.1
2026-08-09T21:48:53.217040+00:00,1786312133.217,998.16,25.04,7.3846,2.41,0.000,316.9,233.1
2026-08-09T21:48:53.416704+00:00,1786312133.417,998.36,25.04,7.3846,2.43,0.000,318.2,233.1
2026-08-09T21:48:53.614050+00:00,1786312133.614,998.56,25.05,7.3846,2.43,0.000,319.4,233.1
2026-08-09T21:48:53.819315+00:00,1786312133.819,998.76,25.05,7.3890,2.42,0.000,320.6,233.1
2026-08-09T21:48:54.021965+00:00,1786312134.022,998.96,24.96,7.3890,2.41,0.000,321.6,233.1
2026-08-09T21:48:54.218394+00:00,1786312134.218,999.16,25.07,7.3934,2.41,0.000,322.5,233.1
2026-08-09T21:48:54.415004+00:00,1786312134.415,999.36,25.07,7.3934,2.40,0.000,323.3,233.1
2026-08-09T21:48:54.612357+00:00,1786312134.612,999.55,25.13,7.3934,2.38,0.000,323.9,233.1
2026-08-09T21:48:54.807216+00:00,1786312134.807,999.75,25.19,7.3956,2.36,0.000,324.5,233.1
2026-08-09T21:48:55.008132+00:00,1786312135.008,999.95,25.19,7.3956,2.33,0.000,325.0,233.1
2026-08-09T21:48:55.203761+00:00,1786312135.204,1000.15,25.25,7.4000,2.31,0.000,325.6,233.1
2026-08-09T21:48:55.402753+00:00,1786312135.403,1000.34,25.27,7.4000,2.29,0.000,326.1,233.1
2026-08-09T21:48:55.605536+00:00,1786312135.606,1000.55,25.27,7.4000,2.29,0.000,326.5,233.1
2026-08-09T21:48:55.809834+00:00,1786312135.810,1000.75,25.41,7.4022,2.28,0.050,328.1,233.1
2026-08-09T21:48:56.015983+00:00,1786312136.016,1000.96,25.41,7.4022,2.28,0.064,330.0,233.1
2026-08-09T21:48:56.213794+00:00,1786312136.214,1001.16,25.19,7.4066,2.28,0.000,330.2,233.1
2026-08-09T21:48:56.414646+00:00,1786312136.415,1001.36,25.33,7.4066,2.27,0.000,330.4,233.1
2026-08-09T21:48:56.613177+00:00,1786312136.613,1001.55,25.33,7.4066,2.27,0.000,330.5,233.1
2026-08-09T21:48:56.816775+00:00,1786312136.817,1001.76,25.35,7.4110,2.26,0.000,330.7,233.1
2026-08-09T21:48:57.015274+00:00,1786312137.015,1001.96,25.37,7.4110,2.29,0.000,330.9,233.1
2026-08-09T21:48:57.210447+00:00,1786312137.210,1002.15,25.37,7.4132,2.32,0.000,331.2,233.1
2026-08-09T21:48:57.407694+00:00,1786312137.408,1002.35,25.39,7.4132,2.35,0.000,331.5,233.1
2026-08-09T21:48:57.606660+00:00,1786312137.607,1002.55,25.41,7.4132,2.40,0.000,332.1,233.1
2026-08-09T21:48:57.804286+00:00,1786312137.804,1002.75,25.41,7.4176,2.44,0.000,332.6,233.1
2026-08-09T21:48:58.000163+00:00,1786312138.000,1002.94,25.58,7.4176,2.49,0.000,333.5,233.1
2026-08-09T21:48:58.201108+00:00,1786312138.201,1003.14,25.58,7.4198,2.53,0.055,335.6,233.1
2026-08-09T21:48:58.405696+00:00,1786312138.406,1003.35,25.39,7.4198,2.56,0.000,336.4,233.1
2026-08-09T21:48:58.609250+00:00,1786312138.609,1003.55,25.42,7.4198,2.56,0.000,337.2,233.1
2026-08-09T21:48:58.808039+00:00,1786312138.808,1003.75,25.42,7.4242,2.55,0.000,338.0,233.1
2026-08-09T21:48:59.005471+00:00,1786312139.005,1003.95,25.43,7.4242,2.54,0.000,338.9,233.1
2026-08-09T21:48:59.206343+00:00,1786312139.206,1004.15,25.42,7.4286,2.54,0.000,339.7,233.1
2026-08-09T21:48:59.407459+00:00,1786312139.407,1004.35,25.42,7.4286,2.55,0.000,340.5,233.1
2026-08-09T21:48:59.605420+00:00,1786312139.605,1004.55,25.32,7.4286,2.56,0.000,341.4,233.1
2026-08-09T21:48:59.806088+00:00,1786312139.806,1004.75,25.41,7.4308,2.58,0.000,342.4,233.1
2026-08-09T21:49:00.006204+00:00,1786312140.006,1004.95,25.41,7.4308,2.58,0.000,343.6,233.1
2026-08-09T21:49:00.212858+00:00,1786312140.213,1005.15,25.48,7.4352,2.57,0.000,344.8,233.1
2026-08-09T21:49:00.417051+00:00,1786312140.417,1005.36,25.46,7.4352,2.56,0.000,345.9,233.1
2026-08-09T21:49:00.617868+00:00,1786312140.618,1005.56,25.46,7.4352,2.53,0.000,347.0,233.1
2026-08-09T21:49:00.815478+00:00,1786312140.815,1005.76,25.42,7.4396,2.51,0.000,346.8,233.1
2026-08-09T21:49:01.015514+00:00,1786312141.016,1005.96,25.39,7.4396,2.49,0.000,346.1,233.1
2026-08-09T21:49:01.211781+00:00,1786312141.212,1006.15,25.39,7.4418,2.47,0.000,347.0,233.1
2026-08-09T21:49:01.412024+00:00,1786312141.412,1006.35,25.50,7.4418,2.44,0.000,347.8,233.1
2026-08-09T21:49:01.615755+00:00,1786312141.616,1006.56,25.50,7.4418,2.43,0.000,348.5,233.1
2026-08-09T21:49:01.822724+00:00,1786312141.823,1006.76,25.34,7.4462,2.42,0.000,349.1,233.1
2026-08-09T21:49:02.023490+00:00,1786312142.023,1006.96,25.40,7.4462,2.43,0.000,349.7,233.1
2026-08-09T21:49:02.219051+00:00,1786312142.219,1007.16,25.40,7.4484,2.42,0.000,350.1,233.1
2026-08-09T21:49:02.416743+00:00,1786312142.417,1007.36,25.39,7.4484,2.42,0.000,350.4,233.1
2026-08-09T21:49:02.611705+00:00,1786312142.612,1007.55,25.45,7.4484,2.43,0.000,350.6,233.1
2026-08-09T21:49:02.810027+00:00,1786312142.810,1007.75,25.45,7.4528,2.45,0.000,350.7,233.1
2026-08-09T21:49:03.007087+00:00,1786312143.007,1007.95,25.48,7.4528,2.48,0.000,350.5,233.1
2026-08-09T21:49:03.206035+00:00,1786312143.206,1008.15,25.49,7.4572,2.50,0.000,349.1,233.1
2026-08-09T21:49:03.409578+00:00,1786312143.410,1008.35,25.49,7.4572,2.53,0.000,349.1,233.1
2026-08-09T21:49:03.606135+00:00,1786312143.606,1008.55,25.57,7.4572,2.55,0.000,349.1,233.1
2026-08-09T21:49:03.804834+00:00,1786312143.805,1008.75,25.57,7.4594,2.55,0.000,349.2,233.1
2026-08-09T21:49:04.008348+00:00,1786312144.008,1008.95,25.57,7.4594,2.55,0.000,349.4,233.1
2026-08-09T21:49:04.208623+00:00,1786312144.209,1009.15,25.57,7.4638,2.55,0.000,349.5,233.1
2026-08-09T21:49:04.412294+00:00,1786312144.412,1009.35,25.57,7.4638,2.56,0.000,349.7,233.1
2026-08-09T21:49:04.608376+00:00,1786312144.608,1009.55,25.42,7.4638,2.56,0.000,349.8,233.1
2026-08-09T21:49:04.812356+00:00,1786312144.812,1009.75,25.56,7.4660,2.57,0.000,349.9,233.1
2026-08-09T21:49:05.010668+00:00,1786312145.011,1009.95,25.56,7.4660,2.58,0.000,350.0,233.1
2026-08-09T21:49:05.217916+00:00,1786312145.218,1010.16,25.59,7.4704,2.59,0.000,350.2,233.1
2026-08-09T21:49:05.416573+00:00,1786312145.417,1010.36,25.59,7.4704,2.61,0.000,350.5,233.1
2026-08-09T21:49:05.613010+00:00,1786312145.613,1010.55,25.59,7.4704,2.60,0.000,350.9,233.1
2026-08-09T21:49:05.808812+00:00,1786312145.809,1010.75,25.52,7.4748,2.59,0.000,351.3,233.1
2026-08-09T21:49:06.008671+00:00,1786312146.009,1010.95,25.48,7.4748,2.58,0.000,351.7,233.1
2026-08-09T21:49:06.207536+00:00,1786312146.208,1011.15,25.48,7.4770,2.57,0.000,352.2,233.1
2026-08-09T21:49:06.410964+00:00,1786312146.411,1011.35,25.56,7.4770,2.56,0.000,352.7,233.1
2026-08-09T21:49:06.610634+00:00,1786312146.611,1011.55,25.36,7.4770,2.57,0.000,353.2,233.1
2026-08-09T21:49:06.811414+00:00,1786312146.811,1011.75,25.36,7.4814,2.58,0.000,353.8,233.1
2026-08-09T21:49:07.007342+00:00,1786312147.007,1011.95,25.27,7.4814,2.59,0.000,354.4,233.1
2026-08-09T21:49:07.205074+00:00,1786312147.205,1012.15,25.27,7.4836,2.61,0.000,355.0,233.1
2026-08-09T21:49:07.407429+00:00,1786312147.407,1012.35,25.20,7.4836,2.61,-0.054,354.4,233.1
2026-08-09T21:49:07.609062+00:00,1786312147.609,1012.55,25.12,7.4836,2.62,-0.065,353.3,233.1
2026-08-09T21:49:07.810169+00:00,1786312147.810,1012.75,25.12,7.4880,2.62,-0.056,352.4,233.1
2026-08-09T21:49:08.016477+00:00,1786312148.016,1012.96,25.08,7.4880,2.61,-0.055,351.3,233.1
2026-08-09T21:49:08.215309+00:00,1786312148.215,1013.16,25.03,7.4924,2.61,-0.062,350.0,233.1
2026-08-09T21:49:08.416997+00:00,1786312148.417,1013.36,25.03,7.4924,2.58,-0.073,348.1,233.1
2026-08-09T21:49:08.621814+00:00,1786312148.622,1013.56,24.99,7.4924,2.56,-0.051,346.5,233.1
2026-08-09T21:49:08.816707+00:00,1786312148.817,1013.76,24.99,7.4946,2.54,-0.051,344.9,233.1
2026-08-09T21:49:09.014459+00:00,1786312149.014,1013.96,24.80,7.4946,2.53,-0.065,342.7,233.1
2026-08-09T21:49:09.218581+00:00,1786312149.219,1014.16,24.74,7.4990,2.53,-0.073,340.3,233.1
2026-08-09T21:49:09.423338+00:00,1786312149.423,1014.36,24.74,7.4990,2.52,-0.064,338.0,233.1
2026-08-09T21:49:09.624609+00:00,1786312149.625,1014.57,24.60,7.4990,2.51,-0.072,335.5,233.1
2026-08-09T21:49:09.828385+00:00,1786312149.828,1014.77,24.44,7.5012,2.47,-0.095,332.1,233.1
2026-08-09T21:49:10.031727+00:00,1786312150.032,1014.97,24.44,7.5012,2.42,-0.088,328.6,233.1
2026-08-09T21:49:10.228517+00:00,1786312150.229,1015.17,24.30,7.5056,2.36,-0.101,324.5,233.1
2026-08-09T21:49:10.434354+00:00,1786312150.434,1015.38,24.30,7.5056,2.32,-0.101,320.1,233.1
2026-08-09T21:49:10.634894+00:00,1786312150.635,1015.58,24.18,7.5056,2.28,-0.111,315.3,233.1
2026-08-09T21:49:10.833776+00:00,1786312150.834,1015.78,24.13,7.5078,2.25,-0.118,310.3,233.1
2026-08-09T21:49:11.028744+00:00,1786312151.029,1015.97,24.13,7.5078,2.23,-0.092,305.9,233.1
2026-08-09T21:49:11.229365+00:00,1786312151.229,1016.17,23.99,7.5122,2.23,-0.103,301.1,233.1
2026-08-09T21:49:11.429854+00:00,1786312151.430,1016.37,23.99,7.5122,2.22,-0.104,296.3,233.1
2026-08-09T21:49:11.628107+00:00,1786312151.628,1016.57,24.02,7.5122,2.21,-0.080,292.2,233.1
2026-08-09T21:49:11.831541+00:00,1786312151.832,1016.77,24.04,7.5144,2.20,-0.055,288.5,233.1
2026-08-09T21:49:12.034605+00:00,1786312152.035,1016.98,24.04,7.5144,2.17,-0.055,284.7,233.1
2026-08-09T21:49:12.230840+00:00,1786312152.231,1017.17,24.05,7.5188,2.16,0.000,282.1,233.1
2026-08-09T21:49:12.425894+00:00,1786312152.426,1017.37,24.05,7.5188,2.16,0.000,280.7,233.1
2026-08-09T21:49:12.632184+00:00,1786312152.632,1017.57,24.05,7.5188,2.16,0.000,279.7,233.1
2026-08-09T21:49:12.826754+00:00,1786312152.827,1017.77,24.11,7.5210,2.20,0.000,278.6,233.1
2026-08-09T21:49:13.026173+00:00,1786312153.026,1017.97,24.11,7.5210,2.26,0.000,277.8,233.1
2026-08-09T21:49:13.223368+00:00,1786312153.223,1018.16,24.14,7.5254,2.31,0.000,277.4,233.1
2026-08-09T21:49:13.421314+00:00,1786312153.421,1018.36,24.14,7.5254,2.35,0.000,277.5,233.1
2026-08-09T21:49:13.618830+00:00,1786312153.619,1018.56,24.13,7.5254,2.40,0.000,277.4,233.1
2026-08-09T21:49:13.816547+00:00,1786312153.817,1018.76,24.19,7.5276,2.43,0.000,277.6,233.1
2026-08-09T21:49:14.013983+00:00,1786312154.014,1018.96,24.19,7.5276,2.46,0.000,278.3,233.1
2026-08-09T21:49:14.210978+00:00,1786312154.211,1019.15,24.21,7.5320,2.50,0.000,279.5,233.1
2026-08-09T21:49:14.413254+00:00,1786312154.413,1019.35,24.24,7.5320,2.53,0.000,280.6,233.1
2026-08-09T21:49:14.612982+00:00,1786312154.613,1019.55,24.24,7.5320,2.57,0.000,282.2,233.1
2026-08-09T21:49:14.810483+00:00,1786312154.810,1019.75,24.25,7.5342,2.61,0.000,284.7,233.1
2026-08-09T21:49:15.009934+00:00,1786312155.010,1019.95,24.25,7.5342,2.65,0.000,287.4,233.1
2026-08-09T21:49:15.206838+00:00,1786312155.207,1020.15,24.25,7.5386,2.67,0.000,290.8,233.1
2026-08-09T21:49:15.409112+00:00,1786312155.409,1020.35,24.26,7.5386,2.68,0.000,294.4,233.1
2026-08-09T21:49:15.608693+00:00,1786312155.609,1020.55,24.26,7.5386,2.68,0.000,298.4,233.1
2026-08-09T21:49:15.804107+00:00,1786312155.804,1020.75,24.21,7.5408,2.67,0.000,302.7,233.1
2026-08-09T21:49:16.003857+00:00,1786312156.004,1020.95,24.21,7.5408,2.66,0.000,306.4,233.1
2026-08-09T21:49:16.201029+00:00,1786312156.201,1021.14,24.16,7.5452,2.67,0.000,310.5,233.1
2026-08-09T21:49:16.405972+00:00,1786312156.406,1021.35,24.13,7.5452,2.68,0.000,314.7,233.1
2026-08-09T21:49:16.607092+00:00,1786312156.607,1021.55,24.13,7.5452,2.69,0.000,318.3,233.1
2026-08-09T21:49:16.805605+00:00,1786312156.806,1021.75,24.12,7.5496,2.70,0.000,321.5,233.1
2026-08-09T21:49:17.009572+00:00,1786312157.010,1021.95,24.12,7.5496,2.70,0.000,324.7,233.1
2026-08-09T21:49:17.213244+00:00,1786312157.213,1022.15,24.09,7.5518,2.69,0.000,326.8,233.1
2026-08-09T21:49:17.408323+00:00,1786312157.408,1022.35,24.13,7.5518,2.69,0.000,328.8,233.1
2026-08-09T21:49:17.608023+00:00,1786312157.608,1022.55,24.13,7.5518,2.68,0.000,330.8,233.1
2026-08-09T21:49:17.814902+00:00,1786312157.815,1022.76,24.13,7.5562,2.68,0.000,332.6,233.1
2026-08-09T21:49:18.010257+00:00,1786312158.010,1022.95,24.13,7.5562,2.67,0.000,334.2,233.1
2026-08-09T21:49:18.211145+00:00,1786312158.211,1023.15,24.04,7.5584,2.65,0.000,335.4,233.1
2026-08-09T21:49:18.414868+00:00,1786312158.415,1023.36,24.17,7.5584,2.63,0.000,336.5,233.1
2026-08-09T21:49:18.615181+00:00,1786312158.615,1023.56,24.17,7.5584,2.62,0.000,337.3,233.1
2026-08-09T21:49:18.813071+00:00,1786312158.813,1023.75,24.24,7.5628,2.63,0.000,338.1,233.1
2026-08-09T21:49:19.013307+00:00,1786312159.013,1023.95,24.27,7.5628,2.63,0.000,338.8,233.1
2026-08-09T21:49:19.208203+00:00,1786312159.208,1024.15,24.27,7.5650,2.62,0.000,339.3,233.1
2026-08-09T21:49:19.408260+00:00,1786312159.408,1024.35,24.25,7.5650,2.62,0.000,339.6,233.1
2026-08-09T21:49:19.603299+00:00,1786312159.603,1024.54,24.25,7.5650,2.62,0.000,339.9,233.1
2026-08-09T21:49:19.803939+00:00,1786312159.804,1024.75,24.32,7.5694,2.62,0.000,340.0,233.1
2026-08-09T21:49:19.999011+00:00,1786312159.999,1024.94,24.47,7.5694,2.63,0.000,340.0,233.1
2026-08-09T21:49:20.199555+00:00,1786312160.200,1025.14,24.47,7.5694,2.63,0.060,341.4,233.1
2026-08-09T21:49:20.399148+00:00,1786312160.399,1025.34,24.39,7.5716,2.64,0.000,341.4,233.1
2026-08-09T21:49:20.603509+00:00,1786312160.603,1025.54,24.39,7.5716,2.66,0.000,341.4,233.1
2026-08-09T21:49:20.808679+00:00,1786312160.809,1025.75,24.23,7.5760,2.66,0.000,341.4,233.1
2026-08-09T21:49:21.003783+00:00,1786312161.004,1025.95,24.43,7.5760,2.67,0.000,341.6,233.1
2026-08-09T21:49:21.202244+00:00,1786312161.202,1026.14,24.43,7.5760,2.69,0.000,341.9,233.1
2026-08-09T21:49:21.400022+00:00,1786312161.400,1026.34,24.46,7.5781,2.72,0.000,342.3,233.1
2026-08-09T21:49:21.600799+00:00,1786312161.601,1026.54,24.47,7.5781,2.73,0.000,342.7,233.1
2026-08-09T21:49:21.799374+00:00,1786312161.799,1026.74,24.47,7.5825,2.74,0.000,343.1,233.1
2026-08-09T21:49:21.997244+00:00,1786312161.997,1026.94,24.46,7.5825,2.75,0.000,343.6,233.1
2026-08-09T21:49:22.195195+00:00,1786312162.195,1027.14,24.46,7.5825,2.76,0.000,344.1,233.1
2026-08-09T21:49:22.391910+00:00,1786312162.392,1027.33,24.49,7.5869,2.77,0.000,344.7,233.1
2026-08-09T21:49:22.591903+00:00,1786312162.592,1027.53,24.69,7.5869,2.78,0.000,345.5,233.1
2026-08-09T21:49:22.792525+00:00,1786312162.793,1027.73,24.69,7.5891,2.79,0.065,347.9,233.1
2026-08-09T21:49:22.994026+00:00,1786312162.994,1027.94,24.54,7.5891,2.80,0.000,348.7,233.1
2026-08-09T21:49:23.197591+00:00,1786312163.198,1028.14,24.57,7.5891,2.81,0.000,349.8,233.1
2026-08-09T21:49:23.394496+00:00,1786312163.394,1028.34,24.57,7.5935,2.80,0.000,350.7,233.1
2026-08-09T21:49:23.593006+00:00,1786312163.593,1028.53,24.59,7.5935,2.79,0.000,351.7,233.1
2026-08-09T21:49:23.789665+00:00,1786312163.790,1028.73,24.59,7.5957,2.79,0.000,352.6,233.1
2026-08-09T21:49:23.995988+00:00,1786312163.996,1028.94,24.59,7.5957,2.78,0.000,353.5,233.1
2026-08-09T21:49:24.193689+00:00,1786312164.194,1029.14,24.61,7.5957,2.77,0.000,354.3,233.1
2026-08-09T21:49:24.392536+00:00,1786312164.393,1029.33,24.61,7.6001,2.75,0.000,355.1,233.1
2026-08-09T21:49:24.591122+00:00,1786312164.591,1029.53,24.63,7.6001,2.74,0.000,355.8,233.1
2026-08-09T21:49:24.789995+00:00,1786312164.790,1029.73,24.63,7.6023,2.72,0.000,356.4,233.1
2026-08-09T21:49:24.988115+00:00,1786312164.988,1029.93,24.49,7.6023,2.70,0.000,356.7,233.1
2026-08-09T21:49:25.186494+00:00,1786312165.186,1030.13,24.67,7.6023,2.68,0.000,355.7,233.1
2026-08-09T21:49:25.386354+00:00,1786312165.386,1030.33,24.67,7.6067,2.66,0.000,356.0,233.1
2026-08-09T21:49:25.582420+00:00,1786312165.582,1030.52,24.71,7.6067,2.65,0.000,356.2,233.1
2026-08-09T21:49:25.784333+00:00,1786312165.784,1030.73,24.76,7.6089,2.63,0.000,356.5,233.1
2026-08-09T21:49:25.982794+00:00,1786312165.983,1030.92,24.76,7.6089,2.63,0.000,356.7,233.1
2026-08-09T21:49:26.186685+00:00,1786312166.187,1031.13,24.76,7.6089,2.63,0.000,356.7,233.1
2026-08-09T21:49:26.387016+00:00,1786312166.387,1031.33,24.76,7.6133,2.65,0.000,356.7,233.1
2026-08-09T21:49:26.583164+00:00,1786312166.583,1031.52,24.72,7.6133,2.67,0.000,356.7,233.1
2026-08-09T21:49:26.779432+00:00,1786312166.779,1031.72,24.99,7.6177,2.69,0.000,356.9,233.1
2026-08-09T21:49:26.978148+00:00,1786312166.978,1031.92,24.99,7.6177,2.72,0.069,358.8,233.1
2026-08-09T21:49:27.179843+00:00,1786312167.180,1032.12,24.81,7.6177,2.75,0.000,359.1,233.1
2026-08-09T21:49:27.380605+00:00,1786312167.381,1032.32,24.78,7.6199,2.78,0.000,359.3,233.1
2026-08-09T21:49:27.579074+00:00,1786312167.579,1032.52,24.78,7.6199,2.79,0.000,359.4,233.1
2026-08-09T21:49:27.775580+00:00,1786312167.776,1032.72,24.78,7.6243,2.81,0.000,358.1,233.1
2026-08-09T21:49:27.974262+00:00,1786312167.974,1032.92,24.78,7.6243,2.83,0.000,358.4,233.1
2026-08-09T21:49:28.170101+00:00,1786312168.170,1033.11,24.72,7.6243,2.84,0.000,358.6,233.1
2026-08-09T21:49:28.368319+00:00,1786312168.368,1033.31,24.90,7.6265,2.86,0.000,359.2,233.1
2026-08-09T21:49:28.568549+00:00,1786312168.569,1033.51,24.90,7.6265,2.88,0.000,359.7,233.1
2026-08-09T21:49:28.764843+00:00,1786312168.765,1033.71,24.79,7.6309,2.90,0.000,360.3,233.1
2026-08-09T21:49:28.965121+00:00,1786312168.965,1033.91,24.76,7.6309,2.91,0.000,361.0,233.1
2026-08-09T21:49:29.163047+00:00,1786312169.163,1034.10,24.76,7.6309,2.92,0.000,361.7,233.1
2026-08-09T21:49:29.363334+00:00,1786312169.363,1034.30,24.67,7.6331,2.92,0.000,362.3,233.1
2026-08-09T21:49:29.563406+00:00,1786312169.563,1034.50,24.67,7.6331,2.90,0.000,363.0,233.1
2026-08-09T21:49:29.762188+00:00,1786312169.762,1034.70,24.58,7.6375,2.85,0.000,363.5,233.1
2026-08-09T21:49:29.970286+00:00,1786312169.970,1034.91,24.51,7.6375,2.79,0.000,363.8,233.1
2026-08-09T21:49:30.173475+00:00,1786312170.173,1035.11,24.51,7.6375,2.73,0.000,363.8,233.1
2026-08-09T21:49:30.378664+00:00,1786312170.379,1035.32,24.32,7.6397,2.67,-0.081,361.8,233.1
2026-08-09T21:49:30.583419+00:00,1786312170.583,1035.52,24.29,7.6397,2.64,-0.083,359.6,233.1
2026-08-09T21:49:30.780681+00:00,1786312170.781,1035.72,24.29,7.6441,2.62,-0.068,357.6,233.1
2026-08-09T21:49:30.986474+00:00,1786312170.986,1035.93,24.21,7.6441,2.62,-0.076,355.4,233.1
2026-08-09T21:49:31.186922+00:00,1786312171.187,1036.13,24.21,7.6441,2.62,-0.076,353.3,233.1
2026-08-09T21:49:31.392688+00:00,1786312171.393,1036.33,24.20,7.6485,2.60,-0.065,351.2,233.1
2026-08-09T21:49:31.597499+00:00,1786312171.597,1036.54,24.15,7.6485,2.58,-0.072,348.8,233.1
2026-08-09T21:49:31.801643+00:00,1786312171.802,1036.74,24.15,7.6507,2.55,-0.059,346.3,233.1
2026-08-09T21:49:32.002748+00:00,1786312172.003,1036.94,24.19,7.6507,2.52,0.000,343.3,233.1
2026-08-09T21:49:32.196944+00:00,1786312172.197,1037.14,24.19,7.6507,2.51,0.000,341.9,233.1
2026-08-09T21:49:32.394859+00:00,1786312172.395,1037.34,24.17,7.6551,2.49,0.000,340.4,233.1
2026-08-09T21:49:32.595147+00:00,1786312172.595,1037.54,24.10,7.6551,2.49,0.000,338.7,233.1
2026-08-09T21:49:32.791944+00:00,1786312172.792,1037.73,24.10,7.6573,2.51,0.000,337.0,233.1
2026-08-09T21:49:32.989516+00:00,1786312172.990,1037.93,24.10,7.6573,2.54,0.000,335.3,233.1
2026-08-09T21:49:33.186585+00:00,1786312173.187,1038.13,24.10,7.6573,2.56,0.000,333.8,233.1
2026-08-09T21:49:33.393282+00:00,1786312173.393,1038.33,24.11,7.6617,2.59,0.000,332.1,233.1
2026-08-09T21:49:33.594475+00:00,1786312173.594,1038.54,24.20,7.6617,2.62,0.000,330.6,233.1
2026-08-09T21:49:33.797806+00:00,1786312173.798,1038.74,24.20,7.6639,2.63,0.000,329.0,233.1
2026-08-09T21:49:33.995380+00:00,1786312173.995,1038.94,24.22,7.6639,2.62,0.000,327.5,233.1
2026-08-09T21:49:34.195275+00:00,1786312174.195,1039.14,24.20,7.6639,2.61,0.000,325.9,233.1
2026-08-09T21:49:34.394224+00:00,1786312174.394,1039.34,24.20,7.6683,2.61,0.000,324.4,233.1
2026-08-09T21:49:34.600720+00:00,1786312174.601,1039.54,24.21,7.6683,2.61,0.000,322.9,233.1
2026-08-09T21:49:34.800131+00:00,1786312174.800,1039.74,24.21,7.6705,2.58,0.000,321.5,233.1
2026-08-09T21:49:35.000111+00:00,1786312175.000,1039.94,24.24,7.6705,2.55,0.000,320.4,233.1
2026-08-09T21:49:35.200188+00:00,1786312175.200,1040.14,24.24,7.6705,2.51,0.000,319.4,233.1
2026-08-09T21:49:35.396843+00:00,1786312175.397,1040.34,24.24,7.6749,2.47,0.000,320.4,233.1
2026-08-09T21:49:35.596182+00:00,1786312175.596,1040.54,24.22,7.6749,2.45,0.000,321.5,233.1
2026-08-09T21:49:35.797128+00:00,1786312175.797,1040.74,24.22,7.6771,2.43,0.000,322.2,233.1
2026-08-09T21:49:35.997649+00:00,1786312175.998,1040.94,24.19,7.6771,2.42,0.000,323.1,233.1
2026-08-09T21:49:36.201609+00:00,1786312176.202,1041.14,24.25,7.6771,2.41,0.000,324.1,233.1
2026-08-09T21:49:36.398635+00:00,1786312176.399,1041.34,24.25,7.6815,2.40,0.000,324.8,233.1
2026-08-09T21:49:36.594820+00:00,1786312176.595,1041.54,24.30,7.6815,2.37,0.000,325.7,233.1
2026-08-09T21:49:36.795169+00:00,1786312176.795,1041.74,24.32,7.6837,2.33,0.000,326.3,233.1
2026-08-09T21:49:36.995950+00:00,1786312176.996,1041.94,24.32,7.6837,2.30,0.000,325.6,233.1
2026-08-09T21:49:37.193291+00:00,1786312177.193,1042.13,24.39,7.6837,2.25,0.000,324.7,233.1
2026-08-09T21:49:37.392995+00:00,1786312177.393,1042.33,24.39,7.6881,2.22,0.000,323.9,233.1
2026-08-09T21:49:37.591232+00:00,1786312177.591,1042.53,24.46,7.6881,2.19,0.000,323.0,233.1
2026-08-09T21:49:37.789527+00:00,1786312177.790,1042.73,24.52,7.6903,2.19,0.000,322.1,233.1
2026-08-09T21:49:37.986332+00:00,1786312177.986,1042.93,24.52,7.6903,2.20,0.000,321.2,233.1
2026-08-09T21:49:38.183464+00:00,1786312178.183,1043.12,24.54,7.6903,2.22,0.000,320.2,233.1
2026-08-09T21:49:38.379938+00:00,1786312178.380,1043.32,24.54,7.6947,2.25,0.000,319.2,233.1
2026-08-09T21:49:38.577553+00:00,1786312178.578,1043.52,24.58,7.6947,2.27,0.000,318.2,233.1
2026-08-09T21:49:38.776988+00:00,1786312178.777,1043.72,24.51,7.6991,2.33,0.000,317.3,233.1
2026-08-09T21:49:38.977386+00:00,1786312178.977,1043.92,24.51,7.6991,2.42,0.000,316.7,233.1
2026-08-09T21:49:39.177700+00:00,1786312179.178,1044.12,24.43,7.6991,2.51,0.000,316.5,233.1
2026-08-09T21:49:39.377242+00:00,1786312179.377,1044.32,24.43,7.7013,2.56,0.000,316.5,233.1
2026-08-09T21:49:39.575297+00:00,1786312179.575,1044.52,24.23,7.7013,2.59,0.000,316.4,233.1
2026-08-09T21:49:39.771113+00:00,1786312179.771,1044.71,24.23,7.7057,2.61,0.000,316.5,233.1
2026-08-09T21:49:39.969905+00:00,1786312179.970,1044.91,24.23,7.7057,2.62,0.000,316.8,233.1
2026-08-09T21:49:40.168261+00:00,1786312180.168,1045.11,24.17,7.7057,2.63,-0.052,316.1,233.1
2026-08-09T21:49:40.367506+00:00,1786312180.367,1045.31,24.17,7.7079,2.64,-0.052,315.5,233.1
2026-08-09T21:49:40.569879+00:00,1786312180.570,1045.51,24.04,7.7079,2.65,-0.075,314.5,233.1
2026-08-09T21:49:40.776010+00:00,1786312180.776,1045.72,24.11,7.7123,2.65,-0.055,314.0,233.1
2026-08-09T21:49:40.977152+00:00,1786312180.977,1045.92,24.11,7.7123,2.64,-0.055,313.6,233.1
2026-08-09T21:49:41.174933+00:00,1786312181.175,1046.12,24.10,7.7123,2.63,0.000,314.3,233.1
2026-08-09T21:49:41.376812+00:00,1786312181.377,1046.32,24.18,7.7145,2.61,0.000,315.0,233.1
2026-08-09T21:49:41.577046+00:00,1786312181.577,1046.52,24.18,7.7145,2.57,0.000,315.7,233.1
2026-08-09T21:49:41.776487+00:00,1786312181.776,1046.72,24.08,7.7189,2.51,0.000,316.2,233.1
2026-08-09T21:49:41.977028+00:00,1786312181.977,1046.92,24.08,7.7189,2.42,0.000,316.5,233.1
2026-08-09T21:49:42.173344+00:00,1786312182.173,1047.11,24.00,7.7189,2.34,0.000,316.5,233.1
2026-08-09T21:49:42.370907+00:00,1786312182.371,1047.31,23.97,7.7211,2.29,0.000,316.5,233.1
2026-08-09T21:49:42.570016+00:00,1786312182.570,1047.51,23.97,7.7211,2.28,0.000,316.4,233.1
2026-08-09T21:49:42.765277+00:00,1786312182.765,1047.71,23.85,7.7255,2.28,0.000,316.3,233.1
2026-08-09T21:49:42.964730+00:00,1786312182.965,1047.91,23.85,7.7255,2.28,0.000,316.1,233.1
2026-08-09T21:49:43.169571+00:00,1786312183.170,1048.11,23.80,7.7255,2.29,0.000,315.8,233.1
2026-08-09T21:49:43.367075+00:00,1786312183.367,1048.31,23.72,7.7277,2.29,-0.065,314.0,233.1
2026-08-09T21:49:43.568203+00:00,1786312183.568,1048.51,23.72,7.7277,2.31,-0.065,312.1,233.1
2026-08-09T21:49:43.766126+00:00,1786312183.766,1048.71,23.66,7.7321,2.31,-0.059,310.1,233.1
2026-08-09T21:49:43.966776+00:00,1786312183.967,1048.91,23.66,7.7321,2.32,-0.059,307.8,233.1
2026-08-09T21:49:44.163964+00:00,1786312184.164,1049.11,23.61,7.7321,2.33,-0.053,305.4,233.1
2026-08-09T21:49:44.364013+00:00,1786312184.364,1049.31,23.61,7.7343,2.33,0.000,303.9,233.1
2026-08-09T21:49:44.562846+00:00,1786312184.563,1049.50,23.47,7.7343,2.34,-0.070,300.9,233.1
2026-08-09T21:49:44.765624+00:00,1786312184.766,1049.71,23.53,7.7387,2.33,0.000,299.4,233.1
2026-08-09T21:49:44.966147+00:00,1786312184.966,1049.91,23.53,7.7387,2.33,0.000,297.7,233.1
2026-08-09T21:49:45.171821+00:00,1786312185.172,1050.11,23.45,7.7387,2.33,0.000,297.2,233.1
2026-08-09T21:49:45.375285+00:00,1786312185.375,1050.32,23.45,7.7409,2.32,0.000,296.7,233.1
2026-08-09T21:49:45.572747+00:00,1786312185.573,1050.51,23.34,7.7409,2.32,-0.052,295.5,233.1
2026-08-09T21:49:45.771966+00:00,1786312185.772,1050.71,23.29,7.7453,2.31,-0.051,293.7,233.1
2026-08-09T21:49:45.972300+00:00,1786312185.972,1050.91,23.29,7.7453,2.29,-0.051,292.0,233.1
2026-08-09T21:49:46.171933+00:00,1786312186.172,1051.11,23.20,7.7453,2.28,-0.057,288.8,233.1
2026-08-09T21:49:46.372060+00:00,1786312186.372,1051.31,23.20,7.7475,2.27,-0.057,285.6,233.1
2026-08-09T21:49:46.569445+00:00,1786312186.569,1051.51,23.26,7.7475,2.26,0.000,283.8,233.1
2026-08-09T21:49:46.763769+00:00,1786312186.764,1051.71,23.26,7.7497,2.25,0.000,282.3,233.1
2026-08-09T21:49:46.961630+00:00,1786312186.962,1051.90,22.97,7.7497,2.24,-0.079,279.1,233.1
2026-08-09T21:49:47.168051+00:00,1786312187.168,1052.11,23.06,7.7497,2.22,-0.053,276.9,233.1
2026-08-09T21:49:47.367897+00:00,1786312187.368,1052.31,23.06,7.7541,2.20,-0.054,274.7,233.1
2026-08-09T21:49:47.569560+00:00,1786312187.570,1052.51,23.06,7.7541,2.16,0.000,273.7,233.1
2026-08-09T21:49:47.769316+00:00,1786312187.769,1052.71,23.06,7.7563,2.09,0.000,272.4,233.1
2026-08-09T21:49:47.967341+00:00,1786312187.967,1052.91,23.00,7.7563,1.98,0.000,270.7,233.1
2026-08-09T21:49:48.166719+00:00,1786312188.167,1053.11,23.15,7.7563,1.87,0.000,268.8,233.1
2026-08-09T21:49:48.362201+00:00,1786312188.362,1053.30,23.15,7.7607,1.76,0.000,267.9,222.0
2026-08-09T21:49:48.558908+00:00,1786312188.559,1053.50,23.26,7.7607,1.70,0.000,266.8,222.0
2026-08-09T21:49:48.760144+00:00,1786312188.760,1053.70,23.26,7.7629,1.64,0.000,265.3,222.0
2026-08-09T21:49:48.957240+00:00,1786312188.957,1053.90,23.58,7.7629,1.62,0.085,265.9,222.0
2026-08-09T21:49:49.159049+00:00,1786312189.159,1054.10,23.64,7.7629,1.61,0.080,266.1,222.0
2026-08-09T21:49:49.362037+00:00,1786312189.362,1054.30,23.64,7.7673,1.63,0.080,265.3,222.0
2026-08-09T21:49:49.558975+00:00,1786312189.559,1054.50,23.93,7.7673,1.66,0.122,267.3,222.0
2026-08-09T21:49:49.765326+00:00,1786312189.765,1054.71,23.93,7.7695,1.74,0.122,268.1,222.0
2026-08-09T21:49:49.963504+00:00,1786312189.963,1054.90,23.99,7.7695,1.85,0.137,269.7,222.0
2026-08-09T21:49:50.166579+00:00,1786312190.167,1055.11,24.01,7.7695,2.02,0.120,271.6,222.0
2026-08-09T21:49:50.365810+00:00,1786312190.366,1055.31,24.01,7.7739,2.14,0.119,273.9,233.1
2026-08-09T21:49:50.562970+00:00,1786312190.563,1055.50,24.01,7.7739,2.24,0.103,277.5,233.1
2026-08-09T21:49:50.764198+00:00,1786312190.764,1055.71,24.01,7.7739,2.36,0.103,281.6,233.1
2026-08-09T21:49:50.966213+00:00,1786312190.966,1055.91,23.91,7.7783,2.50,0.000,283.9,233.1
2026-08-09T21:49:51.169085+00:00,1786312191.169,1056.11,23.80,7.7783,2.65,0.000,286.9,233.1
2026-08-09T21:49:51.365545+00:00,1786312191.365,1056.31,23.80,7.7805,2.79,0.000,290.5,233.1
2026-08-09T21:49:51.562516+00:00,1786312191.563,1056.50,23.62,7.7805,2.88,0.000,293.0,233.1
2026-08-09T21:49:51.762846+00:00,1786312191.763,1056.70,23.62,7.7805,2.95,0.000,295.8,233.1
2026-08-09T21:49:51.962834+00:00,1786312191.963,1056.90,23.59,7.7849,2.97,-0.055,299.4,233.1
2026-08-09T21:49:52.166636+00:00,1786312192.167,1057.11,23.42,7.7849,2.99,-0.081,301.8,233.1
2026-08-09T21:49:52.370102+00:00,1786312192.370,1057.31,23.42,7.7871,2.97,-0.081,304.3,233.1
2026-08-09T21:49:52.567197+00:00,1786312192.567,1057.51,23.32,7.7871,2.93,-0.095,305.2,233.1
2026-08-09T21:49:52.771915+00:00,1786312192.772,1057.71,23.32,7.7871,2.85,-0.095,306.1,233.1
2026-08-09T21:49:52.969605+00:00,1786312192.970,1057.91,23.32,7.7893,2.73,-0.082,307.3,233.1
2026-08-09T21:49:53.170336+00:00,1786312193.170,1058.11,23.21,7.7893,2.57,-0.083,308.1,233.1
2026-08-09T21:49:53.367000+00:00,1786312193.367,1058.31,23.21,7.7937,2.44,-0.083,308.8,233.1
2026-08-09T21:49:53.564239+00:00,1786312193.564,1058.51,23.23,7.7937,2.36,-0.053,310.1,233.1
2026-08-09T21:49:53.769141+00:00,1786312193.769,1058.71,23.23,7.7937,2.31,-0.053,311.3,233.1
2026-08-09T21:49:53.969010+00:00,1786312193.969,1058.91,23.34,7.7959,2.27,0.000,311.7,233.1
2026-08-09T21:49:54.171348+00:00,1786312194.171,1059.11,23.46,7.7959,2.24,0.000,312.1,233.1
2026-08-09T21:49:54.368087+00:00,1786312194.368,1059.31,23.46,7.8003,2.21,0.000,312.4,233.1
2026-08-09T21:49:54.563394+00:00,1786312194.563,1059.50,23.55,7.8003,2.21,0.000,311.5,233.1
2026-08-09T21:49:54.759800+00:00,1786312194.760,1059.70,23.55,7.8003,2.23,0.000,310.4,233.1
2026-08-09T21:49:54.956621+00:00,1786312194.957,1059.90,23.63,7.8025,2.27,0.000,308.6,233.1
2026-08-09T21:49:55.156412+00:00,1786312195.156,1060.10,23.63,7.8025,2.32,0.059,308.1,233.1
2026-08-09T21:49:55.355524+00:00,1786312195.356,1060.30,23.62,7.8069,2.39,0.057,307.4,233.1
2026-08-09T21:49:55.556302+00:00,1786312195.556,1060.50,23.76,7.8069,2.47,0.073,307.4,233.1
2026-08-09T21:49:55.758426+00:00,1786312195.758,1060.70,23.76,7.8069,2.53,0.073,307.2,233.1
2026-08-09T21:49:55.954040+00:00,1786312195.954,1060.90,23.82,7.8091,2.60,0.068,309.0,233.1
2026-08-09T21:49:56.153996+00:00,1786312196.154,1061.10,23.82,7.8091,2.66,0.051,310.2,233.1
2026-08-09T21:49:56.351737+00:00,1786312196.352,1061.29,23.77,7.8135,2.73,0.000,309.9,233.1
2026-08-09T21:49:56.555461+00:00,1786312196.555,1061.50,23.86,7.8135,2.79,0.000,309.8,233.1
2026-08-09T21:49:56.753777+00:00,1786312196.754,1061.70,23.86,7.8135,2.84,0.000,309.6,233.1
2026-08-09T21:49:56.958421+00:00,1786312196.958,1061.90,23.87,7.8157,2.88,0.000,310.7,233.1
2026-08-09T21:49:57.160276+00:00,1786312197.160,1062.10,24.06,7.8157,2.90,0.060,314.0,233.1
2026-08-09T21:49:57.360589+00:00,1786312197.361,1062.30,24.06,7.8201,2.92,0.061,317.4,233.1
2026-08-09T21:49:57.557891+00:00,1786312197.558,1062.50,23.97,7.8201,2.94,0.000,320.0,233.1
2026-08-09T21:49:57.763758+00:00,1786312197.764,1062.71,23.97,7.8201,2.96,0.000,323.0,233.1
2026-08-09T21:49:57.963981+00:00,1786312197.964,1062.91,24.01,7.8223,2.98,0.000,326.2,233.1
2026-08-09T21:49:58.163153+00:00,1786312198.163,1063.10,24.12,7.8223,2.99,0.000,330.3,233.1
2026-08-09T21:49:58.362305+00:00,1786312198.362,1063.30,24.12,7.8266,2.99,0.000,334.8,233.1
2026-08-09T21:49:58.558979+00:00,1786312198.559,1063.50,24.07,7.8266,2.99,0.000,338.9,233.1
2026-08-09T21:49:58.755968+00:00,1786312198.756,1063.70,24.07,7.8266,3.00,0.000,343.2,233.1
2026-08-09T21:49:58.957175+00:00,1786312198.957,1063.90,24.08,7.8310,3.01,0.000,346.5,233.1
2026-08-09T21:49:59.157438+00:00,1786312199.157,1064.10,24.04,7.8310,3.01,0.000,349.8,233.1
2026-08-09T21:49:59.352459+00:00,1786312199.352,1064.29,24.04,7.8332,3.01,0.000,353.2,233.1
2026-08-09T21:49:59.558524+00:00,1786312199.559,1064.50,24.00,7.8332,3.00,0.000,356.4,233.1
2026-08-09T21:49:59.758956+00:00,1786312199.759,1064.70,24.00,7.8332,2.99,0.000,359.6,233.1
2026-08-09T21:49:59.965904+00:00,1786312199.966,1064.91,23.96,7.8376,2.98,0.000,362.5,233.1
2026-08-09T21:50:00.166505+00:00,1786312200.166,1065.11,23.96,7.8376,2.97,0.000,363.9,233.1
2026-08-09T21:50:00.372927+00:00,1786312200.373,1065.31,23.96,7.8398,2.97,0.000,365.0,233.1
2026-08-09T21:50:00.579268+00:00,1786312200.579,1065.52,23.95,7.8398,2.94,0.000,365.3,233.1
2026-08-09T21:50:00.782741+00:00,1786312200.783,1065.72,23.97,7.8398,2.92,0.000,365.3,233.1
2026-08-09T21:50:00.981470+00:00,1786312200.981,1065.92,23.97,7.8442,2.88,0.000,365.0,233.1
2026-08-09T21:50:01.178707+00:00,1786312201.179,1066.12,23.99,7.8442,2.84,0.000,364.7,233.1
2026-08-09T21:50:01.378557+00:00,1786312201.379,1066.32,23.99,7.8464,2.81,0.000,365.1,233.1
2026-08-09T21:50:01.576068+00:00,1786312201.576,1066.52,24.02,7.8464,2.77,0.000,365.2,233.1
2026-08-09T21:50:01.775945+00:00,1786312201.776,1066.72,24.04,7.8464,2.74,0.000,364.9,233.1
2026-08-09T21:50:01.976544+00:00,1786312201.977,1066.92,24.04,7.8508,2.71,0.000,364.4,233.1
2026-08-09T21:50:02.172661+00:00,1786312202.173,1067.11,24.04,7.8508,2.67,0.000,362.2,233.1
2026-08-09T21:50:02.378932+00:00,1786312202.379,1067.32,24.04,7.8530,2.63,0.000,359.8,233.1
2026-08-09T21:50:02.576680+00:00,1786312202.577,1067.52,24.05,7.8530,2.60,0.000,358.6,233.1
2026-08-09T21:50:02.778078+00:00,1786312202.778,1067.72,24.08,7.8530,2.56,0.000,357.2,233.1
2026-08-09T21:50:02.975262+00:00,1786312202.975,1067.92,24.08,7.8574,2.53,0.000,355.5,233.1
2026-08-09T21:50:03.173030+00:00,1786312203.173,1068.11,24.13,7.8574,2.50,0.000,353.7,233.1
2026-08-09T21:50:03.369729+00:00,1786312203.370,1068.31,24.13,7.8596,2.47,0.000,351.7,233.1
2026-08-09T21:50:03.567412+00:00,1786312203.567,1068.51,24.18,7.8596,2.44,0.000,349.8,233.1
2026-08-09T21:50:03.768782+00:00,1786312203.769,1068.71,24.21,7.8596,2.43,0.000,347.7,233.1
2026-08-09T21:50:03.968559+00:00,1786312203.969,1068.91,24.21,7.8640,2.42,0.000,345.6,233.1
2026-08-09T21:50:04.165801+00:00,1786312204.166,1069.11,24.30,7.8640,2.40,0.000,343.6,233.1
2026-08-09T21:50:04.364986+00:00,1786312204.365,1069.31,24.30,7.8662,2.39,0.000,341.4,233.1
2026-08-09T21:50:04.562939+00:00,1786312204.563,1069.50,24.22,7.8662,2.39,0.000,339.3,233.1
2026-08-09T21:50:04.761212+00:00,1786312204.761,1069.70,24.45,7.8662,2.39,0.052,338.6,233.1
2026-08-09T21:50:04.961530+00:00,1786312204.962,1069.90,24.45,7.8706,2.39,0.052,337.9,233.1
2026-08-09T21:50:05.167470+00:00,1786312205.167,1070.11,24.51,7.8706,2.40,0.053,337.4,233.1
2026-08-09T21:50:05.362622+00:00,1786312205.363,1070.30,24.58,7.8728,2.42,0.062,337.3,233.1
2026-08-09T21:50:05.564581+00:00,1786312205.565,1070.51,24.58,7.8728,2.44,0.056,337.1,233.1
2026-08-09T21:50:05.760872+00:00,1786312205.761,1070.70,24.67,7.8728,2.46,0.064,337.4,233.1
2026-08-09T21:50:05.956505+00:00,1786312205.956,1070.90,24.67,7.8772,2.49,0.064,337.9,233.1
2026-08-09T21:50:06.155436+00:00,1786312206.155,1071.10,24.62,7.8772,2.51,0.000,337.2,233.1
2026-08-09T21:50:06.355220+00:00,1786312206.355,1071.30,24.93,7.8816,2.53,0.088,338.9,233.1
2026-08-09T21:50:06.559107+00:00,1786312206.559,1071.50,24.93,7.8816,2.54,0.099,341.0,233.1
2026-08-09T21:50:06.761391+00:00,1786312206.761,1071.70,24.83,7.8816,2.55,0.052,342.1,233.1
2026-08-09T21:50:06.965535+00:00,1786312206.966,1071.91,24.89,7.8838,2.57,0.060,343.6,233.1
2026-08-09T21:50:07.169244+00:00,1786312207.169,1072.11,24.89,7.8838,2.58,0.052,345.1,233.1
2026-08-09T21:50:07.370464+00:00,1786312207.370,1072.31,24.95,7.8882,2.59,0.050,346.8,233.1
2026-08-09T21:50:07.572791+00:00,1786312207.573,1072.51,25.01,7.8882,2.60,0.060,348.9,233.1
2026-08-09T21:50:07.778323+00:00,1786312207.778,1072.72,25.01,7.8882,2.60,0.000,349.8,233.1
2026-08-09T21:50:07.976648+00:00,1786312207.977,1072.92,25.18,7.8904,2.58,0.070,352.5,233.1
2026-08-09T21:50:08.180855+00:00,1786312208.181,1073.12,25.16,7.8904,2.58,0.074,355.3,233.1
2026-08-09T21:50:08.387194+00:00,1786312208.387,1073.33,25.16,7.8948,2.57,0.000,356.5,233.1
2026-08-09T21:50:08.588987+00:00,1786312208.589,1073.53,25.18,7.8948,2.56,0.000,357.8,233.1
2026-08-09T21:50:08.790146+00:00,1786312208.790,1073.73,25.18,7.8948,2.55,0.000,358.9,233.1
2026-08-09T21:50:08.997483+00:00,1786312208.997,1073.94,25.15,7.8992,2.52,0.000,360.1,233.1
2026-08-09T21:50:09.200154+00:00,1786312209.200,1074.14,25.27,7.8992,2.50,0.052,362.4,233.1
2026-08-09T21:50:09.400998+00:00,1786312209.401,1074.34,25.27,7.9014,2.48,0.000,363.5,233.1
2026-08-09T21:50:09.603218+00:00,1786312209.603,1074.54,25.30,7.9014,2.46,0.000,364.6,233.1
2026-08-09T21:50:09.804086+00:00,1786312209.804,1074.75,25.35,7.9014,2.44,0.000,364.3,233.1
2026-08-09T21:50:09.999155+00:00,1786312209.999,1074.94,25.35,7.9058,2.42,0.000,363.9,233.1
2026-08-09T21:50:10.196908+00:00,1786312210.197,1075.14,25.38,7.9058,2.40,0.000,363.4,233.1
2026-08-09T21:50:10.392462+00:00,1786312210.392,1075.33,25.43,7.9080,2.38,0.000,362.5,233.1
2026-08-09T21:50:10.592987+00:00,1786312210.593,1075.53,25.43,7.9080,2.37,0.000,361.6,233.1
2026-08-09T21:50:10.791266+00:00,1786312210.791,1075.73,25.56,7.9080,2.36,0.053,361.6,233.1
2026-08-09T21:50:10.994239+00:00,1786312210.994,1075.94,25.51,7.9124,2.35,0.000,360.3,233.1
2026-08-09T21:50:11.198083+00:00,1786312211.198,1076.14,25.51,7.9124,2.33,0.000,360.3,233.1
2026-08-09T21:50:11.393402+00:00,1786312211.393,1076.33,25.54,7.9168,2.32,0.000,357.9,233.1
2026-08-09T21:50:11.593937+00:00,1786312211.594,1076.54,25.54,7.9168,2.31,0.000,355.3,233.1
2026-08-09T21:50:11.792493+00:00,1786312211.792,1076.73,25.47,7.9168,2.31,0.000,353.6,233.1
2026-08-09T21:50:11.989117+00:00,1786312211.989,1076.93,25.57,7.9190,2.32,0.000,351.8,233.1
2026-08-09T21:50:12.189019+00:00,1786312212.189,1077.13,25.57,7.9190,2.34,0.000,350.2,233.1
2026-08-09T21:50:12.395796+00:00,1786312212.396,1077.34,25.54,7.9234,2.35,0.000,348.6,233.1
2026-08-09T21:50:12.596007+00:00,1786312212.596,1077.54,25.52,7.9234,2.37,0.000,346.7,233.1
2026-08-09T21:50:12.795966+00:00,1786312212.796,1077.74,25.52,7.9234,2.37,0.000,346.2,233.1
2026-08-09T21:50:12.997146+00:00,1786312212.997,1077.94,25.41,7.9256,2.35,0.000,343.8,233.1
2026-08-09T21:50:13.198452+00:00,1786312213.198,1078.14,25.27,7.9256,2.33,0.000,341.2,233.1
2026-08-09T21:50:13.395401+00:00,1786312213.395,1078.34,25.27,7.9300,2.31,0.000,340.3,233.1
2026-08-09T21:50:13.593463+00:00,1786312213.593,1078.53,25.42,7.9300,2.28,0.000,339.4,233.1
2026-08-09T21:50:13.793993+00:00,1786312213.794,1078.74,25.39,7.9300,2.26,0.000,338.4,233.1
2026-08-09T21:50:13.994131+00:00,1786312213.994,1078.94,25.39,7.9344,2.20,0.000,337.3,233.1
2026-08-09T21:50:14.191229+00:00,1786312214.191,1079.13,25.45,7.9344,2.14,0.000,334.8,233.1
2026-08-09T21:50:14.390981+00:00,1786312214.391,1079.33,25.57,7.9366,2.11,0.000,333.6,233.1
2026-08-09T21:50:14.591764+00:00,1786312214.592,1079.53,25.57,7.9366,2.08,0.000,332.3,233.1
2026-08-09T21:50:14.789266+00:00,1786312214.789,1079.73,25.78,7.9366,2.05,0.000,331.1,233.1
2026-08-09T21:50:14.989374+00:00,1786312214.989,1079.93,25.78,7.9410,2.02,0.052,331.1,233.1
2026-08-09T21:50:15.188945+00:00,1786312215.189,1080.13,25.92,7.9410,1.99,0.090,332.0,233.1
2026-08-09T21:50:15.391384+00:00,1786312215.391,1080.33,26.14,7.9454,1.95,0.121,333.7,222.0
2026-08-09T21:50:15.586601+00:00,1786312215.587,1080.53,26.25,7.9454,1.95,0.115,335.4,222.0
2026-08-09T21:50:15.784850+00:00,1786312215.785,1080.73,26.25,7.9454,1.97,0.119,336.0,222.0
2026-08-09T21:50:15.986864+00:00,1786312215.987,1080.93,26.38,7.9476,2.02,0.137,338.7,222.0
2026-08-09T21:50:16.193261+00:00,1786312216.193,1081.13,26.50,7.9476,2.08,0.145,342.0,222.0
2026-08-09T21:50:16.393986+00:00,1786312216.394,1081.34,26.50,7.9520,2.13,0.129,345.1,233.1
2026-08-09T21:50:16.595327+00:00,1786312216.595,1081.54,26.56,7.9520,2.20,0.137,348.8,233.1
2026-08-09T21:50:16.792364+00:00,1786312216.792,1081.73,26.74,7.9520,2.28,0.132,352.9,233.1
2026-08-09T21:50:16.995943+00:00,1786312216.996,1081.94,26.74,7.9564,2.41,0.132,357.5,233.1
2026-08-09T21:50:17.195213+00:00,1786312217.195,1082.14,26.61,7.9564,2.55,0.097,361.6,233.1
2026-08-09T21:50:17.399947+00:00,1786312217.400,1082.34,26.61,7.9586,2.64,0.065,365.2,233.1
2026-08-09T21:50:17.605597+00:00,1786312217.606,1082.55,26.61,7.9586,2.75,0.051,368.9,233.1
2026-08-09T21:50:17.811306+00:00,1786312217.811,1082.75,26.58,7.9586,2.86,0.000,371.8,233.1
2026-08-09T21:50:18.016625+00:00,1786312218.017,1082.96,26.54,7.9630,2.95,0.000,375.2,233.1
2026-08-09T21:50:18.217361+00:00,1786312218.217,1083.16,26.54,7.9630,3.02,0.000,379.0,233.1
2026-08-09T21:50:18.417277+00:00,1786312218.417,1083.36,26.51,7.9674,3.10,0.000,383.2,233.1
2026-08-09T21:50:18.620905+00:00,1786312218.621,1083.56,26.44,7.9674,3.12,0.000,387.4,233.1
2026-08-09T21:50:18.824561+00:00,1786312218.825,1083.77,26.44,7.9674,3.09,0.000,391.7,233.1
2026-08-09T21:50:19.023003+00:00,1786312219.023,1083.96,26.36,7.9696,3.04,-0.053,394.6,233.1
2026-08-09T21:50:19.228255+00:00,1786312219.228,1084.17,26.35,7.9696,2.95,0.000,398.5,233.1
2026-08-09T21:50:19.429471+00:00,1786312219.429,1084.37,26.35,7.9740,2.86,0.000,402.2,233.1
2026-08-09T21:50:19.628861+00:00,1786312219.629,1084.57,26.36,7.9740,2.75,0.000,405.5,233.1
2026-08-09T21:50:19.833336+00:00,1786312219.833,1084.77,26.33,7.9740,2.67,0.000,408.4,233.1
2026-08-09T21:50:20.036345+00:00,1786312220.036,1084.98,26.33,7.9784,2.60,0.000,410.0,233.1
2026-08-09T21:50:20.234763+00:00,1786312220.235,1085.18,26.32,7.9784,2.53,0.000,410.3,233.1
2026-08-09T21:50:20.432842+00:00,1786312220.433,1085.37,26.32,7.9806,2.46,0.000,409.6,233.1
2026-08-09T21:50:20.632496+00:00,1786312220.632,1085.57,26.32,7.9806,2.38,0.000,408.6,233.1
2026-08-09T21:50:20.831331+00:00,1786312220.831,1085.77,26.34,7.9806,2.29,0.000,407.1,233.1
2026-08-09T21:50:21.033049+00:00,1786312221.033,1085.97,26.39,7.9850,2.22,0.000,404.6,233.1
2026-08-09T21:50:21.233641+00:00,1786312221.234,1086.18,26.39,7.9850,2.16,0.000,401.3,233.1
2026-08-09T21:50:21.431132+00:00,1786312221.431,1086.37,26.43,7.9894,2.10,0.000,398.0,233.1
2026-08-09T21:50:21.632100+00:00,1786312221.632,1086.57,26.47,7.9894,2.05,0.000,393.9,233.1
2026-08-09T21:50:21.833087+00:00,1786312221.833,1086.77,26.47,7.9894,2.03,0.000,389.4,233.1
2026-08-09T21:50:22.030979+00:00,1786312222.031,1086.97,26.57,7.9916,2.04,0.000,384.4,233.1
2026-08-09T21:50:22.231341+00:00,1786312222.231,1087.17,26.64,7.9916,2.08,0.000,380.2,233.1
2026-08-09T21:50:22.431476+00:00,1786312222.431,1087.37,26.64,7.9960,2.13,0.000,376.4,233.1
2026-08-09T21:50:22.629989+00:00,1786312222.630,1087.57,26.75,7.9960,2.16,0.060,374.3,233.1
2026-08-09T21:50:22.825564+00:00,1786312222.826,1087.77,26.83,7.9960,2.16,0.069,373.3,233.1
2026-08-09T21:50:23.026430+00:00,1786312223.026,1087.97,26.83,8.0004,2.14,0.062,371.7,233.1
2026-08-09T21:50:23.230534+00:00,1786312223.231,1088.17,26.74,8.0004,2.11,0.000,368.1,233.1
2026-08-09T21:50:23.434700+00:00,1786312223.435,1088.38,26.85,8.0048,2.09,0.057,365.6,233.1
2026-08-09T21:50:23.639261+00:00,1786312223.639,1088.58,26.95,8.0048,2.07,0.066,363.3,233.1
2026-08-09T21:50:23.844331+00:00,1786312223.844,1088.79,26.95,8.0070,2.06,0.066,361.1,233.1
2026-08-09T21:50:24.044898+00:00,1786312224.045,1088.99,26.94,8.0070,2.06,0.052,360.1,233.1
2026-08-09T21:50:24.245987+00:00,1786312224.246,1089.19,26.93,8.0070,2.05,0.000,356.9,233.1
2026-08-09T21:50:24.447132+00:00,1786312224.447,1089.39,26.93,8.0114,2.02,0.000,353.9,233.1
2026-08-09T21:50:24.647322+00:00,1786312224.647,1089.59,26.92,8.0114,1.99,0.000,351.2,233.1
2026-08-09T21:50:24.848151+00:00,1786312224.848,1089.79,27.06,8.0158,1.98,0.000,348.9,233.1
2026-08-09T21:50:25.054063+00:00,1786312225.054,1090.00,27.06,8.0158,1.95,0.000,346.7,222.0
2026-08-09T21:50:25.251257+00:00,1786312225.251,1090.19,27.04,8.0158,1.95,0.000,344.9,222.0
2026-08-09T21:50:25.457356+00:00,1786312225.457,1090.40,27.04,8.0180,1.96,0.000,343.4,222.0
2026-08-09T21:50:25.654814+00:00,1786312225.655,1090.60,27.04,8.0180,1.98,0.000,342.4,222.0
2026-08-09T21:50:25.852529+00:00,1786312225.853,1090.79,27.08,8.0224,2.00,0.000,341.7,222.0
2026-08-09T21:50:26.052635+00:00,1786312226.053,1090.99,27.20,8.0224,2.02,0.000,341.5,222.0
2026-08-09T21:50:26.250729+00:00,1786312226.251,1091.19,27.27,8.0224,2.03,0.000,341.7,222.0
2026-08-09T21:50:26.449850+00:00,1786312226.450,1091.39,27.27,8.0268,2.04,0.000,342.1,233.1
2026-08-09T21:50:26.648743+00:00,1786312226.649,1091.59,27.33,8.0268,2.06,0.056,344.2,233.1
2026-08-09T21:50:26.852961+00:00,1786312226.853,1091.79,27.36,8.0312,2.07,0.000,345.0,233.1
2026-08-09T21:50:27.056461+00:00,1786312227.056,1092.00,27.36,8.0312,2.08,0.000,345.8,233.1
2026-08-09T21:50:27.252272+00:00,1786312227.252,1092.19,27.33,8.0312,2.09,0.000,346.3,233.1
2026-08-09T21:50:27.449001+00:00,1786312227.449,1092.39,27.38,8.0334,2.08,0.000,346.7,233.1
2026-08-09T21:50:27.647835+00:00,1786312227.648,1092.59,27.38,8.0334,2.08,0.000,345.4,233.1
2026-08-09T21:50:27.842414+00:00,1786312227.842,1092.78,27.36,8.0334,2.06,0.000,343.7,233.1
2026-08-09T21:50:28.045348+00:00,1786312228.045,1092.99,27.36,8.0378,2.05,0.000,342.2,233.1
2026-08-09T21:50:28.242178+00:00,1786312228.242,1093.18,27.36,8.0378,2.00,0.000,342.2,233.1
2026-08-09T21:50:28.447303+00:00,1786312228.447,1093.39,27.43,8.0422,1.95,0.000,340.7,233.1
2026-08-09T21:50:28.648414+00:00,1786312228.648,1093.59,27.49,8.0422,1.94,0.000,338.9,233.1
2026-08-09T21:50:28.849144+00:00,1786312228.849,1093.79,27.55,8.0422,1.94,0.000,337.2,233.1
2026-08-09T21:50:29.047716+00:00,1786312229.048,1093.99,27.55,8.0466,1.93,0.000,335.8,222.0
2026-08-09T21:50:29.244863+00:00,1786312229.245,1094.19,27.58,8.0466,1.93,0.000,335.8,222.0
2026-08-09T21:50:29.449130+00:00,1786312229.449,1094.39,27.65,8.0488,1.90,0.000,335.9,222.0
2026-08-09T21:50:29.650553+00:00,1786312229.651,1094.59,27.65,8.0488,1.85,0.000,335.8,222.0
2026-08-09T21:50:29.846435+00:00,1786312229.846,1094.79,27.71,8.0488,1.81,0.000,335.6,222.0
2026-08-09T21:50:30.044875+00:00,1786312230.045,1094.99,27.72,8.0532,1.81,0.051,336.8,222.0
2026-08-09T21:50:30.244723+00:00,1786312230.245,1095.19,27.72,8.0532,1.82,0.051,338.1,222.0
2026-08-09T21:50:30.441856+00:00,1786312230.442,1095.38,27.70,8.0576,1.87,0.000,338.2,222.0
2026-08-09T21:50:30.644218+00:00,1786312230.644,1095.59,27.66,8.0576,1.91,0.000,338.4,222.0
2026-08-09T21:50:30.842758+00:00,1786312230.843,1095.78,27.66,8.0576,1.93,0.000,338.5,222.0
2026-08-09T21:50:31.038485+00:00,1786312231.038,1095.98,27.50,8.0620,1.96,0.000,338.5,222.0
2026-08-09T21:50:31.236703+00:00,1786312231.237,1096.18,27.68,8.0620,1.98,0.000,338.6,222.0
2026-08-09T21:50:31.433064+00:00,1786312231.433,1096.37,27.66,8.0642,2.02,0.000,338.8,222.0
2026-08-09T21:50:31.631250+00:00,1786312231.631,1096.57,27.66,8.0642,2.02,0.000,337.5,222.0
2026-08-09T21:50:31.837066+00:00,1786312231.837,1096.78,27.66,8.0642,2.02,0.000,337.5,222.0
2026-08-09T21:50:32.037108+00:00,1786312232.037,1096.98,27.67,8.0686,2.02,0.000,337.5,233.1
2026-08-09T21:50:32.231556+00:00,1786312232.232,1097.17,27.67,8.0686,2.02,0.000,337.5,233.1
2026-08-09T21:50:32.432031+00:00,1786312232.432,1097.37,27.72,8.0730,2.06,0.000,337.7,233.1
2026-08-09T21:50:32.630863+00:00,1786312232.631,1097.57,27.91,8.0730,2.10,0.000,338.2,233.1
2026-08-09T21:50:32.830983+00:00,1786312232.831,1097.77,27.91,8.0730,2.14,0.000,339.0,233.1
2026-08-09T21:50:33.035286+00:00,1786312233.035,1097.98,27.65,8.0773,2.14,0.000,339.6,233.1
2026-08-09T21:50:33.232152+00:00,1786312233.232,1098.17,27.55,8.0773,2.12,0.000,340.2,233.1
2026-08-09T21:50:33.428746+00:00,1786312233.429,1098.37,27.53,8.0795,2.09,0.000,340.9,233.1
2026-08-09T21:50:33.627799+00:00,1786312233.628,1098.57,27.53,8.0795,2.07,0.000,341.5,233.1
2026-08-09T21:50:33.825525+00:00,1786312233.826,1098.77,27.52,8.0795,2.07,0.000,342.0,233.1
2026-08-09T21:50:34.022458+00:00,1786312234.022,1098.96,27.46,8.0839,2.04,0.000,342.4,233.1
2026-08-09T21:50:34.220843+00:00,1786312234.221,1099.16,27.46,8.0839,2.01,0.000,342.7,233.1
2026-08-09T21:50:34.417189+00:00,1786312234.417,1099.36,27.50,8.0883,1.95,0.000,342.8,233.1
2026-08-09T21:50:34.617232+00:00,1786312234.617,1099.56,27.53,8.0883,1.89,-0.052,341.5,233.1
2026-08-09T21:50:34.814443+00:00,1786312234.814,1099.76,27.53,8.0883,1.82,-0.052,340.1,233.1
2026-08-09T21:50:35.012812+00:00,1786312235.013,1099.95,27.61,8.0927,1.78,0.000,338.6,222.0
2026-08-09T21:50:35.209265+00:00,1786312235.209,1100.15,27.67,8.0927,1.73,0.000,336.8,222.0
2026-08-09T21:50:35.406987+00:00,1786312235.407,1100.35,27.67,8.0949,1.69,0.000,336.0,222.0
2026-08-09T21:50:35.605106+00:00,1786312235.605,1100.55,27.70,8.0949,1.64,0.000,334.8,222.0
2026-08-09T21:50:35.807448+00:00,1786312235.807,1100.75,27.75,8.0949,1.62,0.000,333.6,222.0
2026-08-09T21:50:36.005039+00:00,1786312236.005,1100.95,27.80,8.0993,1.60,0.000,332.3,222.0
2026-08-09T21:50:36.205718+00:00,1786312236.206,1101.15,27.80,8.0993,1.58,0.000,330.7,222.0
2026-08-09T21:50:36.402454+00:00,1786312236.402,1101.34,27.87,8.1037,1.57,0.052,330.2,222.0
2026-08-09T21:50:36.605132+00:00,1786312236.605,1101.55,27.91,8.1037,1.58,0.053,329.9,222.0
2026-08-09T21:50:36.806372+00:00,1786312236.806,1101.75,27.91,8.1037,1.60,0.053,329.5,222.0
2026-08-09T21:50:37.011940+00:00,1786312237.012,1101.95,27.87,8.1081,1.63,0.000,328.0,222.0
2026-08-09T21:50:37.215794+00:00,1786312237.216,1102.16,27.87,8.1081,1.67,0.000,326.6,222.0
2026-08-09T21:50:37.422610+00:00,1786312237.423,1102.36,27.90,8.1103,1.70,0.000,325.2,222.0
2026-08-09T21:50:37.623499+00:00,1786312237.623,1102.56,27.90,8.1103,1.71,0.000,323.5,222.0
2026-08-09T21:50:37.821464+00:00,1786312237.821,1102.76,27.91,8.1103,1.70,0.000,321.6,222.0
2026-08-09T21:50:38.023389+00:00,1786312238.023,1102.96,27.91,8.1147,1.69,0.000,319.9,222.0
2026-08-09T21:50:38.223101+00:00,1786312238.223,1103.16,27.91,8.1147,1.68,0.000,318.3,222.0
2026-08-09T21:50:38.419326+00:00,1786312238.419,1103.36,27.91,8.1191,1.70,0.000,316.9,222.0
2026-08-09T21:50:38.617300+00:00,1786312238.617,1103.56,27.95,8.1191,1.72,0.000,315.7,222.0
2026-08-09T21:50:38.817522+00:00,1786312238.818,1103.76,27.95,8.1191,1.74,0.000,314.6,222.0
2026-08-09T21:50:39.015131+00:00,1786312239.015,1103.96,27.93,8.1235,1.75,0.000,313.7,222.0
2026-08-09T21:50:39.215408+00:00,1786312239.215,1104.16,27.94,8.1235,1.76,0.000,313.0,222.0
2026-08-09T21:50:39.416371+00:00,1786312239.416,1104.36,27.94,8.1257,1.77,0.000,312.5,222.0
2026-08-09T21:50:39.612171+00:00,1786312239.612,1104.55,27.94,8.1257,1.77,0.000,313.7,222.0
2026-08-09T21:50:39.818183+00:00,1786312239.818,1104.76,27.91,8.1257,1.79,0.000,315.1,222.0
2026-08-09T21:50:40.017933+00:00,1786312240.018,1104.96,27.91,8.1301,1.81,0.000,315.4,222.0
2026-08-09T21:50:40.213927+00:00,1786312240.214,1105.16,27.91,8.1301,1.84,0.000,316.1,222.0
2026-08-09T21:50:40.408788+00:00,1786312240.409,1105.35,27.94,8.1345,1.89,0.000,317.2,222.0
2026-08-09T21:50:40.611219+00:00,1786312240.611,1105.55,27.97,8.1345,1.95,0.000,318.7,222.0
2026-08-09T21:50:40.815858+00:00,1786312240.816,1105.76,27.98,8.1345,2.03,0.000,320.7,222.0
2026-08-09T21:50:41.015338+00:00,1786312241.015,1105.96,27.98,8.1389,2.10,0.000,323.0,233.1
2026-08-09T21:50:41.214368+00:00,1786312241.214,1106.16,27.97,8.1389,2.18,0.000,325.7,233.1
2026-08-09T21:50:41.411382+00:00,1786312241.411,1106.35,27.94,8.1411,2.22,0.000,327.3,233.1
2026-08-09T21:50:41.612108+00:00,1786312241.612,1106.55,27.94,8.1411,2.27,0.000,328.9,233.1
2026-08-09T21:50:41.809923+00:00,1786312241.810,1106.75,27.86,8.1411,2.31,0.000,330.6,233.1
2026-08-09T21:50:42.006757+00:00,1786312242.007,1106.95,27.85,8.1455,2.36,0.000,333.7,233.1
2026-08-09T21:50:42.206706+00:00,1786312242.207,1107.15,27.85,8.1455,2.39,0.000,336.8,233.1
2026-08-09T21:50:42.413157+00:00,1786312242.413,1107.35,27.78,8.1499,2.41,0.000,339.8,233.1
2026-08-09T21:50:42.614096+00:00,1786312242.614,1107.56,27.67,8.1499,2.43,0.000,342.8,233.1
2026-08-09T21:50:42.814429+00:00,1786312242.814,1107.76,27.67,8.1499,2.44,0.000,345.8,233.1
2026-08-09T21:50:43.012762+00:00,1786312243.013,1107.95,27.54,8.1543,2.43,-0.061,347.1,233.1
2026-08-09T21:50:43.216721+00:00,1786312243.217,1108.16,27.54,8.1543,2.47,-0.060,348.8,233.1
2026-08-09T21:50:43.414192+00:00,1786312243.414,1108.36,27.43,8.1565,2.52,-0.070,350.1,233.1
2026-08-09T21:50:43.618567+00:00,1786312243.619,1108.56,27.43,8.1565,2.56,-0.070,351.5,233.1
2026-08-09T21:50:43.816419+00:00,1786312243.816,1108.76,27.19,8.1565,2.60,-0.092,352.3,233.1
2026-08-09T21:50:44.020680+00:00,1786312244.021,1108.96,27.06,8.1609,2.62,-0.109,352.6,233.1
2026-08-09T21:50:44.222356+00:00,1786312244.222,1109.16,27.06,8.1609,2.62,-0.109,352.8,233.1
2026-08-09T21:50:44.427757+00:00,1786312244.428,1109.37,26.90,8.1653,2.60,-0.121,352.5,233.1
2026-08-09T21:50:44.630388+00:00,1786312244.630,1109.57,26.78,8.1653,2.56,-0.123,351.9,233.1
2026-08-09T21:50:44.831057+00:00,1786312244.831,1109.77,26.78,8.1653,2.53,-0.123,351.2,233.1
2026-08-09T21:50:45.028117+00:00,1786312245.028,1109.97,26.58,8.1675,2.53,-0.132,349.9,233.1
2026-08-09T21:50:45.228571+00:00,1786312245.229,1110.17,26.44,8.1675,2.54,-0.152,348.0,233.1
2026-08-09T21:50:45.429160+00:00,1786312245.429,1110.37,26.44,8.1719,2.56,-0.136,346.3,233.1
2026-08-09T21:50:45.633577+00:00,1786312245.634,1110.57,26.33,8.1719,2.58,-0.151,343.9,233.1
2026-08-09T21:50:45.838889+00:00,1786312245.839,1110.78,26.24,8.1719,2.57,-0.131,341.7,233.1
2026-08-09T21:50:46.035725+00:00,1786312246.036,1110.98,26.24,8.1763,2.55,-0.113,339.4,233.1
2026-08-09T21:50:46.238011+00:00,1786312246.238,1111.18,26.14,8.1763,2.49,-0.127,336.1,233.1
2026-08-09T21:50:46.441068+00:00,1786312246.441,1111.38,25.98,8.1785,2.43,-0.126,332.4,233.1
2026-08-09T21:50:46.644960+00:00,1786312246.645,1111.59,25.98,8.1785,2.36,-0.110,328.6,233.1
2026-08-09T21:50:46.850719+00:00,1786312246.851,1111.79,25.88,8.1785,2.29,-0.124,323.9,233.1
2026-08-09T21:50:47.055185+00:00,1786312247.055,1112.00,25.86,8.1829,2.24,-0.099,319.5,233.1
2026-08-09T21:50:47.260929+00:00,1786312247.261,1112.20,25.86,8.1829,2.21,-0.080,315.2,233.1
2026-08-09T21:50:47.462365+00:00,1786312247.462,1112.40,25.81,8.1873,2.18,-0.085,310.7,233.1
2026-08-09T21:50:47.667682+00:00,1786312247.668,1112.61,25.80,8.1873,2.17,-0.072,306.4,233.1
2026-08-09T21:50:47.872108+00:00,1786312247.872,1112.81,25.80,8.1895,2.14,-0.060,302.2,233.1
2026-08-09T21:50:48.072751+00:00,1786312248.073,1113.01,25.74,8.1895,2.08,-0.069,299.3,233.1
2026-08-09T21:50:48.276229+00:00,1786312248.276,1113.22,25.76,8.1895,2.02,-0.052,296.3,233.1
2026-08-09T21:50:48.476218+00:00,1786312248.476,1113.42,25.76,8.1939,1.98,0.000,294.5,233.1
2026-08-09T21:50:48.678266+00:00,1786312248.678,1113.62,25.70,8.1939,1.91,0.000,292.2,233.1
2026-08-09T21:50:48.887106+00:00,1786312248.887,1113.83,25.70,8.1961,1.91,0.000,290.5,222.0
2026-08-09T21:50:49.084475+00:00,1786312249.084,1114.03,25.42,8.1961,1.90,-0.060,287.6,222.0
2026-08-09T21:50:49.289404+00:00,1786312249.289,1114.23,25.54,8.1961,1.90,0.000,286.2,222.0
2026-08-09T21:50:49.486415+00:00,1786312249.486,1114.43,25.54,8.2005,1.89,0.000,285.3,222.0
2026-08-09T21:50:49.684898+00:00,1786312249.685,1114.63,25.47,8.2005,1.89,0.000,284.6,222.0
2026-08-09T21:50:49.881437+00:00,1786312249.881,1114.82,25.47,8.2049,1.89,0.000,284.0,222.0
2026-08-09T21:50:50.084132+00:00,1786312250.084,1115.03,25.47,8.2049,1.91,0.000,283.9,222.0
2026-08-09T21:50:50.280978+00:00,1786312250.281,1115.22,25.38,8.2049,1.93,-0.052,283.1,222.0
2026-08-09T21:50:50.482692+00:00,1786312250.483,1115.42,25.38,8.2071,1.95,-0.052,281.9,222.0
2026-08-09T21:50:50.680078+00:00,1786312250.680,1115.62,25.38,8.2071,1.96,0.000,282.4,222.0
2026-08-09T21:50:50.881559+00:00,1786312250.882,1115.82,25.54,8.2115,1.98,0.000,282.7,222.0
2026-08-09T21:50:51.079183+00:00,1786312251.079,1116.02,25.36,8.2115,2.02,0.000,282.6,222.0
2026-08-09T21:50:51.276672+00:00,1786312251.277,1116.22,25.36,8.2115,2.05,0.000,283.3,222.0
2026-08-09T21:50:51.482944+00:00,1786312251.483,1116.42,25.29,8.2137,2.07,0.000,284.3,233.1
2026-08-09T21:50:51.682586+00:00,1786312251.683,1116.62,25.29,8.2137,2.12,0.000,285.5,233.1
2026-08-09T21:50:51.880109+00:00,1786312251.880,1116.82,25.27,8.2181,2.15,0.000,287.4,233.1
2026-08-09T21:50:52.081957+00:00,1786312252.082,1117.02,25.24,8.2181,2.19,0.000,289.1,233.1
2026-08-09T21:50:52.283744+00:00,1786312252.284,1117.23,25.24,8.2181,2.19,0.000,290.5,233.1
2026-08-09T21:50:52.485816+00:00,1786312252.486,1117.43,25.23,8.2225,2.20,0.000,292.2,233.1
2026-08-09T21:50:52.686103+00:00,1786312252.686,1117.63,25.24,8.2225,2.21,0.000,293.6,233.1
2026-08-09T21:50:52.885816+00:00,1786312252.886,1117.83,25.24,8.2247,2.22,0.000,294.9,233.1
2026-08-09T21:50:53.082646+00:00,1786312253.083,1118.02,25.23,8.2247,2.22,0.000,296.7,233.1
2026-08-09T21:50:53.280820+00:00,1786312253.281,1118.22,25.26,8.2247,2.24,0.000,298.4,233.1
2026-08-09T21:50:53.479466+00:00,1786312253.479,1118.42,25.26,8.2291,2.25,0.000,299.1,233.1
2026-08-09T21:50:53.677433+00:00,1786312253.677,1118.62,25.19,8.2291,2.26,0.000,300.1,233.1
2026-08-09T21:50:53.877615+00:00,1786312253.878,1118.82,25.19,8.2313,2.26,0.000,301.2,233.1
2026-08-09T21:50:54.083030+00:00,1786312254.083,1119.02,25.26,8.2313,2.24,0.000,303.8,233.1
2026-08-09T21:50:54.282520+00:00,1786312254.283,1119.22,25.30,8.2313,2.23,0.000,305.0,233.1
2026-08-09T21:50:54.481877+00:00,1786312254.482,1119.42,25.30,8.2357,2.24,0.000,306.2,233.1
2026-08-09T21:50:54.679202+00:00,1786312254.679,1119.62,25.28,8.2357,2.24,0.000,307.5,233.1
2026-08-09T21:50:54.876026+00:00,1786312254.876,1119.82,25.23,8.2357,2.25,0.000,308.7,233.1
2026-08-09T21:50:55.075296+00:00,1786312255.075,1120.02,25.23,8.2401,2.25,0.000,309.9,233.1
2026-08-09T21:50:55.280797+00:00,1786312255.281,1120.22,25.17,8.2401,2.28,0.000,312.3,233.1
2026-08-09T21:50:55.478283+00:00,1786312255.478,1120.42,25.17,8.2423,2.31,0.000,314.8,233.1
2026-08-09T21:50:55.676231+00:00,1786312255.676,1120.62,25.09,8.2423,2.34,0.000,316.1,233.1
2026-08-09T21:50:55.880022+00:00,1786312255.880,1120.82,25.02,8.2423,2.37,0.000,317.3,233.1
2026-08-09T21:50:56.075403+00:00,1786312256.075,1121.02,25.02,8.2467,2.37,0.000,318.4,233.1
2026-08-09T21:50:56.271432+00:00,1786312256.271,1121.21,24.85,8.2467,2.33,-0.063,317.7,233.1
2026-08-09T21:50:56.472672+00:00,1786312256.473,1121.41,24.81,8.2489,2.29,-0.069,316.6,233.1
2026-08-09T21:50:56.678630+00:00,1786312256.679,1121.62,24.81,8.2489,2.25,-0.065,315.2,233.1
2026-08-09T21:50:56.878318+00:00,1786312256.878,1121.82,24.82,8.2489,2.23,-0.057,313.9,233.1
2026-08-09T21:50:57.077367+00:00,1786312257.077,1122.02,24.83,8.2533,2.22,-0.056,312.5,233.1
2026-08-09T21:50:57.277213+00:00,1786312257.277,1122.22,24.83,8.2533,2.24,0.000,312.3,233.1
2026-08-09T21:50:57.476584+00:00,1786312257.477,1122.42,24.89,8.2577,2.26,0.000,312.3,233.1
2026-08-09T21:50:57.674983+00:00,1786312257.675,1122.62,24.89,8.2577,2.28,0.000,312.3,233.1
2026-08-09T21:50:57.870986+00:00,1786312257.871,1122.81,24.77,8.2577,2.29,0.000,312.3,233.1
2026-08-09T21:50:58.069770+00:00,1786312258.070,1123.01,24.77,8.2599,2.31,0.000,312.2,233.1
2026-08-09T21:50:58.266818+00:00,1786312258.267,1123.21,24.77,8.2599,2.31,0.000,312.2,233.1
2026-08-09T21:50:58.466901+00:00,1786312258.467,1123.41,24.69,8.2643,2.29,0.000,311.9,233.1
2026-08-09T21:50:58.666963+00:00,1786312258.667,1123.61,24.69,8.2643,2.27,0.000,311.6,233.1
2026-08-09T21:50:58.862414+00:00,1786312258.862,1123.80,24.58,8.2643,2.25,0.000,311.1,233.1
2026-08-09T21:50:59.061143+00:00,1786312259.061,1124.00,24.50,8.2665,2.28,0.000,310.7,233.1
2026-08-09T21:50:59.261171+00:00,1786312259.261,1124.20,24.50,8.2665,2.33,0.000,310.5,233.1
2026-08-09T21:50:59.466092+00:00,1786312259.466,1124.41,24.39,8.2709,2.39,-0.069,308.8,233.1
2026-08-09T21:50:59.670603+00:00,1786312259.671,1124.61,24.39,8.2709,2.45,-0.069,307.4,233.1
2026-08-09T21:50:59.868249+00:00,1786312259.868,1124.81,24.13,8.2709,2.46,-0.090,305.4,233.1
2026-08-09T21:51:00.074782+00:00,1786312260.075,1125.02,24.22,8.2731,2.47,-0.076,303.7,233.1
2026-08-09T21:51:00.278005+00:00,1786312260.278,1125.22,24.22,8.2731,2.44,-0.076,301.9,233.1
2026-08-09T21:51:00.474736+00:00,1786312260.475,1125.42,24.10,8.2775,2.38,-0.082,299.6,233.1
2026-08-09T21:51:00.674973+00:00,1786312260.675,1125.62,23.97,8.2775,2.32,-0.100,296.5,233.1
2026-08-09T21:51:00.878540+00:00,1786312260.879,1125.82,23.97,8.2775,2.27,-0.084,293.4,233.1
2026-08-09T21:51:01.079805+00:00,1786312261.080,1126.02,23.83,8.2797,2.21,-0.093,289.9,233.1
2026-08-09T21:51:01.282878+00:00,1786312261.283,1126.22,23.83,8.2797,2.16,-0.093,287.9,233.1
2026-08-09T21:51:01.489287+00:00,1786312261.489,1126.43,23.77,8.2841,2.14,-0.085,286.4,233.1
2026-08-09T21:51:01.693026+00:00,1786312261.693,1126.63,23.85,8.2841,2.11,-0.074,285.0,233.1
2026-08-09T21:51:01.896808+00:00,1786312261.897,1126.84,23.85,8.2841,2.09,0.000,285.1,233.1
2026-08-09T21:51:02.093270+00:00,1786312262.093,1127.03,23.55,8.2863,2.05,-0.092,282.9,233.1
2026-08-09T21:51:02.289544+00:00,1786312262.290,1127.23,23.55,8.2863,2.00,-0.092,279.0,233.1
2026-08-09T21:51:02.484861+00:00,1786312262.485,1127.43,23.60,8.2907,1.94,-0.069,275.4,222.0
2026-08-09T21:51:02.690904+00:00,1786312262.691,1127.63,23.57,8.2907,1.88,-0.056,271.8,222.0
2026-08-09T21:51:02.894427+00:00,1786312262.894,1127.84,23.57,8.2907,1.86,-0.056,268.1,222.0
2026-08-09T21:51:03.091376+00:00,1786312263.091,1128.03,23.57,8.2929,1.86,0.000,265.6,222.0
2026-08-09T21:51:03.288232+00:00,1786312263.288,1128.23,23.57,8.2929,1.85,0.000,263.1,222.0
2026-08-09T21:51:03.484891+00:00,1786312263.485,1128.43,23.53,8.2973,1.86,0.000,260.6,222.0
2026-08-09T21:51:03.687735+00:00,1786312263.688,1128.63,23.53,8.2973,1.87,0.000,258.3,222.0
2026-08-09T21:51:03.888231+00:00,1786312263.888,1128.83,23.42,8.2973,1.88,-0.061,254.8,222.0
2026-08-09T21:51:04.091869+00:00,1786312264.092,1129.03,23.66,8.2995,1.89,0.000,252.7,222.0
2026-08-09T21:51:04.294761+00:00,1786312264.295,1129.24,23.66,8.2995,1.90,0.000,250.5,222.0
2026-08-09T21:51:04.500590+00:00,1786312264.501,1129.44,23.63,8.3039,1.91,0.000,249.7,222.0
2026-08-09T21:51:04.700153+00:00,1786312264.700,1129.64,23.70,8.3039,1.92,0.000,248.8,222.0
2026-08-09T21:51:04.899897+00:00,1786312264.900,1129.84,23.70,8.3039,1.91,0.000,248.5,222.0
2026-08-09T21:51:05.103194+00:00,1786312265.103,1130.04,23.79,8.3061,1.91,0.000,247.8,222.0
2026-08-09T21:51:05.299396+00:00,1786312265.299,1130.24,23.79,8.3061,1.92,0.000,247.3,222.0
2026-08-09T21:51:05.503811+00:00,1786312265.504,1130.45,23.91,8.3105,1.93,0.053,248.4,222.0
2026-08-09T21:51:05.707437+00:00,1786312265.707,1130.65,24.20,8.3105,1.96,0.092,251.5,222.0
2026-08-09T21:51:05.911999+00:00,1786312265.912,1130.85,24.20,8.3105,1.99,0.108,254.9,222.0
2026-08-09T21:51:06.111861+00:00,1786312266.112,1131.05,24.20,8.3127,2.00,0.074,258.0,222.0
2026-08-09T21:51:06.311819+00:00,1786312266.312,1131.25,24.37,8.3127,2.00,0.098,262.0,222.0
2026-08-09T21:51:06.512016+00:00,1786312266.512,1131.45,24.37,8.3171,2.02,0.102,266.2,233.1
2026-08-09T21:51:06.711744+00:00,1786312266.712,1131.65,24.54,8.3171,2.03,0.117,270.6,233.1
2026-08-09T21:51:06.905972+00:00,1786312266.906,1131.85,24.54,8.3171,2.04,0.117,273.6,233.1
2026-08-09T21:51:07.102635+00:00,1786312267.103,1132.04,24.68,8.3215,2.06,0.125,279.2,233.1
2026-08-09T21:51:07.302749+00:00,1786312267.303,1132.24,24.84,8.3215,2.09,0.146,285.8,233.1
2026-08-09T21:51:07.504951+00:00,1786312267.505,1132.45,24.84,8.3236,2.11,0.129,291.8,233.1
2026-08-09T21:51:07.708100+00:00,1786312267.708,1132.65,24.97,8.3236,2.14,0.107,297.4,233.1
2026-08-09T21:51:07.912217+00:00,1786312267.912,1132.85,25.11,8.3236,2.18,0.127,303.9,233.1
2026-08-09T21:51:08.114411+00:00,1786312268.114,1133.06,25.11,8.3280,2.22,0.127,309.3,233.1
2026-08-09T21:51:08.312261+00:00,1786312268.312,1133.25,25.26,8.3280,2.27,0.124,314.9,233.1
2026-08-09T21:51:08.513018+00:00,1786312268.513,1133.45,25.38,8.3302,2.30,0.140,321.2,233.1
2026-08-09T21:51:08.719208+00:00,1786312268.719,1133.66,25.38,8.3302,2.35,0.116,327.1,233.1
2026-08-09T21:51:08.920778+00:00,1786312268.921,1133.86,25.48,8.3302,2.39,0.130,334.9,233.1
2026-08-09T21:51:09.125113+00:00,1786312269.125,1134.07,25.55,8.3346,2.44,0.119,341.1,233.1
2026-08-09T21:51:09.328770+00:00,1786312269.329,1134.27,25.55,8.3346,2.49,0.097,347.1,233.1
2026-08-09T21:51:09.529748+00:00,1786312269.530,1134.47,25.65,8.3390,2.54,0.110,353.6,233.1
2026-08-09T21:51:09.733779+00:00,1786312269.734,1134.68,25.73,8.3390,2.58,0.104,360.1,233.1
2026-08-09T21:51:09.938718+00:00,1786312269.939,1134.88,25.73,8.3390,2.62,0.085,366.3,233.1
2026-08-09T21:51:10.143579+00:00,1786312270.144,1135.08,25.75,8.3412,2.65,0.087,372.7,233.1
2026-08-09T21:51:10.348158+00:00,1786312270.348,1135.29,25.86,8.3412,2.64,0.082,379.0,233.1
2026-08-09T21:51:10.552622+00:00,1786312270.553,1135.49,25.86,8.3456,2.63,0.065,383.5,233.1
2026-08-09T21:51:10.755067+00:00,1786312270.755,1135.70,25.93,8.3456,2.62,0.076,387.1,233.1
2026-08-09T21:51:10.960519+00:00,1786312270.961,1135.90,26.01,8.3500,2.61,0.072,390.2,233.1
2026-08-09T21:51:11.164554+00:00,1786312271.165,1136.11,26.01,8.3500,2.60,0.063,393.8,233.1
2026-08-09T21:51:11.366091+00:00,1786312271.366,1136.31,26.16,8.3500,2.60,0.083,397.3,233.1
2026-08-09T21:51:11.563830+00:00,1786312271.564,1136.51,26.24,8.3522,2.60,0.080,400.7,233.1
2026-08-09T21:51:11.762044+00:00,1786312271.762,1136.70,26.24,8.3522,2.60,0.069,403.3,233.1
2026-08-09T21:51:11.962829+00:00,1786312271.963,1136.90,26.34,8.3566,2.59,0.083,406.2,233.1
2026-08-09T21:51:12.157341+00:00,1786312272.157,1137.10,26.38,8.3566,2.58,0.087,408.8,233.1
2026-08-09T21:51:12.364150+00:00,1786312272.364,1137.31,26.38,8.3566,2.55,0.072,410.2,233.1
2026-08-09T21:51:12.562963+00:00,1786312272.563,1137.50,26.45,8.3610,2.52,0.082,412.1,233.1
2026-08-09T21:51:12.760782+00:00,1786312272.761,1137.70,26.52,8.3610,2.48,0.081,414.2,233.1
2026-08-09T21:51:12.962701+00:00,1786312272.963,1137.90,26.52,8.3632,2.45,0.071,415.2,233.1
2026-08-09T21:51:13.164545+00:00,1786312273.165,1138.11,26.53,8.3632,2.42,0.072,415.9,233.1
2026-08-09T21:51:13.364225+00:00,1786312273.364,1138.31,26.53,8.3632,2.42,0.051,415.9,233.1
2026-08-09T21:51:13.560333+00:00,1786312273.560,1138.50,26.53,8.3676,2.42,0.000,414.0,233.1
2026-08-09T21:51:13.759231+00:00,1786312273.759,1138.70,26.56,8.3676,2.42,0.000,412.5,233.1
2026-08-09T21:51:13.956971+00:00,1786312273.957,1138.90,26.62,8.3720,2.42,0.000,410.5,233.1
2026-08-09T21:51:14.153926+00:00,1786312274.154,1139.10,26.62,8.3720,2.41,0.000,408.4,233.1
2026-08-09T21:51:14.351565+00:00,1786312274.352,1139.29,26.62,8.3720,2.39,0.000,406.6,233.1
2026-08-09T21:51:14.551400+00:00,1786312274.551,1139.49,26.64,8.3742,2.37,0.000,404.1,233.1
2026-08-09T21:51:14.752673+00:00,1786312274.753,1139.69,26.64,8.3742,2.34,0.000,401.3,233.1
2026-08-09T21:51:14.950609+00:00,1786312274.951,1139.89,26.67,8.3742,2.32,0.000,398.9,233.1
2026-08-09T21:51:15.153565+00:00,1786312275.154,1140.09,26.69,8.3786,2.29,0.000,396.1,233.1
2026-08-09T21:51:15.354080+00:00,1786312275.354,1140.30,26.69,8.3786,2.29,0.000,393.4,233.1
2026-08-09T21:51:15.557791+00:00,1786312275.558,1140.50,26.71,8.3830,2.28,0.000,391.1,233.1
2026-08-09T21:51:15.758818+00:00,1786312275.759,1140.70,26.72,8.3830,2.28,0.000,388.6,233.1
2026-08-09T21:51:15.956969+00:00,1786312275.957,1140.90,26.72,8.3830,2.28,0.000,386.1,233.1
2026-08-09T21:51:16.153062+00:00,1786312276.153,1141.09,26.72,8.3852,2.28,0.000,383.8,233.1
2026-08-09T21:51:16.359366+00:00,1786312276.359,1141.30,26.72,8.3852,2.28,0.000,380.9,233.1
2026-08-09T21:51:16.562835+00:00,1786312276.563,1141.50,26.72,8.3896,2.27,0.000,378.0,233.1
2026-08-09T21:51:16.761703+00:00,1786312276.762,1141.70,26.71,8.3896,2.28,0.000,375.4,233.1
2026-08-09T21:51:16.962345+00:00,1786312276.962,1141.90,26.69,8.3896,2.27,0.000,372.3,233.1
2026-08-09T21:51:17.165246+00:00,1786312277.165,1142.11,26.69,8.3940,2.26,0.000,369.2,233.1
2026-08-09T21:51:17.362809+00:00,1786312277.363,1142.30,26.63,8.3940,2.26,0.000,366.4,233.1
2026-08-09T21:51:17.559514+00:00,1786312277.560,1142.50,26.63,8.3984,2.26,0.000,363.5,233.1
2026-08-09T21:51:17.765989+00:00,1786312277.766,1142.71,26.63,8.3984,2.26,0.000,360.6,233.1
2026-08-09T21:51:17.972345+00:00,1786312277.972,1142.91,26.52,8.3984,2.26,0.000,358.1,233.1
2026-08-09T21:51:18.170456+00:00,1786312278.170,1143.11,26.49,8.4006,2.26,0.000,355.6,233.1
2026-08-09T21:51:18.366930+00:00,1786312278.367,1143.31,26.49,8.4006,2.26,0.000,353.7,233.1
2026-08-09T21:51:18.573268+00:00,1786312278.573,1143.51,26.38,8.4050,2.27,0.000,352.9,233.1
2026-08-09T21:51:18.777044+00:00,1786312278.777,1143.72,26.28,8.4050,2.27,-0.060,350.6,233.1
2026-08-09T21:51:18.977670+00:00,1786312278.978,1143.92,26.28,8.4050,2.27,-0.058,348.3,233.1
2026-08-09T21:51:19.183787+00:00,1786312279.184,1144.13,26.19,8.4072,2.26,-0.069,345.7,233.1
2026-08-09T21:51:19.388165+00:00,1786312279.388,1144.33,26.09,8.4072,2.25,-0.074,342.9,233.1
2026-08-09T21:51:19.587447+00:00,1786312279.587,1144.53,26.09,8.4116,2.24,-0.074,340.2,233.1
2026-08-09T21:51:19.792086+00:00,1786312279.792,1144.73,26.05,8.4116,2.23,-0.079,337.3,233.1
2026-08-09T21:51:19.997095+00:00,1786312279.997,1144.94,25.98,8.4160,2.22,-0.074,334.6,233.1
2026-08-09T21:51:20.191205+00:00,1786312280.191,1145.13,25.98,8.4160,2.22,-0.069,332.1,233.1
2026-08-09T21:51:20.398225+00:00,1786312280.398,1145.34,25.98,8.4160,2.21,-0.070,329.5,233.1
2026-08-09T21:51:20.593050+00:00,1786312280.593,1145.53,25.95,8.4182,2.20,-0.059,327.2,233.1
2026-08-09T21:51:20.796529+00:00,1786312280.797,1145.74,25.95,8.4182,2.19,0.000,326.2,233.1
2026-08-09T21:51:20.998660+00:00,1786312280.999,1145.94,25.90,8.4226,2.18,-0.051,324.0,233.1
2026-08-09T21:51:21.202741+00:00,1786312281.203,1146.14,25.89,8.4226,2.17,0.000,322.9,233.1
2026-08-09T21:51:21.406577+00:00,1786312281.407,1146.35,25.89,8.4226,2.15,0.000,321.7,233.1
2026-08-09T21:51:21.604945+00:00,1786312281.605,1146.55,25.83,8.4270,2.13,0.000,320.4,233.1
2026-08-09T21:51:21.805410+00:00,1786312281.805,1146.75,25.74,8.4270,2.11,0.000,319.0,233.1
2026-08-09T21:51:22.007321+00:00,1786312282.007,1146.95,25.74,8.4292,2.10,0.000,317.6,233.1
2026-08-09T21:51:22.204425+00:00,1786312282.204,1147.15,25.63,8.4292,2.10,0.000,316.2,233.1
2026-08-09T21:51:22.402632+00:00,1786312282.403,1147.34,25.54,8.4292,2.10,-0.060,313.3,233.1
2026-08-09T21:51:22.603415+00:00,1786312282.603,1147.54,25.54,8.4336,2.10,-0.056,310.5,233.1
2026-08-09T21:51:22.810002+00:00,1786312282.810,1147.75,25.45,8.4336,2.10,-0.068,307.4,233.1
2026-08-09T21:51:23.010494+00:00,1786312283.010,1147.95,25.45,8.4358,2.10,-0.062,304.5,233.1
2026-08-09T21:51:23.213134+00:00,1786312283.213,1148.15,25.28,8.4358,2.11,-0.084,301.0,233.1
2026-08-09T21:51:23.416188+00:00,1786312283.416,1148.36,25.28,8.4358,2.11,-0.084,297.5,233.1
2026-08-09T21:51:23.621911+00:00,1786312283.622,1148.56,25.28,8.4402,2.11,-0.076,294.2,233.1
2026-08-09T21:51:23.827823+00:00,1786312283.828,1148.77,25.21,8.4402,2.11,-0.073,292.6,233.1
2026-08-09T21:51:24.025162+00:00,1786312284.025,1148.97,25.16,8.4446,2.11,-0.079,290.6,233.1
2026-08-09T21:51:24.228848+00:00,1786312284.229,1149.17,25.16,8.4446,2.10,-0.065,289.4,233.1
2026-08-09T21:51:24.429908+00:00,1786312284.430,1149.37,25.08,8.4446,2.10,-0.063,288.4,233.1
2026-08-09T21:51:24.626784+00:00,1786312284.627,1149.57,25.08,8.4468,2.11,-0.063,287.4,233.1
2026-08-09T21:51:24.826029+00:00,1786312284.826,1149.77,25.08,8.4468,2.11,-0.051,286.9,233.1
2026-08-09T21:51:25.023517+00:00,1786312285.024,1149.96,25.09,8.4512,2.12,-0.050,286.5,233.1
2026-08-09T21:51:25.223856+00:00,1786312285.224,1150.17,25.09,8.4512,2.12,0.000,287.1,233.1
2026-08-09T21:51:25.422017+00:00,1786312285.422,1150.36,24.85,8.4512,2.14,-0.060,286.3,233.1
2026-08-09T21:51:25.626522+00:00,1786312285.627,1150.57,24.91,8.4534,2.17,-0.051,285.6,233.1
2026-08-09T21:51:25.829613+00:00,1786312285.830,1150.77,24.91,8.4534,2.21,0.000,284.9,233.1
2026-08-09T21:51:26.031024+00:00,1786312286.031,1150.97,24.82,8.4578,2.26,0.000,285.7,233.1
2026-08-09T21:51:26.236152+00:00,1786312286.236,1151.18,24.75,8.4578,2.30,-0.057,284.0,233.1
2026-08-09T21:51:26.439896+00:00,1786312286.440,1151.38,24.75,8.4578,2.34,0.000,283.9,233.1
2026-08-09T21:51:26.641399+00:00,1786312286.641,1151.58,24.60,8.4622,2.36,-0.066,282.4,233.1
2026-08-09T21:51:26.846016+00:00,1786312286.846,1151.79,24.60,8.4622,2.35,-0.066,281.0,233.1
2026-08-09T21:51:27.053127+00:00,1786312287.053,1151.99,24.34,8.4644,2.33,-0.102,278.6,233.1
2026-08-09T21:51:27.259500+00:00,1786312287.259,1152.20,24.57,8.4644,2.32,-0.070,277.0,233.1
2026-08-09T21:51:27.462822+00:00,1786312287.463,1152.40,24.57,8.4644,2.30,0.000,278.5,233.1
2026-08-09T21:51:27.660878+00:00,1786312287.661,1152.60,24.41,8.4688,2.31,-0.068,278.2,233.1
2026-08-09T21:51:27.862810+00:00,1786312287.863,1152.80,24.42,8.4688,2.32,-0.067,278.4,233.1
2026-08-09T21:51:28.057484+00:00,1786312288.057,1153.00,24.42,8.4710,2.33,-0.055,278.7,233.1
2026-08-09T21:51:28.256898+00:00,1786312288.257,1153.20,24.43,8.4710,2.35,0.000,281.0,233.1
2026-08-09T21:51:28.460693+00:00,1786312288.461,1153.40,24.55,8.4710,2.35,0.000,283.4,233.1
2026-08-09T21:51:28.666069+00:00,1786312288.666,1153.61,24.55,8.4754,2.35,0.000,285.6,233.1
2026-08-09T21:51:28.871155+00:00,1786312288.871,1153.81,24.75,8.4754,2.36,0.000,287.9,233.1
2026-08-09T21:51:29.067184+00:00,1786312289.067,1154.01,24.75,8.4776,2.36,0.056,291.7,233.1
2026-08-09T21:51:29.264399+00:00,1786312289.264,1154.21,24.59,8.4776,2.35,0.000,293.8,233.1
2026-08-09T21:51:29.470254+00:00,1786312289.470,1154.41,24.60,8.4776,2.36,0.000,295.9,233.1
2026-08-09T21:51:29.670179+00:00,1786312289.670,1154.61,24.60,8.4820,2.38,0.000,298.0,233.1
2026-08-09T21:51:29.867230+00:00,1786312289.867,1154.81,24.63,8.4820,2.43,0.000,300.1,233.1
2026-08-09T21:51:30.063269+00:00,1786312290.063,1155.00,24.63,8.4842,2.49,0.000,302.4,233.1
2026-08-09T21:51:30.260912+00:00,1786312290.261,1155.20,24.53,8.4842,2.56,0.000,303.6,233.1
2026-08-09T21:51:30.460838+00:00,1786312290.461,1155.40,24.66,8.4842,2.63,0.000,306.8,233.1
2026-08-09T21:51:30.657434+00:00,1786312290.657,1155.60,24.66,8.4886,2.68,0.000,309.7,233.1
2026-08-09T21:51:30.854781+00:00,1786312290.855,1155.80,24.72,8.4886,2.73,0.000,311.6,233.1
2026-08-09T21:51:31.051774+00:00,1786312291.052,1155.99,24.79,8.4930,2.77,0.000,313.5,233.1
2026-08-09T21:51:31.251773+00:00,1786312291.252,1156.19,24.79,8.4930,2.79,0.000,316.7,233.1
2026-08-09T21:51:31.448983+00:00,1786312291.449,1156.39,24.87,8.4930,2.80,0.000,318.6,233.1
2026-08-09T21:51:31.645370+00:00,1786312291.645,1156.59,24.87,8.4952,2.81,0.000,322.1,233.1
2026-08-09T21:51:31.850269+00:00,1786312291.850,1156.79,24.71,8.4952,2.82,0.000,325.5,233.1
2026-08-09T21:51:32.048124+00:00,1786312292.048,1156.99,25.15,8.4996,2.84,0.073,332.0,233.1
2026-08-09T21:51:32.242995+00:00,1786312292.243,1157.18,25.15,8.4996,2.87,0.087,338.3,233.1
2026-08-09T21:51:32.447040+00:00,1786312292.447,1157.39,25.01,8.4996,2.91,0.000,341.0,233.1
2026-08-09T21:51:32.651137+00:00,1786312292.651,1157.59,25.00,8.5018,2.95,0.000,345.5,233.1
2026-08-09T21:51:32.851395+00:00,1786312292.851,1157.79,25.00,8.5018,3.00,0.000,350.1,233.1
2026-08-09T21:51:33.049057+00:00,1786312293.049,1157.99,25.02,8.5062,3.03,0.000,354.5,233.1
2026-08-09T21:51:33.252975+00:00,1786312293.253,1158.19,24.99,8.5062,3.05,0.000,357.6,233.1
2026-08-09T21:51:33.453297+00:00,1786312293.453,1158.39,24.99,8.5062,3.07,0.000,360.7,233.1
2026-08-09T21:51:33.651425+00:00,1786312293.651,1158.59,25.13,8.5084,3.07,0.000,364.0,233.1
2026-08-09T21:51:33.850874+00:00,1786312293.851,1158.79,25.13,8.5084,3.08,0.058,368.5,233.1
2026-08-09T21:51:34.050009+00:00,1786312294.050,1158.99,24.87,8.5128,3.09,0.000,370.1,233.1
2026-08-09T21:51:34.244971+00:00,1786312294.245,1159.19,24.83,8.5128,3.12,0.000,373.2,233.1
2026-08-09T21:51:34.445870+00:00,1786312294.446,1159.39,24.83,8.5128,3.14,0.000,376.4,233.1
2026-08-09T21:51:34.652851+00:00,1786312294.653,1159.59,24.77,8.5172,3.17,0.000,379.6,233.1
2026-08-09T21:51:34.854112+00:00,1786312294.854,1159.80,24.70,8.5172,3.18,0.000,382.5,233.1
2026-08-09T21:51:35.052047+00:00,1786312295.052,1159.99,24.70,8.5194,3.16,0.000,385.1,233.1
2026-08-09T21:51:35.254199+00:00,1786312295.254,1160.20,24.62,8.5194,3.13,-0.051,386.3,233.1
2026-08-09T21:51:35.459127+00:00,1786312295.459,1160.40,24.62,8.5194,3.09,-0.050,386.8,233.1
2026-08-09T21:51:35.655778+00:00,1786312295.656,1160.60,24.59,8.5238,3.04,-0.076,386.4,233.1
2026-08-09T21:51:35.859055+00:00,1786312295.859,1160.80,24.54,8.5238,2.99,-0.082,385.4,233.1
2026-08-09T21:51:36.060849+00:00,1786312296.061,1161.00,24.54,8.5260,2.92,0.000,385.8,233.1
2026-08-09T21:51:36.254566+00:00,1786312296.255,1161.20,24.46,8.5260,2.86,-0.051,384.6,233.1
2026-08-09T21:51:36.460056+00:00,1786312296.460,1161.40,24.46,8.5260,2.80,-0.051,383.2,233.1
2026-08-09T21:51:36.658687+00:00,1786312296.659,1161.60,24.39,8.5304,2.73,-0.053,381.3,233.1
2026-08-09T21:51:36.860186+00:00,1786312296.860,1161.80,24.45,8.5304,2.66,0.000,380.5,233.1
2026-08-09T21:51:37.062197+00:00,1786312297.062,1162.00,24.45,8.5326,2.59,0.000,377.2,233.1
2026-08-09T21:51:37.264132+00:00,1786312297.264,1162.21,24.44,8.5326,2.52,0.000,373.3,233.1
2026-08-09T21:51:37.465460+00:00,1786312297.465,1162.41,24.40,8.5326,2.44,0.000,371.0,233.1
2026-08-09T21:51:37.662862+00:00,1786312297.663,1162.60,24.40,8.5370,2.36,0.000,368.2,233.1
2026-08-09T21:51:37.861006+00:00,1786312297.861,1162.80,24.41,8.5370,2.27,0.000,364.9,233.1
2026-08-09T21:51:38.058710+00:00,1786312298.059,1163.00,24.41,8.5392,2.19,0.000,361.2,233.1
2026-08-09T21:51:38.260865+00:00,1786312298.261,1163.20,24.44,8.5392,2.11,0.000,357.2,233.1
2026-08-09T21:51:38.462958+00:00,1786312298.463,1163.40,24.56,8.5392,2.02,0.000,352.8,233.1
2026-08-09T21:51:38.663167+00:00,1786312298.663,1163.60,24.56,8.5436,1.95,0.000,348.0,233.1
2026-08-09T21:51:38.860994+00:00,1786312298.861,1163.80,24.56,8.5436,1.88,0.000,341.6,233.1
2026-08-09T21:51:39.073475+00:00,1786312299.073,1164.01,24.59,8.5480,1.84,0.000,336.5,222.0
2026-08-09T21:51:39.278235+00:00,1786312299.278,1164.22,24.59,8.5480,1.80,0.000,331.3,222.0
2026-08-09T21:51:39.475942+00:00,1786312299.476,1164.42,24.77,8.5480,1.73,0.051,327.0,222.0
2026-08-09T21:51:39.681781+00:00,1786312299.682,1164.62,24.86,8.5502,1.65,0.064,322.6,222.0
2026-08-09T21:51:39.878787+00:00,1786312299.879,1164.82,24.86,8.5502,1.57,0.063,318.0,222.0
2026-08-09T21:51:40.076961+00:00,1786312300.077,1165.02,25.04,8.5546,1.49,0.088,313.8,222.0
2026-08-09T21:51:40.280588+00:00,1786312300.281,1165.22,25.04,8.5546,1.41,0.083,310.5,222.0
2026-08-09T21:51:40.481967+00:00,1786312300.482,1165.42,25.06,8.5546,1.33,0.069,306.8,222.0
2026-08-09T21:51:40.682278+00:00,1786312300.682,1165.62,25.28,8.5568,1.28,0.099,304.5,222.0
2026-08-09T21:51:40.886006+00:00,1786312300.886,1165.83,25.28,8.5568,1.22,0.098,302.3,222.0
2026-08-09T21:51:41.092520+00:00,1786312301.093,1166.03,25.48,8.5612,1.18,0.122,299.1,222.0
2026-08-09T21:51:41.296283+00:00,1786312301.296,1166.24,25.57,8.5612,1.13,0.134,297.4,222.0
2026-08-09T21:51:41.499483+00:00,1786312301.499,1166.44,25.57,8.5612,1.05,0.110,295.1,222.0
2026-08-09T21:51:41.697205+00:00,1786312301.697,1166.64,25.72,8.5656,0.96,0.119,293.1,222.0
2026-08-09T21:51:41.900866+00:00,1786312301.901,1166.84,25.86,8.5656,0.85,0.137,290.2,222.0
2026-08-09T21:51:42.101089+00:00,1786312302.101,1167.04,25.86,8.5678,0.71,0.112,286.4,222.0
2026-08-09T21:51:42.304794+00:00,1786312302.305,1167.25,26.07,8.5678,0.56,0.140,283.1,222.0
2026-08-09T21:51:42.508481+00:00,1786312302.508,1167.45,26.36,8.5678,0.44,0.178,280.8,222.0
2026-08-09T21:51:42.712393+00:00,1786312302.712,1167.65,26.75,8.5721,0.31,0.201,279.0,222.0
2026-08-09T21:51:42.910209+00:00,1786312302.910,1167.85,26.75,8.5721,0.18,0.201,277.1,222.0
2026-08-09T21:51:43.108059+00:00,1786312303.108,1168.05,27.20,8.5765,0.06,0.237,276.1,222.0
2026-08-09T21:51:43.311774+00:00,1786312303.312,1168.25,27.73,8.5765,-0.05,0.299,276.9,222.0
2026-08-09T21:51:43.513623+00:00,1786312303.514,1168.46,28.26,8.5765,-0.13,0.372,279.9,222.0
2026-08-09T21:51:43.715944+00:00,1786312303.716,1168.66,28.26,8.5809,-0.17,0.349,282.4,188.7
2026-08-09T21:51:43.916751+00:00,1786312303.917,1168.86,28.95,8.5809,-0.18,0.425,287.7,188.7
2026-08-09T21:51:44.119908+00:00,1786312304.120,1169.06,29.30,8.5853,-0.18,0.474,294.8,188.7
2026-08-09T21:51:44.320214+00:00,1786312304.320,1169.26,29.79,8.5853,-0.15,0.514,303.7,188.7
2026-08-09T21:51:44.526422+00:00,1786312304.526,1169.47,29.79,8.5853,-0.07,0.473,310.8,188.7
2026-08-09T21:51:44.728401+00:00,1786312304.728,1169.67,29.98,8.5897,0.03,0.446,317.8,188.7
2026-08-09T21:51:44.923200+00:00,1786312304.923,1169.86,30.57,8.5897,0.14,0.527,328.6,188.7
2026-08-09T21:51:45.125677+00:00,1786312305.126,1170.07,30.91,8.5941,0.28,0.510,339.5,222.0
2026-08-09T21:51:45.330426+00:00,1786312305.330,1170.27,31.18,8.5941,0.43,0.474,350.8,222.0
2026-08-09T21:51:45.535148+00:00,1786312305.535,1170.48,31.44,8.5941,0.58,0.437,362.7,222.0
2026-08-09T21:51:45.729683+00:00,1786312305.730,1170.67,31.44,8.5985,0.76,0.438,374.9,222.0
2026-08-09T21:51:45.928193+00:00,1786312305.928,1170.87,31.67,8.5985,0.94,0.376,386.6,222.0
2026-08-09T21:51:46.129164+00:00,1786312306.129,1171.07,32.20,8.6029,1.12,0.400,400.0,222.0
2026-08-09T21:51:46.334017+00:00,1786312306.334,1171.28,32.11,8.6029,1.32,0.320,411.8,222.0
2026-08-09T21:51:46.528652+00:00,1786312306.529,1171.47,32.28,8.6029,1.52,0.345,426.4,222.0
2026-08-09T21:51:46.730548+00:00,1786312306.731,1171.67,32.28,8.6073,1.68,0.319,441.1,222.0
2026-08-09T21:51:46.933725+00:00,1786312306.934,1171.88,32.40,8.6073,1.80,0.253,454.4,222.0
2026-08-09T21:51:47.138101+00:00,1786312307.138,1172.08,32.49,8.6117,1.91,0.218,468.6,222.0
2026-08-09T21:51:47.343506+00:00,1786312307.343,1172.28,32.58,8.6117,2.02,0.193,482.4,222.0
2026-08-09T21:51:47.538097+00:00,1786312307.538,1172.48,32.55,8.6117,2.10,0.154,494.9,222.0
2026-08-09T21:51:47.742562+00:00,1786312307.743,1172.68,32.61,8.6161,2.19,0.162,507.8,233.1
2026-08-09T21:51:47.942125+00:00,1786312307.942,1172.88,32.61,8.6161,2.27,0.129,520.6,233.1
2026-08-09T21:51:48.142138+00:00,1786312308.142,1173.08,32.56,8.6205,2.36,0.000,529.3,233.1
2026-08-09T21:51:48.339533+00:00,1786312308.340,1173.28,32.64,8.6205,2.42,0.073,539.0,233.1
2026-08-09T21:51:48.546096+00:00,1786312308.546,1173.49,32.64,8.6205,2.48,0.000,545.0,233.1
2026-08-09T21:51:48.749390+00:00,1786312308.749,1173.69,32.59,8.6249,2.54,0.000,551.9,233.1
2026-08-09T21:51:48.954349+00:00,1786312308.954,1173.90,32.64,8.6249,2.59,0.000,556.7,233.1
2026-08-09T21:51:49.157945+00:00,1786312309.158,1174.10,32.64,8.6293,2.65,0.000,560.1,233.1
2026-08-09T21:51:49.359530+00:00,1786312309.360,1174.30,32.51,8.6293,2.66,0.000,561.7,233.1
2026-08-09T21:51:49.562699+00:00,1786312309.563,1174.50,32.61,8.6293,2.64,0.000,564.1,233.1
2026-08-09T21:51:49.766404+00:00,1786312309.766,1174.71,32.54,8.6337,2.63,0.000,566.4,233.1
2026-08-09T21:51:49.973001+00:00,1786312309.973,1174.91,32.50,8.6337,2.60,0.000,565.2,233.1
2026-08-09T21:51:50.175950+00:00,1786312310.176,1175.12,32.50,8.6381,2.57,0.000,563.2,233.1
2026-08-09T21:51:50.376701+00:00,1786312310.377,1175.32,32.50,8.6381,2.50,0.000,561.0,233.1
2026-08-09T21:51:50.577508+00:00,1786312310.577,1175.52,32.40,8.6381,2.43,0.000,558.3,233.1
2026-08-09T21:51:50.780857+00:00,1786312310.781,1175.72,32.56,8.6425,2.36,0.000,554.5,233.1
2026-08-09T21:51:50.984531+00:00,1786312310.985,1175.93,32.53,8.6425,2.29,0.000,551.0,233.1
2026-08-09T21:51:51.188305+00:00,1786312311.188,1176.13,32.58,8.6469,2.23,0.000,545.0,233.1
2026-08-09T21:51:51.390488+00:00,1786312311.390,1176.33,32.65,8.6469,2.18,0.000,540.3,233.1
2026-08-09T21:51:51.592861+00:00,1786312311.593,1176.53,32.65,8.6469,2.14,0.000,533.5,233.1
2026-08-09T21:51:51.792929+00:00,1786312311.793,1176.73,32.58,8.6535,2.10,0.000,526.4,233.1
2026-08-09T21:51:51.995375+00:00,1786312311.995,1176.94,32.73,8.6535,2.05,0.000,520.5,233.1
2026-08-09T21:51:52.199396+00:00,1786312312.199,1177.14,32.65,8.6579,2.00,0.000,514.5,233.1
2026-08-09T21:51:52.401743+00:00,1786312312.402,1177.34,32.65,8.6579,1.95,0.000,508.4,233.1
2026-08-09T21:51:52.601762+00:00,1786312312.602,1177.54,32.62,8.6579,1.90,0.000,502.8,233.1
2026-08-09T21:51:52.805179+00:00,1786312312.805,1177.75,32.62,8.6623,1.85,0.000,496.2,222.0
2026-08-09T21:51:53.005988+00:00,1786312313.006,1177.95,32.57,8.6623,1.84,0.000,490.1,222.0
2026-08-09T21:51:53.207590+00:00,1786312313.208,1178.15,32.65,8.6667,1.84,0.000,487.6,222.0
2026-08-09T21:51:53.405934+00:00,1786312313.406,1178.35,32.50,8.6667,1.87,0.000,482.4,222.0
2026-08-09T21:51:53.607392+00:00,1786312313.607,1178.55,32.48,8.6667,1.89,0.000,479.3,222.0
2026-08-09T21:51:53.811100+00:00,1786312313.811,1178.75,32.37,8.6711,1.92,0.000,476.0,222.0
2026-08-09T21:51:54.012834+00:00,1786312314.013,1178.95,32.37,8.6711,1.95,0.000,472.4,222.0
2026-08-09T21:51:54.211907+00:00,1786312314.212,1179.15,32.32,8.6755,1.96,0.000,468.7,222.0
2026-08-09T21:51:54.413403+00:00,1786312314.413,1179.35,32.33,8.6755,1.97,0.000,465.0,222.0
2026-08-09T21:51:54.615950+00:00,1786312314.616,1179.56,32.18,8.6755,1.98,-0.061,459.4,222.0
2026-08-09T21:51:54.810807+00:00,1786312314.811,1179.75,32.23,8.6799,1.99,-0.055,454.3,222.0
2026-08-09T21:51:55.016116+00:00,1786312315.016,1179.96,32.23,8.6799,2.02,0.000,451.1,222.0
2026-08-09T21:51:55.217776+00:00,1786312315.218,1180.16,32.12,8.6843,2.05,-0.074,445.9,233.1
2026-08-09T21:51:55.423378+00:00,1786312315.423,1180.36,32.13,8.6843,2.08,-0.051,441.9,233.1
2026-08-09T21:51:55.618342+00:00,1786312315.618,1180.56,32.06,8.6843,2.11,-0.059,438.2,233.1
2026-08-09T21:51:55.813990+00:00,1786312315.814,1180.76,31.97,8.6887,2.14,-0.056,434.8,233.1
2026-08-09T21:51:56.014861+00:00,1786312316.015,1180.96,31.97,8.6887,2.14,-0.056,431.9,233.1
2026-08-09T21:51:56.219312+00:00,1786312316.219,1181.16,31.87,8.6931,2.11,-0.062,428.8,233.1
2026-08-09T21:51:56.420500+00:00,1786312316.420,1181.36,31.71,8.6931,2.10,-0.086,424.9,233.1
2026-08-09T21:51:56.625182+00:00,1786312316.625,1181.57,31.66,8.6931,2.07,-0.072,421.5,233.1
2026-08-09T21:51:56.819957+00:00,1786312316.820,1181.76,31.49,8.6975,2.04,-0.102,417.2,233.1
2026-08-09T21:51:57.025539+00:00,1786312317.026,1181.97,31.49,8.6975,2.00,-0.102,412.9,233.1
2026-08-09T21:51:57.220831+00:00,1786312317.221,1182.16,31.35,8.7019,1.97,-0.107,408.4,233.1
2026-08-09T21:51:57.415225+00:00,1786312317.415,1182.36,31.38,8.7019,1.95,-0.105,404.2,233.1
2026-08-09T21:51:57.620166+00:00,1786312317.620,1182.56,31.37,8.7019,1.93,-0.096,400.4,233.1
2026-08-09T21:51:57.819169+00:00,1786312317.819,1182.76,31.35,8.7063,1.92,-0.086,397.1,222.0
2026-08-09T21:51:58.024185+00:00,1786312318.024,1182.97,31.35,8.7063,1.90,-0.086,393.8,222.0
2026-08-09T21:51:58.219076+00:00,1786312318.219,1183.16,31.34,8.7107,1.89,-0.074,390.7,222.0
2026-08-09T21:51:58.424297+00:00,1786312318.424,1183.37,31.34,8.7107,1.88,-0.052,388.2,222.0
2026-08-09T21:51:58.626071+00:00,1786312318.626,1183.57,31.40,8.7107,1.87,0.000,387.1,222.0
2026-08-09T21:51:58.821525+00:00,1786312318.822,1183.76,31.26,8.7151,1.86,0.000,385.8,222.0
2026-08-09T21:51:59.022596+00:00,1786312319.023,1183.96,31.26,8.7151,1.84,0.000,384.3,222.0
2026-08-09T21:51:59.217582+00:00,1786312319.218,1184.16,31.28,8.7195,1.84,0.000,382.7,222.0
2026-08-09T21:51:59.414621+00:00,1786312319.415,1184.36,31.25,8.7195,1.82,0.000,381.0,222.0
2026-08-09T21:51:59.615409+00:00,1786312319.615,1184.56,31.24,8.7195,1.82,0.000,381.2,222.0
2026-08-09T21:51:59.812457+00:00,1786312319.812,1184.75,31.24,8.7239,1.82,0.000,381.0,222.0
2026-08-09T21:52:00.016987+00:00,1786312320.017,1184.96,31.22,8.7239,1.82,0.000,379.1,222.0
2026-08-09T21:52:00.213218+00:00,1786312320.213,1185.15,31.23,8.7283,1.82,0.000,379.4,222.0
2026-08-09T21:52:00.408684+00:00,1786312320.409,1185.35,31.32,8.7283,1.82,0.000,378.9,222.0
2026-08-09T21:52:00.607013+00:00,1786312320.607,1185.55,31.32,8.7283,1.85,0.000,378.7,222.0
2026-08-09T21:52:00.804974+00:00,1786312320.805,1185.75,31.32,8.7327,1.89,0.000,378.5,222.0
2026-08-09T21:52:01.003226+00:00,1786312321.003,1185.94,31.32,8.7327,1.94,0.000,378.6,222.0
2026-08-09T21:52:01.198968+00:00,1786312321.199,1186.14,31.31,8.7371,1.98,0.000,379.3,222.0
2026-08-09T21:52:01.399857+00:00,1786312321.400,1186.34,31.28,8.7371,2.00,0.000,380.9,222.0
2026-08-09T21:52:01.600499+00:00,1786312321.600,1186.54,31.30,8.7371,2.04,0.000,382.6,222.0
2026-08-09T21:52:01.795221+00:00,1786312321.795,1186.74,31.30,8.7415,2.09,0.000,385.6,233.1
2026-08-09T21:52:01.994157+00:00,1786312321.994,1186.94,31.20,8.7415,2.13,0.000,388.9,233.1
2026-08-09T21:52:02.194527+00:00,1786312322.195,1187.14,31.16,8.7459,2.16,0.000,392.7,233.1
2026-08-09T21:52:02.395774+00:00,1786312322.396,1187.34,31.18,8.7459,2.19,0.000,396.7,233.1
2026-08-09T21:52:02.596962+00:00,1786312322.597,1187.54,31.18,8.7459,2.23,0.000,400.8,233.1
2026-08-09T21:52:02.795998+00:00,1786312322.796,1187.74,31.15,8.7503,2.27,0.000,404.9,233.1
2026-08-09T21:52:02.998965+00:00,1786312322.999,1187.94,31.31,8.7503,2.32,0.000,409.4,233.1
2026-08-09T21:52:03.196657+00:00,1786312323.197,1188.14,31.23,8.7547,2.38,0.000,413.8,233.1
2026-08-09T21:52:03.398067+00:00,1786312323.398,1188.34,31.24,8.7547,2.45,0.000,418.0,233.1
2026-08-09T21:52:03.599062+00:00,1786312323.599,1188.54,31.24,8.7547,2.49,0.000,420.9,233.1
2026-08-09T21:52:03.793713+00:00,1786312323.794,1188.74,31.29,8.7591,2.51,0.000,424.1,233.1
2026-08-09T21:52:03.996163+00:00,1786312323.996,1188.94,31.24,8.7591,2.52,0.000,427.4,233.1
2026-08-09T21:52:04.197689+00:00,1786312324.198,1189.14,31.31,8.7635,2.53,0.000,430.8,233.1
2026-08-09T21:52:04.399061+00:00,1786312324.399,1189.34,31.13,8.7635,2.56,0.000,434.3,233.1
2026-08-09T21:52:04.600681+00:00,1786312324.601,1189.54,31.13,8.7635,2.57,0.000,437.8,233.1
2026-08-09T21:52:04.797589+00:00,1786312324.798,1189.74,31.16,8.7679,2.56,0.000,441.4,233.1
2026-08-09T21:52:04.999986+00:00,1786312325.000,1189.94,31.14,8.7679,2.57,0.000,444.9,233.1
2026-08-09T21:52:05.200318+00:00,1786312325.200,1190.14,31.14,8.7723,2.59,0.000,448.6,233.1
2026-08-09T21:52:05.403201+00:00,1786312325.403,1190.34,31.14,8.7723,2.60,0.000,452.2,233.1
2026-08-09T21:52:05.603363+00:00,1786312325.603,1190.54,30.83,8.7723,2.60,-0.058,453.7,233.1
2026-08-09T21:52:05.802807+00:00,1786312325.803,1190.74,31.14,8.7767,2.61,0.000,457.1,233.1
2026-08-09T21:52:06.008600+00:00,1786312326.009,1190.95,31.24,8.7767,2.63,0.000,460.3,233.1
2026-08-09T21:52:06.207427+00:00,1786312326.207,1191.15,31.20,8.7811,2.62,0.000,463.3,233.1
2026-08-09T21:52:06.408798+00:00,1786312326.409,1191.35,31.20,8.7811,2.60,0.000,466.2,233.1
2026-08-09T21:52:06.608315+00:00,1786312326.608,1191.55,31.08,8.7811,2.58,0.000,468.6,233.1
2026-08-09T21:52:06.806982+00:00,1786312326.807,1191.75,31.17,8.7855,2.56,0.000,470.8,233.1
2026-08-09T21:52:07.008731+00:00,1786312327.009,1191.95,31.46,8.7855,2.52,0.000,472.9,233.1
2026-08-09T21:52:07.207159+00:00,1786312327.207,1192.15,31.12,8.7899,2.48,0.000,474.4,233.1
2026-08-09T21:52:07.408674+00:00,1786312327.409,1192.35,31.12,8.7899,2.44,0.000,475.6,233.1
2026-08-09T21:52:07.607872+00:00,1786312327.608,1192.55,31.04,8.7899,2.42,0.000,476.4,233.1
2026-08-09T21:52:07.810193+00:00,1786312327.810,1192.75,31.02,8.7921,2.41,0.000,477.0,233.1
2026-08-09T21:52:08.010227+00:00,1786312328.010,1192.95,31.15,8.7921,2.42,0.000,477.3,233.1
2026-08-09T21:52:08.212851+00:00,1786312328.213,1193.15,30.96,8.7965,2.42,0.000,477.2,233.1
2026-08-09T21:52:08.409145+00:00,1786312328.409,1193.35,30.96,8.7965,2.42,0.000,476.8,233.1
2026-08-09T21:52:08.604775+00:00,1786312328.605,1193.55,30.94,8.7965,2.44,0.000,476.2,233.1
2026-08-09T21:52:08.804955+00:00,1786312328.805,1193.75,30.76,8.8009,2.46,-0.058,473.8,233.1
2026-08-09T21:52:09.010711+00:00,1786312329.011,1193.95,30.76,8.8009,2.45,-0.097,470.3,233.1
2026-08-09T21:52:09.212905+00:00,1786312329.213,1194.15,30.76,8.8053,2.46,-0.050,468.0,233.1
2026-08-09T21:52:09.415973+00:00,1786312329.416,1194.36,30.64,8.8053,2.47,-0.068,465.2,233.1
2026-08-09T21:52:09.622079+00:00,1786312329.622,1194.56,30.46,8.8053,2.46,-0.081,461.7,233.1
2026-08-09T21:52:09.827331+00:00,1786312329.827,1194.77,30.42,8.8097,2.47,-0.083,458.2,233.1
2026-08-09T21:52:10.029051+00:00,1786312330.029,1194.97,30.42,8.8097,2.49,-0.100,454.3,233.1
2026-08-09T21:52:10.228551+00:00,1786312330.229,1195.17,30.04,8.8141,2.50,-0.126,449.3,233.1
2026-08-09T21:52:10.434497+00:00,1786312330.434,1195.38,30.17,8.8141,2.51,-0.107,445.0,233.1
2026-08-09T21:52:10.640295+00:00,1786312330.640,1195.58,29.97,8.8141,2.51,-0.133,441.7,233.1
2026-08-09T21:52:10.841459+00:00,1786312330.841,1195.78,29.86,8.8185,2.51,-0.123,436.7,233.1
2026-08-09T21:52:11.043302+00:00,1786312331.043,1195.98,29.86,8.8185,2.50,-0.123,431.3,233.1
2026-08-09T21:52:11.239855+00:00,1786312331.240,1196.18,29.77,8.8228,2.48,-0.136,425.5,233.1
2026-08-09T21:52:11.445381+00:00,1786312331.445,1196.39,29.55,8.8228,2.46,-0.149,419.2,233.1
2026-08-09T21:52:11.650426+00:00,1786312331.650,1196.59,29.68,8.8228,2.43,-0.106,414.3,233.1
2026-08-09T21:52:11.857208+00:00,1786312331.857,1196.80,29.68,8.8272,2.40,-0.101,409.3,233.1
2026-08-09T21:52:12.063812+00:00,1786312332.064,1197.01,29.34,8.8272,2.37,-0.148,402.6,233.1
2026-08-09T21:52:12.265338+00:00,1786312332.265,1197.21,29.15,8.8294,2.33,-0.122,396.8,233.1
2026-08-09T21:52:12.470832+00:00,1786312332.471,1197.41,29.12,8.8294,2.29,-0.143,390.4,233.1
2026-08-09T21:52:12.675436+00:00,1786312332.675,1197.62,29.12,8.8294,2.25,-0.115,384.8,233.1
2026-08-09T21:52:12.877871+00:00,1786312332.878,1197.82,29.00,8.8338,2.22,-0.117,378.9,233.1
2026-08-09T21:52:13.078607+00:00,1786312333.079,1198.02,28.96,8.8338,2.18,-0.123,372.5,233.1
2026-08-09T21:52:13.282096+00:00,1786312333.282,1198.22,28.96,8.8382,2.14,-0.111,366.4,233.1
2026-08-09T21:52:13.486371+00:00,1786312333.486,1198.43,28.74,8.8382,2.10,-0.110,360.0,233.1
2026-08-09T21:52:13.689380+00:00,1786312333.689,1198.63,28.77,8.8382,2.06,-0.124,353.0,233.1
2026-08-09T21:52:13.893824+00:00,1786312333.894,1198.84,28.78,8.8426,2.02,-0.122,347.6,233.1
2026-08-09T21:52:14.094303+00:00,1786312334.094,1199.04,28.78,8.8426,2.00,-0.076,344.5,233.1
2026-08-09T21:52:14.295017+00:00,1786312334.295,1199.24,28.58,8.8470,1.99,-0.078,339.8,233.1
2026-08-09T21:52:14.495551+00:00,1786312334.496,1199.44,28.52,8.8470,1.97,-0.083,335.4,233.1
2026-08-09T21:52:14.696563+00:00,1786312334.697,1199.64,28.34,8.8470,1.97,-0.107,330.7,233.1
2026-08-09T21:52:14.896324+00:00,1786312334.896,1199.84,28.34,8.8514,1.98,-0.091,326.6,222.0
2026-08-09T21:52:15.097709+00:00,1786312335.098,1200.04,28.37,8.8514,1.99,-0.081,323.3,222.0
2026-08-09T21:52:15.298605+00:00,1786312335.299,1200.24,28.16,8.8536,2.01,-0.109,320.1,222.0
2026-08-09T21:52:15.502757+00:00,1786312335.503,1200.44,28.16,8.8536,2.04,-0.079,317.1,222.0
2026-08-09T21:52:15.706057+00:00,1786312335.706,1200.65,28.04,8.8536,2.11,-0.101,314.6,222.0
2026-08-09T21:52:15.911868+00:00,1786312335.912,1200.85,27.80,8.8580,2.17,-0.136,311.2,233.1
2026-08-09T21:52:16.115460+00:00,1786312336.115,1201.06,27.80,8.8580,2.25,-0.136,308.2,233.1
2026-08-09T21:52:16.310597+00:00,1786312336.311,1201.25,27.59,8.8624,2.32,-0.136,305.8,233.1
2026-08-09T21:52:16.510976+00:00,1786312336.511,1201.45,27.58,8.8624,2.37,-0.130,304.5,233.1
2026-08-09T21:52:16.715046+00:00,1786312336.715,1201.66,27.36,8.8624,2.41,-0.136,301.8,233.1
2026-08-09T21:52:16.921312+00:00,1786312336.921,1201.86,27.36,8.8668,2.43,-0.135,299.3,233.1
2026-08-09T21:52:17.118490+00:00,1786312337.118,1202.06,27.19,8.8668,2.44,-0.162,297.7,233.1
2026-08-09T21:52:17.318884+00:00,1786312337.319,1202.26,26.99,8.8690,2.46,-0.161,295.7,233.1
2026-08-09T21:52:17.518718+00:00,1786312337.519,1202.46,26.99,8.8690,2.47,-0.161,294.5,233.1
2026-08-09T21:52:17.717344+00:00,1786312337.717,1202.66,26.94,8.8690,2.51,-0.152,293.1,233.1
2026-08-09T21:52:17.922391+00:00,1786312337.922,1202.86,26.79,8.8734,2.55,-0.139,292.3,233.1
2026-08-09T21:52:18.128530+00:00,1786312338.129,1203.07,26.79,8.8734,2.57,-0.139,292.0,233.1
2026-08-09T21:52:18.323771+00:00,1786312338.324,1203.27,26.47,8.8778,2.58,-0.154,291.0,233.1
2026-08-09T21:52:18.527942+00:00,1786312338.528,1203.47,26.35,8.8778,2.57,-0.170,289.9,233.1
2026-08-09T21:52:18.731884+00:00,1786312338.732,1203.67,26.35,8.8778,2.53,-0.139,289.8,233.1
2026-08-09T21:52:18.934137+00:00,1786312338.934,1203.88,26.19,8.8800,2.49,-0.160,289.1,233.1
2026-08-09T21:52:19.135603+00:00,1786312339.136,1204.08,26.03,8.8800,2.46,-0.159,287.0,233.1
2026-08-09T21:52:19.332200+00:00,1786312339.332,1204.27,26.03,8.8844,2.45,-0.132,285.8,233.1
2026-08-09T21:52:19.533442+00:00,1786312339.533,1204.47,25.91,8.8844,2.44,-0.150,284.3,233.1
2026-08-09T21:52:19.737043+00:00,1786312339.737,1204.68,25.91,8.8844,2.44,-0.142,283.7,233.1
2026-08-09T21:52:19.937358+00:00,1786312339.937,1204.88,25.70,8.8888,2.45,-0.150,282.4,233.1
2026-08-09T21:52:20.141097+00:00,1786312340.141,1205.08,25.64,8.8888,2.46,-0.158,280.6,233.1
2026-08-09T21:52:20.341171+00:00,1786312340.341,1205.28,25.64,8.8910,2.48,-0.115,280.7,233.1
2026-08-09T21:52:20.540850+00:00,1786312340.541,1205.48,25.38,8.8910,2.48,-0.133,279.3,233.1
2026-08-09T21:52:20.743555+00:00,1786312340.744,1205.68,25.11,8.8910,2.46,-0.171,277.0,233.1
2026-08-09T21:52:20.949422+00:00,1786312340.949,1205.89,25.11,8.8954,2.48,-0.149,276.2,233.1
2026-08-09T21:52:21.150211+00:00,1786312341.150,1206.09,25.07,8.8954,2.53,-0.134,275.6,233.1
2026-08-09T21:52:21.350541+00:00,1786312341.351,1206.29,25.07,8.8976,2.65,-0.133,275.3,233.1
2026-08-09T21:52:21.546311+00:00,1786312341.546,1206.49,24.73,8.8976,2.80,-0.163,274.2,233.1
2026-08-09T21:52:21.753136+00:00,1786312341.753,1206.69,24.52,8.8976,2.90,-0.192,272.9,233.1
2026-08-09T21:52:21.956375+00:00,1786312341.956,1206.90,24.52,8.9020,2.96,-0.162,272.4,233.1
2026-08-09T21:52:22.155275+00:00,1786312342.155,1207.10,24.28,8.9020,2.97,-0.188,272.0,233.1
2026-08-09T21:52:22.355477+00:00,1786312342.355,1207.30,24.16,8.9042,2.94,-0.204,271.0,233.1
2026-08-09T21:52:22.559276+00:00,1786312342.559,1207.50,24.16,8.9042,2.88,-0.169,270.6,233.1
2026-08-09T21:52:22.761056+00:00,1786312342.761,1207.70,24.08,8.9042,2.80,-0.142,270.0,233.1
2026-08-09T21:52:22.958212+00:00,1786312342.958,1207.90,24.08,8.9086,2.72,-0.142,268.8,233.1
2026-08-09T21:52:23.158378+00:00,1786312343.158,1208.10,23.87,8.9086,2.64,-0.166,266.5,233.1
2026-08-09T21:52:23.358564+00:00,1786312343.359,1208.30,23.98,8.9108,2.56,-0.150,264.9,233.1
2026-08-09T21:52:23.562476+00:00,1786312343.562,1208.50,23.98,8.9108,2.49,-0.103,264.6,233.1
2026-08-09T21:52:23.761858+00:00,1786312343.762,1208.70,24.06,8.9108,2.46,-0.062,264.5,233.1
2026-08-09T21:52:23.965516+00:00,1786312343.966,1208.91,24.06,8.9152,2.39,-0.062,264.9,233.1
2026-08-09T21:52:24.161308+00:00,1786312344.161,1209.10,24.06,8.9152,2.28,0.000,266.5,233.1
2026-08-09T21:52:24.358956+00:00,1786312344.359,1209.30,24.13,8.9174,2.14,0.000,267.1,233.1
2026-08-09T21:52:24.558483+00:00,1786312344.558,1209.50,24.13,8.9174,1.99,0.000,267.6,233.1
2026-08-09T21:52:24.759293+00:00,1786312344.759,1209.70,24.21,8.9174,1.88,0.000,267.5,233.1
2026-08-09T21:52:24.961241+00:00,1786312344.961,1209.90,24.21,8.9218,1.80,0.000,267.5,222.0
2026-08-09T21:52:25.156847+00:00,1786312345.157,1210.10,24.17,8.9218,1.80,0.000,267.6,222.0
2026-08-09T21:52:25.361702+00:00,1786312345.362,1210.30,24.27,8.9240,1.84,0.000,266.9,222.0
2026-08-09T21:52:25.561713+00:00,1786312345.562,1210.50,24.27,8.9240,1.90,0.000,266.9,222.0
2026-08-09T21:52:25.757877+00:00,1786312345.758,1210.70,24.31,8.9240,2.00,0.000,268.5,222.0
2026-08-09T21:52:25.961516+00:00,1786312345.962,1210.90,24.40,8.9284,2.09,0.000,269.9,222.0
2026-08-09T21:52:26.161418+00:00,1786312346.161,1211.10,24.40,8.9284,2.19,0.000,271.2,222.0
2026-08-09T21:52:26.368342+00:00,1786312346.368,1211.31,24.45,8.9328,2.28,0.000,272.3,233.1
2026-08-09T21:52:26.567801+00:00,1786312346.568,1211.51,24.45,8.9328,2.35,0.000,274.1,233.1
2026-08-09T21:52:26.766421+00:00,1786312346.766,1211.71,24.50,8.9328,2.38,0.000,276.5,233.1
2026-08-09T21:52:26.969464+00:00,1786312346.969,1211.91,24.67,8.9350,2.39,0.064,279.6,233.1
2026-08-09T21:52:27.173779+00:00,1786312347.174,1212.12,24.67,8.9350,2.40,0.068,283.5,233.1
2026-08-09T21:52:27.373783+00:00,1786312347.374,1212.32,24.76,8.9394,2.41,0.067,288.0,233.1
2026-08-09T21:52:27.573714+00:00,1786312347.574,1212.52,24.90,8.9394,2.44,0.086,292.7,233.1
2026-08-09T21:52:27.778065+00:00,1786312347.778,1212.72,24.90,8.9394,2.50,0.081,297.2,233.1
2026-08-09T21:52:27.978939+00:00,1786312347.979,1212.92,24.97,8.9416,2.58,0.078,302.3,233.1
2026-08-09T21:52:28.178726+00:00,1786312348.179,1213.12,25.05,8.9416,2.62,0.089,308.8,233.1
2026-08-09T21:52:28.383807+00:00,1786312348.384,1213.33,25.05,8.9460,2.67,0.083,315.3,233.1
2026-08-09T21:52:28.588794+00:00,1786312348.589,1213.53,25.15,8.9460,2.70,0.096,321.6,233.1
2026-08-09T21:52:28.782588+00:00,1786312348.783,1213.72,25.15,8.9460,2.72,0.089,326.9,233.1
2026-08-09T21:52:28.984453+00:00,1786312348.984,1213.93,25.06,8.9504,2.73,0.054,331.6,233.1
2026-08-09T21:52:29.188174+00:00,1786312349.188,1214.13,25.17,8.9504,2.74,0.069,335.8,233.1
2026-08-09T21:52:29.388796+00:00,1786312349.389,1214.33,25.17,8.9526,2.74,0.056,340.2,233.1
2026-08-09T21:52:29.588272+00:00,1786312349.588,1214.53,25.18,8.9526,2.75,0.000,343.9,233.1
2026-08-09T21:52:29.782273+00:00,1786312349.782,1214.72,25.27,8.9526,2.76,0.052,349.4,233.1
2026-08-09T21:52:29.977442+00:00,1786312349.977,1214.92,25.27,8.9570,2.79,0.000,353.9,233.1
2026-08-09T21:52:30.178390+00:00,1786312350.178,1215.12,25.34,8.9570,2.84,0.000,358.8,233.1
2026-08-09T21:52:30.375761+00:00,1786312350.376,1215.32,25.42,8.9592,2.89,0.052,365.0,233.1
2026-08-09T21:52:30.580142+00:00,1786312350.580,1215.52,25.42,8.9592,2.93,0.000,369.8,233.1
2026-08-09T21:52:30.782329+00:00,1786312350.782,1215.72,25.61,8.9592,2.93,0.064,376.0,233.1
2026-08-09T21:52:30.984038+00:00,1786312350.984,1215.93,25.48,8.9636,2.92,0.059,381.4,233.1
2026-08-09T21:52:31.184433+00:00,1786312351.184,1216.13,25.48,8.9636,2.91,0.000,385.1,233.1
2026-08-09T21:52:31.386095+00:00,1786312351.386,1216.33,25.50,8.9680,2.91,0.000,388.4,233.1
2026-08-09T21:52:31.583419+00:00,1786312351.583,1216.52,25.50,8.9680,2.92,0.000,391.4,233.1
2026-08-09T21:52:31.783565+00:00,1786312351.784,1216.72,25.30,8.9680,2.94,0.000,394.2,233.1
2026-08-09T21:52:31.986470+00:00,1786312351.986,1216.93,25.44,8.9702,2.95,0.000,395.6,233.1
2026-08-09T21:52:32.188423+00:00,1786312352.188,1217.13,25.44,8.9702,2.95,0.000,396.8,233.1
2026-08-09T21:52:32.393054+00:00,1786312352.393,1217.33,25.40,8.9746,2.96,0.000,397.9,233.1
2026-08-09T21:52:32.594896+00:00,1786312352.595,1217.54,25.44,8.9746,2.97,0.000,398.5,233.1
2026-08-09T21:52:32.798619+00:00,1786312352.799,1217.74,25.44,8.9746,2.97,0.000,398.9,233.1
2026-08-09T21:52:32.998121+00:00,1786312352.998,1217.94,25.46,8.9768,2.97,0.000,399.1,233.1
2026-08-09T21:52:33.195185+00:00,1786312353.195,1218.14,25.54,8.9768,2.95,0.000,398.7,233.1
2026-08-09T21:52:33.393289+00:00,1786312353.393,1218.33,25.54,8.9812,2.92,0.000,398.2,233.1
2026-08-09T21:52:33.591223+00:00,1786312353.591,1218.53,25.78,8.9812,2.89,0.000,397.2,233.1
2026-08-09T21:52:33.792825+00:00,1786312353.793,1218.73,25.71,8.9812,2.86,0.058,397.6,233.1
2026-08-09T21:52:33.998301+00:00,1786312353.998,1218.94,25.71,8.9856,2.83,0.000,397.3,233.1
2026-08-09T21:52:34.200764+00:00,1786312354.201,1219.14,25.83,8.9856,2.80,0.054,397.7,233.1
2026-08-09T21:52:34.400082+00:00,1786312354.400,1219.34,25.90,8.9878,2.78,0.068,398.8,233.1
2026-08-09T21:52:34.605192+00:00,1786312354.605,1219.55,25.90,8.9878,2.77,0.064,401.0,233.1
2026-08-09T21:52:34.807356+00:00,1786312354.807,1219.75,25.98,8.9878,2.76,0.075,402.2,233.1
2026-08-09T21:52:35.012019+00:00,1786312355.012,1219.95,25.98,8.9922,2.77,0.071,404.4,233.1
2026-08-09T21:52:35.212746+00:00,1786312355.213,1220.15,25.98,8.9922,2.78,0.060,406.2,233.1
2026-08-09T21:52:35.418755+00:00,1786312355.419,1220.36,26.00,8.9966,2.79,0.063,406.6,233.1
2026-08-09T21:52:35.618284+00:00,1786312355.618,1220.56,25.98,8.9966,2.80,0.000,406.5,233.1
2026-08-09T21:52:35.821443+00:00,1786312355.821,1220.76,25.98,8.9966,2.81,0.000,404.9,233.1
2026-08-09T21:52:36.019440+00:00,1786312356.019,1220.96,25.99,8.9988,2.82,0.000,403.6,233.1
2026-08-09T21:52:36.220195+00:00,1786312356.220,1221.16,26.06,8.9988,2.83,0.000,403.8,233.1
2026-08-09T21:52:36.417863+00:00,1786312356.418,1221.36,26.06,9.0032,2.84,0.000,404.0,233.1
2026-08-09T21:52:36.614611+00:00,1786312356.615,1221.56,26.06,9.0032,2.85,0.000,404.2,233.1
2026-08-09T21:52:36.812790+00:00,1786312356.813,1221.75,26.07,9.0032,2.86,0.000,404.5,233.1
2026-08-09T21:52:37.008954+00:00,1786312357.009,1221.95,26.07,9.0076,2.87,0.000,404.8,233.1
2026-08-09T21:52:37.205698+00:00,1786312357.206,1222.15,26.22,9.0076,2.88,0.000,405.1,233.1
2026-08-09T21:52:37.405496+00:00,1786312357.405,1222.35,26.28,9.0098,2.87,0.000,405.5,233.1
2026-08-09T21:52:37.604941+00:00,1786312357.605,1222.55,26.28,9.0098,2.87,0.000,405.9,233.1
2026-08-09T21:52:37.809542+00:00,1786312357.810,1222.75,26.31,9.0098,2.87,0.000,406.2,233.1
2026-08-09T21:52:38.006462+00:00,1786312358.006,1222.95,26.34,9.0142,2.87,0.000,406.6,233.1
2026-08-09T21:52:38.201606+00:00,1786312358.202,1223.14,26.34,9.0142,2.87,0.000,407.0,233.1
2026-08-09T21:52:38.405436+00:00,1786312358.405,1223.35,26.35,9.0186,2.88,0.000,407.5,233.1
2026-08-09T21:52:38.608933+00:00,1786312358.609,1223.55,26.33,9.0186,2.90,0.000,408.0,233.1
2026-08-09T21:52:38.812143+00:00,1786312358.812,1223.75,26.33,9.0186,2.92,0.000,407.4,233.1
2026-08-09T21:52:39.013039+00:00,1786312359.013,1223.95,26.29,9.0208,2.90,0.000,408.2,233.1
2026-08-09T21:52:39.208029+00:00,1786312359.208,1224.15,26.30,9.0208,2.88,0.000,407.7,233.1
2026-08-09T21:52:39.412691+00:00,1786312359.413,1224.35,26.30,9.0252,2.87,0.000,406.7,233.1
2026-08-09T21:52:39.611568+00:00,1786312359.612,1224.55,26.29,9.0252,2.85,0.000,405.9,233.1
2026-08-09T21:52:39.812920+00:00,1786312359.813,1224.75,26.31,9.0252,2.82,0.000,404.6,233.1
2026-08-09T21:52:40.013634+00:00,1786312360.014,1224.96,26.31,9.0296,2.79,0.000,403.3,233.1
2026-08-09T21:52:40.212167+00:00,1786312360.212,1225.15,26.35,9.0296,2.78,0.000,402.1,233.1
2026-08-09T21:52:40.409527+00:00,1786312360.410,1225.35,26.45,9.0318,2.77,0.000,400.9,233.1
2026-08-09T21:52:40.610795+00:00,1786312360.611,1225.55,26.45,9.0318,2.76,0.000,401.1,233.1
2026-08-09T21:52:40.808807+00:00,1786312360.809,1225.75,26.43,9.0318,2.75,0.000,401.2,233.1
2026-08-09T21:52:41.006587+00:00,1786312361.007,1225.95,26.43,9.0362,2.73,0.000,401.2,233.1
2026-08-09T21:52:41.205923+00:00,1786312361.206,1226.15,26.43,9.0362,2.71,0.000,401.0,233.1
2026-08-09T21:52:41.411251+00:00,1786312361.411,1226.35,26.41,9.0406,2.70,0.000,400.7,233.1
2026-08-09T21:52:41.612620+00:00,1786312361.613,1226.55,26.35,9.0406,2.68,0.000,400.3,233.1
2026-08-09T21:52:41.812381+00:00,1786312361.812,1226.75,26.35,9.0406,2.67,0.000,399.7,233.1
2026-08-09T21:52:42.010371+00:00,1786312362.010,1226.95,26.30,9.0428,2.68,0.000,399.1,233.1
2026-08-09T21:52:42.209553+00:00,1786312362.210,1227.15,26.18,9.0428,2.70,0.000,398.4,233.1
2026-08-09T21:52:42.410017+00:00,1786312362.410,1227.35,26.18,9.0472,2.72,0.000,397.7,233.1
2026-08-09T21:52:42.609222+00:00,1786312362.609,1227.55,26.08,9.0472,2.73,-0.050,395.7,233.1
2026-08-09T21:52:42.805995+00:00,1786312362.806,1227.75,26.08,9.0472,2.73,0.000,395.0,233.1
2026-08-09T21:52:43.005622+00:00,1786312363.006,1227.95,25.86,9.0516,2.72,-0.080,392.0,233.1
2026-08-09T21:52:43.212052+00:00,1786312363.212,1228.15,25.78,9.0516,2.66,-0.091,388.5,233.1
2026-08-09T21:52:43.413831+00:00,1786312363.414,1228.36,25.78,9.0538,2.59,-0.087,384.8,233.1
2026-08-09T21:52:43.618489+00:00,1786312363.618,1228.56,25.67,9.0538,2.53,-0.094,380.5,233.1
2026-08-09T21:52:43.823142+00:00,1786312363.823,1228.76,25.55,9.0538,2.46,-0.111,375.4,233.1
2026-08-09T21:52:44.028986+00:00,1786312364.029,1228.97,25.55,9.0582,2.41,-0.103,370.3,233.1
2026-08-09T21:52:44.223550+00:00,1786312364.224,1229.16,25.50,9.0582,2.36,-0.093,365.4,233.1
2026-08-09T21:52:44.424980+00:00,1786312364.425,1229.37,25.43,9.0604,2.32,-0.103,360.0,233.1
2026-08-09T21:52:44.629255+00:00,1786312364.629,1229.57,25.43,9.0604,2.27,-0.090,354.9,233.1
2026-08-09T21:52:44.832510+00:00,1786312364.832,1229.77,25.48,9.0604,2.23,-0.083,349.9,233.1
2026-08-09T21:52:45.036700+00:00,1786312365.037,1229.98,25.41,9.0648,2.19,-0.061,345.4,233.1
2026-08-09T21:52:45.230706+00:00,1786312365.231,1230.17,25.41,9.0648,2.16,-0.051,340.9,233.1
2026-08-09T21:52:45.434058+00:00,1786312365.434,1230.38,25.40,9.0691,2.13,-0.052,336.3,233.1
2026-08-09T21:52:45.635093+00:00,1786312365.635,1230.58,25.41,9.0691,2.10,0.000,332.8,233.1
2026-08-09T21:52:45.839284+00:00,1786312365.839,1230.78,25.41,9.0691,2.08,0.000,329.3,233.1
2026-08-09T21:52:46.036415+00:00,1786312366.036,1230.98,25.41,9.0713,2.09,0.000,325.9,233.1
2026-08-09T21:52:46.233286+00:00,1786312366.233,1231.17,25.41,9.0713,2.13,0.000,322.7,233.1
2026-08-09T21:52:46.430669+00:00,1786312366.431,1231.37,25.36,9.0757,2.18,0.000,319.8,233.1
2026-08-09T21:52:46.633178+00:00,1786312366.633,1231.57,25.47,9.0757,2.24,0.000,317.3,233.1
2026-08-09T21:52:46.833512+00:00,1786312366.833,1231.77,25.47,9.0757,2.30,0.000,315.1,233.1
2026-08-09T21:52:47.030429+00:00,1786312367.030,1231.97,25.52,9.0801,2.34,0.000,313.1,233.1
2026-08-09T21:52:47.230252+00:00,1786312367.230,1232.17,25.55,9.0801,2.37,0.000,311.2,233.1
2026-08-09T21:52:47.426653+00:00,1786312367.427,1232.37,25.55,9.0823,2.40,0.000,309.4,233.1
2026-08-09T21:52:47.623774+00:00,1786312367.624,1232.57,25.56,9.0823,2.44,0.000,309.1,233.1
2026-08-09T21:52:47.821900+00:00,1786312367.822,1232.76,25.56,9.0823,2.48,0.000,307.6,233.1
2026-08-09T21:52:48.028056+00:00,1786312368.028,1232.97,25.56,9.0867,2.52,0.000,308.5,233.1
2026-08-09T21:52:48.225134+00:00,1786312368.225,1233.17,25.68,9.0867,2.55,0.000,310.2,233.1
2026-08-09T21:52:48.421745+00:00,1786312368.422,1233.36,25.61,9.0889,2.58,0.000,312.1,233.1
2026-08-09T21:52:48.622974+00:00,1786312368.623,1233.56,25.61,9.0889,2.62,0.000,314.6,233.1
2026-08-09T21:52:48.821685+00:00,1786312368.822,1233.76,25.60,9.0889,2.66,0.000,318.1,233.1
2026-08-09T21:52:49.022199+00:00,1786312369.022,1233.96,25.60,9.0933,2.69,0.000,321.7,233.1
2026-08-09T21:52:49.220140+00:00,1786312369.220,1234.16,25.55,9.0933,2.71,0.000,325.3,233.1
2026-08-09T21:52:49.420077+00:00,1786312369.420,1234.36,25.61,9.0977,2.73,0.000,329.5,233.1
2026-08-09T21:52:49.620503+00:00,1786312369.620,1234.56,25.61,9.0977,2.74,0.000,333.6,233.1
2026-08-09T21:52:49.818466+00:00,1786312369.818,1234.76,25.61,9.0977,2.73,0.000,337.7,233.1
2026-08-09T21:52:50.016242+00:00,1786312370.016,1234.96,25.59,9.0999,2.72,0.000,341.3,233.1
2026-08-09T21:52:50.216187+00:00,1786312370.216,1235.16,25.59,9.0999,2.71,0.000,344.8,233.1
2026-08-09T21:52:50.423191+00:00,1786312370.423,1235.36,25.56,9.1043,2.71,0.000,348.5,233.1
2026-08-09T21:52:50.620740+00:00,1786312370.621,1235.56,25.53,9.1043,2.69,0.000,350.9,233.1
2026-08-09T21:52:50.821365+00:00,1786312370.821,1235.76,25.53,9.1043,2.67,0.000,353.3,233.1
2026-08-09T21:52:51.027918+00:00,1786312371.028,1235.97,25.51,9.1065,2.64,0.000,355.6,233.1
2026-08-09T21:52:51.228014+00:00,1786312371.228,1236.17,25.44,9.1065,2.62,0.000,357.5,233.1
2026-08-09T21:52:51.425616+00:00,1786312371.426,1236.37,25.44,9.1109,2.59,0.000,359.2,233.1
2026-08-09T21:52:51.623762+00:00,1786312371.624,1236.57,25.38,9.1109,2.55,0.000,360.4,233.1
2026-08-09T21:52:51.827495+00:00,1786312371.827,1236.77,25.37,9.1109,2.52,0.000,361.2,233.1
2026-08-09T21:52:52.024670+00:00,1786312372.025,1236.97,25.37,9.1153,2.48,0.000,361.6,233.1
2026-08-09T21:52:52.221804+00:00,1786312372.222,1237.16,25.34,9.1153,2.44,0.000,361.8,233.1
2026-08-09T21:52:52.417022+00:00,1786312372.417,1237.36,25.34,9.1175,2.41,0.000,361.7,233.1
2026-08-09T21:52:52.613030+00:00,1786312372.613,1237.55,25.30,9.1175,2.38,0.000,361.2,233.1
2026-08-09T21:52:52.812201+00:00,1786312372.812,1237.75,25.32,9.1175,2.36,0.000,360.6,233.1
2026-08-09T21:52:53.012395+00:00,1786312373.012,1237.95,25.32,9.1219,2.35,0.000,359.7,233.1
2026-08-09T21:52:53.209742+00:00,1786312373.210,1238.15,25.27,9.1219,2.34,0.000,358.6,233.1
2026-08-09T21:52:53.407358+00:00,1786312373.407,1238.35,25.27,9.1241,2.32,0.000,357.3,233.1
2026-08-09T21:52:53.605345+00:00,1786312373.605,1238.55,25.27,9.1241,2.31,0.000,355.7,233.1
2026-08-09T21:52:53.803493+00:00,1786312373.803,1238.74,25.15,9.1241,2.29,0.000,353.9,233.1
2026-08-09T21:52:54.000687+00:00,1786312374.001,1238.94,25.15,9.1285,2.25,0.000,351.8,233.1
2026-08-09T21:52:54.198175+00:00,1786312374.198,1239.14,25.12,9.1285,2.19,0.000,349.4,233.1
2026-08-09T21:52:54.396348+00:00,1786312374.396,1239.34,25.02,9.1329,2.11,0.000,346.5,233.1
2026-08-09T21:52:54.600621+00:00,1786312374.601,1239.54,25.02,9.1329,2.06,0.000,343.4,233.1
2026-08-09T21:52:54.799223+00:00,1786312374.799,1239.74,25.17,9.1329,2.00,0.000,340.1,233.1
2026-08-09T21:52:54.996233+00:00,1786312374.996,1239.94,25.31,9.1351,1.95,0.000,336.9,222.0
2026-08-09T21:52:55.196488+00:00,1786312375.196,1240.14,25.31,9.1351,1.93,0.000,333.5,222.0
2026-08-09T21:52:55.394307+00:00,1786312375.394,1240.34,25.43,9.1395,1.94,0.000,330.4,222.0
2026-08-09T21:52:55.599040+00:00,1786312375.599,1240.54,25.56,9.1395,1.94,0.000,327.4,222.0
2026-08-09T21:52:55.796352+00:00,1786312375.796,1240.74,25.56,9.1395,1.93,0.057,325.9,222.0
2026-08-09T21:52:55.997793+00:00,1786312375.998,1240.94,25.75,9.1439,1.91,0.083,325.1,222.0
2026-08-09T21:52:56.199805+00:00,1786312376.200,1241.14,26.02,9.1439,1.89,0.125,325.7,222.0
2026-08-09T21:52:56.401756+00:00,1786312376.402,1241.34,26.02,9.1461,1.87,0.139,326.6,222.0
2026-08-09T21:52:56.596177+00:00,1786312376.596,1241.54,26.08,9.1461,1.87,0.147,327.9,222.0
2026-08-09T21:52:56.797123+00:00,1786312376.797,1241.74,26.17,9.1461,1.87,0.140,329.3,222.0
2026-08-09T21:52:56.997635+00:00,1786312376.998,1241.94,26.17,9.1505,1.92,0.121,330.5,222.0
2026-08-09T21:52:57.204732+00:00,1786312377.205,1242.15,26.28,9.1505,1.98,0.135,332.6,222.0
2026-08-09T21:52:57.408660+00:00,1786312377.409,1242.35,26.44,9.1549,2.05,0.139,335.4,222.0
2026-08-09T21:52:57.603831+00:00,1786312377.604,1242.55,26.44,9.1549,2.11,0.121,338.1,222.0
2026-08-09T21:52:57.806646+00:00,1786312377.807,1242.75,26.59,9.1549,2.17,0.142,341.8,222.0
2026-08-09T21:52:58.007475+00:00,1786312378.007,1242.95,26.69,9.1571,2.22,0.130,345.5,233.1
2026-08-09T21:52:58.210787+00:00,1786312378.211,1243.15,26.69,9.1571,2.27,0.092,348.7,233.1
2026-08-09T21:52:58.409787+00:00,1786312378.410,1243.35,26.72,9.1615,2.30,0.097,352.1,233.1
2026-08-09T21:52:58.605698+00:00,1786312378.606,1243.55,26.77,9.1615,2.33,0.096,355.7,233.1
2026-08-09T21:52:58.807052+00:00,1786312378.807,1243.75,26.77,9.1615,2.38,0.082,359.4,233.1
2026-08-09T21:52:59.005367+00:00,1786312379.005,1243.95,26.84,9.1659,2.43,0.092,363.7,233.1
2026-08-09T21:52:59.209766+00:00,1786312379.210,1244.15,26.84,9.1659,2.46,0.077,368.1,233.1
2026-08-09T21:52:59.409355+00:00,1786312379.409,1244.35,26.84,9.1681,2.49,0.056,372.4,233.1
2026-08-09T21:52:59.605099+00:00,1786312379.605,1244.55,26.80,9.1681,2.51,0.051,376.9,233.1
2026-08-09T21:52:59.810975+00:00,1786312379.811,1244.75,26.87,9.1681,2.52,0.000,380.3,233.1
2026-08-09T21:53:00.016969+00:00,1786312380.017,1244.96,26.87,9.1725,2.53,0.000,383.9,233.1
2026-08-09T21:53:00.215149+00:00,1786312380.215,1245.16,26.83,9.1725,2.53,0.000,387.5,233.1
2026-08-09T21:53:00.413122+00:00,1786312380.413,1245.35,27.05,9.1769,2.52,0.000,391.1,233.1
2026-08-09T21:53:00.618727+00:00,1786312380.619,1245.56,27.14,9.1769,2.51,0.051,396.0,233.1
2026-08-09T21:53:00.824269+00:00,1786312380.824,1245.77,27.14,9.1769,2.50,0.051,399.5,233.1
2026-08-09T21:53:01.022617+00:00,1786312381.023,1245.96,27.33,9.1813,2.50,0.068,402.9,233.1
2026-08-09T21:53:01.226195+00:00,1786312381.226,1246.17,27.49,9.1813,2.45,0.090,405.6,233.1
2026-08-09T21:53:01.427257+00:00,1786312381.427,1246.37,27.49,9.1835,2.40,0.090,408.0,233.1
2026-08-09T21:53:01.626291+00:00,1786312381.626,1246.57,27.60,9.1835,2.35,0.110,410.4,233.1
2026-08-09T21:53:01.831925+00:00,1786312381.832,1246.77,27.83,9.1835,2.30,0.133,413.5,233.1
2026-08-09T21:53:02.035119+00:00,1786312382.035,1246.98,27.82,9.1879,2.26,0.132,416.7,233.1
2026-08-09T21:53:02.239725+00:00,1786312382.240,1247.18,27.82,9.1879,2.23,0.137,419.2,233.1
2026-08-09T21:53:02.438436+00:00,1786312382.438,1247.38,27.93,9.1923,2.21,0.121,420.8,233.1
2026-08-09T21:53:02.643405+00:00,1786312382.643,1247.58,28.00,9.1923,2.20,0.117,422.5,233.1
2026-08-09T21:53:02.845978+00:00,1786312382.846,1247.79,28.00,9.1923,2.19,0.117,423.3,233.1
2026-08-09T21:53:03.041955+00:00,1786312383.042,1247.98,27.94,9.1967,2.18,0.084,423.0,233.1
2026-08-09T21:53:03.247764+00:00,1786312383.248,1248.19,28.13,9.1967,2.17,0.088,423.8,233.1
2026-08-09T21:53:03.449842+00:00,1786312383.450,1248.39,28.18,9.1989,2.17,0.094,424.5,233.1
2026-08-09T21:53:03.647587+00:00,1786312383.648,1248.59,28.18,9.1989,2.18,0.079,424.7,233.1
2026-08-09T21:53:03.848466+00:00,1786312383.848,1248.79,28.26,9.1989,2.20,0.059,424.6,233.1
2026-08-09T21:53:04.055108+00:00,1786312384.055,1249.00,28.33,9.2033,2.22,0.069,424.5,233.1
2026-08-09T21:53:04.258183+00:00,1786312384.258,1249.20,28.33,9.2033,2.25,0.070,424.7,233.1
2026-08-09T21:53:04.454353+00:00,1786312384.454,1249.40,28.33,9.2077,2.28,0.055,425.1,233.1
2026-08-09T21:53:04.657632+00:00,1786312384.658,1249.60,28.42,9.2077,2.31,0.058,425.9,233.1
2026-08-09T21:53:04.859261+00:00,1786312384.859,1249.80,28.40,9.2077,2.34,0.056,427.9,233.1
2026-08-09T21:53:05.060448+00:00,1786312385.060,1250.00,28.40,9.2121,2.36,0.063,430.2,233.1
2026-08-09T21:53:05.258815+00:00,1786312385.259,1250.20,28.43,9.2121,2.36,0.000,430.8,233.1
2026-08-09T21:53:05.457963+00:00,1786312385.458,1250.40,28.41,9.2165,2.34,0.000,431.2,233.1
2026-08-09T21:53:05.661502+00:00,1786312385.661,1250.60,28.44,9.2165,2.34,0.000,430.2,233.1
2026-08-09T21:53:05.859067+00:00,1786312385.859,1250.80,28.44,9.2165,2.33,0.000,429.3,233.1
2026-08-09T21:53:06.057534+00:00,1786312386.058,1251.00,28.52,9.2187,2.33,0.000,427.9,233.1
2026-08-09T21:53:06.255159+00:00,1786312386.255,1251.20,28.61,9.2187,2.33,0.000,426.1,233.1
2026-08-09T21:53:06.461722+00:00,1786312386.462,1251.40,28.61,9.2231,2.33,0.000,424.4,233.1
2026-08-09T21:53:06.657131+00:00,1786312386.657,1251.60,28.45,9.2231,2.32,0.000,422.2,233.1
2026-08-09T21:53:06.858254+00:00,1786312386.858,1251.80,28.52,9.2231,2.30,0.000,419.3,233.1
2026-08-09T21:53:07.055810+00:00,1786312387.056,1252.00,28.50,9.2275,2.27,0.000,416.6,233.1
2026-08-09T21:53:07.256843+00:00,1786312387.257,1252.20,28.50,9.2275,2.24,0.000,413.6,233.1
2026-08-09T21:53:07.451688+00:00,1786312387.452,1252.39,28.45,9.2319,2.21,0.000,410.9,233.1
2026-08-09T21:53:07.653010+00:00,1786312387.653,1252.59,28.38,9.2319,2.19,0.000,408.1,233.1
2026-08-09T21:53:07.856318+00:00,1786312387.856,1252.80,28.38,9.2319,2.17,0.000,405.3,233.1
2026-08-09T21:53:08.051091+00:00,1786312388.051,1252.99,28.29,9.2363,2.16,0.000,403.4,233.1
2026-08-09T21:53:08.251961+00:00,1786312388.252,1253.19,28.44,9.2363,2.15,0.000,401.3,233.1
2026-08-09T21:53:08.449561+00:00,1786312388.450,1253.39,28.35,9.2385,2.14,0.000,398.8,233.1
2026-08-09T21:53:08.650594+00:00,1786312388.651,1253.59,28.35,9.2385,2.10,0.000,396.5,233.1
2026-08-09T21:53:08.848934+00:00,1786312388.849,1253.79,28.33,9.2385,2.07,0.000,394.5,233.1
2026-08-09T21:53:09.049910+00:00,1786312389.050,1253.99,28.31,9.2429,2.03,0.000,391.9,233.1
2026-08-09T21:53:09.250312+00:00,1786312389.250,1254.19,28.31,9.2429,1.98,0.000,388.8,233.1
2026-08-09T21:53:09.448081+00:00,1786312389.448,1254.39,28.33,9.2473,1.92,0.000,385.8,222.0
2026-08-09T21:53:09.648860+00:00,1786312389.649,1254.59,28.45,9.2473,1.86,0.000,382.3,222.0
2026-08-09T21:53:09.849996+00:00,1786312389.850,1254.79,28.41,9.2473,1.80,0.000,378.5,222.0
2026-08-09T21:53:10.050643+00:00,1786312390.051,1254.99,28.41,9.2517,1.77,0.000,374.2,222.0
2026-08-09T21:53:10.248455+00:00,1786312390.248,1255.19,28.46,9.2517,1.74,0.000,371.5,222.0
2026-08-09T21:53:10.451542+00:00,1786312390.452,1255.39,28.49,9.2561,1.71,0.000,368.8,222.0
2026-08-09T21:53:10.652783+00:00,1786312390.653,1255.59,28.56,9.2561,1.68,0.000,365.9,222.0
2026-08-09T21:53:10.853805+00:00,1786312390.854,1255.80,28.56,9.2561,1.64,0.000,362.9,222.0
2026-08-09T21:53:11.051228+00:00,1786312391.051,1255.99,28.59,9.2583,1.61,0.000,359.8,222.0
2026-08-09T21:53:11.252674+00:00,1786312391.253,1256.19,28.58,9.2583,1.61,0.000,356.5,222.0
2026-08-09T21:53:11.459258+00:00,1786312391.459,1256.40,28.58,9.2627,1.63,0.000,353.4,222.0
2026-08-09T21:53:11.657759+00:00,1786312391.658,1256.60,28.56,9.2627,1.64,0.000,350.5,222.0
2026-08-09T21:53:11.858639+00:00,1786312391.859,1256.80,28.60,9.2627,1.66,0.000,347.7,222.0
2026-08-09T21:53:12.055361+00:00,1786312392.055,1257.00,28.66,9.2671,1.66,0.000,345.2,222.0
2026-08-09T21:53:12.251727+00:00,1786312392.252,1257.19,28.66,9.2671,1.65,0.000,342.7,222.0
2026-08-09T21:53:12.457965+00:00,1786312392.458,1257.40,28.70,9.2715,1.65,0.000,340.4,222.0
2026-08-09T21:53:12.655717+00:00,1786312392.656,1257.60,28.78,9.2715,1.65,0.000,338.4,222.0
2026-08-09T21:53:12.851977+00:00,1786312392.852,1257.79,28.78,9.2715,1.65,0.000,336.4,222.0
2026-08-09T21:53:13.054725+00:00,1786312393.055,1258.00,28.75,9.2759,1.65,0.000,334.5,222.0
2026-08-09T21:53:13.251245+00:00,1786312393.251,1258.19,28.90,9.2759,1.66,0.000,332.6,222.0
2026-08-09T21:53:13.448301+00:00,1786312393.448,1258.39,28.93,9.2803,1.66,0.000,331.0,222.0
2026-08-09T21:53:13.645419+00:00,1786312393.645,1258.59,28.93,9.2803,1.68,0.051,330.9,222.0
2026-08-09T21:53:13.844833+00:00,1786312393.845,1258.79,28.95,9.2803,1.69,0.000,329.7,222.0
2026-08-09T21:53:14.048435+00:00,1786312394.048,1258.99,28.98,9.2825,1.71,0.000,328.8,222.0
2026-08-09T21:53:14.248480+00:00,1786312394.248,1259.19,28.92,9.2825,1.72,0.000,328.1,222.0
2026-08-09T21:53:14.450553+00:00,1786312394.451,1259.39,28.92,9.2869,1.73,0.000,327.7,222.0
2026-08-09T21:53:14.648609+00:00,1786312394.649,1259.59,28.91,9.2869,1.71,0.000,327.4,222.0
2026-08-09T21:53:14.847809+00:00,1786312394.848,1259.79,28.87,9.2869,1.65,0.000,327.1,222.0
2026-08-09T21:53:15.047329+00:00,1786312395.047,1259.99,28.92,9.2913,1.61,0.000,326.8,222.0
2026-08-09T21:53:15.248579+00:00,1786312395.249,1260.19,28.92,9.2913,1.59,0.000,326.4,222.0
2026-08-09T21:53:15.443340+00:00,1786312395.443,1260.38,28.91,9.2957,1.62,0.000,326.3,222.0
2026-08-09T21:53:15.642514+00:00,1786312395.643,1260.58,28.88,9.2957,1.65,0.000,326.5,222.0
2026-08-09T21:53:15.840768+00:00,1786312395.841,1260.78,28.88,9.2957,1.69,0.000,326.9,222.0
2026-08-09T21:53:16.036186+00:00,1786312396.036,1260.98,28.96,9.3001,1.70,0.000,327.6,222.0
2026-08-09T21:53:16.235981+00:00,1786312396.236,1261.18,29.14,9.3001,1.71,0.000,328.5,222.0
2026-08-09T21:53:16.432845+00:00,1786312396.433,1261.37,29.06,9.3023,1.73,0.000,329.3,222.0
2026-08-09T21:53:16.633402+00:00,1786312396.633,1261.57,29.06,9.3023,1.72,0.000,330.1,222.0
2026-08-09T21:53:16.831165+00:00,1786312396.831,1261.77,29.14,9.3023,1.72,0.000,330.8,222.0
2026-08-09T21:53:17.035824+00:00,1786312397.036,1261.98,29.18,9.3067,1.70,0.000,331.4,222.0
2026-08-09T21:53:17.236166+00:00,1786312397.236,1262.18,29.21,9.3067,1.69,0.000,332.0,222.0
2026-08-09T21:53:17.431808+00:00,1786312397.432,1262.37,29.21,9.3111,1.67,0.000,332.5,222.0
2026-08-09T21:53:17.630107+00:00,1786312397.630,1262.57,29.23,9.3111,1.68,0.000,333.0,222.0
2026-08-09T21:53:17.828911+00:00,1786312397.829,1262.77,29.16,9.3111,1.73,0.000,333.6,222.0
2026-08-09T21:53:18.025931+00:00,1786312398.026,1262.97,29.16,9.3155,1.77,0.000,334.5,222.0
2026-08-09T21:53:18.223752+00:00,1786312398.224,1263.17,29.05,9.3155,1.81,0.000,335.3,222.0
2026-08-09T21:53:18.422400+00:00,1786312398.422,1263.36,29.14,9.3198,1.81,0.000,336.1,222.0
2026-08-09T21:53:18.619892+00:00,1786312398.620,1263.56,29.17,9.3198,1.80,0.000,335.5,222.0
2026-08-09T21:53:18.820716+00:00,1786312398.821,1263.76,29.17,9.3198,1.79,0.000,336.1,222.0
2026-08-09T21:53:19.018622+00:00,1786312399.019,1263.96,29.22,9.3242,1.77,0.000,336.5,222.0
2026-08-09T21:53:19.216977+00:00,1786312399.217,1264.16,29.17,9.3242,1.75,0.000,336.9,222.0
2026-08-09T21:53:19.414745+00:00,1786312399.415,1264.36,29.14,9.3286,1.74,0.000,337.1,222.0
2026-08-09T21:53:19.615123+00:00,1786312399.615,1264.56,29.14,9.3286,1.74,0.000,337.4,222.0
2026-08-09T21:53:19.819453+00:00,1786312399.819,1264.76,29.34,9.3286,1.73,0.000,338.2,222.0
2026-08-09T21:53:20.020110+00:00,1786312400.020,1264.96,29.15,9.3308,1.73,0.000,338.9,222.0
2026-08-09T21:53:20.214741+00:00,1786312400.215,1265.16,29.08,9.3308,1.72,0.000,339.6,222.0
2026-08-09T21:53:20.414019+00:00,1786312400.414,1265.36,29.08,9.3352,1.72,0.000,340.2,222.0
2026-08-09T21:53:20.620027+00:00,1786312400.620,1265.56,29.03,9.3352,1.70,0.000,340.5,222.0
2026-08-09T21:53:20.819414+00:00,1786312400.819,1265.76,29.07,9.3352,1.68,0.000,340.6,222.0
2026-08-09T21:53:21.018117+00:00,1786312401.018,1265.96,29.07,9.3396,1.67,0.000,340.5,222.0
2026-08-09T21:53:21.214053+00:00,1786312401.214,1266.16,28.90,9.3396,1.66,0.000,340.1,222.0
2026-08-09T21:53:21.410067+00:00,1786312401.410,1266.35,29.12,9.3440,1.67,0.000,339.9,222.0
2026-08-09T21:53:21.614261+00:00,1786312401.614,1266.56,29.12,9.3440,1.68,0.000,339.8,222.0
2026-08-09T21:53:21.810375+00:00,1786312401.810,1266.75,29.12,9.3440,1.69,0.000,339.6,222.0
2026-08-09T21:53:22.015498+00:00,1786312402.015,1266.96,29.12,9.3484,1.71,0.000,339.6,222.0
2026-08-09T21:53:22.216752+00:00,1786312402.217,1267.16,29.12,9.3484,1.71,0.000,339.6,222.0
2026-08-09T21:53:22.417308+00:00,1786312402.417,1267.36,29.08,9.3528,1.71,0.000,339.7,222.0
2026-08-09T21:53:22.612524+00:00,1786312402.613,1267.55,29.08,9.3528,1.70,0.000,339.7,222.0
2026-08-09T21:53:22.808562+00:00,1786312402.809,1267.75,29.25,9.3528,1.70,0.000,339.6,222.0
2026-08-09T21:53:23.012520+00:00,1786312403.013,1267.95,28.94,9.3550,1.71,0.000,339.1,222.0
2026-08-09T21:53:23.210972+00:00,1786312403.211,1268.15,28.89,9.3550,1.73,0.000,338.6,222.0
2026-08-09T21:53:23.407849+00:00,1786312403.408,1268.35,28.89,9.3594,1.75,0.000,338.1,222.0
2026-08-09T21:53:23.603558+00:00,1786312403.604,1268.54,28.80,9.3594,1.78,0.000,337.8,222.0
2026-08-09T21:53:23.804597+00:00,1786312403.805,1268.75,28.71,9.3594,1.82,-0.056,336.1,222.0
2026-08-09T21:53:24.009430+00:00,1786312404.009,1268.95,28.71,9.3638,1.86,-0.057,334.5,222.0
2026-08-09T21:53:24.206858+00:00,1786312404.207,1269.15,28.62,9.3638,1.89,-0.069,332.9,222.0
2026-08-09T21:53:24.410675+00:00,1786312404.411,1269.35,28.54,9.3682,1.91,-0.076,331.2,222.0
2026-08-09T21:53:24.606388+00:00,1786312404.606,1269.55,28.53,9.3682,1.93,-0.077,329.5,222.0
2026-08-09T21:53:24.808324+00:00,1786312404.808,1269.75,28.53,9.3682,1.95,-0.101,327.2,222.0
2026-08-09T21:53:25.010669+00:00,1786312405.011,1269.95,28.51,9.3726,1.97,-0.060,326.2,222.0
2026-08-09T21:53:25.205673+00:00,1786312405.206,1270.15,28.52,9.3726,1.99,-0.050,325.6,222.0
2026-08-09T21:53:25.406958+00:00,1786312405.407,1270.35,28.52,9.3748,2.01,-0.050,325.1,222.0
2026-08-09T21:53:25.605538+00:00,1786312405.606,1270.55,28.51,9.3748,2.03,0.000,326.2,222.0
2026-08-09T21:53:25.801404+00:00,1786312405.801,1270.74,28.55,9.3748,2.05,0.000,327.5,222.0
2026-08-09T21:53:25.997991+00:00,1786312405.998,1270.94,28.59,9.3792,2.05,0.000,328.8,233.1
2026-08-09T21:53:26.194431+00:00,1786312406.194,1271.14,28.59,9.3792,2.05,0.000,330.3,233.1
2026-08-09T21:53:26.397686+00:00,1786312406.398,1271.34,28.59,9.3836,2.05,0.000,331.6,233.1
2026-08-09T21:53:26.594845+00:00,1786312406.595,1271.54,28.60,9.3836,2.05,0.000,332.9,233.1
2026-08-09T21:53:26.792225+00:00,1786312406.792,1271.73,28.60,9.3836,2.06,0.000,334.1,233.1
2026-08-09T21:53:26.986977+00:00,1786312406.987,1271.93,28.59,9.3880,2.07,0.000,335.3,233.1
2026-08-09T21:53:27.187164+00:00,1786312407.187,1272.13,28.64,9.3880,2.08,0.000,336.6,233.1
2026-08-09T21:53:27.387468+00:00,1786312407.387,1272.33,28.63,9.3924,2.09,0.000,337.9,233.1
2026-08-09T21:53:27.590742+00:00,1786312407.591,1272.53,28.63,9.3924,2.11,0.000,339.3,233.1
2026-08-09T21:53:27.787964+00:00,1786312407.788,1272.73,28.60,9.3924,2.13,0.000,340.7,233.1
2026-08-09T21:53:27.988392+00:00,1786312407.988,1272.93,28.54,9.3946,2.14,0.000,342.3,233.1
2026-08-09T21:53:28.188086+00:00,1786312408.188,1273.13,28.54,9.3946,2.15,0.000,343.9,233.1
2026-08-09T21:53:28.386218+00:00,1786312408.386,1273.33,28.42,9.3990,2.17,0.000,345.4,233.1
2026-08-09T21:53:28.592646+00:00,1786312408.593,1273.53,28.46,9.3990,2.18,0.000,346.9,233.1
2026-08-09T21:53:28.793413+00:00,1786312408.793,1273.73,28.33,9.3990,2.21,0.000,349.8,233.1
2026-08-09T21:53:28.995226+00:00,1786312408.995,1273.94,28.33,9.4034,2.24,0.000,352.7,233.1
2026-08-09T21:53:29.193134+00:00,1786312409.193,1274.13,28.22,9.4034,2.27,-0.058,354.4,233.1
2026-08-09T21:53:29.398331+00:00,1786312409.398,1274.34,28.09,9.4078,2.28,-0.074,355.8,233.1
2026-08-09T21:53:29.592964+00:00,1786312409.593,1274.53,28.09,9.4078,2.30,-0.074,357.1,233.1
2026-08-09T21:53:29.790585+00:00,1786312409.791,1274.73,27.99,9.4078,2.29,-0.084,358.7,233.1
2026-08-09T21:53:29.995240+00:00,1786312409.995,1274.94,27.96,9.4100,2.29,-0.080,359.1,233.1
2026-08-09T21:53:30.192456+00:00,1786312410.192,1275.13,27.96,9.4100,2.28,-0.081,359.2,233.1
2026-08-09T21:53:30.388924+00:00,1786312410.389,1275.33,27.69,9.4144,2.27,-0.102,358.4,233.1
2026-08-09T21:53:30.595765+00:00,1786312410.596,1275.54,27.64,9.4144,2.24,-0.114,355.7,233.1
2026-08-09T21:53:30.800183+00:00,1786312410.800,1275.74,27.54,9.4144,2.21,-0.110,352.8,233.1
2026-08-09T21:53:30.996799+00:00,1786312410.997,1275.94,27.54,9.4188,2.19,-0.110,349.7,233.1
2026-08-09T21:53:31.194462+00:00,1786312411.194,1276.14,27.49,9.4188,2.16,-0.102,346.7,233.1
2026-08-09T21:53:31.396297+00:00,1786312411.396,1276.34,27.40,9.4232,2.13,-0.096,343.7,233.1
2026-08-09T21:53:31.600685+00:00,1786312411.601,1276.54,27.40,9.4232,2.10,-0.096,340.5,233.1
2026-08-09T21:53:31.799300+00:00,1786312411.799,1276.74,27.31,9.4232,2.07,-0.094,337.1,233.1
2026-08-09T21:53:31.999113+00:00,1786312411.999,1276.94,27.32,9.4254,2.03,-0.089,333.7,233.1
2026-08-09T21:53:32.199927+00:00,1786312412.200,1277.14,27.32,9.4254,2.00,-0.089,330.1,233.1
2026-08-09T21:53:32.397585+00:00,1786312412.398,1277.34,27.20,9.4298,1.98,-0.068,326.8,233.1
2026-08-09T21:53:32.594772+00:00,1786312412.595,1277.54,27.15,9.4298,1.97,-0.068,323.3,222.0
2026-08-09T21:53:32.797779+00:00,1786312412.798,1277.74,27.15,9.4298,1.97,-0.054,320.2,222.0
2026-08-09T21:53:32.996888+00:00,1786312412.997,1277.94,27.01,9.4342,1.97,-0.074,316.4,222.0
2026-08-09T21:53:33.199748+00:00,1786312413.200,1278.14,27.00,9.4342,1.96,-0.067,312.7,222.0
2026-08-09T21:53:33.399921+00:00,1786312413.400,1278.34,27.00,9.4364,1.95,-0.055,309.3,222.0
2026-08-09T21:53:33.606579+00:00,1786312413.607,1278.55,26.81,9.4364,1.95,-0.082,305.0,222.0
2026-08-09T21:53:33.806855+00:00,1786312413.807,1278.75,26.88,9.4364,1.95,-0.060,301.2,222.0
2026-08-09T21:53:34.007242+00:00,1786312414.007,1278.95,26.81,9.4408,1.94,-0.070,297.0,222.0
2026-08-09T21:53:34.210567+00:00,1786312414.211,1279.15,26.81,9.4408,1.95,-0.070,294.3,222.0
2026-08-09T21:53:34.408305+00:00,1786312414.408,1279.35,26.76,9.4452,1.96,-0.060,292.3,222.0
2026-08-09T21:53:34.603213+00:00,1786312414.603,1279.54,26.80,9.4452,1.97,0.000,291.8,222.0
2026-08-09T21:53:34.808203+00:00,1786312414.808,1279.75,26.80,9.4452,1.99,0.000,291.8,222.0
2026-08-09T21:53:35.003781+00:00,1786312415.004,1279.95,26.66,9.4474,2.01,0.000,291.7,222.0
2026-08-09T21:53:35.201735+00:00,1786312415.202,1280.14,26.77,9.4474,2.02,0.000,291.7,222.0
2026-08-09T21:53:35.408971+00:00,1786312415.409,1280.35,26.77,9.4518,2.03,0.000,292.5,233.1
2026-08-09T21:53:35.610482+00:00,1786312415.610,1280.55,26.66,9.4518,2.03,0.000,293.8,233.1
2026-08-09T21:53:35.807440+00:00,1786312415.807,1280.75,26.66,9.4518,2.04,0.000,295.2,233.1
2026-08-09T21:53:36.013493+00:00,1786312416.013,1280.95,26.66,9.4562,2.05,0.000,296.7,233.1
2026-08-09T21:53:36.211011+00:00,1786312416.211,1281.15,26.60,9.4562,2.07,0.000,298.2,233.1
2026-08-09T21:53:36.409742+00:00,1786312416.410,1281.35,26.56,9.4606,2.09,0.000,299.8,233.1
2026-08-09T21:53:36.605328+00:00,1786312416.605,1281.55,26.56,9.4606,2.12,0.000,301.6,233.1
2026-08-09T21:53:36.802911+00:00,1786312416.803,1281.74,26.46,9.4606,2.14,0.000,303.6,233.1
2026-08-09T21:53:37.003110+00:00,1786312417.003,1281.94,26.40,9.4628,2.17,0.000,305.7,233.1
2026-08-09T21:53:37.206099+00:00,1786312417.206,1282.15,26.40,9.4628,2.19,-0.051,306.8,233.1
2026-08-09T21:53:37.410660+00:00,1786312417.411,1282.35,26.26,9.4672,2.19,-0.071,306.9,233.1
2026-08-09T21:53:37.605843+00:00,1786312417.606,1282.55,26.26,9.4672,2.19,-0.055,307.5,233.1
2026-08-09T21:53:37.810397+00:00,1786312417.810,1282.75,25.99,9.4672,2.18,-0.092,306.7,233.1
2026-08-09T21:53:38.014428+00:00,1786312418.014,1282.96,25.94,9.4694,2.16,-0.099,306.1,233.1
2026-08-09T21:53:38.215984+00:00,1786312418.216,1283.16,25.94,9.4694,2.14,-0.091,305.6,233.1
2026-08-09T21:53:38.417571+00:00,1786312418.418,1283.36,25.70,9.4738,2.12,-0.118,303.8,233.1
2026-08-09T21:53:38.612059+00:00,1786312418.612,1283.55,25.78,9.4738,2.10,-0.108,303.2,233.1
2026-08-09T21:53:38.814117+00:00,1786312418.814,1283.76,25.78,9.4738,2.09,-0.095,302.1,233.1
2026-08-09T21:53:39.011261+00:00,1786312419.011,1283.95,25.62,9.4782,2.07,-0.108,300.9,233.1
2026-08-09T21:53:39.217157+00:00,1786312419.217,1284.16,25.51,9.4782,2.05,-0.123,299.3,233.1
2026-08-09T21:53:39.421151+00:00,1786312419.421,1284.36,25.51,9.4804,2.04,-0.103,297.7,233.1
2026-08-09T21:53:39.625414+00:00,1786312419.625,1284.57,25.60,9.4804,2.03,-0.091,294.9,233.1
2026-08-09T21:53:39.828734+00:00,1786312419.829,1284.77,25.48,9.4804,2.02,-0.070,292.4,233.1
2026-08-09T21:53:40.031694+00:00,1786312420.032,1284.97,25.48,9.4848,2.02,-0.064,290.1,233.1
2026-08-09T21:53:40.228860+00:00,1786312420.229,1285.17,25.56,9.4848,2.01,-0.053,287.9,233.1
2026-08-09T21:53:40.432930+00:00,1786312420.433,1285.37,25.41,9.4892,2.02,0.000,286.9,233.1
2026-08-09T21:53:40.630860+00:00,1786312420.631,1285.57,25.41,9.4892,2.05,-0.051,284.8,233.1
2026-08-09T21:53:40.832717+00:00,1786312420.833,1285.77,25.38,9.4892,2.07,-0.054,282.8,233.1
2026-08-09T21:53:41.032534+00:00,1786312421.033,1285.97,25.39,9.4914,2.12,0.000,282.1,233.1
2026-08-09T21:53:41.234012+00:00,1786312421.234,1286.18,25.39,9.4914,2.17,0.000,281.6,233.1
2026-08-09T21:53:41.430984+00:00,1786312421.431,1286.37,25.31,9.4958,2.22,0.000,281.1,233.1
2026-08-09T21:53:41.633139+00:00,1786312421.633,1286.57,25.31,9.4958,2.25,0.000,280.7,233.1
2026-08-09T21:53:41.830466+00:00,1786312421.830,1286.77,25.25,9.4958,2.28,0.000,280.4,233.1
2026-08-09T21:53:42.028481+00:00,1786312422.028,1286.97,25.20,9.4980,2.29,0.000,280.0,233.1
2026-08-09T21:53:42.230116+00:00,1786312422.230,1287.17,25.20,9.4980,2.30,-0.050,279.6,233.1
2026-08-09T21:53:42.426687+00:00,1786312422.427,1287.37,25.14,9.5024,2.30,0.000,280.9,233.1
2026-08-09T21:53:42.630764+00:00,1786312422.631,1287.57,25.07,9.5024,2.30,0.000,281.7,233.1
2026-08-09T21:53:42.827814+00:00,1786312422.828,1287.77,25.07,9.5024,2.30,0.000,283.7,233.1
2026-08-09T21:53:43.034067+00:00,1786312423.034,1287.98,24.99,9.5046,2.31,-0.056,284.7,233.1
2026-08-09T21:53:43.237483+00:00,1786312423.237,1288.18,24.99,9.5046,2.33,-0.056,285.6,233.1
2026-08-09T21:53:43.435498+00:00,1786312423.435,1288.38,24.89,9.5090,2.35,-0.059,287.3,233.1
2026-08-09T21:53:43.639798+00:00,1786312423.640,1288.58,24.92,9.5090,2.36,-0.053,289.0,233.1
2026-08-09T21:53:43.843765+00:00,1786312423.844,1288.79,24.92,9.5090,2.36,0.000,291.8,233.1
2026-08-09T21:53:44.042393+00:00,1786312424.042,1288.98,24.89,9.5134,2.35,0.000,294.9,233.1
2026-08-09T21:53:44.241921+00:00,1786312424.242,1289.18,24.86,9.5134,2.34,0.000,298.4,233.1
2026-08-09T21:53:44.442979+00:00,1786312424.443,1289.38,24.86,9.5156,2.32,0.000,301.4,233.1
2026-08-09T21:53:44.640449+00:00,1786312424.640,1289.58,24.84,9.5156,2.32,0.000,304.1,233.1
2026-08-09T21:53:44.837219+00:00,1786312424.837,1289.78,24.84,9.5156,2.32,0.000,306.5,233.1
2026-08-09T21:53:45.043148+00:00,1786312425.043,1289.98,24.72,9.5200,2.34,0.000,308.7,233.1
2026-08-09T21:53:45.242929+00:00,1786312425.243,1290.18,24.77,9.5200,2.37,0.000,310.7,233.1
2026-08-09T21:53:45.439145+00:00,1786312425.439,1290.38,24.77,9.5222,2.40,0.000,311.8,233.1
2026-08-09T21:53:45.636822+00:00,1786312425.637,1290.58,24.54,9.5222,2.44,-0.054,312.6,233.1
2026-08-09T21:53:45.843452+00:00,1786312425.843,1290.78,24.30,9.5222,2.47,-0.087,312.6,233.1
2026-08-09T21:53:46.044007+00:00,1786312426.044,1290.99,24.30,9.5266,2.49,-0.083,311.3,233.1
2026-08-09T21:53:46.245445+00:00,1786312426.245,1291.19,24.02,9.5266,2.49,-0.117,309.0,233.1
2026-08-09T21:53:46.442379+00:00,1786312426.442,1291.38,24.02,9.5288,2.49,-0.117,306.5,233.1
2026-08-09T21:53:46.649323+00:00,1786312426.649,1291.59,23.69,9.5288,2.49,-0.160,302.7,233.1
2026-08-09T21:53:46.850013+00:00,1786312426.850,1291.79,23.69,9.5288,2.46,-0.159,298.7,233.1
2026-08-09T21:53:47.047582+00:00,1786312427.048,1291.99,23.37,9.5332,2.44,-0.186,293.9,233.1
2026-08-09T21:53:47.250908+00:00,1786312427.251,1292.19,22.89,9.5332,2.41,-0.261,288.3,233.1
2026-08-09T21:53:47.453591+00:00,1786312427.454,1292.39,22.89,9.5354,2.37,-0.260,281.4,233.1
2026-08-09T21:53:47.651309+00:00,1786312427.651,1292.59,22.43,9.5354,2.32,-0.290,273.6,233.1
2026-08-09T21:53:47.856502+00:00,1786312427.856,1292.80,22.43,9.5354,2.24,-0.257,266.2,233.1
2026-08-09T21:53:48.057523+00:00,1786312428.058,1293.00,22.03,9.5376,2.13,-0.312,258.4,233.1
2026-08-09T21:53:48.260773+00:00,1786312428.261,1293.20,22.03,9.5376,1.99,-0.274,250.8,233.1
2026-08-09T21:53:48.457579+00:00,1786312428.458,1293.40,21.63,9.5420,1.80,-0.329,241.4,222.0
2026-08-09T21:53:48.655230+00:00,1786312428.655,1293.60,21.63,9.5420,1.60,-0.285,232.0,222.0
2026-08-09T21:53:48.857665+00:00,1786312428.858,1293.80,21.18,9.5420,1.40,-0.347,219.4,222.0
2026-08-09T21:53:49.060491+00:00,1786312429.060,1294.00,21.18,9.5442,1.19,-0.303,207.0,222.0
2026-08-09T21:53:49.260095+00:00,1786312429.260,1294.20,20.94,9.5442,1.00,-0.270,194.7,222.0
2026-08-09T21:53:49.463448+00:00,1786312429.463,1294.40,20.94,9.5464,0.81,-0.269,181.8,222.0
2026-08-09T21:53:49.663733+00:00,1786312429.664,1294.61,20.59,9.5464,0.66,-0.254,168.7,222.0
2026-08-09T21:53:49.867173+00:00,1786312429.867,1294.81,20.59,9.5464,0.58,-0.254,155.4,222.0
2026-08-09T21:53:50.063237+00:00,1786312430.063,1295.00,20.21,9.5486,0.54,-0.252,141.9,222.0
2026-08-09T21:53:50.261383+00:00,1786312430.261,1295.20,20.21,9.5486,0.55,-0.252,128.3,222.0
2026-08-09T21:53:50.465562+00:00,1786312430.466,1295.41,19.95,9.5530,0.61,-0.233,115.1,222.0
2026-08-09T21:53:50.669961+00:00,1786312430.670,1295.61,19.95,9.5530,0.72,-0.232,103.5,222.0
2026-08-09T21:53:50.866656+00:00,1786312430.867,1295.81,19.77,9.5530,0.90,-0.194,93.9,222.0
2026-08-09T21:53:51.067878+00:00,1786312431.068,1296.01,19.77,9.5552,1.16,-0.194,85.0,222.0
2026-08-09T21:53:51.263832+00:00,1786312431.264,1296.21,19.71,9.5552,1.46,-0.170,78.3,222.0
2026-08-09T21:53:51.462234+00:00,1786312431.462,1296.40,19.71,9.5574,1.84,-0.171,72.8,222.0
2026-08-09T21:53:51.661282+00:00,1786312431.661,1296.60,19.48,9.5574,2.28,-0.154,70.0,222.0
2026-08-09T21:53:51.865118+00:00,1786312431.865,1296.81,19.48,9.5574,2.77,-0.154,68.8,222.0
2026-08-09T21:53:52.063480+00:00,1786312432.063,1297.00,19.49,9.5596,3.30,-0.101,70.9,233.1
2026-08-09T21:53:52.267413+00:00,1786312432.267,1297.21,19.49,9.5596,3.87,-0.101,76.8,233.1
2026-08-09T21:53:52.471858+00:00,1786312432.472,1297.41,19.65,9.5640,4.47,0.000,86.6,233.1
2026-08-09T21:53:52.674104+00:00,1786312432.674,1297.62,19.65,9.5640,5.07,0.000,99.2,233.1
2026-08-09T21:53:52.869887+00:00,1786312432.870,1297.81,19.72,9.5640,5.67,0.000,113.3,233.1
2026-08-09T21:53:53.076055+00:00,1786312433.076,1298.02,19.72,9.5661,6.28,0.000,130.9,244.2
2026-08-09T21:53:53.271554+00:00,1786312433.272,1298.21,19.77,9.5661,6.88,0.000,150.2,244.2
2026-08-09T21:53:53.468695+00:00,1786312433.469,1298.41,19.77,9.5683,7.42,0.000,173.0,244.2
2026-08-09T21:53:53.665494+00:00,1786312433.665,1298.61,19.89,9.5683,7.90,0.056,198.2,244.2
2026-08-09T21:53:53.870856+00:00,1786312433.871,1298.81,19.89,9.5683,8.34,0.056,226.9,244.2
2026-08-09T21:53:54.067879+00:00,1786312434.068,1299.01,20.17,9.5705,8.71,0.095,257.6,244.2
2026-08-09T21:53:54.272406+00:00,1786312434.272,1299.21,20.17,9.5705,8.99,0.095,289.3,244.2
2026-08-09T21:53:54.467429+00:00,1786312434.467,1299.41,20.37,9.5749,9.19,0.101,322.7,244.2
2026-08-09T21:53:54.674128+00:00,1786312434.674,1299.62,20.37,9.5749,9.32,0.101,356.7,244.2
2026-08-09T21:53:54.873054+00:00,1786312434.873,1299.81,20.60,9.5749,9.37,0.121,392.0,244.2
2026-08-09T21:53:55.076591+00:00,1786312435.077,1300.02,20.91,9.5771,9.36,0.164,428.7,244.2
2026-08-09T21:53:55.282996+00:00,1786312435.283,1300.22,20.91,9.5771,9.29,0.157,465.0,244.2
2026-08-09T21:53:55.480882+00:00,1786312435.481,1300.42,21.27,9.5815,9.15,0.207,502.1,244.2
2026-08-09T21:53:55.679451+00:00,1786312435.679,1300.62,21.27,9.5815,8.97,0.191,537.9,244.2
2026-08-09T21:53:55.876323+00:00,1786312435.876,1300.82,21.57,9.5815,8.73,0.233,573.0,244.2
2026-08-09T21:53:56.078392+00:00,1786312436.078,1301.02,21.57,9.5837,8.42,0.193,605.6,244.2
2026-08-09T21:53:56.274562+00:00,1786312436.275,1301.22,21.76,9.5837,8.08,0.220,636.5,244.2
2026-08-09T21:53:56.480665+00:00,1786312436.481,1301.42,21.76,9.5859,7.75,0.191,664.6,244.2
2026-08-09T21:53:56.676206+00:00,1786312436.676,1301.62,21.92,9.5859,7.41,0.215,690.7,244.2
2026-08-09T21:53:56.876394+00:00,1786312436.876,1301.82,22.13,9.5859,7.05,0.212,714.4,244.2
2026-08-09T21:53:57.081582+00:00,1786312437.082,1302.02,22.13,9.5903,6.72,0.169,733.5,244.2
2026-08-09T21:53:57.288223+00:00,1786312437.288,1302.23,22.19,9.5903,6.40,0.178,750.1,244.2
2026-08-09T21:53:57.492993+00:00,1786312437.493,1302.43,22.19,9.5925,6.12,0.127,760.8,244.2
2026-08-09T21:53:57.699490+00:00,1786312437.699,1302.64,22.21,9.5925,5.87,0.129,769.0,244.2
2026-08-09T21:53:57.894917+00:00,1786312437.895,1302.84,22.21,9.5925,5.62,0.087,773.5,244.2
2026-08-09T21:53:58.099276+00:00,1786312438.099,1303.04,22.15,9.5969,5.41,0.080,775.2,244.2
2026-08-09T21:53:58.296052+00:00,1786312438.296,1303.24,22.27,9.5969,5.21,0.070,774.3,244.2
2026-08-09T21:53:58.500971+00:00,1786312438.501,1303.44,22.27,9.5991,5.04,0.070,771.1,244.2
2026-08-09T21:53:58.703848+00:00,1786312438.704,1303.65,22.30,9.5991,4.86,0.052,764.3,244.2
2026-08-09T21:53:58.901342+00:00,1786312438.901,1303.84,22.30,9.5991,4.69,0.000,754.5,244.2
2026-08-09T21:53:59.105319+00:00,1786312439.105,1304.05,22.23,9.6013,4.56,0.000,741.8,233.1
2026-08-09T21:53:59.309986+00:00,1786312439.310,1304.25,22.23,9.6013,4.42,0.000,727.8,233.1
2026-08-09T21:53:59.511852+00:00,1786312439.512,1304.45,22.27,9.6057,4.30,0.000,712.3,233.1
2026-08-09T21:53:59.716764+00:00,1786312439.717,1304.66,22.38,9.6057,4.20,0.000,696.2,233.1
2026-08-09T21:53:59.921004+00:00,1786312439.921,1304.86,22.38,9.6057,4.12,0.000,678.8,233.1
2026-08-09T21:54:00.123891+00:00,1786312440.124,1305.07,22.47,9.6079,4.05,0.000,659.9,233.1
2026-08-09T21:54:00.327174+00:00,1786312440.327,1305.27,22.47,9.6079,4.01,0.000,641.2,233.1
2026-08-09T21:54:00.528025+00:00,1786312440.528,1305.47,22.40,9.6123,3.96,0.000,621.1,233.1
2026-08-09T21:54:00.733789+00:00,1786312440.734,1305.68,22.49,9.6123,3.92,0.000,601.8,233.1
2026-08-09T21:54:00.938920+00:00,1786312440.939,1305.88,22.49,9.6123,3.90,0.000,581.9,233.1
2026-08-09T21:54:01.138939+00:00,1786312441.139,1306.08,22.61,9.6145,3.88,0.051,564.9,233.1
2026-08-09T21:54:01.345220+00:00,1786312441.345,1306.29,22.61,9.6145,3.86,0.051,548.1,233.1
2026-08-09T21:54:01.546735+00:00,1786312441.547,1306.49,22.62,9.6189,3.84,0.000,531.8,233.1
2026-08-09T21:54:01.744501+00:00,1786312441.744,1306.69,22.62,9.6189,3.83,0.000,516.0,233.1
2026-08-09T21:54:01.949337+00:00,1786312441.949,1306.89,22.55,9.6189,3.83,0.000,501.0,233.1
2026-08-09T21:54:02.147329+00:00,1786312442.147,1307.09,22.58,9.6211,3.84,0.000,488.0,233.1
2026-08-09T21:54:02.348944+00:00,1786312442.349,1307.29,22.58,9.6211,3.84,0.000,475.9,233.1
2026-08-09T21:54:02.555060+00:00,1786312442.555,1307.50,22.56,9.6233,3.83,0.000,465.8,233.1
2026-08-09T21:54:02.757272+00:00,1786312442.757,1307.70,22.56,9.6233,3.80,0.000,456.3,233.1
2026-08-09T21:54:02.956705+00:00,1786312442.957,1307.90,22.54,9.6233,3.77,0.000,448.5,233.1
2026-08-09T21:54:03.159918+00:00,1786312443.160,1308.10,22.54,9.6277,3.74,0.000,441.4,233.1
2026-08-09T21:54:03.361083+00:00,1786312443.361,1308.30,22.47,9.6277,3.73,0.000,435.0,233.1
2026-08-09T21:54:03.560037+00:00,1786312443.560,1308.50,22.46,9.6299,3.72,0.000,429.2,233.1
2026-08-09T21:54:03.761452+00:00,1786312443.761,1308.70,22.46,9.6299,3.71,0.000,424.3,233.1
2026-08-09T21:54:03.960769+00:00,1786312443.961,1308.90,22.45,9.6299,3.70,0.000,421.0,233.1
2026-08-09T21:54:04.162309+00:00,1786312444.162,1309.10,22.45,9.6343,3.66,0.000,418.1,233.1
2026-08-09T21:54:04.361156+00:00,1786312444.361,1309.30,22.39,9.6343,3.61,0.000,415.4,233.1
2026-08-09T21:54:04.561905+00:00,1786312444.562,1309.50,22.39,9.6365,3.56,0.000,413.0,233.1
2026-08-09T21:54:04.763415+00:00,1786312444.763,1309.70,22.36,9.6365,3.53,0.000,410.6,233.1
2026-08-09T21:54:04.966177+00:00,1786312444.966,1309.91,22.36,9.6365,3.49,0.000,408.4,233.1
2026-08-09T21:54:05.164374+00:00,1786312445.164,1310.11,22.36,9.6409,3.44,0.000,406.2,233.1
2026-08-09T21:54:05.362715+00:00,1786312445.363,1310.30,22.35,9.6409,3.40,0.000,404.0,233.1
2026-08-09T21:54:05.560487+00:00,1786312445.560,1310.50,22.35,9.6431,3.36,0.000,401.9,233.1
2026-08-09T21:54:05.761029+00:00,1786312445.761,1310.70,22.33,9.6431,3.35,0.000,399.7,233.1
2026-08-09T21:54:05.962175+00:00,1786312445.962,1310.90,22.33,9.6431,3.34,0.000,397.7,233.1
2026-08-09T21:54:06.162391+00:00,1786312446.162,1311.10,22.26,9.6453,3.34,0.000,394.4,233.1
2026-08-09T21:54:06.359549+00:00,1786312446.360,1311.30,22.26,9.6453,3.32,0.000,391.2,233.1
2026-08-09T21:54:06.554559+00:00,1786312446.555,1311.50,22.29,9.6497,3.32,0.000,389.0,233.1
2026-08-09T21:54:06.753622+00:00,1786312446.754,1311.70,22.23,9.6497,3.33,0.000,386.9,233.1
2026-08-09T21:54:06.953832+00:00,1786312446.954,1311.90,22.23,9.6497,3.34,0.000,384.9,233.1
2026-08-09T21:54:07.151507+00:00,1786312447.151,1312.09,22.24,9.6519,3.39,0.000,383.1,233.1
2026-08-09T21:54:07.352098+00:00,1786312447.352,1312.29,22.24,9.6519,3.44,0.000,381.4,233.1
2026-08-09T21:54:07.549712+00:00,1786312447.550,1312.49,22.20,9.6563,3.48,0.000,379.8,233.1
2026-08-09T21:54:07.753331+00:00,1786312447.753,1312.69,22.20,9.6563,3.50,0.000,378.4,233.1
2026-08-09T21:54:07.951212+00:00,1786312447.951,1312.89,22.29,9.6563,3.52,0.000,377.3,233.1
2026-08-09T21:54:08.151915+00:00,1786312448.152,1313.09,22.29,9.6585,3.54,0.000,376.4,233.1
2026-08-09T21:54:08.351703+00:00,1786312448.352,1313.29,22.36,9.6585,3.56,0.000,375.7,233.1
2026-08-09T21:54:08.549484+00:00,1786312448.549,1313.49,22.51,9.6607,3.57,0.000,375.2,233.1
2026-08-09T21:54:08.748441+00:00,1786312448.748,1313.69,22.51,9.6607,3.59,0.000,374.9,233.1
2026-08-09T21:54:08.946566+00:00,1786312448.947,1313.89,22.64,9.6607,3.61,0.057,375.9,233.1
2026-08-09T21:54:09.147130+00:00,1786312449.147,1314.09,22.64,9.6651,3.62,0.057,377.2,233.1
2026-08-09T21:54:09.344911+00:00,1786312449.345,1314.29,22.71,9.6651,3.65,0.066,379.0,233.1
2026-08-09T21:54:09.546741+00:00,1786312449.547,1314.49,22.77,9.6673,3.68,0.079,381.5,233.1
2026-08-09T21:54:09.751504+00:00,1786312449.751,1314.69,22.77,9.6673,3.70,0.079,384.1,233.1
2026-08-09T21:54:09.949857+00:00,1786312449.950,1314.89,22.79,9.6673,3.72,0.069,386.8,233.1
2026-08-09T21:54:10.154181+00:00,1786312450.154,1315.10,22.79,9.6717,3.73,0.069,389.6,233.1
2026-08-09T21:54:10.352173+00:00,1786312450.352,1315.29,22.83,9.6717,3.73,0.065,392.5,233.1
2026-08-09T21:54:10.546906+00:00,1786312450.547,1315.49,22.83,9.6739,3.74,0.000,394.3,233.1
2026-08-09T21:54:10.749117+00:00,1786312450.749,1315.69,22.74,9.6739,3.75,0.000,396.0,233.1
2026-08-09T21:54:10.950091+00:00,1786312450.950,1315.89,22.70,9.6739,3.74,0.000,397.8,233.1
2026-08-09T21:54:11.147823+00:00,1786312451.148,1316.09,22.70,9.6783,3.74,0.000,399.5,233.1
2026-08-09T21:54:11.354291+00:00,1786312451.354,1316.30,22.68,9.6783,3.74,0.000,401.4,233.1
2026-08-09T21:54:11.561110+00:00,1786312451.561,1316.50,22.68,9.6805,3.73,0.000,403.2,233.1
2026-08-09T21:54:11.761987+00:00,1786312451.762,1316.70,22.66,9.6805,3.72,0.000,404.9,233.1
2026-08-09T21:54:11.962446+00:00,1786312451.962,1316.90,22.66,9.6805,3.70,0.000,406.5,233.1
2026-08-09T21:54:12.160380+00:00,1786312452.160,1317.10,22.60,9.6827,3.67,0.000,407.8,233.1
2026-08-09T21:54:12.362499+00:00,1786312452.362,1317.30,22.63,9.6827,3.62,0.000,408.8,233.1
2026-08-09T21:54:12.564627+00:00,1786312452.565,1317.51,22.63,9.6871,3.58,0.000,409.5,233.1
2026-08-09T21:54:12.763835+00:00,1786312452.764,1317.71,22.63,9.6871,3.54,0.000,410.0,233.1
2026-08-09T21:54:12.961753+00:00,1786312452.962,1317.90,22.63,9.6871,3.50,0.000,410.3,233.1
2026-08-09T21:54:13.158315+00:00,1786312453.158,1318.10,22.62,9.6893,3.47,0.000,410.3,233.1
2026-08-09T21:54:13.357355+00:00,1786312453.357,1318.30,22.62,9.6893,3.47,0.000,410.2,233.1
2026-08-09T21:54:13.558355+00:00,1786312453.558,1318.50,22.62,9.6937,3.48,0.000,410.0,233.1
2026-08-09T21:54:13.755232+00:00,1786312453.755,1318.70,22.60,9.6937,3.49,0.000,409.7,233.1
2026-08-09T21:54:13.955785+00:00,1786312453.956,1318.90,22.60,9.6937,3.52,0.000,408.2,233.1
2026-08-09T21:54:14.150612+00:00,1786312454.151,1319.09,22.59,9.6959,3.56,0.000,406.7,233.1
2026-08-09T21:54:14.351489+00:00,1786312454.351,1319.29,22.59,9.6959,3.57,0.000,404.9,233.1
2026-08-09T21:54:14.546850+00:00,1786312454.547,1319.49,22.47,9.7003,3.58,0.000,402.6,233.1
2026-08-09T21:54:14.747887+00:00,1786312454.748,1319.69,22.47,9.7003,3.57,0.000,400.2,233.1
2026-08-09T21:54:14.945965+00:00,1786312454.946,1319.89,22.38,9.7003,3.52,0.000,397.7,233.1
2026-08-09T21:54:15.146224+00:00,1786312455.146,1320.09,22.38,9.7025,3.49,0.000,395.0,233.1
2026-08-09T21:54:15.349797+00:00,1786312455.350,1320.29,22.34,9.7025,3.45,0.000,392.2,233.1
2026-08-09T21:54:15.550542+00:00,1786312455.551,1320.49,22.31,9.7047,3.40,0.000,390.5,233.1
2026-08-09T21:54:15.753773+00:00,1786312455.754,1320.70,22.31,9.7047,3.34,0.000,388.8,233.1
2026-08-09T21:54:15.951480+00:00,1786312455.951,1320.89,22.33,9.7047,3.33,0.000,387.0,233.1
2026-08-09T21:54:16.148904+00:00,1786312456.149,1321.09,22.33,9.7091,3.32,0.000,385.2,233.1
2026-08-09T21:54:16.346798+00:00,1786312456.347,1321.29,22.30,9.7091,3.30,0.000,383.3,233.1
2026-08-09T21:54:16.544179+00:00,1786312456.544,1321.49,22.30,9.7113,3.27,0.000,381.4,233.1
2026-08-09T21:54:16.745526+00:00,1786312456.746,1321.69,22.31,9.7113,3.24,0.000,379.4,233.1
2026-08-09T21:54:16.946189+00:00,1786312456.946,1321.89,22.34,9.7113,3.20,0.000,377.4,233.1
2026-08-09T21:54:17.146193+00:00,1786312457.146,1322.09,22.34,9.7157,3.15,0.000,375.3,233.1
2026-08-09T21:54:17.344102+00:00,1786312457.344,1322.29,22.33,9.7157,3.10,0.000,373.2,233.1
2026-08-09T21:54:17.543304+00:00,1786312457.543,1322.48,22.33,9.7179,3.06,0.000,371.2,233.1
2026-08-09T21:54:17.743409+00:00,1786312457.743,1322.68,22.26,9.7179,3.05,0.000,369.2,233.1
2026-08-09T21:54:17.945056+00:00,1786312457.945,1322.89,22.26,9.7179,3.09,0.000,367.4,233.1
2026-08-09T21:54:18.142956+00:00,1786312458.143,1323.08,22.28,9.7201,3.12,0.000,365.9,233.1
2026-08-09T21:54:18.342799+00:00,1786312458.343,1323.28,22.28,9.7201,3.15,0.000,364.5,233.1
2026-08-09T21:54:18.541049+00:00,1786312458.541,1323.48,22.22,9.7245,3.18,0.000,363.1,233.1
2026-08-09T21:54:18.743415+00:00,1786312458.743,1323.68,22.34,9.7245,3.21,0.000,361.9,233.1
2026-08-09T21:54:18.946430+00:00,1786312458.946,1323.89,22.34,9.7245,3.19,0.000,360.5,233.1
2026-08-09T21:54:19.153319+00:00,1786312459.153,1324.09,22.37,9.7267,3.16,0.000,358.9,233.1
2026-08-09T21:54:19.355421+00:00,1786312459.355,1324.30,22.37,9.7267,3.13,0.000,357.2,233.1
2026-08-09T21:54:19.550825+00:00,1786312459.551,1324.49,22.40,9.7311,3.10,0.000,355.5,233.1
2026-08-09T21:54:19.753362+00:00,1786312459.753,1324.69,22.40,9.7311,3.08,0.000,353.7,233.1
2026-08-09T21:54:19.951194+00:00,1786312459.951,1324.89,22.39,9.7311,3.07,0.000,352.2,233.1
2026-08-09T21:54:20.150808+00:00,1786312460.151,1325.09,22.39,9.7333,3.08,0.000,350.7,233.1
2026-08-09T21:54:20.347991+00:00,1786312460.348,1325.29,22.39,9.7333,3.09,0.000,349.5,233.1
2026-08-09T21:54:20.546490+00:00,1786312460.546,1325.49,22.44,9.7377,3.10,0.000,348.6,233.1
2026-08-09T21:54:20.746729+00:00,1786312460.747,1325.69,22.44,9.7377,3.10,0.000,347.9,233.1
2026-08-09T21:54:20.952849+00:00,1786312460.953,1325.89,22.32,9.7377,3.09,0.000,347.0,233.1
2026-08-09T21:54:21.150957+00:00,1786312461.151,1326.09,22.32,9.7399,3.06,0.000,346.1,233.1
2026-08-09T21:54:21.349140+00:00,1786312461.349,1326.29,22.32,9.7399,3.02,0.000,345.2,233.1
2026-08-09T21:54:21.546803+00:00,1786312461.547,1326.49,22.37,9.7421,2.99,0.000,344.3,233.1
2026-08-09T21:54:21.747299+00:00,1786312461.747,1326.69,22.37,9.7421,2.95,0.000,343.3,233.1
2026-08-09T21:54:21.944679+00:00,1786312461.945,1326.89,22.41,9.7421,2.92,0.000,342.4,233.1
2026-08-09T21:54:22.141830+00:00,1786312462.142,1327.08,22.41,9.7465,2.91,0.000,341.6,233.1
2026-08-09T21:54:22.341296+00:00,1786312462.341,1327.28,22.39,9.7465,2.89,0.000,340.9,233.1
2026-08-09T21:54:22.538599+00:00,1786312462.539,1327.48,22.39,9.7487,2.88,0.000,340.4,233.1
2026-08-09T21:54:22.734347+00:00,1786312462.734,1327.68,22.48,9.7487,2.85,0.000,339.8,233.1
2026-08-09T21:54:22.936134+00:00,1786312462.936,1327.88,22.61,9.7487,2.82,0.000,339.2,233.1
2026-08-09T21:54:23.138695+00:00,1786312463.139,1328.08,22.61,9.7531,2.79,0.000,338.3,233.1
2026-08-09T21:54:23.335868+00:00,1786312463.336,1328.28,22.64,9.7531,2.77,0.000,337.2,233.1
2026-08-09T21:54:23.538274+00:00,1786312463.538,1328.48,22.64,9.7553,2.74,0.000,336.0,233.1
2026-08-09T21:54:23.738508+00:00,1786312463.738,1328.68,22.69,9.7553,2.72,0.000,334.6,233.1
2026-08-09T21:54:23.939061+00:00,1786312463.939,1328.88,22.69,9.7553,2.70,0.000,333.1,233.1
2026-08-09T21:54:24.136125+00:00,1786312464.136,1329.08,22.82,9.7597,2.70,0.057,333.0,233.1
2026-08-09T21:54:24.334644+00:00,1786312464.335,1329.28,22.93,9.7597,2.72,0.075,333.6,233.1
2026-08-09T21:54:24.535437+00:00,1786312464.535,1329.48,22.93,9.7619,2.74,0.075,334.3,233.1
2026-08-09T21:54:24.733688+00:00,1786312464.734,1329.68,22.97,9.7619,2.78,0.069,335.2,233.1
2026-08-09T21:54:24.934072+00:00,1786312464.934,1329.88,22.97,9.7619,2.79,0.051,335.7,233.1
2026-08-09T21:54:25.133417+00:00,1786312465.133,1330.07,22.89,9.7641,2.76,0.000,335.0,233.1
2026-08-09T21:54:25.337768+00:00,1786312465.338,1330.28,23.22,9.7641,2.73,0.081,336.1,233.1
2026-08-09T21:54:25.541410+00:00,1786312465.541,1330.48,23.22,9.7685,2.71,0.081,337.1,233.1
2026-08-09T21:54:25.739803+00:00,1786312465.740,1330.68,23.43,9.7685,2.71,0.103,338.7,233.1
2026-08-09T21:54:25.939948+00:00,1786312465.940,1330.88,23.43,9.7685,2.71,0.103,340.4,233.1
2026-08-09T21:54:26.134604+00:00,1786312466.135,1331.08,23.63,9.7729,2.70,0.113,342.7,233.1
2026-08-09T21:54:26.338181+00:00,1786312466.338,1331.28,23.83,9.7729,2.70,0.125,345.4,233.1
2026-08-09T21:54:26.537760+00:00,1786312466.538,1331.48,23.83,9.7751,2.70,0.125,348.3,233.1
2026-08-09T21:54:26.744494+00:00,1786312466.744,1331.69,24.07,9.7751,2.73,0.151,352.2,233.1
2026-08-09T21:54:26.948122+00:00,1786312466.948,1331.89,24.07,9.7751,2.75,0.151,356.2,233.1
2026-08-09T21:54:27.146118+00:00,1786312467.146,1332.09,24.31,9.7795,2.78,0.196,361.7,233.1
2026-08-09T21:54:27.350310+00:00,1786312467.350,1332.29,24.46,9.7795,2.79,0.171,366.8,233.1
2026-08-09T21:54:27.551714+00:00,1786312467.552,1332.49,24.46,9.7817,2.79,0.171,372.0,233.1
2026-08-09T21:54:27.758572+00:00,1786312467.759,1332.70,24.52,9.7817,2.79,0.151,376.8,233.1
2026-08-09T21:54:27.959520+00:00,1786312467.960,1332.90,24.59,9.7817,2.82,0.160,382.0,233.1
2026-08-09T21:54:28.166028+00:00,1786312468.166,1333.11,24.59,9.7861,2.87,0.132,386.8,233.1
2026-08-09T21:54:28.368646+00:00,1786312468.369,1333.31,24.66,9.7861,2.93,0.113,391.6,233.1
2026-08-09T21:54:28.570576+00:00,1786312468.571,1333.51,24.75,9.7883,2.98,0.125,397.1,233.1
2026-08-09T21:54:28.769474+00:00,1786312468.769,1333.71,24.75,9.7883,3.00,0.093,401.9,233.1
2026-08-09T21:54:28.970945+00:00,1786312468.971,1333.91,24.93,9.7883,3.02,0.118,407.6,233.1
2026-08-09T21:54:29.165434+00:00,1786312469.165,1334.11,24.93,9.7927,3.03,0.085,411.3,233.1
2026-08-09T21:54:29.367259+00:00,1786312469.367,1334.31,24.77,9.7927,3.05,0.000,412.4,233.1
2026-08-09T21:54:29.571222+00:00,1786312469.571,1334.51,24.90,9.7971,3.06,0.061,415.0,233.1
2026-08-09T21:54:29.768731+00:00,1786312469.769,1334.71,24.90,9.7971,3.05,0.052,417.3,233.1
2026-08-09T21:54:29.970980+00:00,1786312469.971,1334.91,24.96,9.7971,3.04,0.051,420.0,233.1
2026-08-09T21:54:30.171852+00:00,1786312470.172,1335.11,25.01,9.7993,3.03,0.058,424.0,233.1
2026-08-09T21:54:30.376612+00:00,1786312470.377,1335.32,25.01,9.7993,3.02,0.000,424.8,233.1
2026-08-09T21:54:30.575354+00:00,1786312470.575,1335.52,25.03,9.8037,3.00,0.000,425.6,233.1
2026-08-09T21:54:30.781271+00:00,1786312470.781,1335.72,25.05,9.8037,2.99,0.000,425.8,233.1
2026-08-09T21:54:30.980585+00:00,1786312470.981,1335.92,25.05,9.8037,2.97,0.000,425.8,233.1
2026-08-09T21:54:31.185768+00:00,1786312471.186,1336.13,25.12,9.8059,2.94,0.000,425.5,233.1
2026-08-09T21:54:31.385141+00:00,1786312471.385,1336.33,25.12,9.8059,2.93,0.000,424.7,233.1
2026-08-09T21:54:31.581067+00:00,1786312471.581,1336.52,24.99,9.8103,2.91,0.000,423.7,233.1
2026-08-09T21:54:31.782793+00:00,1786312471.783,1336.72,25.03,9.8103,2.91,0.000,421.8,233.1
2026-08-09T21:54:31.980289+00:00,1786312471.980,1336.92,25.03,9.8103,2.89,0.000,419.7,233.1
2026-08-09T21:54:32.178100+00:00,1786312472.178,1337.12,25.04,9.8125,2.86,0.000,416.3,233.1
2026-08-09T21:54:32.378920+00:00,1786312472.379,1337.32,25.06,9.8125,2.84,0.000,413.1,233.1
2026-08-09T21:54:32.578827+00:00,1786312472.579,1337.52,25.06,9.8168,2.82,0.000,409.8,233.1
2026-08-09T21:54:32.778119+00:00,1786312472.778,1337.72,25.09,9.8168,2.80,0.000,406.9,233.1
2026-08-09T21:54:32.978818+00:00,1786312472.979,1337.92,25.13,9.8168,2.78,0.000,403.6,233.1
2026-08-09T21:54:33.179387+00:00,1786312473.179,1338.12,25.13,9.8212,2.78,0.000,400.7,233.1
2026-08-09T21:54:33.385946+00:00,1786312473.386,1338.33,25.26,9.8212,2.77,0.000,398.0,233.1
2026-08-09T21:54:33.583275+00:00,1786312473.583,1338.52,25.26,9.8234,2.77,0.000,394.8,233.1
2026-08-09T21:54:33.778447+00:00,1786312473.778,1338.72,25.20,9.8234,2.76,0.000,392.1,233.1
2026-08-09T21:54:33.979309+00:00,1786312473.979,1338.92,25.30,9.8234,2.76,0.000,388.7,233.1
2026-08-09T21:54:34.175940+00:00,1786312474.176,1339.12,25.30,9.8278,2.76,0.000,386.0,233.1
2026-08-09T21:54:34.370848+00:00,1786312474.371,1339.31,25.33,9.8278,2.75,0.000,385.3,233.1
2026-08-09T21:54:34.569889+00:00,1786312474.570,1339.51,25.36,9.8322,2.75,0.000,383.1,233.1
2026-08-09T21:54:34.768386+00:00,1786312474.768,1339.71,25.36,9.8322,2.74,0.000,381.1,233.1
2026-08-09T21:54:34.966337+00:00,1786312474.966,1339.91,25.39,9.8322,2.74,0.000,379.1,233.1
2026-08-09T21:54:35.172663+00:00,1786312475.173,1340.11,25.44,9.8344,2.74,0.000,377.0,233.1
2026-08-09T21:54:35.369544+00:00,1786312475.370,1340.31,25.44,9.8344,2.74,0.000,376.2,233.1
2026-08-09T21:54:35.569865+00:00,1786312475.570,1340.51,25.59,9.8388,2.76,0.000,375.8,233.1
2026-08-09T21:54:35.772186+00:00,1786312475.772,1340.71,25.59,9.8388,2.78,0.054,376.7,233.1
2026-08-09T21:54:35.974175+00:00,1786312475.974,1340.92,25.59,9.8388,2.82,0.000,376.6,233.1
2026-08-09T21:54:36.172578+00:00,1786312476.173,1341.11,25.67,9.8410,2.85,0.051,377.9,233.1
2026-08-09T21:54:36.368773+00:00,1786312476.369,1341.31,25.67,9.8410,2.88,0.000,378.1,233.1
2026-08-09T21:54:36.567949+00:00,1786312476.568,1341.51,25.61,9.8454,2.90,0.000,378.6,233.1
2026-08-09T21:54:36.773093+00:00,1786312476.773,1341.71,25.78,9.8454,2.93,0.058,380.7,233.1
2026-08-09T21:54:36.978520+00:00,1786312476.979,1341.92,25.78,9.8454,2.95,0.054,382.9,233.1
2026-08-09T21:54:37.178119+00:00,1786312477.178,1342.12,25.72,9.8498,2.96,0.000,383.9,233.1
2026-08-09T21:54:37.382712+00:00,1786312477.383,1342.32,25.79,9.8498,2.96,0.000,385.0,233.1
2026-08-09T21:54:37.579907+00:00,1786312477.580,1342.52,25.79,9.8520,2.97,0.000,386.2,233.1
2026-08-09T21:54:37.778622+00:00,1786312477.779,1342.72,25.82,9.8520,2.97,0.000,387.5,233.1
2026-08-09T21:54:37.975918+00:00,1786312477.976,1342.92,25.80,9.8520,2.99,0.000,388.9,233.1
2026-08-09T21:54:38.178223+00:00,1786312478.178,1343.12,25.80,9.8564,3.01,0.000,390.4,233.1
2026-08-09T21:54:38.376619+00:00,1786312478.377,1343.32,25.87,9.8564,3.02,0.000,391.9,233.1
2026-08-09T21:54:38.577689+00:00,1786312478.578,1343.52,25.75,9.8608,3.04,0.000,393.4,233.1
2026-08-09T21:54:38.778844+00:00,1786312478.779,1343.72,25.75,9.8608,3.04,0.000,395.0,233.1
2026-08-09T21:54:38.985395+00:00,1786312478.985,1343.93,25.77,9.8608,3.04,0.000,396.5,233.1
2026-08-09T21:54:39.180500+00:00,1786312479.180,1344.12,25.60,9.8630,3.05,0.000,397.9,233.1
2026-08-09T21:54:39.381780+00:00,1786312479.382,1344.32,25.60,9.8630,3.06,0.000,399.3,233.1
2026-08-09T21:54:39.589850+00:00,1786312479.590,1344.53,25.50,9.8674,3.09,0.000,400.8,233.1
2026-08-09T21:54:39.792554+00:00,1786312479.793,1344.73,25.37,9.8674,3.11,-0.062,400.8,233.1
2026-08-09T21:54:39.996539+00:00,1786312479.997,1344.94,25.37,9.8674,3.13,-0.060,400.9,233.1
2026-08-09T21:54:40.195574+00:00,1786312480.196,1345.14,25.36,9.8696,3.19,-0.061,401.2,233.1
2026-08-09T21:54:40.401636+00:00,1786312480.402,1345.34,25.36,9.8696,3.26,-0.070,401.5,233.1
2026-08-09T21:54:40.603029+00:00,1786312480.603,1345.54,25.13,9.8740,3.35,-0.085,401.5,233.1
2026-08-09T21:54:40.808559+00:00,1786312480.809,1345.75,25.16,9.8740,3.44,-0.081,400.6,233.1
2026-08-09T21:54:41.013207+00:00,1786312481.013,1345.95,25.16,9.8740,3.54,-0.085,401.1,233.1
2026-08-09T21:54:41.216921+00:00,1786312481.217,1346.16,25.07,9.8762,3.64,-0.073,400.7,233.1
2026-08-09T21:54:41.411426+00:00,1786312481.411,1346.35,25.08,9.8762,3.76,-0.072,402.0,233.1
2026-08-09T21:54:41.612877+00:00,1786312481.613,1346.55,25.08,9.8806,3.87,-0.059,404.0,233.1
2026-08-09T21:54:41.808354+00:00,1786312481.808,1346.75,25.01,9.8806,3.98,0.000,406.0,233.1
2026-08-09T21:54:42.013826+00:00,1786312482.014,1346.96,24.81,9.8806,4.09,-0.077,406.6,233.1
2026-08-09T21:54:42.210144+00:00,1786312482.210,1347.15,24.81,9.8850,4.19,-0.075,408.8,233.1
2026-08-09T21:54:42.409203+00:00,1786312482.409,1347.35,24.77,9.8850,4.29,-0.081,411.2,233.1
2026-08-09T21:54:42.612528+00:00,1786312482.613,1347.55,24.77,9.8872,4.38,0.000,415.7,233.1
2026-08-09T21:54:42.815395+00:00,1786312482.815,1347.76,24.50,9.8872,4.47,-0.091,418.3,233.1
2026-08-09T21:54:43.021251+00:00,1786312483.021,1347.96,24.33,9.8872,4.57,-0.114,420.4,233.1
2026-08-09T21:54:43.216134+00:00,1786312483.216,1348.16,24.33,9.8916,4.62,-0.103,423.0,233.1
2026-08-09T21:54:43.419028+00:00,1786312483.419,1348.36,24.09,9.8916,4.66,-0.137,424.5,233.1
2026-08-09T21:54:43.624157+00:00,1786312483.624,1348.57,24.09,9.8938,4.71,-0.137,426.3,233.1
2026-08-09T21:54:43.822885+00:00,1786312483.823,1348.76,23.89,9.8938,4.72,-0.154,427.5,233.1
2026-08-09T21:54:44.027718+00:00,1786312484.028,1348.97,23.69,9.8938,4.73,-0.155,428.6,233.1
2026-08-09T21:54:44.233724+00:00,1786312484.234,1349.18,23.69,9.8982,4.74,-0.154,429.9,233.1
2026-08-09T21:54:44.433237+00:00,1786312484.433,1349.37,23.43,9.8982,4.73,-0.184,430.1,233.1
2026-08-09T21:54:44.638170+00:00,1786312484.638,1349.58,23.43,9.9004,4.69,-0.184,430.1,233.1
2026-08-09T21:54:44.835192+00:00,1786312484.835,1349.78,23.19,9.9004,4.64,-0.180,431.4,233.1
2026-08-09T21:54:45.036416+00:00,1786312485.036,1349.98,23.19,9.9004,4.57,-0.158,432.7,233.1
2026-08-09T21:54:45.241406+00:00,1786312485.241,1350.18,22.91,9.9026,4.50,-0.195,432.6,233.1
2026-08-09T21:54:45.445224+00:00,1786312485.445,1350.39,22.71,9.9026,4.43,-0.189,432.1,233.1
2026-08-09T21:54:45.641416+00:00,1786312485.641,1350.58,22.71,9.9070,4.34,-0.190,431.4,233.1
2026-08-09T21:54:45.840231+00:00,1786312485.840,1350.78,22.52,9.9070,4.24,-0.189,429.8,233.1
2026-08-09T21:54:46.041759+00:00,1786312486.042,1350.98,22.52,9.9070,4.15,-0.162,428.1,233.1
2026-08-09T21:54:46.246577+00:00,1786312486.247,1351.19,22.35,9.9092,4.07,-0.185,425.0,233.1
2026-08-09T21:54:46.451814+00:00,1786312486.452,1351.39,22.35,9.9092,4.00,-0.148,421.8,233.1
2026-08-09T21:54:46.654572+00:00,1786312486.655,1351.60,22.23,9.9136,3.92,-0.165,417.3,233.1
2026-08-09T21:54:46.859987+00:00,1786312486.860,1351.80,22.19,9.9136,3.86,-0.137,411.3,233.1
2026-08-09T21:54:47.064866+00:00,1786312487.065,1352.01,22.19,9.9158,3.80,-0.137,406.6,233.1
2026-08-09T21:54:47.261526+00:00,1786312487.262,1352.20,22.16,9.9158,3.76,-0.102,402.1,233.1
2026-08-09T21:54:47.466333+00:00,1786312487.466,1352.41,22.16,9.9158,3.72,-0.075,397.9,233.1
2026-08-09T21:54:47.668577+00:00,1786312487.669,1352.61,22.02,9.9180,3.75,-0.095,390.9,233.1
2026-08-09T21:54:47.874553+00:00,1786312487.875,1352.82,22.02,9.9180,3.77,-0.068,386.6,233.1
2026-08-09T21:54:48.073961+00:00,1786312488.074,1353.02,21.86,9.9224,3.80,-0.090,382.2,233.1
2026-08-09T21:54:48.269656+00:00,1786312488.270,1353.21,21.86,9.9224,3.83,-0.067,377.8,233.1
2026-08-09T21:54:48.472188+00:00,1786312488.472,1353.41,21.83,9.9224,3.87,-0.071,374.3,233.1
2026-08-09T21:54:48.673414+00:00,1786312488.673,1353.61,21.83,9.9246,3.92,-0.055,371.2,233.1
2026-08-09T21:54:48.877653+00:00,1786312488.878,1353.82,21.68,9.9246,3.97,-0.071,368.3,233.1
2026-08-09T21:54:49.082814+00:00,1786312489.083,1354.02,21.49,9.9268,4.02,-0.096,365.1,233.1
2026-08-09T21:54:49.278580+00:00,1786312489.279,1354.22,21.49,9.9268,4.10,-0.093,362.1,233.1
2026-08-09T21:54:49.483055+00:00,1786312489.483,1354.42,21.39,9.9268,4.18,-0.107,360.0,233.1
2026-08-09T21:54:49.689234+00:00,1786312489.689,1354.63,21.39,9.9312,4.29,-0.086,358.8,233.1
2026-08-09T21:54:49.895748+00:00,1786312489.896,1354.84,21.16,9.9312,4.44,-0.117,357.6,233.1
2026-08-09T21:54:50.095902+00:00,1786312490.096,1355.04,21.16,9.9334,4.60,-0.096,357.2,233.1
2026-08-09T21:54:50.296030+00:00,1786312490.296,1355.24,20.94,9.9334,4.75,-0.126,357.7,233.1
2026-08-09T21:54:50.498425+00:00,1786312490.498,1355.44,20.94,9.9334,4.90,-0.122,359.0,233.1
2026-08-09T21:54:50.696525+00:00,1786312490.697,1355.64,20.66,9.9356,5.03,-0.160,360.2,233.1
2026-08-09T21:54:50.900522+00:00,1786312490.901,1355.84,20.66,9.9356,5.20,-0.139,362.8,233.1
2026-08-09T21:54:51.099445+00:00,1786312491.099,1356.04,20.53,9.9400,5.42,-0.133,365.8,244.2
2026-08-09T21:54:51.303883+00:00,1786312491.304,1356.25,20.53,9.9400,5.68,-0.132,370.5,244.2
2026-08-09T21:54:51.504058+00:00,1786312491.504,1356.45,20.32,9.9400,5.98,-0.147,375.2,244.2
2026-08-09T21:54:51.709395+00:00,1786312491.709,1356.65,20.32,9.9422,6.32,-0.147,381.7,244.2
2026-08-09T21:54:51.910537+00:00,1786312491.911,1356.85,20.11,9.9422,6.70,-0.146,388.8,244.2
2026-08-09T21:54:52.108612+00:00,1786312492.109,1357.05,20.11,9.9444,7.10,-0.146,397.4,244.2
2026-08-09T21:54:52.306908+00:00,1786312492.307,1357.25,19.97,9.9444,7.52,-0.135,406.7,244.2
2026-08-09T21:54:52.501494+00:00,1786312492.501,1357.44,19.97,9.9444,7.95,-0.135,416.9,244.2
2026-08-09T21:54:52.699707+00:00,1786312492.700,1357.64,19.95,9.9466,8.34,-0.099,429.4,244.2
2026-08-09T21:54:52.895014+00:00,1786312492.895,1357.84,19.95,9.9466,8.72,-0.100,442.4,244.2
2026-08-09T21:54:53.094824+00:00,1786312493.095,1358.04,19.88,9.9510,9.09,-0.091,457.1,244.2
2026-08-09T21:54:53.300805+00:00,1786312493.301,1358.24,19.88,9.9510,9.46,-0.090,472.4,244.2
2026-08-09T21:54:53.499472+00:00,1786312493.499,1358.44,19.80,9.9510,9.81,-0.072,488.9,244.2
2026-08-09T21:54:53.695585+00:00,1786312493.696,1358.64,19.80,9.9532,10.13,-0.073,505.8,244.2
2026-08-09T21:54:53.900389+00:00,1786312493.900,1358.84,19.79,9.9532,10.38,0.000,525.1,244.2
2026-08-09T21:54:54.099067+00:00,1786312494.099,1359.04,19.79,9.9554,10.56,0.000,545.5,255.3
2026-08-09T21:54:54.299039+00:00,1786312494.299,1359.24,19.74,9.9554,10.68,0.000,565.8,255.3
2026-08-09T21:54:54.496461+00:00,1786312494.496,1359.44,19.74,9.9554,10.73,0.000,586.4,255.3
2026-08-09T21:54:54.697154+00:00,1786312494.697,1359.64,19.79,9.9576,10.74,0.000,606.3,255.3
2026-08-09T21:54:54.901918+00:00,1786312494.902,1359.84,19.79,9.9576,10.69,0.000,626.3,255.3
2026-08-09T21:54:55.098720+00:00,1786312495.099,1360.04,19.83,9.9620,10.60,0.000,645.2,255.3
2026-08-09T21:54:55.304544+00:00,1786312495.305,1360.25,19.83,9.9620,10.46,0.000,664.0,255.3
2026-08-09T21:54:55.505071+00:00,1786312495.505,1360.45,19.89,9.9620,10.29,0.000,681.9,255.3
2026-08-09T21:54:55.708307+00:00,1786312495.708,1360.65,19.89,9.9642,10.08,0.000,699.6,255.3
2026-08-09T21:54:55.911963+00:00,1786312495.912,1360.85,19.96,9.9642,9.80,0.000,715.7,255.3
2026-08-09T21:54:56.108256+00:00,1786312496.108,1361.05,19.96,9.9664,9.48,0.000,730.1,244.2
2026-08-09T21:54:56.315024+00:00,1786312496.315,1361.26,19.97,9.9664,9.12,0.000,742.5,244.2
2026-08-09T21:54:56.510009+00:00,1786312496.510,1361.45,19.97,9.9664,8.73,0.000,753.4,244.2
2026-08-09T21:54:56.717131+00:00,1786312496.717,1361.66,20.03,9.9686,8.34,0.000,762.0,244.2
2026-08-09T21:54:56.922786+00:00,1786312496.923,1361.86,20.03,9.9686,7.98,0.000,768.6,244.2
2026-08-09T21:54:57.123064+00:00,1786312497.123,1362.06,20.07,9.9730,7.66,0.000,773.0,244.2
2026-08-09T21:54:57.327308+00:00,1786312497.327,1362.27,20.07,9.9730,7.34,0.000,775.0,244.2
2026-08-09T21:54:57.528804+00:00,1786312497.529,1362.47,19.98,9.9730,7.02,0.000,774.7,244.2
2026-08-09T21:54:57.723541+00:00,1786312497.724,1362.66,19.98,9.9752,6.70,0.000,771.5,244.2
2026-08-09T21:54:57.925996+00:00,1786312497.926,1362.87,19.95,9.9752,6.39,0.000,766.2,244.2
2026-08-09T21:54:58.127309+00:00,1786312498.127,1363.07,19.95,9.9774,6.08,0.000,758.7,244.2
2026-08-09T21:54:58.329608+00:00,1786312498.330,1363.27,19.87,9.9774,5.77,0.000,749.0,244.2
2026-08-09T21:54:58.533940+00:00,1786312498.534,1363.48,19.87,9.9774,5.47,0.000,737.1,244.2
2026-08-09T21:54:58.736147+00:00,1786312498.736,1363.68,19.80,9.9796,5.20,0.000,723.4,244.2
2026-08-09T21:54:58.941881+00:00,1786312498.942,1363.88,19.80,9.9796,4.96,0.000,706.8,244.2
2026-08-09T21:54:59.143973+00:00,1786312499.144,1364.09,19.73,9.9840,4.75,0.000,689.0,233.1
2026-08-09T21:54:59.348525+00:00,1786312499.349,1364.29,19.73,9.9840,4.58,0.000,670.4,233.1
2026-08-09T21:54:59.553246+00:00,1786312499.553,1364.49,19.65,9.9862,4.46,0.000,651.2,233.1
2026-08-09T21:54:59.748830+00:00,1786312499.749,1364.69,19.65,9.9862,4.34,0.000,631.5,233.1
2026-08-09T21:54:59.952674+00:00,1786312499.953,1364.89,19.60,9.9862,4.23,0.000,611.6,233.1
2026-08-09T21:55:00.154875+00:00,1786312500.155,1365.10,19.60,9.9884,4.12,0.000,591.6,233.1
2026-08-09T21:55:00.357155+00:00,1786312500.357,1365.30,19.50,9.9884,4.01,-0.051,570.6,233.1
2026-08-09T21:55:00.551994+00:00,1786312500.552,1365.49,19.50,9.9884,3.92,-0.051,549.8,233.1
2026-08-09T21:55:00.753839+00:00,1786312500.754,1365.70,19.45,9.9906,3.82,0.000,530.2,233.1
2026-08-09T21:55:00.952114+00:00,1786312500.952,1365.89,19.45,9.9906,3.73,0.000,511.0,233.1
2026-08-09T21:55:01.152546+00:00,1786312501.153,1366.09,19.41,9.9950,3.66,0.000,492.6,233.1
2026-08-09T21:55:01.354646+00:00,1786312501.355,1366.30,19.41,9.9950,3.59,0.000,475.0,233.1
2026-08-09T21:55:01.554960+00:00,1786312501.555,1366.50,19.36,9.9950,3.51,0.000,458.4,233.1
2026-08-09T21:55:01.760450+00:00,1786312501.760,1366.70,19.36,9.9972,3.44,0.000,442.7,233.1
2026-08-09T21:55:01.959466+00:00,1786312501.959,1366.90,19.38,9.9972,3.40,0.000,427.9,233.1
2026-08-09T21:55:02.159227+00:00,1786312502.159,1367.10,19.38,9.9994,3.36,0.000,414.0,233.1
2026-08-09T21:55:02.357617+00:00,1786312502.358,1367.30,19.36,9.9994,3.34,0.000,401.0,233.1
2026-08-09T21:55:02.558155+00:00,1786312502.558,1367.50,19.36,9.9994,3.33,0.000,389.1,233.1
2026-08-09T21:55:02.756392+00:00,1786312502.756,1367.70,19.35,10.0016,3.31,0.000,378.1,233.1
2026-08-09T21:55:02.957667+00:00,1786312502.958,1367.90,19.35,10.0016,3.30,0.000,368.0,233.1
2026-08-09T21:55:03.158702+00:00,1786312503.159,1368.10,19.33,10.0060,3.24,0.000,358.8,233.1
2026-08-09T21:55:03.360857+00:00,1786312503.361,1368.30,19.33,10.0060,3.21,0.000,350.5,233.1
2026-08-09T21:55:03.557958+00:00,1786312503.558,1368.50,19.36,10.0060,3.18,0.000,343.0,233.1
2026-08-09T21:55:03.758106+00:00,1786312503.758,1368.70,19.36,10.0082,3.16,0.000,336.4,233.1
2026-08-09T21:55:03.960079+00:00,1786312503.960,1368.90,19.34,10.0082,3.18,0.000,330.6,233.1
2026-08-09T21:55:04.158277+00:00,1786312504.158,1369.10,19.34,10.0104,3.22,0.000,325.6,233.1
2026-08-09T21:55:04.358816+00:00,1786312504.359,1369.30,19.28,10.0104,3.25,0.000,321.2,233.1
2026-08-09T21:55:04.561994+00:00,1786312504.562,1369.50,19.28,10.0104,3.29,0.000,317.3,233.1
2026-08-09T21:55:04.760994+00:00,1786312504.761,1369.70,19.24,10.0126,3.32,0.000,313.8,233.1
2026-08-09T21:55:04.961489+00:00,1786312504.961,1369.90,19.24,10.0126,3.34,0.000,310.9,233.1
2026-08-09T21:55:05.168019+00:00,1786312505.168,1370.11,19.21,10.0148,3.37,0.000,308.2,233.1
2026-08-09T21:55:05.367585+00:00,1786312505.368,1370.31,19.21,10.0148,3.37,0.000,307.0,233.1
2026-08-09T21:55:05.573436+00:00,1786312505.573,1370.51,19.12,10.0148,3.36,0.000,305.9,233.1
2026-08-09T21:55:05.776859+00:00,1786312505.777,1370.72,19.12,10.0192,3.35,0.000,304.2,233.1
2026-08-09T21:55:05.974298+00:00,1786312505.974,1370.92,19.12,10.0192,3.34,0.000,302.7,233.1
2026-08-09T21:55:06.181381+00:00,1786312506.181,1371.12,18.95,10.0214,3.36,-0.055,300.5,233.1
2026-08-09T21:55:06.385960+00:00,1786312506.386,1371.33,18.95,10.0214,3.38,0.000,299.5,233.1
2026-08-09T21:55:06.588082+00:00,1786312506.588,1371.53,18.89,10.0214,3.40,-0.054,297.9,233.1
2026-08-09T21:55:06.794085+00:00,1786312506.794,1371.74,18.89,10.0236,3.42,0.000,297.5,233.1
2026-08-09T21:55:06.994491+00:00,1786312506.994,1371.94,18.82,10.0236,3.40,-0.057,296.1,233.1
2026-08-09T21:55:07.198121+00:00,1786312507.198,1372.14,18.82,10.0258,3.34,-0.054,294.7,233.1
2026-08-09T21:55:07.398990+00:00,1786312507.399,1372.34,18.53,10.0258,3.25,-0.093,292.1,233.1
2026-08-09T21:55:07.602819+00:00,1786312507.603,1372.54,18.53,10.0258,3.16,-0.080,289.7,233.1
2026-08-09T21:55:07.807524+00:00,1786312507.808,1372.75,18.62,10.0280,3.07,-0.068,287.2,233.1
2026-08-09T21:55:08.012192+00:00,1786312508.012,1372.95,18.62,10.0280,3.01,-0.068,284.7,233.1
2026-08-09T21:55:08.208587+00:00,1786312508.209,1373.15,18.66,10.0324,2.94,0.000,283.3,233.1
2026-08-09T21:55:08.413223+00:00,1786312508.413,1373.35,18.66,10.0324,2.90,0.000,281.9,233.1
2026-08-09T21:55:08.610255+00:00,1786312508.610,1373.55,18.81,10.0324,2.87,0.000,280.6,233.1
2026-08-09T21:55:08.810029+00:00,1786312508.810,1373.75,18.81,10.0346,2.84,0.000,279.2,233.1
2026-08-09T21:55:09.009112+00:00,1786312509.009,1373.95,18.92,10.0346,2.81,0.000,277.8,233.1
2026-08-09T21:55:09.208240+00:00,1786312509.208,1374.15,18.92,10.0368,2.79,0.000,276.2,233.1
2026-08-09T21:55:09.405653+00:00,1786312509.406,1374.35,19.07,10.0368,2.76,0.075,275.9,233.1
2026-08-09T21:55:09.608533+00:00,1786312509.609,1374.55,19.07,10.0368,2.72,0.075,275.4,233.1
2026-08-09T21:55:09.803989+00:00,1786312509.804,1374.75,19.50,10.0390,2.67,0.123,275.9,233.1
2026-08-09T21:55:10.005220+00:00,1786312510.005,1374.95,19.50,10.0390,2.63,0.123,276.1,233.1
2026-08-09T21:55:10.200121+00:00,1786312510.200,1375.14,19.56,10.0434,2.61,0.125,276.3,233.1
2026-08-09T21:55:10.398086+00:00,1786312510.398,1375.34,19.56,10.0434,2.64,0.125,276.6,233.1
2026-08-09T21:55:10.596917+00:00,1786312510.597,1375.54,19.73,10.0434,2.69,0.128,277.4,233.1
2026-08-09T21:55:10.799031+00:00,1786312510.799,1375.74,19.73,10.0456,2.74,0.128,278.4,233.1
2026-08-09T21:55:10.996510+00:00,1786312510.996,1375.94,19.81,10.0456,2.77,0.124,279.4,233.1
2026-08-09T21:55:11.197644+00:00,1786312511.198,1376.14,19.81,10.0478,2.81,0.123,281.6,233.1
2026-08-09T21:55:11.396220+00:00,1786312511.396,1376.34,19.84,10.0478,2.81,0.108,282.5,233.1
2026-08-09T21:55:11.598204+00:00,1786312511.598,1376.54,19.84,10.0478,2.78,0.108,284.2,233.1
2026-08-09T21:55:11.796311+00:00,1786312511.796,1376.74,19.89,10.0500,2.74,0.055,283.9,233.1
2026-08-09T21:55:12.000051+00:00,1786312512.000,1376.94,19.89,10.0500,2.71,0.054,284.6,233.1
2026-08-09T21:55:12.206529+00:00,1786312512.207,1377.15,19.89,10.0544,2.70,0.000,284.4,233.1
2026-08-09T21:55:12.405103+00:00,1786312512.405,1377.35,19.89,10.0544,2.70,0.000,285.3,233.1
2026-08-09T21:55:12.610620+00:00,1786312512.611,1377.55,19.75,10.0544,2.71,0.000,286.2,233.1
2026-08-09T21:55:12.812585+00:00,1786312512.813,1377.75,19.75,10.0566,2.71,0.000,287.1,233.1
2026-08-09T21:55:13.018522+00:00,1786312513.019,1377.96,19.58,10.0566,2.68,0.000,287.9,233.1
2026-08-09T21:55:13.213838+00:00,1786312513.214,1378.16,19.58,10.0588,2.64,0.000,287.7,233.1
2026-08-09T21:55:13.409742+00:00,1786312513.410,1378.35,19.40,10.0588,2.59,-0.061,286.2,233.1
2026-08-09T21:55:13.613957+00:00,1786312513.614,1378.56,19.40,10.0588,2.51,-0.061,284.4,233.1
2026-08-09T21:55:13.811288+00:00,1786312513.811,1378.75,19.18,10.0610,2.40,-0.098,281.6,233.1
2026-08-09T21:55:14.014935+00:00,1786312514.015,1378.96,19.18,10.0610,2.29,-0.098,278.4,233.1
2026-08-09T21:55:14.222080+00:00,1786312514.222,1379.16,18.94,10.0631,2.18,-0.131,274.4,233.1
2026-08-09T21:55:14.425342+00:00,1786312514.425,1379.37,18.94,10.0631,2.06,-0.131,268.6,233.1
2026-08-09T21:55:14.622338+00:00,1786312514.622,1379.56,18.94,10.0631,1.99,-0.112,263.1,233.1
2026-08-09T21:55:14.824734+00:00,1786312514.825,1379.77,18.75,10.0675,1.89,-0.138,255.7,222.0
2026-08-09T21:55:15.028161+00:00,1786312515.028,1379.97,18.75,10.0675,1.79,-0.114,248.6,222.0
2026-08-09T21:55:15.225589+00:00,1786312515.226,1380.17,18.61,10.0697,1.68,-0.134,240.7,222.0
2026-08-09T21:55:15.430463+00:00,1786312515.430,1380.37,18.61,10.0697,1.54,-0.109,232.8,222.0
2026-08-09T21:55:15.632395+00:00,1786312515.632,1380.57,18.43,10.0697,1.39,-0.133,223.6,222.0
2026-08-09T21:55:15.835568+00:00,1786312515.836,1380.78,18.43,10.0719,1.26,-0.102,214.4,222.0
2026-08-09T21:55:16.037262+00:00,1786312516.037,1380.98,18.35,10.0719,1.15,-0.114,204.5,222.0
2026-08-09T21:55:16.240177+00:00,1786312516.240,1381.18,18.35,10.0741,1.05,-0.082,194.9,222.0
2026-08-09T21:55:16.441707+00:00,1786312516.442,1381.38,18.27,10.0741,0.96,-0.093,185.0,222.0
2026-08-09T21:55:16.644089+00:00,1786312516.644,1381.59,18.27,10.0741,0.84,-0.092,174.9,222.0
2026-08-09T21:55:16.842814+00:00,1786312516.843,1381.78,18.20,10.0763,0.70,-0.075,165.7,222.0
2026-08-09T21:55:17.044877+00:00,1786312517.045,1381.99,18.20,10.0763,0.56,-0.076,156.2,222.0
2026-08-09T21:55:17.250128+00:00,1786312517.250,1382.19,18.20,10.0785,0.43,-0.055,147.7,222.0
2026-08-09T21:55:17.450003+00:00,1786312517.450,1382.39,17.91,10.0785,0.34,-0.095,138.2,222.0
2026-08-09T21:55:17.651954+00:00,1786312517.652,1382.59,17.91,10.0785,0.26,-0.071,129.0,222.0
2026-08-09T21:55:17.851471+00:00,1786312517.851,1382.79,17.30,10.0807,0.26,-0.156,118.3,222.0
2026-08-09T21:55:18.049963+00:00,1786312518.050,1382.99,17.30,10.0807,0.29,-0.145,108.0,222.0
2026-08-09T21:55:18.248536+00:00,1786312518.249,1383.19,17.30,10.0829,0.36,-0.146,98.1,222.0
2026-08-09T21:55:18.446954+00:00,1786312518.447,1383.39,16.52,10.0829,0.48,-0.242,88.3,222.0
2026-08-09T21:55:18.647910+00:00,1786312518.648,1383.59,16.52,10.0829,0.66,-0.242,79.2,222.0
2026-08-09T21:55:18.845533+00:00,1786312518.846,1383.79,16.52,10.0851,0.88,-0.233,71.9,222.0
2026-08-09T21:55:19.043413+00:00,1786312519.043,1383.98,16.52,10.0851,1.14,-0.234,65.6,222.0
2026-08-09T21:55:19.247528+00:00,1786312519.248,1384.19,14.45,10.0851,1.45,-0.522,56.9,222.0
2026-08-09T21:55:19.448318+00:00,1786312519.448,1384.39,14.45,10.0851,1.80,-0.481,49.8,222.0
2026-08-09T21:55:19.646219+00:00,1786312519.646,1384.59,14.45,10.0851,2.23,-0.482,43.6,222.0
2026-08-09T21:55:19.852151+00:00,1786312519.852,1384.79,14.45,10.0873,2.73,-0.395,40.5,233.1
2026-08-09T21:55:20.050286+00:00,1786312520.050,1384.99,14.45,10.0873,3.28,-0.395,38.6,233.1
2026-08-09T21:55:20.254136+00:00,1786312520.254,1385.20,14.45,10.0873,3.86,-0.394,38.7,233.1
2026-08-09T21:55:20.460136+00:00,1786312520.460,1385.40,14.45,10.0873,4.45,-0.286,41.5,233.1
2026-08-09T21:55:20.658405+00:00,1786312520.658,1385.60,14.45,10.0873,5.05,-0.286,46.5,233.1
2026-08-09T21:55:20.853462+00:00,1786312520.853,1385.79,14.45,10.0873,5.65,-0.286,52.8,244.2
2026-08-09T21:55:21.049929+00:00,1786312521.050,1385.99,14.45,10.0873,6.24,-0.286,60.9,244.2
2026-08-09T21:55:21.253942+00:00,1786312521.254,1386.20,14.45,10.0873,6.77,0.000,73.8,244.2
2026-08-09T21:55:21.453454+00:00,1786312521.453,1386.39,0.00,10.0873,7.24,-2.002,70.7,244.2
2026-08-09T21:55:21.657683+00:00,1786312521.658,1386.60,0.00,10.0873,7.62,-1.996,68.1,244.2
2026-08-09T21:55:21.853200+00:00,1786312521.853,1386.79,0.00,10.0873,7.93,-2.006,65.6,244.2
2026-08-09T21:55:22.050954+00:00,1786312522.051,1386.99,0.00,10.0873,8.16,-2.007,63.4,244.2
2026-08-09T21:55:22.255346+00:00,1786312522.255,1387.20,0.00,10.0873,8.31,-2.006,61.3,244.2
2026-08-09T21:55:22.450144+00:00,1786312522.450,1387.39,0.00,10.0873,8.38,-2.017,60.2,244.2
2026-08-09T21:55:22.648661+00:00,1786312522.649,1387.59,0.00,10.0873,8.37,-2.017,58.9,244.2
2026-08-09T21:55:22.843481+00:00,1786312522.843,1387.78,0.00,10.0873,8.31,-2.017,59.1,244.2
2026-08-09T21:55:23.050422+00:00,1786312523.050,1387.99,0.00,10.0873,8.21,-2.007,59.0,244.2
2026-08-09T21:55:23.255994+00:00,1786312523.256,1388.20,0.00,10.0873,8.08,-2.005,58.8,244.2
2026-08-09T21:55:23.452227+00:00,1786312523.452,1388.39,0.00,10.0873,7.91,0.000,59.7,244.2
2026-08-09T21:55:23.650736+00:00,1786312523.651,1388.59,0.00,10.0873,7.70,0.000,60.3,244.2
2026-08-09T21:55:23.849531+00:00,1786312523.850,1388.79,0.00,10.0873,7.46,0.000,60.1,244.2
