timestamp_iso,timestamp_unix,duree_s,vitesse_kmh,distance_km,pitch_deg,acceleration_ms2,puissance_w,puissance_cible_w
2026-08-08T17:44:36.986492+00:00,1786211076.986,0.12,0.00,0.0132,-2.20,0.000,0.0,220.0
2026-08-08T17:44:37.187927+00:00,1786211077.188,0.32,0.00,0.0132,-2.19,0.000,0.0,220.0
2026-08-08T17:44:37.383159+00:00,1786211077.383,0.52,0.00,0.0000,-2.19,0.000,0.0,188.7
2026-08-08T17:44:37.582988+00:00,1786211077.583,0.72,0.00,0.0000,-2.19,0.000,0.0,188.7
2026-08-08T17:44:37.781757+00:00,1786211077.782,0.92,0.00,0.0000,-2.18,0.000,0.0,188.7
2026-08-08T17:44:37.984395+00:00,1786211077.984,1.12,0.00,0.0000,-2.18,0.000,0.0,188.7
2026-08-08T17:44:38.184233+00:00,1786211078.184,1.32,0.00,0.0000,-2.18,0.000,0.0,188.7
2026-08-08T17:44:38.384066+00:00,1786211078.384,1.52,0.00,0.0000,-2.18,0.000,0.0,188.7
2026-08-08T17:44:38.581716+00:00,1786211078.582,1.72,0.00,0.0000,-2.19,0.000,0.0,188.7
2026-08-08T17:44:38.781637+00:00,1786211078.782,1.92,0.00,0.0000,-2.19,0.000,0.0,188.7
2026-08-08T17:44:38.979719+00:00,1786211078.980,2.12,0.00,0.0000,-2.19,0.000,0.0,188.7
2026-08-08T17:44:39.179353+00:00,1786211079.179,2.32,0.00,0.0000,-2.19,0.000,0.0,188.7
2026-08-08T17:44:39.378863+00:00,1786211079.379,2.52,0.00,0.0000,-2.19,0.000,0.0,188.7
2026-08-08T17:44:39.576499+00:00,1786211079.576,2.71,0.00,0.0000,-2.20,0.000,0.0,188.7
2026-08-08T17:44:39.774500+00:00,1786211079.774,2.91,0.00,0.0000,-2.21,0.000,0.0,188.7
2026-08-08T17:44:40.068154+00:00,1786211080.068,3.20,0.00,0.0000,-2.24,0.000,0.0,188.7
2026-08-08T17:44:40.451168+00:00,1786211080.451,3.59,0.00,0.0000,-2.26,0.000,0.0,188.7
2026-08-08T17:44:40.651339+00:00,1786211080.651,3.79,0.00,0.0000,-2.27,0.000,0.0,188.7
2026-08-08T17:44:40.849251+00:00,1786211080.849,3.99,0.00,0.0000,-2.28,0.000,0.0,188.7
2026-08-08T17:44:41.609028+00:00,1786211081.609,4.75,0.00,0.0000,-2.32,0.000,0.0,188.7
2026-08-08T17:44:41.818668+00:00,1786211081.819,4.96,0.00,0.0000,-2.36,0.000,0.0,188.7
2026-08-08T17:44:42.016695+00:00,1786211082.017,5.15,0.00,0.0000,-2.38,0.000,0.0,188.7
2026-08-08T17:44:42.405525+00:00,1786211082.406,5.54,0.00,0.0000,-2.42,0.000,0.0,188.7
2026-08-08T17:44:42.602742+00:00,1786211082.603,5.74,0.00,0.0000,-2.44,0.000,0.0,188.7
2026-08-08T17:44:42.802922+00:00,1786211082.803,5.94,0.00,0.0000,-2.46,0.000,0.0,188.7
2026-08-08T17:44:43.386647+00:00,1786211083.387,6.52,0.00,0.0000,-2.63,0.000,0.0,188.7
2026-08-08T17:44:43.771380+00:00,1786211083.771,6.91,0.00,0.0000,-2.79,0.000,0.0,188.7
2026-08-08T17:44:43.970124+00:00,1786211083.970,7.11,0.00,0.0000,-2.86,0.000,0.0,188.7
2026-08-08T17:44:44.356737+00:00,1786211084.357,7.49,0.00,0.0000,-3.01,0.000,0.0,188.7
2026-08-08T17:44:44.555881+00:00,1786211084.556,7.69,0.00,0.0000,-3.08,0.000,0.0,188.7
2026-08-08T17:44:45.313036+00:00,1786211085.313,8.45,0.00,0.0000,-3.21,0.000,0.0,188.7
2026-08-08T17:44:45.523547+00:00,1786211085.524,8.66,0.00,0.0000,-3.27,0.000,0.0,188.7
2026-08-08T17:44:45.721230+00:00,1786211085.721,8.86,0.00,0.0000,-3.30,0.000,0.0,188.7
2026-08-08T17:44:45.921383+00:00,1786211085.921,9.06,0.00,0.0000,-3.33,0.000,0.0,188.7
2026-08-08T17:44:46.311081+00:00,1786211086.311,9.45,0.00,0.0000,-3.37,0.000,0.0,188.7
2026-08-08T17:44:46.509232+00:00,1786211086.509,9.65,0.00,0.0000,-3.39,0.000,0.0,188.7
2026-08-08T17:44:47.108417+00:00,1786211087.108,10.25,0.00,0.0000,-3.43,0.000,0.0,188.7
2026-08-08T17:44:47.305693+00:00,1786211087.306,10.44,0.00,0.0000,-3.45,0.000,0.0,188.7
2026-08-08T17:44:47.691240+00:00,1786211087.691,10.83,0.00,0.0000,-3.49,0.000,0.0,188.7
2026-08-08T17:44:47.891096+00:00,1786211087.891,11.03,0.00,0.0000,-3.51,0.000,0.0,188.7
2026-08-08T17:44:48.274176+00:00,1786211088.274,11.41,0.00,0.0000,-3.49,0.000,0.0,188.7
2026-08-08T17:44:48.869715+00:00,1786211088.870,12.01,0.00,0.0000,-3.35,0.000,0.0,188.7
2026-08-08T17:44:49.065925+00:00,1786211089.066,12.20,0.00,0.0000,-3.30,0.000,0.0,188.7
2026-08-08T17:44:49.260889+00:00,1786211089.261,12.40,0.00,0.0000,-3.25,0.000,0.0,188.7
2026-08-08T17:44:49.458666+00:00,1786211089.459,12.60,0.00,0.0000,-3.20,0.000,0.0,188.7
2026-08-08T17:44:49.843906+00:00,1786211089.844,12.98,0.00,0.0000,-3.10,0.000,0.0,188.7
2026-08-08T17:44:50.446306+00:00,1786211090.446,13.58,0.00,0.0000,-3.08,0.000,0.0,188.7
2026-08-08T17:44:50.643411+00:00,1786211090.643,13.78,0.00,0.0000,-3.06,0.000,0.0,188.7
2026-08-08T17:44:50.842603+00:00,1786211090.843,13.98,0.00,0.0000,-3.05,0.000,0.0,188.7
2026-08-08T17:44:51.227319+00:00,1786211091.227,14.36,0.00,0.0000,-3.02,0.000,0.0,188.7
2026-08-08T17:44:51.613248+00:00,1786211091.613,14.75,0.00,0.0000,-2.99,0.000,0.0,188.7
2026-08-08T17:44:52.197216+00:00,1786211092.197,15.33,0.00,0.0000,-2.95,0.000,0.0,188.7
2026-08-08T17:44:52.400390+00:00,1786211092.400,15.54,0.00,0.0000,-2.93,0.000,0.0,188.7
2026-08-08T17:44:52.598534+00:00,1786211092.599,15.74,0.00,0.0000,-2.92,0.000,0.0,188.7
2026-08-08T17:44:52.795577+00:00,1786211092.796,15.93,0.00,0.0000,-2.90,0.000,0.0,188.7
2026-08-08T17:44:52.993681+00:00,1786211092.994,16.13,0.00,0.0000,-2.88,0.000,0.0,188.7
2026-08-08T17:44:53.383878+00:00,1786211093.384,16.52,0.00,0.0000,-2.85,0.000,0.0,188.7
2026-08-08T17:44:53.792733+00:00,1786211093.793,16.93,0.00,0.0000,-2.83,0.000,0.0,188.7
2026-08-08T17:44:54.001344+00:00,1786211094.001,17.14,0.00,0.0000,-2.82,0.000,0.0,188.7
2026-08-08T17:44:54.199057+00:00,1786211094.199,17.34,0.00,0.0000,-2.80,0.000,0.0,188.7
2026-08-08T17:44:54.398408+00:00,1786211094.398,17.54,0.00,0.0000,-2.80,0.000,0.0,188.7
2026-08-08T17:44:54.599210+00:00,1786211094.599,17.74,0.00,0.0000,-2.78,0.000,0.0,188.7
2026-08-08T17:44:54.982404+00:00,1786211094.982,18.12,0.00,0.0000,-2.78,0.000,0.0,188.7
2026-08-08T17:44:55.182102+00:00,1786211095.182,18.32,0.00,0.0000,-2.78,0.000,0.0,188.7
2026-08-08T17:44:55.382173+00:00,1786211095.382,18.52,0.00,0.0000,-2.77,0.000,0.0,188.7
2026-08-08T17:44:55.581837+00:00,1786211095.582,18.72,0.00,0.0000,-2.77,0.000,0.0,188.7
2026-08-08T17:44:55.785052+00:00,1786211095.785,18.92,0.00,0.0000,-2.77,0.000,0.0,188.7
2026-08-08T17:44:55.984730+00:00,1786211095.985,19.12,0.00,0.0000,-2.77,0.000,0.0,188.7
2026-08-08T17:44:56.184123+00:00,1786211096.184,19.32,0.00,0.0000,-2.76,0.000,0.0,188.7
2026-08-08T17:44:56.379112+00:00,1786211096.379,19.52,0.00,0.0000,-2.76,0.000,0.0,188.7
2026-08-08T17:44:56.579224+00:00,1786211096.579,19.72,0.00,0.0000,-2.76,0.000,0.0,188.7
2026-08-08T17:44:56.778943+00:00,1786211096.779,19.92,0.00,0.0000,-2.76,0.000,0.0,188.7
2026-08-08T17:44:56.978636+00:00,1786211096.979,20.12,0.00,0.0000,-2.76,0.000,0.0,188.7
2026-08-08T17:44:57.178164+00:00,1786211097.178,20.31,0.00,0.0000,-2.75,0.000,0.0,188.7
2026-08-08T17:44:57.373484+00:00,1786211097.373,20.51,0.00,0.0000,-2.75,0.000,0.0,188.7
2026-08-08T17:44:57.573293+00:00,1786211097.573,20.71,0.00,0.0000,-2.74,0.000,0.0,188.7
2026-08-08T17:44:57.772256+00:00,1786211097.772,20.91,0.00,0.0000,-2.73,0.000,0.0,188.7
2026-08-08T17:44:57.972303+00:00,1786211097.972,21.11,0.00,0.0000,-2.73,0.000,0.0,188.7
2026-08-08T17:44:58.172904+00:00,1786211098.173,21.31,0.00,0.0000,-2.73,0.000,0.0,188.7
2026-08-08T17:44:58.376232+00:00,1786211098.376,21.51,0.00,0.0000,-2.72,0.000,0.0,188.7
2026-08-08T17:44:58.576066+00:00,1786211098.576,21.71,0.00,0.0000,-2.72,0.000,0.0,188.7
2026-08-08T17:44:58.774407+00:00,1786211098.774,21.91,0.00,0.0000,-2.71,0.000,0.0,188.7
2026-08-08T17:44:58.974321+00:00,1786211098.974,22.11,0.00,0.0000,-2.71,0.000,0.0,188.7
2026-08-08T17:44:59.171954+00:00,1786211099.172,22.31,0.00,0.0000,-2.89,0.000,0.0,188.7
2026-08-08T17:44:59.375671+00:00,1786211099.376,22.51,0.00,0.0000,-3.35,0.000,0.0,188.7
2026-08-08T17:44:59.706620+00:00,1786211099.707,22.84,0.00,0.0000,-4.40,0.000,0.0,188.7
2026-08-08T17:44:59.902958+00:00,1786211099.903,23.04,0.00,0.0000,-4.76,0.000,0.0,188.7
2026-08-08T17:45:00.103350+00:00,1786211100.103,23.24,0.00,0.0000,-5.13,0.000,0.0,188.7
2026-08-08T17:45:00.486332+00:00,1786211100.486,23.62,0.00,0.0000,-5.86,0.000,0.0,188.7
2026-08-08T17:45:00.700262+00:00,1786211100.700,23.84,0.00,0.0000,-6.22,0.000,0.0,0.0
2026-08-08T17:45:01.487984+00:00,1786211101.488,24.62,0.00,0.0000,-7.89,0.000,0.0,0.0
2026-08-08T17:45:01.695771+00:00,1786211101.696,24.83,0.00,0.0000,-8.54,0.000,0.0,0.0
2026-08-08T17:45:01.892341+00:00,1786211101.892,25.03,0.00,0.0000,-9.19,0.000,0.0,0.0
2026-08-08T17:45:02.095046+00:00,1786211102.095,25.23,0.00,0.0000,-9.85,0.000,0.0,0.0
2026-08-08T17:45:02.493997+00:00,1786211102.494,25.63,0.00,0.0000,-11.15,0.000,0.0,0.0
2026-08-08T17:45:03.275224+00:00,1786211103.275,26.41,0.00,0.0000,-12.72,0.000,0.0,0.0
2026-08-08T17:45:03.656075+00:00,1786211103.656,26.79,0.00,0.0000,-13.61,0.000,0.0,0.0
2026-08-08T17:45:03.854332+00:00,1786211103.854,26.99,0.00,0.0000,-14.00,0.000,0.0,0.0
2026-08-08T17:45:04.242521+00:00,1786211104.242,27.38,0.00,0.0000,-14.57,0.000,0.0,0.0
2026-08-08T17:45:04.439821+00:00,1786211104.440,27.58,0.00,0.0000,-14.75,0.000,0.0,0.0
2026-08-08T17:45:05.023374+00:00,1786211105.023,28.16,0.00,0.0000,-14.17,0.000,0.0,0.0
2026-08-08T17:45:05.221802+00:00,1786211105.222,28.36,0.00,0.0000,-13.82,0.000,0.0,0.0
2026-08-08T17:45:05.609342+00:00,1786211105.609,28.75,0.00,0.0000,-13.12,0.000,0.0,0.0
2026-08-08T17:45:05.807512+00:00,1786211105.807,28.94,0.00,0.0000,-12.76,0.000,0.0,0.0
2026-08-08T17:45:06.007018+00:00,1786211106.007,29.14,0.00,0.0000,-12.41,0.000,0.0,0.0
2026-08-08T17:45:06.390235+00:00,1786211106.390,29.53,0.00,0.0000,-11.42,0.000,0.0,0.0
2026-08-08T17:45:06.986414+00:00,1786211106.986,30.12,0.00,0.0000,-8.52,0.000,0.0,0.0
2026-08-08T17:45:07.181214+00:00,1786211107.181,30.32,0.00,0.0000,-7.56,0.000,0.0,0.0
2026-08-08T17:45:07.377102+00:00,1786211107.377,30.51,0.00,0.0000,-6.60,0.000,0.0,0.0
2026-08-08T17:45:07.574350+00:00,1786211107.574,30.71,0.00,0.0000,-5.63,0.000,0.0,0.0
2026-08-08T17:45:07.959421+00:00,1786211107.959,31.10,0.00,0.0000,-3.88,0.000,0.0,0.0
2026-08-08T17:45:08.560883+00:00,1786211108.561,31.70,0.00,0.0000,-0.74,0.000,0.0,188.7
2026-08-08T17:45:09.124489+00:00,1786211109.124,32.26,0.00,0.0000,2.39,0.000,0.0,222.0
2026-08-08T17:45:09.330449+00:00,1786211109.330,32.47,0.00,0.0000,5.47,0.000,0.0,222.0
2026-08-08T17:45:09.537424+00:00,1786211109.537,32.67,0.00,0.0000,7.00,0.000,0.0,244.2
2026-08-08T17:45:09.732624+00:00,1786211109.733,32.87,0.00,0.0000,8.54,0.000,0.0,244.2
2026-08-08T17:45:09.929024+00:00,1786211109.929,33.07,0.00,0.0000,9.64,0.000,0.0,244.2
2026-08-08T17:45:10.129417+00:00,1786211110.129,33.27,0.00,0.0000,10.74,0.000,0.0,244.2
2026-08-08T17:45:10.513926+00:00,1786211110.514,33.65,0.00,0.0000,12.94,0.000,0.0,244.2
2026-08-08T17:45:10.916736+00:00,1786211110.917,34.05,0.00,0.0000,14.95,0.000,0.0,255.3
2026-08-08T17:45:11.114164+00:00,1786211111.114,34.25,0.00,0.0000,15.96,0.000,0.0,255.3
2026-08-08T17:45:11.315709+00:00,1786211111.316,34.45,0.00,0.0000,16.97,0.000,0.0,255.3
2026-08-08T17:45:11.698491+00:00,1786211111.698,34.84,0.00,0.0000,18.67,0.000,0.0,255.3
2026-08-08T17:45:11.896616+00:00,1786211111.897,35.03,0.00,0.0000,19.35,0.000,0.0,255.3
2026-08-08T17:45:12.095096+00:00,1786211112.095,35.23,0.00,0.0000,20.04,0.000,0.0,255.3
2026-08-08T17:45:12.686950+00:00,1786211112.687,35.82,0.00,0.0000,21.77,0.000,0.0,255.3
2026-08-08T17:45:13.066936+00:00,1786211113.067,36.20,0.00,0.0000,22.81,0.000,0.0,255.3
2026-08-08T17:45:13.435931+00:00,1786211113.436,36.57,0.00,0.0000,22.52,0.000,0.0,255.3
2026-08-08T17:45:13.648369+00:00,1786211113.648,36.79,0.00,0.0000,21.65,0.000,0.0,255.3
2026-08-08T17:45:13.845829+00:00,1786211113.846,36.98,0.00,0.0000,21.22,0.000,0.0,255.3
2026-08-08T17:45:14.234528+00:00,1786211114.235,37.37,0.00,0.0000,20.41,0.000,0.0,255.3
2026-08-08T17:45:14.605871+00:00,1786211114.606,37.74,0.00,0.0000,20.01,0.000,0.0,255.3
2026-08-08T17:45:14.817112+00:00,1786211114.817,37.95,0.00,0.0000,19.21,0.000,0.0,255.3
2026-08-08T17:45:15.401286+00:00,1786211115.401,38.54,0.00,0.0000,17.12,0.000,0.0,255.3
2026-08-08T17:45:15.599059+00:00,1786211115.599,38.74,0.00,0.0000,16.07,0.000,0.0,255.3
2026-08-08T17:45:15.798386+00:00,1786211115.798,38.94,0.00,0.0000,15.11,0.000,0.0,255.3
2026-08-08T17:45:16.185454+00:00,1786211116.185,39.32,0.00,0.0000,13.19,0.000,0.0,255.3
2026-08-08T17:45:16.386429+00:00,1786211116.386,39.52,0.00,0.0000,12.24,0.000,0.0,255.3
2026-08-08T17:45:16.582617+00:00,1786211116.583,39.72,0.00,0.0000,11.28,0.000,0.0,255.3
2026-08-08T17:45:16.988516+00:00,1786211116.988,40.13,0.00,0.0000,9.33,0.000,0.0,255.3
2026-08-08T17:45:17.368923+00:00,1786211117.369,40.51,0.00,0.0000,7.40,0.000,0.0,255.3
2026-08-08T17:45:17.567311+00:00,1786211117.567,40.70,0.00,0.0000,6.59,0.000,0.0,255.3
2026-08-08T17:45:17.770253+00:00,1786211117.770,40.91,0.00,0.0000,5.79,0.000,0.0,244.2
2026-08-08T17:45:18.154361+00:00,1786211118.154,41.29,0.00,0.0000,4.20,0.000,0.0,244.2
2026-08-08T17:45:18.361439+00:00,1786211118.361,41.50,0.41,0.0000,3.40,0.000,0.0,233.1
2026-08-08T17:45:18.776743+00:00,1786211118.777,41.91,0.41,0.0022,2.09,0.000,0.0,233.1
2026-08-08T17:45:19.153887+00:00,1786211119.154,42.29,0.41,0.0022,0.79,0.000,0.0,233.1
2026-08-08T17:45:19.362280+00:00,1786211119.362,42.50,0.41,0.0022,0.14,0.000,0.0,222.0
2026-08-08T17:45:19.737214+00:00,1786211119.737,42.87,0.41,0.0022,-1.16,0.000,0.0,222.0
2026-08-08T17:45:19.941971+00:00,1786211119.942,43.08,0.41,0.0022,-1.81,0.000,0.0,188.7
2026-08-08T17:45:20.705064+00:00,1786211120.705,43.84,0.41,0.0022,-1.77,0.000,0.0,188.7
2026-08-08T17:45:20.904986+00:00,1786211120.905,44.04,0.41,0.0022,-1.75,0.000,0.0,188.7
2026-08-08T17:45:21.289628+00:00,1786211121.290,44.43,0.41,0.0022,-1.70,0.000,0.0,188.7
2026-08-08T17:45:21.486730+00:00,1786211121.487,44.62,0.41,0.0022,-1.68,0.000,0.0,188.7
2026-08-08T17:45:21.872110+00:00,1786211121.872,45.01,0.41,0.0022,-1.61,0.000,0.0,188.7
2026-08-08T17:45:22.071637+00:00,1786211122.072,45.21,0.00,0.0022,-1.58,0.000,0.0,188.7
2026-08-08T17:45:22.655986+00:00,1786211122.656,45.79,0.00,0.0022,-1.69,0.000,0.0,188.7
2026-08-08T17:45:22.854582+00:00,1786211122.855,45.99,0.00,0.0022,-1.74,0.000,0.0,188.7
2026-08-08T17:45:23.258983+00:00,1786211123.259,46.40,0.00,0.0022,-1.85,0.000,0.0,188.7
2026-08-08T17:45:23.633195+00:00,1786211123.633,46.77,0.00,0.0022,-1.91,0.000,0.0,188.7
2026-08-08T17:45:23.842325+00:00,1786211123.842,46.98,0.00,0.0022,-2.02,0.000,0.0,188.7
2026-08-08T17:45:24.040712+00:00,1786211124.041,47.18,0.00,0.0022,-2.08,0.000,0.0,188.7
2026-08-08T17:45:24.239363+00:00,1786211124.239,47.38,0.00,0.0022,-2.14,0.000,0.0,188.7
2026-08-08T17:45:24.629457+00:00,1786211124.629,47.77,0.00,0.0022,-2.26,0.000,0.0,188.7
2026-08-08T17:45:24.828864+00:00,1786211124.829,47.97,0.00,0.0022,-2.32,0.000,0.0,188.7
2026-08-08T17:45:25.027378+00:00,1786211125.027,48.16,0.00,0.0022,-2.38,0.000,0.0,188.7
2026-08-08T17:45:25.428159+00:00,1786211125.428,48.56,0.00,0.0022,-2.46,0.000,0.0,188.7
2026-08-08T17:45:25.626415+00:00,1786211125.626,48.76,0.00,0.0022,-2.53,0.000,0.0,188.7
2026-08-08T17:45:25.824474+00:00,1786211125.824,48.96,0.00,0.0022,-2.59,0.000,0.0,188.7
2026-08-08T17:45:26.211383+00:00,1786211126.211,49.35,0.00,0.0022,-2.73,0.000,0.0,188.7
2026-08-08T17:45:26.589468+00:00,1786211126.589,49.73,0.39,0.0044,-2.80,0.000,0.0,188.7
2026-08-08T17:45:26.796002+00:00,1786211126.796,49.93,0.39,0.0044,-2.77,0.000,0.0,188.7
2026-08-08T17:45:26.992890+00:00,1786211126.993,50.13,0.39,0.0044,-2.75,0.000,0.0,188.7
2026-08-08T17:45:27.192679+00:00,1786211127.193,50.33,0.39,0.0044,-2.74,0.000,0.0,188.7
2026-08-08T17:45:27.579094+00:00,1786211127.579,50.72,0.39,0.0044,-2.54,0.000,0.0,188.7
2026-08-08T17:45:27.778159+00:00,1786211127.778,50.91,0.39,0.0044,-2.44,0.000,0.0,188.7
2026-08-08T17:45:27.978220+00:00,1786211127.978,51.11,0.39,0.0044,-2.34,0.000,0.0,188.7
2026-08-08T17:45:28.768077+00:00,1786211128.768,51.90,0.40,0.0066,-2.20,0.000,0.0,188.7
2026-08-08T17:45:28.963129+00:00,1786211128.963,52.10,0.40,0.0066,-2.13,0.000,0.0,188.7
2026-08-08T17:45:29.163550+00:00,1786211129.164,52.30,0.40,0.0066,-2.06,0.000,0.0,188.7
2026-08-08T17:45:29.545328+00:00,1786211129.545,52.68,0.48,0.0088,-1.91,0.000,0.0,188.7
2026-08-08T17:45:29.921570+00:00,1786211129.922,53.06,0.48,0.0088,-1.84,0.000,0.0,188.7
2026-08-08T17:45:30.117228+00:00,1786211130.117,53.25,0.48,0.0088,-1.77,0.000,0.0,188.7
2026-08-08T17:45:30.716520+00:00,1786211130.716,53.85,2.65,0.0110,-1.57,0.178,0.0,188.7
2026-08-08T17:45:31.089627+00:00,1786211131.090,54.23,7.03,0.0110,-1.49,0.525,0.0,188.7
2026-08-08T17:45:31.299817+00:00,1786211131.300,54.44,7.03,0.0132,-1.41,0.524,6.4,188.7
2026-08-08T17:45:31.506240+00:00,1786211131.506,54.64,7.03,0.0132,-1.33,0.523,11.4,188.7
2026-08-08T17:45:31.703853+00:00,1786211131.704,54.84,7.03,0.0132,-1.25,0.627,18.0,188.7
2026-08-08T17:45:32.890817+00:00,1786211132.891,56.03,10.12,0.0176,-0.91,0.688,29.8,188.7
2026-08-08T17:45:33.097706+00:00,1786211133.098,56.23,11.41,0.0176,-0.87,0.777,45.4,188.7
2026-08-08T17:45:33.305362+00:00,1786211133.305,56.44,11.41,0.0198,-0.82,0.808,61.8,188.7
2026-08-08T17:45:33.506142+00:00,1786211133.506,56.64,11.41,0.0198,-0.78,0.848,79.2,188.7
2026-08-08T17:45:33.702188+00:00,1786211133.702,56.84,11.41,0.0198,-0.74,0.847,96.8,188.7
2026-08-08T17:45:33.897973+00:00,1786211133.898,57.03,11.32,0.0220,-0.69,0.758,112.4,188.7
2026-08-08T17:45:34.106082+00:00,1786211134.106,57.24,11.32,0.0220,-0.65,0.396,120.3,188.7
2026-08-08T17:45:34.508541+00:00,1786211134.509,57.65,12.74,0.0242,-0.74,0.495,131.5,188.7
2026-08-08T17:45:34.703124+00:00,1786211134.703,57.84,12.74,0.0242,-0.73,0.497,138.0,188.7
2026-08-08T17:45:34.898692+00:00,1786211134.899,58.04,12.74,0.0242,-0.73,0.497,144.5,188.7
2026-08-08T17:45:35.098478+00:00,1786211135.098,58.24,12.14,0.0242,-0.72,0.254,144.5,188.7
2026-08-08T17:45:35.303699+00:00,1786211135.304,58.44,12.14,0.0242,-0.72,0.092,139.1,188.7
2026-08-08T17:45:35.498444+00:00,1786211135.498,58.64,12.14,0.0264,-0.71,0.093,128.5,188.7
2026-08-08T17:45:35.703799+00:00,1786211135.704,58.84,12.19,0.0264,-0.71,0.099,114.4,188.7
2026-08-08T17:45:35.903608+00:00,1786211135.904,59.04,12.19,0.0264,-0.70,0.098,99.4,188.7
2026-08-08T17:45:36.888205+00:00,1786211136.888,60.02,12.57,0.0308,-0.09,0.117,86.4,188.7
2026-08-08T17:45:37.099668+00:00,1786211137.100,60.24,12.57,0.0308,0.10,0.116,74.1,188.7
2026-08-08T17:45:37.488112+00:00,1786211137.488,60.62,14.48,0.0352,0.48,0.162,67.8,222.0
2026-08-08T17:45:37.689330+00:00,1786211137.689,60.83,14.48,0.0352,0.68,0.162,70.1,222.0
2026-08-08T17:45:37.884504+00:00,1786211137.884,61.02,14.49,0.0374,0.87,0.163,70.2,222.0
2026-08-08T17:45:38.461569+00:00,1786211138.462,61.60,14.61,0.0396,0.97,0.204,72.0,222.0
2026-08-08T17:45:38.658198+00:00,1786211138.658,61.79,14.61,0.0396,0.97,0.204,73.7,222.0
2026-08-08T17:45:38.875635+00:00,1786211138.876,62.01,16.97,0.0396,0.95,0.397,90.4,222.0
2026-08-08T17:45:39.085841+00:00,1786211139.086,62.22,16.97,0.0418,0.95,0.393,110.7,222.0
2026-08-08T17:45:39.288671+00:00,1786211139.289,62.43,15.77,0.0418,0.94,0.294,126.2,222.0
2026-08-08T17:45:39.490501+00:00,1786211139.490,62.63,15.77,0.0418,1.04,0.341,143.5,222.0
2026-08-08T17:45:39.689232+00:00,1786211139.689,62.83,17.57,0.0462,1.10,0.536,170.2,222.0
2026-08-08T17:45:39.896326+00:00,1786211139.896,63.03,17.57,0.0462,1.16,0.356,188.1,222.0
2026-08-08T17:45:40.090460+00:00,1786211140.090,63.23,19.51,0.0462,1.22,0.582,217.2,222.0
2026-08-08T17:45:41.248314+00:00,1786211141.248,64.39,16.14,0.0506,1.23,0.136,221.6,222.0
2026-08-08T17:45:41.459906+00:00,1786211141.460,64.60,19.51,0.0550,1.26,0.454,241.1,222.0
2026-08-08T17:45:41.675705+00:00,1786211141.676,64.81,19.51,0.0550,1.06,0.452,258.2,222.0
2026-08-08T17:45:41.875148+00:00,1786211141.875,65.01,17.84,0.0572,0.86,0.080,256.9,222.0
2026-08-08T17:45:42.083381+00:00,1786211142.083,65.22,19.92,0.0572,0.65,0.274,263.5,222.0
2026-08-08T17:45:42.279307+00:00,1786211142.279,65.42,19.92,0.0572,0.45,0.386,264.4,222.0
2026-08-08T17:45:42.478094+00:00,1786211142.478,65.61,25.83,0.0616,0.25,0.936,300.5,222.0
2026-08-08T17:45:42.685294+00:00,1786211142.685,65.82,25.83,0.0616,0.04,0.766,331.2,222.0
2026-08-08T17:45:43.862584+00:00,1786211143.863,67.00,20.27,0.0682,-0.41,0.189,322.3,222.0
2026-08-08T17:45:44.076538+00:00,1786211144.077,67.21,19.96,0.0682,-0.54,0.000,295.6,222.0
2026-08-08T17:45:44.282752+00:00,1786211144.283,67.42,22.35,0.0726,-0.67,0.569,299.3,222.0
2026-08-08T17:45:44.484302+00:00,1786211144.484,67.62,22.35,0.0726,-0.75,0.261,277.2,188.7
2026-08-08T17:45:44.680984+00:00,1786211144.681,67.82,22.58,0.0726,-0.82,0.284,276.2,188.7
2026-08-08T17:45:44.881906+00:00,1786211144.882,68.02,22.58,0.0748,-0.89,0.439,265.5,188.7
2026-08-08T17:45:45.082342+00:00,1786211145.082,68.22,22.35,0.0748,-0.96,0.225,246.2,188.7
2026-08-08T17:45:45.485203+00:00,1786211145.485,68.62,24.89,0.0792,-1.12,0.431,254.5,188.7
2026-08-08T17:45:45.681115+00:00,1786211145.681,68.82,22.56,0.0792,-1.20,-0.283,220.3,188.7
2026-08-08T17:45:45.883323+00:00,1786211145.883,69.02,22.56,0.0814,-1.28,-0.284,182.6,188.7
2026-08-08T17:45:46.080931+00:00,1786211146.081,69.22,22.78,0.0814,-1.36,0.315,135.4,188.7
2026-08-08T17:45:46.280400+00:00,1786211146.280,69.42,22.78,0.0814,-1.44,0.356,99.6,188.7
2026-08-08T17:45:46.479046+00:00,1786211146.479,69.62,22.61,0.0858,-1.46,0.000,85.6,188.7
2026-08-08T17:45:46.683204+00:00,1786211146.683,69.82,22.61,0.0858,-1.49,0.000,79.8,188.7
2026-08-08T17:45:47.463947+00:00,1786211147.464,70.60,22.67,0.0902,-1.58,0.000,48.7,188.7
2026-08-08T17:45:47.672526+00:00,1786211147.673,70.81,22.67,0.0924,-1.62,0.000,31.2,188.7
2026-08-08T17:45:47.874434+00:00,1786211147.874,71.01,22.61,0.0924,-1.66,0.000,12.8,188.7
2026-08-08T17:45:48.076379+00:00,1786211148.076,71.21,26.28,0.0924,-1.69,0.149,0.0,188.7
2026-08-08T17:45:48.278595+00:00,1786211148.279,71.42,26.28,0.0968,-1.73,0.397,0.0,188.7
2026-08-08T17:45:48.473712+00:00,1786211148.474,71.61,22.59,0.0968,-1.76,0.000,0.0,188.7
2026-08-08T17:45:48.674946+00:00,1786211148.675,71.81,22.59,0.0968,-1.80,0.000,0.0,188.7
2026-08-08T17:45:49.269217+00:00,1786211149.269,72.41,26.01,0.1012,-1.85,0.300,7.4,188.7
2026-08-08T17:45:49.479050+00:00,1786211149.479,72.62,22.64,0.1056,-1.87,0.000,0.0,188.7
2026-08-08T17:45:49.683395+00:00,1786211149.683,72.82,22.64,0.1056,-1.89,0.000,0.0,188.7
2026-08-08T17:45:50.066155+00:00,1786211150.066,73.20,22.58,0.1078,-1.94,0.000,0.0,188.7
2026-08-08T17:45:50.441724+00:00,1786211150.442,73.58,23.24,0.1078,-1.96,0.057,0.0,188.7
2026-08-08T17:45:50.651774+00:00,1786211150.652,73.79,23.24,0.1122,-2.01,0.063,0.0,188.7
2026-08-08T17:45:50.848961+00:00,1786211150.849,73.99,22.97,0.1122,-2.03,-0.332,0.0,188.7
2026-08-08T17:45:51.227356+00:00,1786211151.227,74.36,23.41,0.1166,-2.05,-0.271,0.0,188.7
2026-08-08T17:45:51.435112+00:00,1786211151.435,74.57,23.41,0.1166,-2.09,0.077,0.0,188.7
2026-08-08T17:45:51.636300+00:00,1786211151.636,74.77,26.46,0.1166,-2.11,0.363,0.0,188.7
2026-08-08T17:45:51.839458+00:00,1786211151.839,74.98,22.82,0.1210,-2.14,-0.345,0.0,188.7
2026-08-08T17:45:52.236479+00:00,1786211152.236,75.37,22.81,0.1210,-2.12,0.000,0.0,188.7
2026-08-08T17:45:52.435780+00:00,1786211152.436,75.57,22.81,0.1232,-2.10,0.000,0.0,188.7
2026-08-08T17:45:52.634561+00:00,1786211152.635,75.77,22.42,0.1232,-2.09,0.000,0.0,188.7
2026-08-08T17:45:53.010764+00:00,1786211153.011,76.15,22.99,0.1275,-2.07,0.000,0.0,188.7
2026-08-08T17:45:53.219726+00:00,1786211153.220,76.36,22.99,0.1275,-2.04,0.000,0.0,188.7
2026-08-08T17:45:53.417142+00:00,1786211153.417,76.55,19.99,0.1275,-2.02,-0.322,0.0,188.7
2026-08-08T17:45:54.020534+00:00,1786211154.021,77.16,22.86,0.1319,-2.04,-0.055,0.0,188.7
2026-08-08T17:45:54.223195+00:00,1786211154.223,77.36,22.86,0.1341,-2.05,-0.055,0.0,188.7
2026-08-08T17:45:54.423805+00:00,1786211154.424,77.56,22.50,0.1341,-2.05,-0.394,0.0,188.7
2026-08-08T17:45:54.622409+00:00,1786211154.622,77.76,22.50,0.1341,-2.06,0.000,0.0,188.7
2026-08-08T17:45:54.825353+00:00,1786211154.825,77.96,22.48,0.1385,-2.06,0.000,0.0,188.7
2026-08-08T17:45:55.024505+00:00,1786211155.024,78.16,22.48,0.1385,-2.06,0.000,0.0,188.7
2026-08-08T17:45:55.221344+00:00,1786211155.221,78.36,22.24,0.1385,-2.03,0.000,0.0,188.7
2026-08-08T17:45:55.421161+00:00,1786211155.421,78.56,22.63,0.1429,-2.02,0.000,0.0,188.7
2026-08-08T17:45:55.630395+00:00,1786211155.630,78.77,22.63,0.1429,-2.00,0.000,0.0,188.7
2026-08-08T17:45:56.020572+00:00,1786211156.021,79.16,22.55,0.1451,-1.96,0.272,0.0,188.7
2026-08-08T17:45:56.228490+00:00,1786211156.228,79.37,22.74,0.1451,-1.94,0.000,0.0,188.7
2026-08-08T17:45:57.003494+00:00,1786211157.003,80.14,22.06,0.1495,-1.82,-0.080,0.0,188.7
2026-08-08T17:45:57.207988+00:00,1786211157.208,80.34,22.06,0.1517,-1.77,0.000,0.0,188.7
2026-08-08T17:45:57.600274+00:00,1786211157.600,80.74,18.01,0.1517,-1.75,-0.419,0.0,188.7
2026-08-08T17:45:57.796143+00:00,1786211157.796,80.93,22.70,0.1561,-1.74,0.000,0.0,188.7
2026-08-08T17:45:57.992885+00:00,1786211157.993,81.13,22.80,0.1561,-1.73,0.000,0.0,188.7
2026-08-08T17:45:58.191490+00:00,1786211158.191,81.33,22.80,0.1561,-1.72,0.052,0.0,188.7
2026-08-08T17:45:58.396019+00:00,1786211158.396,81.53,20.50,0.1605,-1.71,-0.199,0.0,188.7
2026-08-08T17:45:58.599974+00:00,1786211158.600,81.74,20.50,0.1605,-1.70,-0.199,0.0,188.7
2026-08-08T17:45:58.826724+00:00,1786211158.827,81.96,25.64,0.1605,-1.69,0.306,0.0,188.7
2026-08-08T17:45:59.026539+00:00,1786211159.027,82.16,25.64,0.1627,-1.65,0.288,0.0,188.7
2026-08-08T17:45:59.798281+00:00,1786211159.798,82.94,17.54,0.1671,-1.51,-0.449,0.0,188.7
2026-08-08T17:46:00.001905+00:00,1786211160.002,83.14,17.54,0.1671,-1.44,-0.449,0.0,188.7
2026-08-08T17:46:00.396236+00:00,1786211160.396,83.53,17.64,0.1693,-1.31,0.000,0.0,188.7
2026-08-08T17:46:00.601690+00:00,1786211160.602,83.74,17.76,0.1693,-1.24,-0.489,0.0,188.7
2026-08-08T17:46:00.799349+00:00,1786211160.799,83.94,17.76,0.1693,-1.19,-0.499,0.0,188.7
2026-08-08T17:46:01.393030+00:00,1786211161.393,84.53,21.17,0.1737,-0.74,-0.141,0.0,188.7
2026-08-08T17:46:01.596849+00:00,1786211161.597,84.73,21.17,0.1759,-0.51,0.058,0.0,188.7
2026-08-08T17:46:01.798883+00:00,1786211161.799,84.94,19.73,0.1759,-0.29,-0.067,0.0,188.7
2026-08-08T17:46:01.998816+00:00,1786211161.999,85.14,19.73,0.1759,-0.07,-0.518,0.0,188.7
2026-08-08T17:46:02.197246+00:00,1786211162.197,85.33,19.86,0.1803,0.16,-0.507,0.0,188.7
2026-08-08T17:46:02.408829+00:00,1786211162.409,85.55,19.86,0.1803,0.38,0.247,0.0,222.0
2026-08-08T17:46:03.393164+00:00,1786211163.393,86.53,19.88,0.1847,0.98,0.192,0.0,222.0
2026-08-08T17:46:03.600240+00:00,1786211163.600,86.74,19.88,0.1847,1.18,0.194,0.0,222.0
2026-08-08T17:46:03.979545+00:00,1786211163.980,87.12,19.94,0.1891,1.59,0.180,0.0,222.0
2026-08-08T17:46:04.188393+00:00,1786211164.188,87.33,20.11,0.1891,1.79,0.193,29.3,222.0
2026-08-08T17:46:04.397045+00:00,1786211164.397,87.53,20.11,0.1891,2.00,-0.098,63.6,222.0
2026-08-08T17:46:04.600409+00:00,1786211164.600,87.74,19.82,0.1935,2.20,-0.125,97.9,222.0
2026-08-08T17:46:05.012916+00:00,1786211165.013,88.15,21.75,0.1935,2.42,0.175,133.5,233.1
2026-08-08T17:46:05.393532+00:00,1786211165.394,88.53,19.78,0.1957,2.60,0.000,150.6,233.1
2026-08-08T17:46:05.612177+00:00,1786211165.612,88.75,22.34,0.1957,2.68,0.202,184.7,233.1
2026-08-08T17:46:05.808406+00:00,1786211165.808,88.95,22.34,0.2001,2.77,0.203,235.2,233.1
2026-08-08T17:46:06.003593+00:00,1786211166.004,89.14,22.54,0.2001,2.86,0.283,288.4,233.1
2026-08-08T17:46:06.209162+00:00,1786211166.209,89.35,22.54,0.2001,2.95,0.283,312.0,233.1
2026-08-08T17:46:07.765211+00:00,1786211167.765,90.90,22.12,0.2111,2.40,0.160,323.7,233.1
2026-08-08T17:46:07.983238+00:00,1786211167.983,91.12,19.89,0.2111,2.18,0.000,322.7,233.1
2026-08-08T17:46:08.185423+00:00,1786211168.185,91.32,22.92,0.2155,1.97,0.206,331.2,233.1
2026-08-08T17:46:08.392876+00:00,1786211168.393,91.53,22.92,0.2155,1.76,0.227,336.8,222.0
2026-08-08T17:46:08.772465+00:00,1786211168.772,91.91,22.60,0.2177,1.33,0.063,341.6,222.0
2026-08-08T17:46:09.567581+00:00,1786211169.568,92.70,25.39,0.2221,0.64,0.373,359.5,222.0
2026-08-08T17:46:09.783468+00:00,1786211169.783,92.92,22.37,0.2243,0.41,0.000,338.4,222.0
2026-08-08T17:46:09.988257+00:00,1786211169.988,93.12,22.76,0.2243,0.18,0.000,324.9,222.0
2026-08-08T17:46:10.185831+00:00,1786211170.186,93.32,22.76,0.2243,-0.05,0.000,296.6,222.0
2026-08-08T17:46:10.385161+00:00,1786211170.385,93.52,22.54,0.2287,-0.29,0.000,265.8,222.0
2026-08-08T17:46:10.595747+00:00,1786211170.596,93.73,22.54,0.2287,-0.52,0.000,228.8,188.7
2026-08-08T17:46:11.771550+00:00,1786211171.772,94.91,22.64,0.2353,-0.84,0.201,197.6,188.7
2026-08-08T17:46:11.987199+00:00,1786211171.987,95.12,22.64,0.2353,-1.01,0.000,166.5,188.7
2026-08-08T17:46:12.184659+00:00,1786211172.185,95.32,22.88,0.2397,-1.17,0.000,145.5,188.7
2026-08-08T17:46:12.385501+00:00,1786211172.385,95.52,22.88,0.2397,-1.34,0.000,111.8,188.7
2026-08-08T17:46:12.582576+00:00,1786211172.583,95.72,22.87,0.2397,-1.51,-0.232,67.3,188.7
2026-08-08T17:46:12.904010+00:00,1786211172.904,96.04,24.56,0.2441,-1.67,0.196,52.1,188.7
2026-08-08T17:46:13.104409+00:00,1786211173.104,96.24,24.56,0.2441,-1.84,0.160,20.9,188.7
2026-08-08T17:46:13.763705+00:00,1786211173.764,96.90,22.92,0.2485,-2.02,0.000,3.2,188.7
2026-08-08T17:46:14.048947+00:00,1786211174.049,97.19,21.73,0.2485,-2.10,-0.062,0.0,188.7
2026-08-08T17:46:14.308991+00:00,1786211174.309,97.45,22.24,0.2529,-2.14,0.000,0.0,188.7
2026-08-08T17:46:14.507431+00:00,1786211174.507,97.64,22.24,0.2529,-2.18,0.000,0.0,188.7
2026-08-08T17:46:14.708152+00:00,1786211174.708,97.84,27.48,0.2529,-2.22,0.494,0.0,188.7
2026-08-08T17:46:14.947923+00:00,1786211174.948,98.08,27.48,0.2551,-2.26,0.462,0.0,188.7
2026-08-08T17:46:15.182894+00:00,1786211175.183,98.32,19.55,0.2551,-2.30,-0.330,0.0,188.7
2026-08-08T17:46:15.786818+00:00,1786211175.787,98.92,21.85,0.2595,-2.27,-0.089,0.0,188.7
2026-08-08T17:46:16.017593+00:00,1786211176.018,99.15,21.85,0.2595,-2.22,-0.241,0.0,188.7
2026-08-08T17:46:16.215044+00:00,1786211176.215,99.35,20.96,0.2639,-2.20,-0.321,0.0,188.7
2026-08-08T17:46:16.419852+00:00,1786211176.420,99.56,20.96,0.2639,-2.18,-0.205,0.0,188.7
2026-08-08T17:46:16.618636+00:00,1786211176.619,99.76,21.85,0.2639,-2.15,0.000,0.0,188.7
2026-08-08T17:46:16.817942+00:00,1786211176.818,99.95,21.85,0.2661,-2.13,0.000,0.0,188.7
2026-08-08T17:46:17.017891+00:00,1786211177.018,100.15,22.08,0.2661,-2.10,0.000,0.0,188.7
2026-08-08T17:46:17.214860+00:00,1786211177.215,100.35,21.32,0.2661,-2.06,-0.683,0.0,188.7
2026-08-08T17:46:17.615062+00:00,1786211177.615,100.75,22.62,0.2705,-2.12,-0.506,0.0,188.7
2026-08-08T17:46:17.820665+00:00,1786211177.821,100.96,22.62,0.2705,-2.16,0.323,0.0,188.7
2026-08-08T17:46:18.018804+00:00,1786211178.019,101.16,22.66,0.2749,-2.19,0.101,0.0,188.7
2026-08-08T17:46:18.255041+00:00,1786211178.255,101.39,22.66,0.2749,-2.22,0.100,0.0,188.7
2026-08-08T17:46:18.635996+00:00,1786211178.636,101.77,22.42,0.2771,-2.29,0.168,0.0,188.7
2026-08-08T17:46:18.841293+00:00,1786211178.841,101.98,19.55,0.2771,-2.31,-0.161,0.0,188.7
2026-08-08T17:46:19.236425+00:00,1786211179.236,102.37,21.69,0.2815,-2.24,0.000,0.0,188.7
2026-08-08T17:46:19.437305+00:00,1786211179.437,102.57,21.69,0.2815,-2.20,0.000,0.0,188.7
2026-08-08T17:46:19.634395+00:00,1786211179.634,102.77,19.62,0.2815,-2.17,-0.261,0.0,188.7
2026-08-08T17:46:19.836494+00:00,1786211179.836,102.97,22.52,0.2859,-2.13,0.128,0.0,188.7
2026-08-08T17:46:20.043986+00:00,1786211180.044,103.18,22.52,0.2859,-2.10,0.000,0.0,188.7
2026-08-08T17:46:20.431586+00:00,1786211180.432,103.57,22.61,0.2881,-2.07,0.000,0.0,188.7
2026-08-08T17:46:21.034964+00:00,1786211181.035,104.17,22.62,0.2903,-2.10,0.000,0.0,188.7
2026-08-08T17:46:21.233972+00:00,1786211181.234,104.37,22.62,0.2903,-2.11,0.000,0.0,188.7
2026-08-08T17:46:21.432232+00:00,1786211181.432,104.57,19.78,0.2947,-2.13,-0.262,0.0,188.7
2026-08-08T17:46:21.637744+00:00,1786211181.638,104.77,19.78,0.2947,-2.14,0.000,0.0,188.7
2026-08-08T17:46:21.836673+00:00,1786211181.837,104.97,19.78,0.2947,-2.15,-0.204,0.0,188.7
2026-08-08T17:46:22.035072+00:00,1786211182.035,105.17,19.78,0.2969,-2.17,-0.204,0.0,188.7
2026-08-08T17:46:22.238916+00:00,1786211182.239,105.38,19.76,0.2969,-2.18,0.000,0.0,188.7
2026-08-08T17:46:22.638158+00:00,1786211182.638,105.77,21.40,0.3013,-2.16,-0.112,0.0,188.7
2026-08-08T17:46:22.841869+00:00,1786211182.842,105.98,21.40,0.3013,-2.11,-0.112,0.0,188.7
2026-08-08T17:46:23.044157+00:00,1786211183.044,106.18,19.65,0.3035,-2.06,-0.314,0.0,188.7
2026-08-08T17:46:23.253821+00:00,1786211183.254,106.39,19.65,0.3035,-2.01,-0.371,0.0,188.7
2026-08-08T17:46:23.454666+00:00,1786211183.455,106.59,19.58,0.3035,-1.96,-0.380,0.0,188.7
2026-08-08T17:46:23.658325+00:00,1786211183.658,106.80,19.58,0.3057,-1.91,0.000,0.0,188.7
2026-08-08T17:46:23.857744+00:00,1786211183.858,106.99,19.56,0.3057,-1.86,0.000,0.0,188.7
2026-08-08T17:46:24.650744+00:00,1786211184.651,107.79,20.55,0.3123,-1.88,0.077,0.0,188.7
2026-08-08T17:46:25.037890+00:00,1786211185.038,108.17,19.95,0.3123,-1.90,0.000,0.0,188.7
2026-08-08T17:46:25.252296+00:00,1786211185.252,108.39,19.95,0.3145,-2.04,0.000,0.0,188.7
2026-08-08T17:46:25.453563+00:00,1786211185.454,108.59,19.74,0.3145,-2.11,-0.163,0.0,188.7
2026-08-08T17:46:25.663325+00:00,1786211185.663,108.80,19.74,0.3145,-2.18,-0.163,0.0,188.7
2026-08-08T17:46:26.057550+00:00,1786211186.058,109.19,16.71,0.3167,-2.32,-0.271,0.0,188.7
2026-08-08T17:46:26.258232+00:00,1786211186.258,109.39,16.71,0.3167,-2.39,-0.272,0.0,188.7
2026-08-08T17:46:26.453349+00:00,1786211186.453,109.59,16.90,0.3211,-2.46,-0.248,0.0,188.7
2026-08-08T17:46:26.856944+00:00,1786211186.857,109.99,17.38,0.3211,-2.57,-0.192,0.0,188.7
2026-08-08T17:46:27.060054+00:00,1786211187.060,110.20,17.38,0.3233,-2.62,-0.189,0.0,188.7
2026-08-08T17:46:27.256527+00:00,1786211187.256,110.39,17.38,0.3233,-2.68,-0.339,0.0,188.7
2026-08-08T17:46:27.456781+00:00,1786211187.457,110.59,15.85,0.3233,-2.73,-0.470,0.0,188.7
2026-08-08T17:46:27.660794+00:00,1786211187.661,110.80,15.85,0.3255,-2.77,-0.472,0.0,188.7
2026-08-08T17:46:27.865162+00:00,1786211187.865,111.00,17.54,0.3255,-2.81,-0.253,0.0,188.7
2026-08-08T17:46:28.085550+00:00,1786211188.086,111.22,17.54,0.3255,-2.85,-0.252,0.0,188.7
2026-08-08T17:46:29.120714+00:00,1786211189.121,112.26,15.32,0.3299,-2.91,-0.126,0.0,188.7
2026-08-08T17:46:29.357732+00:00,1786211189.358,112.49,15.32,0.3321,-3.03,-0.125,0.0,188.7
2026-08-08T17:46:29.595594+00:00,1786211189.596,112.73,14.88,0.3321,-3.09,-0.179,0.0,188.7
2026-08-08T17:46:29.795986+00:00,1786211189.796,112.93,14.88,0.3321,-3.15,-0.236,0.0,188.7
2026-08-08T17:46:30.023112+00:00,1786211190.023,113.16,14.88,0.3343,-3.15,-0.234,0.0,188.7
2026-08-08T17:46:30.251732+00:00,1786211190.252,113.39,14.88,0.3343,-3.21,-0.231,0.0,188.7
2026-08-08T17:46:30.642778+00:00,1786211190.643,113.78,12.26,0.3365,-3.33,-0.313,0.0,188.7
2026-08-08T17:46:31.052510+00:00,1786211191.052,114.19,12.26,0.3365,-3.64,-0.294,0.0,188.7
2026-08-08T17:46:31.436713+00:00,1786211191.437,114.57,12.26,0.3365,-3.98,-0.411,0.0,188.7
2026-08-08T17:46:31.637854+00:00,1786211191.638,114.77,10.10,0.3365,-4.14,-0.582,0.0,188.7
2026-08-08T17:46:31.841638+00:00,1786211191.842,114.98,10.10,0.3387,-4.31,-0.533,0.0,188.7
2026-08-08T17:46:32.043151+00:00,1786211192.043,115.18,10.10,0.3387,-4.48,-0.540,0.0,188.7
2026-08-08T17:46:32.239965+00:00,1786211192.240,115.38,10.10,0.3387,-4.64,-0.502,0.0,188.7
2026-08-08T17:46:32.444799+00:00,1786211192.445,115.58,10.10,0.3387,-4.83,-0.502,0.0,188.7
2026-08-08T17:46:32.837449+00:00,1786211192.837,115.97,10.10,0.3387,-4.92,-0.472,0.0,188.7
2026-08-08T17:46:33.036825+00:00,1786211193.037,116.17,10.10,0.3387,-4.97,-0.477,0.0,188.7
2026-08-08T17:46:33.239839+00:00,1786211193.240,116.38,10.10,0.3387,-5.02,-0.231,0.0,188.7
2026-08-08T17:46:33.438897+00:00,1786211193.439,116.58,10.10,0.3387,-5.07,-0.251,0.0,188.7
2026-08-08T17:46:33.639057+00:00,1786211193.639,116.78,10.10,0.3387,-5.12,-0.272,0.0,188.7
2026-08-08T17:46:33.858549+00:00,1786211193.859,117.00,10.10,0.3387,-5.17,0.000,0.0,0.0
2026-08-08T17:46:34.829491+00:00,1786211194.829,117.97,10.10,0.3387,-4.37,0.000,0.0,188.7
2026-08-08T17:46:35.024153+00:00,1786211195.024,118.16,10.10,0.3387,-3.95,0.000,0.0,188.7
2026-08-08T17:46:35.229951+00:00,1786211195.230,118.37,10.10,0.3387,-3.54,0.000,0.0,188.7
2026-08-08T17:46:35.625147+00:00,1786211195.625,118.76,0.00,0.3387,-2.71,-0.882,0.0,188.7
2026-08-08T17:46:35.841481+00:00,1786211195.841,118.98,0.00,0.3387,-2.30,-0.934,0.0,188.7
2026-08-08T17:46:36.424777+00:00,1786211196.425,119.56,0.00,0.3387,-0.68,-0.828,0.0,188.7
2026-08-08T17:46:36.625486+00:00,1786211196.625,119.76,0.00,0.3387,-0.07,-0.829,0.0,188.7
2026-08-08T17:46:36.822246+00:00,1786211196.822,119.96,0.00,0.3387,0.54,-0.829,0.0,188.7
2026-08-08T17:46:37.020963+00:00,1786211197.021,120.16,0.00,0.3387,1.15,-0.830,0.0,188.7
2026-08-08T17:46:37.415786+00:00,1786211197.416,120.55,0.00,0.3387,2.38,-0.789,0.0,222.0
2026-08-08T17:46:37.612943+00:00,1786211197.613,120.75,0.00,0.3387,2.99,-1.008,0.0,222.0
2026-08-08T17:46:38.211005+00:00,1786211198.211,121.35,0.00,0.3387,4.08,-0.881,0.0,233.1
2026-08-08T17:46:38.410538+00:00,1786211198.411,121.55,0.00,0.3387,4.56,-0.882,0.0,233.1
2026-08-08T17:46:38.607929+00:00,1786211198.608,121.74,0.00,0.3387,5.03,0.000,0.0,233.1
2026-08-08T17:46:38.808492+00:00,1786211198.808,121.95,0.00,0.3387,5.51,0.000,0.0,233.1
2026-08-08T17:46:39.200955+00:00,1786211199.201,122.34,0.00,0.3387,6.47,0.000,0.0,244.2
2026-08-08T17:46:39.792582+00:00,1786211199.793,122.93,0.00,0.3387,7.46,0.000,0.0,244.2
2026-08-08T17:46:39.991473+00:00,1786211199.991,123.13,0.00,0.3387,7.50,0.000,0.0,244.2
2026-08-08T17:46:40.216477+00:00,1786211200.216,123.35,0.00,0.3387,7.53,0.000,0.0,244.2
2026-08-08T17:46:40.416045+00:00,1786211200.416,123.55,0.00,0.3387,7.57,0.000,0.0,244.2
2026-08-08T17:46:40.611928+00:00,1786211200.612,123.75,0.00,0.3387,7.61,0.000,0.0,244.2
2026-08-08T17:46:40.809859+00:00,1786211200.810,123.95,0.00,0.3387,7.64,0.000,0.0,244.2
2026-08-08T17:46:41.382204+00:00,1786211201.382,124.52,0.00,0.3387,7.59,0.000,0.0,244.2
2026-08-08T17:46:41.594304+00:00,1786211201.594,124.73,0.00,0.3387,7.41,0.000,0.0,244.2
2026-08-08T17:46:41.967400+00:00,1786211201.967,125.10,0.00,0.3387,7.32,0.000,0.0,244.2
2026-08-08T17:46:42.177283+00:00,1786211202.177,125.31,0.00,0.3387,6.95,0.000,0.0,244.2
2026-08-08T17:46:42.374951+00:00,1786211202.375,125.51,0.00,0.3387,6.76,0.000,0.0,244.2
2026-08-08T17:46:42.760628+00:00,1786211202.761,125.90,0.00,0.3387,6.39,0.000,0.0,244.2
2026-08-08T17:46:42.959723+00:00,1786211202.960,126.10,0.00,0.3387,6.21,0.000,0.0,244.2
2026-08-08T17:46:43.346248+00:00,1786211203.346,126.48,0.00,0.3387,5.84,0.000,0.0,244.2
2026-08-08T17:46:43.747194+00:00,1786211203.747,126.88,0.00,0.3387,5.07,0.000,0.0,244.2
2026-08-08T17:46:43.943679+00:00,1786211203.944,127.08,0.00,0.3387,4.69,0.000,0.0,244.2
2026-08-08T17:46:44.144767+00:00,1786211204.145,127.28,0.00,0.3387,4.30,0.000,0.0,244.2
2026-08-08T17:46:44.344384+00:00,1786211204.344,127.48,0.00,0.3387,3.92,0.000,0.0,233.1
2026-08-08T17:46:44.729973+00:00,1786211204.730,127.87,0.00,0.3387,3.15,0.000,0.0,233.1
2026-08-08T17:46:44.927388+00:00,1786211204.927,128.06,0.00,0.3387,2.77,0.000,0.0,233.1
2026-08-08T17:46:45.515020+00:00,1786211205.515,128.65,0.00,0.3387,1.93,0.000,0.0,233.1
2026-08-08T17:46:45.713166+00:00,1786211205.713,128.85,1.89,0.3387,1.65,0.178,0.0,233.1
2026-08-08T17:46:45.919813+00:00,1786211205.920,129.06,1.89,0.3409,1.43,0.177,3.5,233.1
2026-08-08T17:46:46.114378+00:00,1786211206.114,129.25,1.89,0.3409,1.22,0.189,5.1,222.0
2026-08-08T17:46:46.312360+00:00,1786211206.312,129.45,1.89,0.3409,1.03,0.204,6.6,222.0
2026-08-08T17:46:46.512366+00:00,1786211206.512,129.65,1.89,0.3409,0.84,0.204,8.0,222.0
2026-08-08T17:46:46.905485+00:00,1786211206.905,130.04,1.89,0.3409,0.62,0.190,9.2,222.0
2026-08-08T17:46:47.107982+00:00,1786211207.108,130.24,1.89,0.3409,0.51,0.190,10.3,222.0
2026-08-08T17:46:47.317296+00:00,1786211207.317,130.45,1.79,0.3409,0.39,0.192,11.4,222.0
2026-08-08T17:46:47.514178+00:00,1786211207.514,130.65,1.79,0.3409,0.27,0.192,12.3,222.0
2026-08-08T17:46:47.712489+00:00,1786211207.712,130.85,1.79,0.3431,0.16,0.226,13.3,222.0
2026-08-08T17:46:47.913228+00:00,1786211207.913,131.05,1.79,0.3431,0.04,0.000,13.5,222.0
2026-08-08T17:46:48.113921+00:00,1786211208.114,131.25,1.79,0.3431,-0.08,0.000,13.6,222.0
2026-08-08T17:46:48.706922+00:00,1786211208.707,131.84,1.73,0.3431,-0.39,0.000,11.7,188.7
2026-08-08T17:46:48.913223+00:00,1786211208.913,132.05,1.73,0.3453,-0.36,0.000,10.0,188.7
2026-08-08T17:46:49.116528+00:00,1786211209.117,132.25,1.73,0.3453,-0.32,0.000,8.3,188.7
2026-08-08T17:46:49.312535+00:00,1786211209.313,132.45,1.73,0.3453,-0.28,0.000,6.8,188.7
2026-08-08T17:46:49.511560+00:00,1786211209.512,132.65,1.73,0.3453,-0.24,0.000,5.4,188.7
2026-08-08T17:46:49.712590+00:00,1786211209.713,132.85,1.73,0.3453,-0.20,0.000,4.2,188.7
2026-08-08T17:46:49.913781+00:00,1786211209.914,133.05,1.73,0.3453,-0.16,0.000,3.1,188.7
2026-08-08T17:46:50.703635+00:00,1786211210.704,133.84,6.35,0.3497,-0.11,0.424,7.6,188.7
2026-08-08T17:46:50.914202+00:00,1786211210.914,134.05,6.35,0.3497,-0.16,0.422,12.1,188.7
2026-08-08T17:46:51.114580+00:00,1786211211.115,134.25,6.35,0.3497,-0.21,0.422,16.4,188.7
2026-08-08T17:46:51.320216+00:00,1786211211.320,134.46,7.90,0.3519,-0.26,0.656,26.3,188.7
2026-08-08T17:46:51.529044+00:00,1786211211.529,134.67,7.90,0.3519,-0.31,0.655,36.2,188.7
2026-08-08T17:46:51.727053+00:00,1786211211.727,134.86,7.90,0.3519,-0.36,0.656,46.1,188.7
2026-08-08T17:46:52.505314+00:00,1786211212.505,135.64,9.31,0.3541,-0.35,0.659,58.0,188.7
2026-08-08T17:46:52.711232+00:00,1786211212.711,135.85,11.99,0.3541,-0.35,0.890,78.8,188.7
2026-08-08T17:46:52.924073+00:00,1786211212.924,136.06,11.99,0.3563,-0.34,0.887,99.6,188.7
2026-08-08T17:46:53.124419+00:00,1786211213.124,136.26,13.11,0.3563,-0.33,0.985,124.9,188.7
2026-08-08T17:46:53.325421+00:00,1786211213.325,136.46,13.11,0.3563,-0.32,0.717,143.6,188.7
2026-08-08T17:46:53.522484+00:00,1786211213.522,136.66,13.11,0.3585,-0.30,0.721,162.3,188.7
2026-08-08T17:46:53.724573+00:00,1786211213.725,136.86,13.16,0.3585,-0.29,0.724,175.8,188.7
2026-08-08T17:46:53.923020+00:00,1786211213.923,137.06,13.16,0.3585,-0.28,0.561,185.2,188.7
2026-08-08T17:46:54.911771+00:00,1786211214.912,138.05,14.63,0.3651,-0.16,0.553,197.1,188.7
2026-08-08T17:46:55.121393+00:00,1786211215.121,138.26,14.63,0.3651,-0.12,0.551,204.3,188.7
2026-08-08T17:46:55.323345+00:00,1786211215.323,138.46,14.36,0.3673,-0.08,0.498,210.0,188.7
2026-08-08T17:46:55.528491+00:00,1786211215.528,138.67,14.36,0.3673,-0.04,0.234,208.8,188.7
2026-08-08T17:46:55.724281+00:00,1786211215.724,138.86,15.85,0.3673,0.01,0.384,211.5,188.7
2026-08-08T17:46:55.926254+00:00,1786211215.926,139.06,15.85,0.3695,0.05,0.272,202.1,188.7
2026-08-08T17:46:56.328498+00:00,1786211216.328,139.47,17.42,0.3695,0.01,0.399,198.1,222.0
2026-08-08T17:46:56.523358+00:00,1786211216.523,139.66,17.42,0.3717,-0.03,0.399,189.4,222.0
2026-08-08T17:46:56.724110+00:00,1786211216.724,139.86,15.84,0.3717,-0.06,0.248,180.8,188.7
2026-08-08T17:46:56.925851+00:00,1786211216.926,140.06,15.84,0.3717,-0.09,0.248,171.9,188.7
2026-08-08T17:46:57.316352+00:00,1786211217.316,140.45,17.69,0.3760,-0.15,0.353,167.6,188.7
2026-08-08T17:46:57.525251+00:00,1786211217.525,140.66,17.69,0.3760,-0.19,0.353,167.2,188.7
2026-08-08T17:46:57.721156+00:00,1786211217.721,140.86,17.43,0.3782,-0.28,0.355,163.8,188.7
2026-08-08T17:46:58.131073+00:00,1786211218.131,141.27,17.18,0.3782,-0.42,0.301,157.4,188.7
2026-08-08T17:46:58.324450+00:00,1786211218.324,141.46,17.18,0.3804,-0.49,0.142,146.9,188.7
2026-08-08T17:46:58.525992+00:00,1786211218.526,141.66,17.59,0.3804,-0.56,0.185,144.9,188.7
2026-08-08T17:46:58.727498+00:00,1786211218.727,141.86,17.59,0.3804,-0.64,0.000,130.2,188.7
2026-08-08T17:46:58.925274+00:00,1786211218.925,142.06,17.57,0.3848,-0.71,0.000,118.4,188.7
2026-08-08T17:46:59.127547+00:00,1786211219.128,142.26,17.57,0.3848,-0.78,0.201,107.4,188.7
2026-08-08T17:46:59.327116+00:00,1786211219.327,142.46,17.83,0.3848,-0.85,0.230,97.3,188.7
2026-08-08T17:46:59.529016+00:00,1786211219.529,142.67,17.83,0.3870,-0.91,0.000,85.6,188.7
2026-08-08T17:47:00.312617+00:00,1786211220.313,143.45,17.63,0.3892,-1.11,0.000,72.9,188.7
2026-08-08T17:47:00.509226+00:00,1786211220.509,143.65,17.63,0.3892,-1.18,0.000,55.0,188.7
2026-08-08T17:47:00.707214+00:00,1786211220.707,143.84,17.74,0.3936,-1.25,0.060,39.0,188.7
2026-08-08T17:47:00.911410+00:00,1786211220.911,144.05,17.74,0.3936,-1.32,0.060,23.2,188.7
2026-08-08T17:47:01.110538+00:00,1786211221.111,144.25,17.71,0.3936,-1.38,0.000,7.9,188.7
2026-08-08T17:47:01.318510+00:00,1786211221.318,144.46,17.71,0.3958,-1.42,0.000,0.0,188.7
2026-08-08T17:47:02.097442+00:00,1786211222.097,145.23,19.87,0.4002,-1.57,0.201,0.0,188.7
2026-08-08T17:47:02.303287+00:00,1786211222.303,145.44,19.75,0.4002,-1.61,0.190,0.0,188.7
2026-08-08T17:47:02.505247+00:00,1786211222.505,145.64,19.75,0.4024,-1.66,0.168,0.0,188.7
2026-08-08T17:47:02.703447+00:00,1786211222.703,145.84,19.80,0.4024,-1.71,0.172,0.0,188.7
2026-08-08T17:47:02.900974+00:00,1786211222.901,146.04,19.80,0.4024,-1.76,0.233,0.0,188.7
2026-08-08T17:47:03.101649+00:00,1786211223.102,146.24,19.80,0.4068,-1.81,0.233,0.0,188.7
2026-08-08T17:47:03.506934+00:00,1786211223.507,146.64,19.74,0.4068,-1.90,0.198,0.0,188.7
2026-08-08T17:47:03.709868+00:00,1786211223.710,146.85,19.74,0.4090,-1.94,0.198,0.0,188.7
2026-08-08T17:47:03.906535+00:00,1786211223.907,147.04,19.73,0.4090,-1.98,0.200,0.0,188.7
2026-08-08T17:47:04.102908+00:00,1786211224.103,147.24,19.73,0.4090,-2.02,0.201,0.0,188.7
2026-08-08T17:47:04.299220+00:00,1786211224.299,147.44,19.77,0.4134,-2.06,0.000,0.0,188.7
2026-08-08T17:47:04.504528+00:00,1786211224.505,147.64,19.77,0.4134,-2.11,0.000,0.0,188.7
2026-08-08T17:47:04.712216+00:00,1786211224.712,147.85,19.68,0.4134,-2.15,0.000,0.0,188.7
2026-08-08T17:47:05.697155+00:00,1786211225.697,148.83,19.84,0.4200,-2.24,0.000,0.0,188.7
2026-08-08T17:47:05.898922+00:00,1786211225.899,149.04,19.87,0.4200,-2.26,0.000,0.0,188.7
2026-08-08T17:47:06.285479+00:00,1786211226.285,149.42,20.09,0.4222,-2.31,0.000,0.0,188.7
2026-08-08T17:47:06.483763+00:00,1786211226.484,149.62,20.09,0.4222,-2.34,0.000,0.0,188.7
2026-08-08T17:47:06.683293+00:00,1786211226.683,149.82,20.08,0.4266,-2.37,0.000,0.0,188.7
2026-08-08T17:47:07.268990+00:00,1786211227.269,150.41,20.40,0.4288,-2.38,0.056,0.0,188.7
2026-08-08T17:47:07.472166+00:00,1786211227.472,150.61,20.17,0.4288,-2.37,0.000,0.0,188.7
2026-08-08T17:47:07.673567+00:00,1786211227.674,150.81,20.17,0.4288,-2.36,0.000,0.0,188.7
2026-08-08T17:47:07.869482+00:00,1786211227.869,151.01,19.98,0.4332,-2.35,0.000,0.0,188.7
2026-08-08T17:47:08.070844+00:00,1786211228.071,151.21,19.98,0.4332,-2.34,0.000,0.0,188.7
2026-08-08T17:47:08.267814+00:00,1786211228.268,151.40,19.98,0.4332,-2.33,0.000,0.0,188.7
2026-08-08T17:47:08.465158+00:00,1786211228.465,151.60,19.98,0.4354,-2.32,0.000,0.0,188.7
2026-08-08T17:47:09.252097+00:00,1786211229.252,152.39,22.02,0.4398,-2.28,0.181,0.0,188.7
2026-08-08T17:47:09.638581+00:00,1786211229.639,152.78,20.17,0.4420,-2.26,0.000,0.0,188.7
2026-08-08T17:47:09.841245+00:00,1786211229.841,152.98,20.20,0.4420,-2.26,0.000,0.0,188.7
2026-08-08T17:47:10.037024+00:00,1786211230.037,153.17,22.83,0.4420,-2.25,0.244,0.0,188.7
2026-08-08T17:47:10.241663+00:00,1786211230.242,153.38,22.83,0.4464,-2.24,0.267,0.0,188.7
2026-08-08T17:47:11.020531+00:00,1786211231.021,154.16,24.42,0.4508,-2.22,0.352,0.0,188.7
2026-08-08T17:47:11.225831+00:00,1786211231.226,154.36,22.88,0.4508,-2.22,0.240,0.0,188.7
2026-08-08T17:47:11.423752+00:00,1786211231.424,154.56,22.88,0.4530,-2.21,0.241,0.0,188.7
2026-08-08T17:47:11.621507+00:00,1786211231.621,154.76,19.99,0.4530,-2.21,0.000,0.0,188.7
2026-08-08T17:47:11.822398+00:00,1786211231.822,154.96,22.71,0.4530,-2.20,0.226,0.0,188.7
2026-08-08T17:47:12.025566+00:00,1786211232.026,155.16,22.71,0.4574,-2.20,0.069,0.0,188.7
2026-08-08T17:47:12.623115+00:00,1786211232.623,155.76,24.80,0.4618,-2.20,0.431,0.0,188.7
2026-08-08T17:47:12.826927+00:00,1786211232.827,155.96,24.80,0.4618,-2.18,0.428,0.0,188.7
2026-08-08T17:47:13.023003+00:00,1786211233.023,156.16,22.60,0.4640,-2.17,0.000,0.0,188.7
2026-08-08T17:47:13.232139+00:00,1786211233.232,156.37,22.62,0.4640,-2.16,0.000,0.0,188.7
2026-08-08T17:47:13.607494+00:00,1786211233.607,156.74,22.90,0.4684,-2.14,-0.162,0.0,188.7
2026-08-08T17:47:13.821822+00:00,1786211233.822,156.96,22.90,0.4684,-2.13,0.000,0.0,188.7
2026-08-08T17:47:14.028332+00:00,1786211234.028,157.17,20.90,0.4684,-2.13,-0.212,0.0,188.7
2026-08-08T17:47:14.675792+00:00,1786211234.676,157.81,23.42,0.4728,-2.12,0.312,0.0,188.7
2026-08-08T17:47:14.891259+00:00,1786211234.891,158.03,23.42,0.4750,-2.10,0.064,0.0,188.7
2026-08-08T17:47:15.091064+00:00,1786211235.091,158.23,21.32,0.4750,-2.09,-0.126,0.0,188.7
2026-08-08T17:47:15.294916+00:00,1786211235.295,158.43,24.79,0.4794,-2.07,0.000,0.0,188.7
2026-08-08T17:47:15.497285+00:00,1786211235.497,158.63,24.79,0.4794,-2.06,0.000,0.0,188.7
2026-08-08T17:47:15.693180+00:00,1786211235.693,158.83,21.72,0.4794,-2.05,-0.092,0.0,188.7
2026-08-08T17:47:15.895916+00:00,1786211235.896,159.03,21.72,0.4816,-2.04,-0.093,0.0,188.7
2026-08-08T17:47:16.094190+00:00,1786211236.094,159.23,20.84,0.4816,-2.02,-0.231,0.0,188.7
2026-08-08T17:47:16.496630+00:00,1786211236.497,159.63,25.72,0.4860,-2.08,0.292,0.0,188.7
2026-08-08T17:47:16.699686+00:00,1786211236.700,159.84,22.53,0.4860,-2.10,0.170,0.0,188.7
2026-08-08T17:47:16.899954+00:00,1786211236.900,160.04,22.53,0.4882,-2.13,-0.111,0.0,188.7
2026-08-08T17:47:17.099650+00:00,1786211237.100,160.24,22.60,0.4882,-2.16,-0.103,0.0,188.7
2026-08-08T17:47:17.299579+00:00,1786211237.300,160.44,22.60,0.4882,-2.19,0.161,0.0,188.7
2026-08-08T17:47:17.497407+00:00,1786211237.497,160.63,22.57,0.4926,-2.20,-0.280,0.0,188.7
2026-08-08T17:47:17.698936+00:00,1786211237.699,160.84,22.57,0.4926,-2.22,-0.280,0.0,188.7
2026-08-08T17:47:18.494943+00:00,1786211238.495,161.63,22.54,0.4970,-2.26,0.081,0.0,188.7
2026-08-08T17:47:18.697813+00:00,1786211238.698,161.83,22.54,0.4992,-2.29,0.081,0.0,188.7
2026-08-08T17:47:18.894658+00:00,1786211238.895,162.03,22.62,0.4992,-2.31,0.177,0.0,188.7
2026-08-08T17:47:19.097282+00:00,1786211239.097,162.23,22.62,0.4992,-2.33,-0.331,0.0,188.7
2026-08-08T17:47:19.296783+00:00,1786211239.297,162.43,22.63,0.5036,-2.35,0.000,0.0,188.7
2026-08-08T17:47:19.501355+00:00,1786211239.501,162.64,22.59,0.5036,-2.37,0.000,0.0,188.7
2026-08-08T17:47:19.700104+00:00,1786211239.700,162.84,22.59,0.5036,-2.40,0.000,0.0,188.7
2026-08-08T17:47:20.480199+00:00,1786211240.480,163.62,23.07,0.5102,-2.40,0.000,0.0,188.7
2026-08-08T17:47:20.677697+00:00,1786211240.678,163.81,22.88,0.5102,-2.41,0.000,0.0,188.7
2026-08-08T17:47:20.879692+00:00,1786211240.880,164.02,22.89,0.5102,-2.42,0.000,0.0,188.7
2026-08-08T17:47:21.265365+00:00,1786211241.265,164.40,23.08,0.5146,-2.44,0.054,0.0,188.7
2026-08-08T17:47:21.467733+00:00,1786211241.468,164.60,23.08,0.5146,-2.45,0.054,0.0,188.7
2026-08-08T17:47:21.664914+00:00,1786211241.665,164.80,22.66,0.5190,-2.46,0.000,0.0,188.7
2026-08-08T17:47:22.065546+00:00,1786211242.066,165.20,25.26,0.5190,-2.46,0.247,0.0,188.7
2026-08-08T17:47:22.268056+00:00,1786211242.268,165.40,25.26,0.5212,-2.44,0.246,0.0,188.7
2026-08-08T17:47:22.467502+00:00,1786211242.467,165.60,19.94,0.5212,-2.42,-0.249,0.0,188.7
2026-08-08T17:47:22.670907+00:00,1786211242.671,165.81,22.66,0.5212,-2.40,0.000,0.0,188.7
2026-08-08T17:47:22.870806+00:00,1786211242.871,166.01,22.66,0.5256,-2.38,0.000,0.0,188.7
2026-08-08T17:47:23.070496+00:00,1786211243.070,166.21,22.60,0.5256,-2.36,0.000,0.0,188.7
2026-08-08T17:47:23.267329+00:00,1786211243.267,166.40,22.60,0.5256,-2.34,0.000,0.0,188.7
2026-08-08T17:47:23.863664+00:00,1786211243.864,167.00,25.82,0.5300,-2.32,0.292,0.0,188.7
2026-08-08T17:47:24.068527+00:00,1786211244.068,167.21,22.65,0.5344,-2.31,0.000,0.0,188.7
2026-08-08T17:47:24.451203+00:00,1786211244.451,167.59,22.85,0.5344,-2.28,0.000,0.0,188.7
2026-08-08T17:47:24.651778+00:00,1786211244.652,167.79,22.85,0.5366,-2.27,-0.259,0.0,188.7
2026-08-08T17:47:24.853289+00:00,1786211244.853,167.99,22.88,0.5366,-2.26,-0.256,0.0,188.7
2026-08-08T17:47:25.052250+00:00,1786211245.052,168.19,22.88,0.5366,-2.25,0.316,0.0,188.7
2026-08-08T17:47:25.652581+00:00,1786211245.653,168.79,22.10,0.5410,-2.25,-0.053,0.0,188.7
2026-08-08T17:47:25.854476+00:00,1786211245.854,168.99,22.48,0.5432,-2.27,0.000,0.0,188.7
2026-08-08T17:47:26.056198+00:00,1786211246.056,169.19,22.48,0.5432,-2.27,0.000,0.0,188.7
2026-08-08T17:47:26.252779+00:00,1786211246.253,169.39,22.56,0.5476,-2.24,0.000,0.0,188.7
2026-08-08T17:47:26.456789+00:00,1786211246.457,169.59,22.56,0.5476,-2.23,-0.349,0.0,188.7
2026-08-08T17:47:26.656328+00:00,1786211246.656,169.79,22.57,0.5476,-2.21,0.000,0.0,188.7
2026-08-08T17:47:26.857793+00:00,1786211246.858,169.99,22.57,0.5498,-2.18,0.000,0.0,188.7
2026-08-08T17:47:27.054856+00:00,1786211247.055,170.19,20.34,0.5498,-2.16,-0.290,0.0,188.7
2026-08-08T17:47:27.256453+00:00,1786211247.256,170.39,20.34,0.5498,-2.13,-0.293,0.0,188.7
2026-08-08T17:47:27.453154+00:00,1786211247.453,170.59,19.89,0.5542,-2.10,-0.345,0.0,188.7
2026-08-08T17:47:27.855256+00:00,1786211247.855,170.99,21.23,0.5542,-2.14,-0.109,0.0,188.7
2026-08-08T17:47:28.057216+00:00,1786211248.057,171.19,21.23,0.5564,-2.16,-0.158,0.0,188.7
2026-08-08T17:47:28.261853+00:00,1786211248.262,171.40,19.79,0.5564,-2.17,-0.340,0.0,188.7
2026-08-08T17:47:28.459499+00:00,1786211248.459,171.60,19.79,0.5564,-2.19,-0.349,0.0,188.7
2026-08-08T17:47:28.659046+00:00,1786211248.659,171.80,19.71,0.5608,-2.21,-0.359,0.0,188.7
2026-08-08T17:47:28.860083+00:00,1786211248.860,172.00,19.71,0.5608,-2.22,-0.359,0.0,188.7
2026-08-08T17:47:29.056407+00:00,1786211249.056,172.19,19.75,0.5608,-2.24,-0.356,0.0,188.7
2026-08-08T17:47:29.856716+00:00,1786211249.857,172.99,21.55,0.5674,-2.27,0.119,0.0,188.7
2026-08-08T17:47:30.057246+00:00,1786211250.057,173.19,21.55,0.5674,-2.28,0.119,0.0,188.7
2026-08-08T17:47:30.255187+00:00,1786211250.255,173.39,19.85,0.5696,-2.30,0.000,0.0,188.7
2026-08-08T17:47:30.469148+00:00,1786211250.469,173.61,19.85,0.5696,-2.31,-0.147,0.0,188.7
2026-08-08T17:47:30.664040+00:00,1786211250.664,173.80,19.72,0.5696,-2.33,-0.161,0.0,188.7
2026-08-08T17:47:30.861019+00:00,1786211250.861,174.00,19.72,0.5718,-2.35,0.000,0.0,188.7
2026-08-08T17:47:31.061909+00:00,1786211251.062,174.20,19.70,0.5718,-2.37,0.000,0.0,188.7
2026-08-08T17:47:31.459086+00:00,1786211251.459,174.60,19.33,0.5762,-2.45,0.000,0.0,188.7
2026-08-08T17:47:31.659627+00:00,1786211251.660,174.80,19.33,0.5762,-2.49,0.000,0.0,188.7
2026-08-08T17:47:31.857362+00:00,1786211251.857,174.99,19.72,0.5784,-2.54,0.000,0.0,188.7
2026-08-08T17:47:32.061247+00:00,1786211252.061,175.20,19.72,0.5784,-2.59,-0.230,0.0,188.7
2026-08-08T17:47:32.259700+00:00,1786211252.260,175.40,19.72,0.5784,-2.64,-0.230,0.0,188.7
2026-08-08T17:47:32.464420+00:00,1786211252.464,175.60,17.57,0.5806,-2.69,-0.287,0.0,188.7
2026-08-08T17:47:32.664650+00:00,1786211252.665,175.80,17.57,0.5806,-2.74,-0.288,0.0,188.7
2026-08-08T17:47:33.843351+00:00,1786211253.843,176.98,15.97,0.5850,-2.47,-0.328,0.0,188.7
2026-08-08T17:47:34.045195+00:00,1786211254.045,177.18,15.97,0.5850,-2.37,-0.328,0.0,188.7
2026-08-08T17:47:34.242877+00:00,1786211254.243,177.38,17.81,0.5894,-2.27,-0.165,0.0,188.7
2026-08-08T17:47:34.623067+00:00,1786211254.623,177.76,17.81,0.5894,-2.17,-0.133,0.0,188.7
2026-08-08T17:47:34.826178+00:00,1786211254.826,177.96,17.66,0.5916,-1.63,-0.147,0.0,188.7
2026-08-08T17:47:35.204911+00:00,1786211255.205,178.34,16.30,0.5916,-1.36,-0.284,0.0,188.7
2026-08-08T17:47:35.409714+00:00,1786211255.410,178.55,16.30,0.5938,-0.76,-0.284,0.0,188.7
2026-08-08T17:47:35.780384+00:00,1786211255.780,178.92,16.35,0.5938,-0.46,-0.266,0.0,188.7
2026-08-08T17:47:35.985498+00:00,1786211255.985,179.12,16.35,0.5960,-0.15,-0.096,0.0,188.7
2026-08-08T17:47:36.184459+00:00,1786211256.184,179.32,16.36,0.5960,0.15,-0.095,0.0,188.7
2026-08-08T17:47:36.380303+00:00,1786211256.380,179.52,16.36,0.5960,0.45,0.000,0.0,188.7
2026-08-08T17:47:36.578584+00:00,1786211256.579,179.72,16.36,0.5982,0.76,0.000,0.0,188.7
2026-08-08T17:47:37.375798+00:00,1786211257.376,180.51,16.82,0.6026,1.51,-0.088,0.0,222.0
2026-08-08T17:47:37.580322+00:00,1786211257.580,180.72,17.65,0.6048,1.77,0.000,0.0,222.0
2026-08-08T17:47:37.963173+00:00,1786211257.963,181.10,17.65,0.6048,2.28,0.000,0.0,222.0
2026-08-08T17:47:38.163107+00:00,1786211258.163,181.30,15.97,0.6070,2.53,0.000,25.3,222.0
2026-08-08T17:47:38.751653+00:00,1786211258.752,181.89,17.93,0.6092,2.70,0.136,60.2,233.1
2026-08-08T17:47:38.958376+00:00,1786211258.958,182.10,16.95,0.6092,2.87,0.052,94.1,233.1
2026-08-08T17:47:39.166478+00:00,1786211259.166,182.30,16.95,0.6114,2.93,0.052,125.1,233.1
2026-08-08T17:47:39.363922+00:00,1786211259.364,182.50,17.85,0.6114,3.00,0.130,158.4,233.1
2026-08-08T17:47:39.568288+00:00,1786211259.568,182.71,17.85,0.6114,3.06,0.130,185.0,233.1
2026-08-08T17:47:39.770267+00:00,1786211259.770,182.91,19.79,0.6158,3.12,0.299,220.3,233.1
2026-08-08T17:47:39.969424+00:00,1786211259.969,183.11,19.79,0.6158,3.18,0.318,252.0,233.1
2026-08-08T17:47:40.749461+00:00,1786211260.749,183.89,19.58,0.6180,3.09,0.169,275.5,233.1
2026-08-08T17:47:40.961117+00:00,1786211260.961,184.10,19.58,0.6202,2.95,0.179,296.9,233.1
2026-08-08T17:47:41.158123+00:00,1786211261.158,184.29,19.51,0.6202,2.82,0.328,317.9,233.1
2026-08-08T17:47:41.536115+00:00,1786211261.536,184.67,17.82,0.6245,2.49,0.000,319.3,233.1
2026-08-08T17:47:41.747762+00:00,1786211261.748,184.88,19.93,0.6245,2.32,0.297,334.4,233.1
2026-08-08T17:47:41.952471+00:00,1786211261.952,185.09,19.93,0.6245,2.15,0.297,340.3,233.1
2026-08-08T17:47:42.551128+00:00,1786211262.551,185.69,20.27,0.6289,1.79,0.211,344.5,233.1
2026-08-08T17:47:42.751081+00:00,1786211262.751,185.89,20.27,0.6311,1.61,0.211,347.0,233.1
2026-08-08T17:47:42.951664+00:00,1786211262.952,186.09,22.61,0.6311,1.47,0.246,349.4,222.0
2026-08-08T17:47:43.154387+00:00,1786211263.154,186.29,22.61,0.6311,1.34,0.245,350.5,222.0
2026-08-08T17:47:43.380082+00:00,1786211263.380,186.52,19.68,0.6355,1.21,0.000,326.7,222.0
2026-08-08T17:47:43.580730+00:00,1786211263.581,186.72,19.68,0.6355,1.08,0.000,301.0,222.0
2026-08-08T17:47:43.954709+00:00,1786211263.955,187.09,19.70,0.6377,0.82,0.000,280.3,222.0
2026-08-08T17:47:44.950636+00:00,1786211264.951,188.09,22.68,0.6421,0.55,0.395,278.0,222.0
2026-08-08T17:47:45.168894+00:00,1786211265.169,188.31,22.54,0.6465,0.49,0.212,262.4,222.0
2026-08-08T17:47:45.541053+00:00,1786211265.541,188.68,22.83,0.6465,0.37,0.225,263.5,222.0
2026-08-08T17:47:45.753139+00:00,1786211265.753,188.89,22.83,0.6487,0.31,0.222,250.9,222.0
2026-08-08T17:47:45.953057+00:00,1786211265.953,189.09,19.99,0.6487,0.24,0.000,227.2,222.0
2026-08-08T17:47:46.944227+00:00,1786211266.944,190.08,24.28,0.6575,0.18,0.116,216.7,222.0
2026-08-08T17:47:47.156921+00:00,1786211267.157,190.29,24.28,0.6575,0.14,0.116,207.1,222.0
2026-08-08T17:47:47.353728+00:00,1786211267.354,190.49,22.61,0.6597,0.11,0.204,195.3,222.0
2026-08-08T17:47:47.560453+00:00,1786211267.560,190.70,22.22,0.6597,0.08,0.177,182.6,222.0
2026-08-08T17:47:47.758760+00:00,1786211267.759,190.90,22.22,0.6597,0.04,0.184,184.5,222.0
2026-08-08T17:47:48.144053+00:00,1786211268.144,191.28,22.53,0.6641,-0.03,0.000,179.1,222.0
2026-08-08T17:47:49.340042+00:00,1786211269.340,192.48,21.91,0.6707,-0.18,0.000,173.9,188.7
2026-08-08T17:47:49.549869+00:00,1786211269.550,192.69,19.85,0.6729,-0.23,-0.207,141.4,188.7
2026-08-08T17:47:49.757399+00:00,1786211269.757,192.89,22.57,0.6729,-0.28,0.000,126.6,188.7
2026-08-08T17:47:49.958694+00:00,1786211269.959,193.10,22.57,0.6729,-0.33,0.179,119.1,188.7
2026-08-08T17:47:50.155958+00:00,1786211270.156,193.29,22.55,0.6773,-0.38,-0.150,97.6,188.7
2026-08-08T17:47:50.366130+00:00,1786211270.366,193.50,22.55,0.6773,-0.44,-0.150,87.8,188.7
2026-08-08T17:47:51.141140+00:00,1786211271.141,194.28,24.80,0.6795,-0.59,0.161,84.4,188.7
2026-08-08T17:47:51.527453+00:00,1786211271.527,194.66,22.84,0.6861,-0.63,0.000,72.1,188.7
2026-08-08T17:47:51.733477+00:00,1786211271.733,194.87,22.84,0.6861,-0.75,0.000,57.0,188.7
2026-08-08T17:47:51.941146+00:00,1786211271.941,195.08,22.82,0.6861,-0.80,0.000,43.3,188.7
2026-08-08T17:47:52.139067+00:00,1786211272.139,195.28,22.82,0.6883,-0.86,0.090,33.1,188.7
2026-08-08T17:47:52.340674+00:00,1786211272.341,195.48,20.92,0.6883,-0.92,0.107,30.4,188.7
2026-08-08T17:47:52.541639+00:00,1786211272.542,195.68,20.92,0.6883,-0.97,-0.164,17.8,188.7
2026-08-08T17:47:52.740845+00:00,1786211272.741,195.88,26.18,0.6927,-1.03,0.361,41.1,188.7
2026-08-08T17:47:52.944802+00:00,1786211272.945,196.08,22.37,0.6927,-1.09,0.000,35.1,188.7
2026-08-08T17:47:53.349145+00:00,1786211273.349,196.49,22.65,0.6949,-1.13,0.000,21.6,188.7
2026-08-08T17:47:53.730959+00:00,1786211273.731,196.87,22.59,0.6949,-1.17,-0.238,12.0,188.7
2026-08-08T17:47:53.941132+00:00,1786211273.941,197.08,22.59,0.6993,-1.19,0.000,13.0,188.7
2026-08-08T17:47:54.145244+00:00,1786211274.145,197.28,22.61,0.6993,-1.18,0.000,0.0,188.7
2026-08-08T17:47:54.342994+00:00,1786211274.343,197.48,22.61,0.6993,-1.16,0.000,0.0,188.7
2026-08-08T17:47:54.730792+00:00,1786211274.731,197.87,22.60,0.7037,-1.14,0.000,0.0,188.7
2026-08-08T17:47:55.132380+00:00,1786211275.132,198.27,22.64,0.7059,-1.13,0.171,0.0,188.7
2026-08-08T17:47:55.330112+00:00,1786211275.330,198.47,22.64,0.7059,-1.13,0.171,0.0,188.7
2026-08-08T17:47:55.529843+00:00,1786211275.530,198.67,24.63,0.7103,-1.13,-0.154,0.0,188.7
2026-08-08T17:47:55.732605+00:00,1786211275.733,198.87,24.63,0.7103,-1.12,0.225,4.9,188.7
2026-08-08T17:47:55.936258+00:00,1786211275.936,199.07,22.63,0.7103,-1.11,0.000,0.0,188.7
2026-08-08T17:47:56.139892+00:00,1786211276.140,199.28,22.66,0.7147,-1.09,0.000,0.0,188.7
2026-08-08T17:47:56.336833+00:00,1786211276.337,199.47,22.66,0.7147,-1.07,0.000,0.0,188.7
2026-08-08T17:47:56.726504+00:00,1786211276.726,199.86,22.54,0.7169,-1.03,0.000,0.0,188.7
2026-08-08T17:47:56.929850+00:00,1786211276.930,200.07,20.98,0.7169,-1.01,-0.175,0.0,188.7
2026-08-08T17:47:57.512363+00:00,1786211277.512,200.65,25.48,0.7213,-1.03,0.288,6.7,188.7
2026-08-08T17:47:57.731931+00:00,1786211277.732,200.87,22.60,0.7213,-1.06,0.000,7.4,188.7
2026-08-08T17:47:57.931732+00:00,1786211277.932,201.07,22.87,0.7257,-1.10,0.000,7.7,188.7
2026-08-08T17:47:58.132193+00:00,1786211278.132,201.27,22.87,0.7257,-1.14,-0.187,0.0,188.7
2026-08-08T17:47:58.325490+00:00,1786211278.325,201.46,22.75,0.7257,-1.18,-0.201,0.0,188.7
2026-08-08T17:47:58.520793+00:00,1786211278.521,201.66,22.75,0.7279,-1.22,0.000,0.0,188.7
2026-08-08T17:47:59.899950+00:00,1786211279.900,203.04,26.73,0.7367,-1.26,0.301,0.0,188.7
2026-08-08T17:48:00.101941+00:00,1786211280.102,203.24,26.73,0.7367,-1.27,0.300,0.0,188.7
2026-08-08T17:48:00.306497+00:00,1786211280.306,203.44,22.75,0.7411,-1.28,0.000,0.0,188.7
2026-08-08T17:48:00.509722+00:00,1786211280.510,203.65,22.75,0.7411,-1.28,0.137,4.8,188.7
2026-08-08T17:48:00.711111+00:00,1786211280.711,203.85,22.75,0.7411,-1.28,-0.237,0.0,188.7
2026-08-08T17:48:00.910595+00:00,1786211280.911,204.05,23.71,0.7455,-1.28,0.097,3.0,188.7
2026-08-08T17:48:01.322886+00:00,1786211281.323,204.46,22.56,0.7455,-1.28,0.000,0.0,188.7
2026-08-08T17:48:01.521690+00:00,1786211281.522,204.66,22.56,0.7477,-1.28,0.000,0.0,188.7
2026-08-08T17:48:01.897871+00:00,1786211281.898,205.03,26.49,0.7477,-1.14,0.291,0.0,188.7
2026-08-08T17:48:02.102748+00:00,1786211282.103,205.24,26.49,0.7521,-1.09,0.291,25.3,188.7
2026-08-08T17:48:02.301721+00:00,1786211282.302,205.44,22.87,0.7521,-1.05,-0.446,15.5,188.7
2026-08-08T17:48:02.499140+00:00,1786211282.499,205.64,22.87,0.7521,-1.00,-0.447,0.0,188.7
2026-08-08T17:48:02.696536+00:00,1786211282.697,205.83,22.93,0.7565,-0.93,0.000,0.0,188.7
2026-08-08T17:48:02.892814+00:00,1786211282.893,206.03,23.67,0.7565,-0.85,0.106,0.0,188.7
2026-08-08T17:48:03.089689+00:00,1786211283.090,206.23,23.67,0.7565,-0.78,0.107,0.0,188.7
2026-08-08T17:48:04.653028+00:00,1786211284.653,207.79,23.24,0.7675,-0.88,0.000,0.0,188.7
2026-08-08T17:48:04.855614+00:00,1786211284.856,207.99,23.24,0.7675,-0.91,0.054,0.0,188.7
2026-08-08T17:48:05.059502+00:00,1786211285.059,208.20,22.84,0.7719,-0.94,0.000,0.0,188.7
2026-08-08T17:48:05.261599+00:00,1786211285.262,208.40,22.84,0.7719,-1.00,-0.302,0.0,188.7
2026-08-08T17:48:05.457722+00:00,1786211285.458,208.59,22.80,0.7719,-1.06,-0.306,0.0,188.7
2026-08-08T17:48:05.663589+00:00,1786211285.664,208.80,22.80,0.7741,-1.12,0.000,0.0,188.7
2026-08-08T17:48:07.039010+00:00,1786211287.039,210.18,24.54,0.7829,-1.49,0.102,0.0,188.7
2026-08-08T17:48:07.242182+00:00,1786211287.242,210.38,22.94,0.7829,-1.61,0.000,0.0,188.7
2026-08-08T17:48:07.443628+00:00,1786211287.444,210.58,22.82,0.7873,-1.73,-0.051,0.0,188.7
2026-08-08T17:48:07.646620+00:00,1786211287.647,210.78,22.82,0.7873,-1.83,-0.051,0.0,188.7
2026-08-08T17:48:08.036863+00:00,1786211288.037,211.17,22.77,0.7895,-2.09,0.000,0.0,188.7
2026-08-08T17:48:08.820030+00:00,1786211288.820,211.96,25.12,0.7939,-2.27,0.131,0.0,188.7
2026-08-08T17:48:09.016580+00:00,1786211289.017,212.15,20.19,0.7939,-2.34,-0.186,0.0,188.7
2026-08-08T17:48:09.212689+00:00,1786211289.213,212.35,20.19,0.7961,-2.40,-0.186,0.0,188.7
2026-08-08T17:48:09.411977+00:00,1786211289.412,212.55,20.22,0.7961,-2.47,-0.181,0.0,188.7
2026-08-08T17:48:09.612201+00:00,1786211289.612,212.75,23.04,0.7961,-2.53,0.000,0.0,188.7
2026-08-08T17:48:09.812666+00:00,1786211289.813,212.95,23.04,0.8005,-2.60,-0.151,0.0,188.7
2026-08-08T17:48:10.405175+00:00,1786211290.405,213.54,22.63,0.8027,-2.71,0.000,0.0,188.7
2026-08-08T17:48:10.781872+00:00,1786211290.782,213.92,22.63,0.8027,-2.72,0.000,0.0,188.7
2026-08-08T17:48:11.175024+00:00,1786211291.175,214.31,20.18,0.8071,-2.73,-0.208,0.0,188.7
2026-08-08T17:48:11.380206+00:00,1786211291.380,214.52,17.91,0.8071,-2.73,-0.404,0.0,188.7
2026-08-08T17:48:11.579473+00:00,1786211291.579,214.72,17.91,0.8093,-2.74,-0.726,0.0,188.7
2026-08-08T17:48:12.176999+00:00,1786211292.177,215.31,17.94,0.8115,-2.87,-0.198,0.0,188.7
2026-08-08T17:48:12.377670+00:00,1786211292.378,215.51,16.08,0.8115,-2.88,-0.361,0.0,188.7
2026-08-08T17:48:12.580349+00:00,1786211292.580,215.72,16.08,0.8137,-2.88,-0.363,0.0,188.7
2026-08-08T17:48:12.778784+00:00,1786211292.779,215.92,17.53,0.8137,-2.91,-0.483,0.0,188.7
2026-08-08T17:48:12.979328+00:00,1786211292.979,216.12,17.53,0.8137,-2.92,-0.483,0.0,188.7
2026-08-08T17:48:13.175545+00:00,1786211293.176,216.31,17.53,0.8159,-2.93,-0.511,0.0,188.7
2026-08-08T17:48:13.554943+00:00,1786211293.555,216.69,14.58,0.8159,-2.94,-0.806,0.0,188.7
2026-08-08T17:48:13.759404+00:00,1786211293.759,216.90,14.58,0.8181,-3.05,-0.602,0.0,188.7
2026-08-08T17:48:13.962732+00:00,1786211293.963,217.10,15.19,0.8181,-3.29,-0.293,0.0,188.7
2026-08-08T17:48:14.164024+00:00,1786211294.164,217.30,15.19,0.8181,-3.41,-0.292,0.0,188.7
2026-08-08T17:48:14.359766+00:00,1786211294.360,217.50,15.19,0.8203,-3.53,-0.351,0.0,188.7
2026-08-08T17:48:14.739227+00:00,1786211294.739,217.88,13.43,0.8203,-3.65,-0.312,0.0,188.7
2026-08-08T17:48:14.946475+00:00,1786211294.946,218.08,13.43,0.8225,-3.90,-0.311,0.0,188.7
2026-08-08T17:48:15.145649+00:00,1786211295.146,218.28,13.39,0.8225,-3.99,-0.487,0.0,188.7
2026-08-08T17:48:15.347877+00:00,1786211295.348,218.48,13.39,0.8225,-4.07,-0.486,0.0,188.7
2026-08-08T17:48:15.544171+00:00,1786211295.544,218.68,13.39,0.8247,-4.15,-0.486,0.0,188.7
2026-08-08T17:48:15.742468+00:00,1786211295.742,218.88,15.78,0.8247,-4.24,0.153,0.0,188.7
2026-08-08T17:48:15.946742+00:00,1786211295.947,219.08,15.78,0.8247,-4.32,0.153,0.0,188.7
2026-08-08T17:48:16.728873+00:00,1786211296.729,219.87,17.33,0.8313,-4.23,0.215,0.0,188.7
2026-08-08T17:48:17.106849+00:00,1786211297.107,220.24,16.21,0.8313,-4.11,0.097,0.0,188.7
2026-08-08T17:48:17.312458+00:00,1786211297.312,220.45,16.21,0.8335,-4.00,0.096,0.0,188.7
2026-08-08T17:48:17.686533+00:00,1786211297.686,220.82,14.88,0.8357,-3.88,0.137,0.0,188.7
2026-08-08T17:48:17.897560+00:00,1786211297.898,221.03,14.88,0.8357,-3.62,0.137,0.0,188.7
2026-08-08T17:48:19.265758+00:00,1786211299.266,222.40,19.99,0.8423,-3.17,0.445,0.0,188.7
2026-08-08T17:48:19.468170+00:00,1786211299.468,222.60,19.99,0.8445,-2.95,0.445,0.0,188.7
2026-08-08T17:48:19.667751+00:00,1786211299.668,222.80,20.09,0.8445,-2.74,0.452,0.0,188.7
2026-08-08T17:48:19.867075+00:00,1786211299.867,223.00,20.09,0.8445,-2.51,0.290,0.0,188.7
2026-08-08T17:48:20.066575+00:00,1786211300.067,223.20,20.25,0.8489,-2.28,0.301,0.0,188.7
2026-08-08T17:48:20.272937+00:00,1786211300.273,223.41,20.25,0.8489,-2.05,0.229,0.0,188.7
2026-08-08T17:48:20.470483+00:00,1786211300.470,223.61,19.90,0.8489,-1.82,0.305,0.0,188.7
2026-08-08T17:48:20.868421+00:00,1786211300.868,224.01,21.55,0.8511,-1.33,0.417,0.0,188.7
2026-08-08T17:48:21.072204+00:00,1786211301.072,224.21,21.55,0.8511,-1.08,0.547,9.9,188.7
2026-08-08T17:48:21.282936+00:00,1786211301.283,224.42,19.73,0.8555,-0.83,0.398,39.3,188.7
2026-08-08T17:48:21.492661+00:00,1786211301.493,224.63,22.53,0.8555,-0.57,0.316,67.4,188.7
2026-08-08T17:48:21.874170+00:00,1786211301.874,225.01,22.56,0.8599,-0.07,0.297,97.3,188.7
2026-08-08T17:48:22.087200+00:00,1786211302.087,225.22,22.56,0.8599,0.19,0.284,116.0,188.7
2026-08-08T17:48:23.869836+00:00,1786211303.870,227.01,24.85,0.8708,0.66,0.331,142.4,222.0
2026-08-08T17:48:24.085051+00:00,1786211304.085,227.22,26.36,0.8708,0.76,0.423,175.2,222.0
2026-08-08T17:48:24.292485+00:00,1786211304.292,227.43,26.36,0.8752,0.85,0.423,213.7,222.0
2026-08-08T17:48:24.488660+00:00,1786211304.489,227.63,26.46,0.8752,0.95,0.454,252.7,222.0
2026-08-08T17:48:24.691698+00:00,1786211304.692,227.83,26.46,0.8752,1.04,0.357,288.9,222.0
2026-08-08T17:48:24.889897+00:00,1786211304.890,228.03,22.44,0.8796,1.14,0.064,301.7,222.0
2026-08-08T17:48:25.092910+00:00,1786211305.093,228.23,23.88,0.8796,1.24,0.302,318.8,222.0
2026-08-08T17:48:25.491095+00:00,1786211305.491,228.63,25.02,0.8840,1.25,0.173,324.7,222.0
2026-08-08T17:48:25.695302+00:00,1786211305.695,228.83,26.41,0.8840,1.21,0.280,344.2,222.0
2026-08-08T17:48:25.896944+00:00,1786211305.897,229.03,26.41,0.8862,1.17,0.280,362.0,222.0
2026-08-08T17:48:26.093827+00:00,1786211306.094,229.23,26.33,0.8862,1.13,0.185,371.6,222.0
2026-08-08T17:48:26.315986+00:00,1786211306.316,229.45,26.08,0.8862,1.09,0.000,369.8,222.0
2026-08-08T17:48:26.511903+00:00,1786211306.512,229.65,26.08,0.8906,1.05,0.000,358.6,222.0
2026-08-08T17:48:26.893125+00:00,1786211306.893,230.03,23.47,0.8906,0.97,-0.345,320.1,222.0
2026-08-08T17:48:27.889977+00:00,1786211307.890,231.03,26.50,0.8994,0.67,0.000,297.2,222.0
2026-08-08T17:48:28.103566+00:00,1786211308.104,231.24,26.50,0.8994,0.57,0.351,288.8,222.0
2026-08-08T17:48:28.306817+00:00,1786211308.307,231.44,22.91,0.9038,0.47,-0.084,258.6,222.0
2026-08-08T17:48:28.512419+00:00,1786211308.512,231.65,26.36,0.9038,0.37,0.123,260.0,222.0
2026-08-08T17:48:28.710832+00:00,1786211308.711,231.85,26.36,0.9038,0.27,0.000,240.9,222.0
2026-08-08T17:48:28.913891+00:00,1786211308.914,232.05,23.10,0.9082,0.17,-0.305,208.6,222.0
2026-08-08T17:48:29.701680+00:00,1786211309.702,232.84,26.45,0.9126,-0.11,0.000,183.1,188.7
2026-08-08T17:48:29.911814+00:00,1786211309.912,233.05,26.45,0.9126,-0.20,0.000,157.1,188.7
2026-08-08T17:48:30.302181+00:00,1786211310.302,233.44,26.29,0.9170,-0.39,0.000,134.7,188.7
2026-08-08T17:48:30.506413+00:00,1786211310.506,233.64,26.29,0.9170,-0.49,0.217,132.5,188.7
2026-08-08T17:48:30.709658+00:00,1786211310.710,233.85,23.95,0.9214,-0.58,-0.251,105.8,188.7
2026-08-08T17:48:31.496249+00:00,1786211311.496,234.63,26.36,0.9258,-0.77,0.000,109.7,188.7
2026-08-08T17:48:31.708092+00:00,1786211311.708,234.84,26.08,0.9258,-0.83,0.259,109.5,188.7
2026-08-08T17:48:31.910543+00:00,1786211311.911,235.05,26.57,0.9302,-0.90,0.000,79.0,188.7
2026-08-08T17:48:32.115164+00:00,1786211312.115,235.25,26.57,0.9302,-0.96,0.000,73.9,188.7
2026-08-08T17:48:32.497941+00:00,1786211312.498,235.63,26.40,0.9346,-1.09,0.256,68.2,188.7
2026-08-08T17:48:32.915987+00:00,1786211312.916,236.05,25.58,0.9346,-1.14,-0.076,52.0,188.7
2026-08-08T17:48:33.300133+00:00,1786211313.300,236.44,26.43,0.9390,-1.15,0.000,57.1,188.7
2026-08-08T17:48:33.510095+00:00,1786211313.510,236.65,23.13,0.9390,-1.15,-0.274,34.5,188.7
2026-08-08T17:48:33.709549+00:00,1786211313.710,236.85,26.33,0.9434,-1.16,0.000,26.3,188.7
2026-08-08T17:48:33.911704+00:00,1786211313.912,237.05,26.33,0.9434,-1.16,0.207,30.2,188.7
2026-08-08T17:48:34.107811+00:00,1786211314.108,237.24,23.51,0.9434,-1.17,-0.303,0.0,188.7
2026-08-08T17:48:34.313055+00:00,1786211314.313,237.45,25.90,0.9478,-1.17,0.000,6.4,188.7
2026-08-08T17:48:34.718760+00:00,1786211314.719,237.86,26.27,0.9478,-1.20,0.000,2.6,188.7
2026-08-08T17:48:35.102372+00:00,1786211315.102,238.24,22.63,0.9500,-1.22,-0.366,0.0,188.7
2026-08-08T17:48:35.308871+00:00,1786211315.309,238.45,26.27,0.9500,-1.24,0.000,0.0,188.7
2026-08-08T17:48:35.504003+00:00,1786211315.504,238.64,26.27,0.9544,-1.25,0.074,0.0,188.7
2026-08-08T17:48:35.700945+00:00,1786211315.701,238.84,22.92,0.9544,-1.26,-0.406,0.0,188.7
2026-08-08T17:48:35.902515+00:00,1786211315.902,239.04,26.47,0.9544,-1.28,0.387,0.0,188.7
2026-08-08T17:48:36.103220+00:00,1786211316.103,239.24,26.47,0.9588,-1.28,0.000,0.0,188.7
2026-08-08T17:48:36.895428+00:00,1786211316.895,240.03,26.37,0.9632,-1.31,0.000,0.0,188.7
2026-08-08T17:48:37.097581+00:00,1786211317.098,240.23,26.37,0.9654,-1.32,0.266,0.0,188.7
2026-08-08T17:48:37.303755+00:00,1786211317.304,240.44,22.84,0.9654,-1.32,-0.283,0.0,188.7
2026-08-08T17:48:37.683487+00:00,1786211317.683,240.82,26.73,0.9698,-1.34,0.000,0.0,188.7
2026-08-08T17:48:37.887568+00:00,1786211317.888,241.02,23.37,0.9698,-1.36,0.074,0.0,188.7
2026-08-08T17:48:38.284989+00:00,1786211318.285,241.42,25.96,0.9742,-1.40,0.000,0.0,188.7
2026-08-08T17:48:38.487638+00:00,1786211318.488,241.62,26.44,0.9742,-1.42,0.000,0.0,188.7
2026-08-08T17:48:38.684526+00:00,1786211318.684,241.82,26.44,0.9764,-1.43,0.328,0.0,188.7
2026-08-08T17:48:38.886646+00:00,1786211318.887,242.02,22.67,0.9764,-1.45,-0.353,0.0,188.7
2026-08-08T17:48:39.087573+00:00,1786211319.088,242.22,26.30,0.9764,-1.47,0.000,0.0,188.7
2026-08-08T17:48:39.288555+00:00,1786211319.289,242.43,26.30,0.9808,-1.49,0.000,0.0,188.7
2026-08-08T17:48:39.485127+00:00,1786211319.485,242.62,23.16,0.9808,-1.51,-0.374,0.0,188.7
2026-08-08T17:48:39.888492+00:00,1786211319.888,243.03,24.76,0.9852,-1.48,0.206,0.0,188.7
2026-08-08T17:48:40.088280+00:00,1786211320.088,243.23,26.14,0.9852,-1.47,-0.067,0.0,188.7
2026-08-08T17:48:40.288183+00:00,1786211320.288,243.42,26.14,0.9874,-1.45,0.321,0.0,188.7
2026-08-08T17:48:40.487030+00:00,1786211320.487,243.62,22.64,0.9874,-1.44,-0.418,0.0,188.7
2026-08-08T17:48:40.686741+00:00,1786211320.687,243.82,22.64,0.9874,-1.43,-0.480,0.0,188.7
2026-08-08T17:48:40.887171+00:00,1786211320.887,244.02,22.66,0.9918,-1.41,-0.477,0.0,188.7
2026-08-08T17:48:41.088390+00:00,1786211321.088,244.23,22.66,0.9918,-1.40,0.000,0.0,188.7
2026-08-08T17:48:41.683752+00:00,1786211321.684,244.82,19.94,0.9940,-1.49,-0.681,0.0,188.7
2026-08-08T17:48:41.888835+00:00,1786211321.889,245.03,19.94,0.9940,-1.53,-0.680,0.0,188.7
2026-08-08T17:48:42.088298+00:00,1786211322.088,245.23,19.79,0.9984,-1.58,-0.360,0.0,188.7
2026-08-08T17:48:42.295491+00:00,1786211322.295,245.43,19.79,0.9984,-1.62,-0.574,0.0,188.7
2026-08-08T17:48:42.493625+00:00,1786211322.494,245.63,19.74,0.9984,-1.66,-0.740,0.0,188.7
2026-08-08T17:48:42.691783+00:00,1786211322.692,245.83,19.74,1.0006,-1.71,-0.741,0.0,188.7
2026-08-08T17:48:44.650526+00:00,1786211324.651,247.79,24.41,1.0116,-1.76,0.118,0.0,188.7
2026-08-08T17:48:44.854665+00:00,1786211324.855,247.99,24.41,1.0116,-1.76,0.118,0.0,188.7
2026-08-08T17:48:45.235514+00:00,1786211325.235,248.37,25.30,1.0160,-1.75,0.169,0.0,188.7
2026-08-08T17:48:45.442426+00:00,1786211325.442,248.58,20.00,1.0182,-1.74,-0.170,0.0,188.7
2026-08-08T17:48:45.645449+00:00,1786211325.645,248.78,22.83,1.0182,-1.73,0.203,0.0,188.7
2026-08-08T17:48:45.843979+00:00,1786211325.844,248.98,22.83,1.0182,-1.73,0.203,0.0,188.7
2026-08-08T17:48:46.042291+00:00,1786211326.042,249.18,21.47,1.0204,-1.68,0.118,0.0,188.7
2026-08-08T17:48:46.242217+00:00,1786211326.242,249.38,21.47,1.0204,-1.67,0.119,0.0,188.7
2026-08-08T17:48:46.437831+00:00,1786211326.438,249.57,20.84,1.0204,-1.65,0.078,0.0,188.7
2026-08-08T17:48:46.651282+00:00,1786211326.651,249.79,26.21,1.0270,-1.64,0.454,0.0,188.7
2026-08-08T17:48:46.847955+00:00,1786211326.848,249.98,26.21,1.0270,-1.62,0.228,0.0,188.7
2026-08-08T17:48:47.047546+00:00,1786211327.048,250.18,22.53,1.0270,-1.61,-0.238,0.0,188.7
2026-08-08T17:48:47.247432+00:00,1786211327.247,250.38,22.53,1.0292,-1.59,-0.383,0.0,188.7
2026-08-08T17:48:47.842202+00:00,1786211327.842,250.98,26.06,1.0336,-1.47,0.702,7.5,188.7
2026-08-08T17:48:48.055158+00:00,1786211328.055,251.19,22.77,1.0336,-1.38,0.000,0.0,188.7
2026-08-08T17:48:48.257088+00:00,1786211328.257,251.39,22.77,1.0358,-1.28,0.000,11.5,188.7
2026-08-08T17:48:48.460578+00:00,1786211328.461,251.60,22.60,1.0358,-1.19,0.130,12.2,188.7
2026-08-08T17:48:48.659725+00:00,1786211328.660,251.80,25.94,1.0358,-1.10,0.514,34.9,188.7
2026-08-08T17:48:48.859078+00:00,1786211328.859,252.00,25.94,1.0402,-1.00,0.585,65.9,188.7
2026-08-08T17:48:49.061237+00:00,1786211329.061,252.20,22.76,1.0402,-0.91,-0.398,49.3,188.7
2026-08-08T17:48:49.463064+00:00,1786211329.463,252.60,24.17,1.0446,-0.77,-0.217,43.5,188.7
2026-08-08T17:48:49.658499+00:00,1786211329.658,252.80,24.17,1.0446,-0.72,0.175,35.4,188.7
2026-08-08T17:48:49.856731+00:00,1786211329.857,252.99,22.61,1.0446,-0.68,0.000,29.9,188.7
2026-08-08T17:48:50.059828+00:00,1786211330.060,253.20,22.81,1.0490,-0.65,-0.406,29.6,188.7
2026-08-08T17:48:50.263436+00:00,1786211330.263,253.40,22.81,1.0490,-0.61,0.000,53.5,188.7
2026-08-08T17:48:50.459897+00:00,1786211330.460,253.60,22.48,1.0490,-0.58,0.000,23.7,188.7
2026-08-08T17:48:50.657696+00:00,1786211330.658,253.79,22.48,1.0512,-0.54,0.000,29.7,188.7
2026-08-08T17:48:50.855913+00:00,1786211330.856,253.99,21.05,1.0512,-0.51,-0.618,9.5,188.7
2026-08-08T17:48:51.266280+00:00,1786211331.266,254.40,25.58,1.0556,-0.55,0.000,10.4,188.7
2026-08-08T17:48:51.459825+00:00,1786211331.460,254.60,22.62,1.0556,-0.58,0.000,0.0,188.7
2026-08-08T17:48:51.656170+00:00,1786211331.656,254.79,22.62,1.0578,-0.62,-0.197,0.0,188.7
2026-08-08T17:48:52.044761+00:00,1786211332.045,255.18,22.73,1.0578,-0.70,-0.168,0.0,188.7
2026-08-08T17:48:52.248913+00:00,1786211332.249,255.39,22.73,1.0622,-0.73,0.000,0.0,188.7
2026-08-08T17:48:52.447921+00:00,1786211332.448,255.58,22.73,1.0622,-0.77,0.000,0.0,188.7
2026-08-08T17:48:52.644891+00:00,1786211332.645,255.78,20.27,1.0622,-0.81,-0.296,0.0,188.7
2026-08-08T17:48:53.628757+00:00,1786211333.629,256.77,20.18,1.0688,-0.99,-0.202,0.0,188.7
2026-08-08T17:48:53.830449+00:00,1786211333.830,256.97,20.03,1.0688,-1.09,-0.214,0.0,188.7
2026-08-08T17:48:54.033148+00:00,1786211334.033,257.17,20.03,1.0710,-1.18,-0.089,0.0,188.7
2026-08-08T17:48:54.233512+00:00,1786211334.233,257.37,20.00,1.0710,-1.28,-0.522,0.0,188.7
2026-08-08T17:48:54.433464+00:00,1786211334.433,257.57,20.00,1.0710,-1.37,-0.244,0.0,188.7
2026-08-08T17:48:54.639133+00:00,1786211334.639,257.78,19.96,1.0754,-1.47,-0.248,0.0,188.7
2026-08-08T17:48:54.837978+00:00,1786211334.838,257.97,19.96,1.0754,-1.56,-0.275,0.0,188.7
2026-08-08T17:48:55.232858+00:00,1786211335.233,258.37,19.28,1.0776,-1.77,-0.321,0.0,188.7
2026-08-08T17:48:55.432920+00:00,1786211335.433,258.57,19.28,1.0776,-1.88,-0.320,0.0,188.7
2026-08-08T17:48:55.630665+00:00,1786211335.631,258.77,17.56,1.0798,-1.98,-0.252,0.0,188.7
2026-08-08T17:48:55.833543+00:00,1786211335.834,258.97,17.56,1.0798,-2.09,-0.330,0.0,188.7
2026-08-08T17:48:56.214896+00:00,1786211336.215,259.35,17.66,1.0820,-2.30,-0.276,0.0,188.7
2026-08-08T17:48:56.800907+00:00,1786211336.801,259.94,16.24,1.0842,-2.50,-0.380,0.0,188.7
2026-08-08T17:48:57.003442+00:00,1786211337.003,260.14,16.33,1.0842,-2.55,-0.368,0.0,188.7
2026-08-08T17:48:57.204944+00:00,1786211337.205,260.34,16.33,1.0842,-2.59,-0.368,0.0,188.7
2026-08-08T17:48:57.400155+00:00,1786211337.400,260.54,17.89,1.0886,-2.64,-0.207,0.0,188.7
2026-08-08T17:48:57.604565+00:00,1786211337.605,260.74,17.89,1.0886,-2.69,-0.207,0.0,188.7
2026-08-08T17:48:57.799994+00:00,1786211337.800,260.94,17.81,1.0886,-2.74,-0.159,0.0,188.7
2026-08-08T17:48:58.384218+00:00,1786211338.384,261.52,19.98,1.0930,-2.75,0.066,0.0,188.7
2026-08-08T17:48:58.581137+00:00,1786211338.581,261.72,19.99,1.0930,-2.76,0.229,0.0,188.7
2026-08-08T17:48:58.786245+00:00,1786211338.786,261.92,19.99,1.0952,-2.73,0.229,0.0,188.7
2026-08-08T17:48:58.985202+00:00,1786211338.985,262.12,19.96,1.0952,-2.70,0.231,0.0,188.7
2026-08-08T17:48:59.184286+00:00,1786211339.184,262.32,19.96,1.0952,-2.67,0.433,0.0,188.7
2026-08-08T17:48:59.385131+00:00,1786211339.385,262.52,20.02,1.0996,-2.64,0.431,0.0,188.7
2026-08-08T17:48:59.586339+00:00,1786211339.586,262.72,20.02,1.0996,-2.60,0.431,0.0,188.7
2026-08-08T17:49:00.778307+00:00,1786211340.778,263.91,19.97,1.1062,-2.36,0.171,0.0,188.7
2026-08-08T17:49:00.976364+00:00,1786211340.976,264.11,19.93,1.1062,-2.26,0.168,0.0,188.7
2026-08-08T17:49:01.172285+00:00,1786211341.172,264.31,19.93,1.1084,-2.16,0.175,0.0,188.7
2026-08-08T17:49:01.369912+00:00,1786211341.370,264.51,19.95,1.1084,-2.07,0.000,0.0,188.7
2026-08-08T17:49:01.571729+00:00,1786211341.572,264.71,19.95,1.1084,-1.97,0.000,0.0,188.7
2026-08-08T17:49:01.768846+00:00,1786211341.769,264.91,19.94,1.1128,-1.87,0.000,0.0,188.7
2026-08-08T17:49:02.168759+00:00,1786211342.169,265.31,22.12,1.1128,-1.69,0.189,0.0,188.7
2026-08-08T17:49:02.556039+00:00,1786211342.556,265.69,19.96,1.1150,-1.52,0.000,0.0,188.7
2026-08-08T17:49:02.758481+00:00,1786211342.758,265.90,22.92,1.1150,-1.43,0.239,0.0,188.7
2026-08-08T17:49:02.959245+00:00,1786211342.959,266.10,22.92,1.1193,-1.35,0.239,0.0,188.7
2026-08-08T17:49:03.158798+00:00,1786211343.159,266.30,22.86,1.1193,-1.26,0.338,0.0,188.7
2026-08-08T17:49:03.360064+00:00,1786211343.360,266.50,22.86,1.1193,-1.18,0.342,0.0,188.7
2026-08-08T17:49:03.557317+00:00,1786211343.557,266.69,20.42,1.1237,-1.09,0.057,4.3,188.7
2026-08-08T17:49:03.968597+00:00,1786211343.969,267.11,24.43,1.1237,-1.06,0.479,29.6,188.7
2026-08-08T17:49:04.356497+00:00,1786211344.356,267.49,19.73,1.1259,-0.99,0.000,30.4,188.7
2026-08-08T17:49:04.565759+00:00,1786211344.566,267.70,19.73,1.1281,-0.96,0.000,37.5,188.7
2026-08-08T17:49:04.942651+00:00,1786211344.943,268.08,19.94,1.1281,-0.89,-0.219,36.2,188.7
2026-08-08T17:49:05.151885+00:00,1786211345.152,268.29,20.01,1.1325,-0.85,0.000,42.8,188.7
2026-08-08T17:49:05.359677+00:00,1786211345.360,268.50,21.19,1.1325,-0.82,-0.185,33.1,188.7
2026-08-08T17:49:05.760129+00:00,1786211345.760,268.90,22.86,1.1347,-0.92,0.000,37.9,188.7
2026-08-08T17:49:05.953213+00:00,1786211345.953,269.09,22.86,1.1347,-0.99,0.000,30.7,188.7
2026-08-08T17:49:06.153513+00:00,1786211346.153,269.29,22.60,1.1391,-1.05,0.000,22.3,188.7
2026-08-08T17:49:06.359432+00:00,1786211346.359,269.50,22.60,1.1391,-1.11,0.216,17.8,188.7
2026-08-08T17:49:06.554791+00:00,1786211346.555,269.69,22.44,1.1391,-1.18,-0.214,0.0,188.7
2026-08-08T17:49:06.758784+00:00,1786211346.759,269.90,22.44,1.1413,-1.24,0.313,4.2,188.7
2026-08-08T17:49:06.955304+00:00,1786211346.955,270.09,19.85,1.1413,-1.30,0.000,0.0,188.7
2026-08-08T17:49:07.154225+00:00,1786211347.154,270.29,19.85,1.1413,-1.36,0.000,0.0,188.7
2026-08-08T17:49:07.942307+00:00,1786211347.942,271.08,22.76,1.1479,-1.43,0.273,0.0,188.7
2026-08-08T17:49:08.317887+00:00,1786211348.318,271.45,23.08,1.1479,-1.46,0.177,0.0,188.7
2026-08-08T17:49:08.525637+00:00,1786211348.526,271.66,23.08,1.1523,-1.52,0.000,0.0,188.7
2026-08-08T17:49:08.727880+00:00,1786211348.728,271.86,20.34,1.1523,-1.55,-0.251,0.0,188.7
2026-08-08T17:49:08.930701+00:00,1786211348.931,272.07,20.34,1.1545,-1.58,-0.226,0.0,188.7
2026-08-08T17:49:09.132530+00:00,1786211349.133,272.27,19.94,1.1545,-1.61,-0.266,0.0,188.7
2026-08-08T17:49:09.332194+00:00,1786211349.332,272.47,19.94,1.1545,-1.62,-0.249,0.0,188.7
2026-08-08T17:49:09.529992+00:00,1786211349.530,272.67,19.95,1.1589,-1.64,-0.249,0.0,188.7
2026-08-08T17:49:09.732554+00:00,1786211349.733,272.87,22.39,1.1589,-1.67,0.254,0.0,188.7
2026-08-08T17:49:10.134370+00:00,1786211350.134,273.27,22.46,1.1611,-1.74,0.244,0.0,188.7
2026-08-08T17:49:10.332976+00:00,1786211350.333,273.47,22.46,1.1611,-1.78,0.000,0.0,188.7
2026-08-08T17:49:10.531594+00:00,1786211350.532,273.67,22.59,1.1655,-1.82,-0.060,0.0,188.7
2026-08-08T17:49:10.735478+00:00,1786211350.735,273.87,22.59,1.1655,-1.86,-0.061,0.0,188.7
2026-08-08T17:49:11.126330+00:00,1786211351.126,274.26,22.58,1.1677,-1.86,0.259,0.0,188.7
2026-08-08T17:49:11.332472+00:00,1786211351.332,274.47,22.48,1.1677,-1.85,0.247,0.0,188.7
2026-08-08T17:49:12.110600+00:00,1786211352.111,275.25,22.88,1.1721,-1.76,0.274,0.0,188.7
2026-08-08T17:49:12.315066+00:00,1786211352.315,275.45,22.96,1.1765,-1.73,0.281,0.0,188.7
2026-08-08T17:49:12.698600+00:00,1786211352.699,275.84,20.30,1.1765,-1.67,0.000,0.0,188.7
2026-08-08T17:49:12.900700+00:00,1786211352.901,276.04,20.30,1.1787,-1.66,-0.183,0.0,188.7
2026-08-08T17:49:13.101844+00:00,1786211353.102,276.24,22.64,1.1787,-1.66,0.000,0.0,188.7
2026-08-08T17:49:13.695833+00:00,1786211353.696,276.83,22.82,1.1831,-1.62,0.000,0.0,188.7
2026-08-08T17:49:13.897298+00:00,1786211353.897,277.03,22.82,1.1831,-1.60,0.000,0.0,188.7
2026-08-08T17:49:14.095286+00:00,1786211354.095,277.23,22.67,1.1875,-1.58,0.000,0.0,188.7
2026-08-08T17:49:14.299371+00:00,1786211354.299,277.44,22.67,1.1875,-1.57,0.000,0.0,188.7
2026-08-08T17:49:14.679070+00:00,1786211354.679,277.82,20.18,1.1897,-1.53,-0.191,0.0,188.7
2026-08-08T17:49:14.883610+00:00,1786211354.884,278.02,20.05,1.1897,-1.51,-0.283,0.0,188.7
2026-08-08T17:49:15.847352+00:00,1786211355.847,278.98,23.21,1.1985,-1.61,0.000,0.0,188.7
2026-08-08T17:49:16.055323+00:00,1786211356.055,279.19,23.21,1.1985,-1.66,0.240,0.0,188.7
2026-08-08T17:49:16.432358+00:00,1786211356.432,279.57,23.32,1.2007,-1.74,0.237,0.0,188.7
2026-08-08T17:49:16.632173+00:00,1786211356.632,279.77,20.53,1.2007,-1.78,-0.166,0.0,188.7
2026-08-08T17:49:17.009122+00:00,1786211357.009,280.15,23.17,1.2051,-1.83,0.000,0.0,188.7
2026-08-08T17:49:17.227957+00:00,1786211357.228,280.36,23.17,1.2051,-1.92,0.000,0.0,188.7
2026-08-08T17:49:17.614542+00:00,1786211357.615,280.75,20.17,1.2073,-2.06,-0.197,0.0,188.7
2026-08-08T17:49:17.818387+00:00,1786211357.818,280.96,20.12,1.2073,-2.13,-0.201,0.0,188.7
2026-08-08T17:49:18.201314+00:00,1786211358.201,281.34,20.16,1.2117,-2.27,0.000,0.0,188.7
2026-08-08T17:49:18.580952+00:00,1786211358.581,281.72,20.18,1.2117,-2.34,0.000,0.0,188.7
2026-08-08T17:49:18.787417+00:00,1786211358.787,281.92,20.18,1.2139,-2.39,-0.286,0.0,188.7
2026-08-08T17:49:18.987585+00:00,1786211358.988,282.12,20.21,1.2139,-2.43,-0.284,0.0,188.7
2026-08-08T17:49:19.189501+00:00,1786211359.189,282.33,20.21,1.2139,-2.48,-0.314,0.0,188.7
2026-08-08T17:49:19.389738+00:00,1786211359.390,282.53,20.12,1.2183,-2.52,0.000,0.0,188.7
2026-08-08T17:49:19.596054+00:00,1786211359.596,282.73,20.12,1.2183,-2.56,-0.328,0.0,188.7
2026-08-08T17:49:19.791897+00:00,1786211359.792,282.93,19.95,1.2183,-2.60,-0.349,0.0,188.7
2026-08-08T17:49:19.991856+00:00,1786211359.992,283.13,19.95,1.2205,-2.64,0.000,0.0,188.7
2026-08-08T17:49:20.586423+00:00,1786211360.586,283.72,22.40,1.2249,-2.73,0.229,0.0,188.7
2026-08-08T17:49:20.791203+00:00,1786211360.791,283.93,22.64,1.2249,-2.70,0.266,0.0,188.7
2026-08-08T17:49:20.992296+00:00,1786211360.992,284.13,22.64,1.2271,-2.66,0.283,0.0,188.7
2026-08-08T17:49:21.193603+00:00,1786211361.194,284.33,22.59,1.2271,-2.63,0.278,0.0,188.7
2026-08-08T17:49:21.391577+00:00,1786211361.392,284.53,22.59,1.2271,-2.59,0.275,0.0,188.7
2026-08-08T17:49:21.587352+00:00,1786211361.587,284.72,22.63,1.2315,-2.56,0.281,0.0,188.7
2026-08-08T17:49:21.787296+00:00,1786211361.787,284.92,22.63,1.2315,-2.52,0.291,0.0,188.7
2026-08-08T17:49:22.568615+00:00,1786211362.569,285.71,22.97,1.2337,-2.41,0.266,0.0,188.7
2026-08-08T17:49:22.775740+00:00,1786211362.776,285.91,22.97,1.2381,-2.35,0.281,0.0,188.7
2026-08-08T17:49:23.155733+00:00,1786211363.156,286.29,23.09,1.2381,-2.24,0.276,0.0,188.7
2026-08-08T17:49:23.529114+00:00,1786211363.529,286.67,20.59,1.2425,-2.18,-0.172,0.0,188.7
2026-08-08T17:49:23.739192+00:00,1786211363.739,286.88,25.84,1.2425,-1.98,0.302,0.0,188.7
2026-08-08T17:49:24.117819+00:00,1786211364.118,287.25,20.52,1.2469,-1.88,-0.188,0.0,188.7
2026-08-08T17:49:24.325284+00:00,1786211364.325,287.46,23.17,1.2469,-1.76,0.051,0.0,188.7
2026-08-08T17:49:24.525659+00:00,1786211364.526,287.66,23.17,1.2469,-1.70,0.051,0.0,188.7
2026-08-08T17:49:24.723451+00:00,1786211364.723,287.86,26.44,1.2513,-1.65,0.337,0.0,188.7
2026-08-08T17:49:25.099829+00:00,1786211365.100,288.24,21.25,1.2513,-1.59,-0.116,0.0,188.7
2026-08-08T17:49:25.309940+00:00,1786211365.310,288.45,26.45,1.2557,-1.50,0.353,0.0,188.7
2026-08-08T17:49:25.516581+00:00,1786211365.517,288.65,26.45,1.2557,-1.45,0.353,2.8,188.7
2026-08-08T17:49:25.719880+00:00,1786211365.720,288.86,22.87,1.2557,-1.40,0.000,0.0,188.7
2026-08-08T17:49:25.924182+00:00,1786211365.924,289.06,22.87,1.2579,-1.35,0.265,5.2,188.7
2026-08-08T17:49:26.138523+00:00,1786211366.138,289.28,22.51,1.2579,-1.31,-0.386,0.0,188.7
2026-08-08T17:49:26.344835+00:00,1786211366.345,289.48,25.60,1.2579,-1.26,0.634,28.8,188.7
2026-08-08T17:49:26.545646+00:00,1786211366.546,289.68,25.60,1.2623,-1.21,0.305,35.2,188.7
2026-08-08T17:49:27.330933+00:00,1786211367.331,290.47,26.54,1.2667,-1.06,0.334,67.5,188.7
2026-08-08T17:49:27.541418+00:00,1786211367.541,290.68,26.54,1.2667,-1.03,0.000,72.4,188.7
2026-08-08T17:49:27.741472+00:00,1786211367.741,290.88,22.64,1.2711,-0.99,0.147,81.7,188.7
2026-08-08T17:49:27.944897+00:00,1786211367.945,291.08,26.12,1.2711,-0.96,0.000,70.2,188.7
2026-08-08T17:49:28.145674+00:00,1786211368.146,291.28,26.12,1.2711,-0.93,0.000,81.6,188.7
2026-08-08T17:49:29.895632+00:00,1786211369.896,293.03,23.25,1.2843,-0.87,0.000,67.3,188.7
2026-08-08T17:49:30.115742+00:00,1786211370.116,293.25,26.19,1.2843,-0.91,0.220,65.0,188.7
2026-08-08T17:49:30.358331+00:00,1786211370.358,293.50,26.23,1.2887,-0.93,0.245,82.5,188.7
2026-08-08T17:49:30.719343+00:00,1786211370.719,293.86,22.75,1.2887,-0.97,-0.181,65.8,188.7
2026-08-08T17:49:30.927084+00:00,1786211370.927,294.06,22.75,1.2909,-0.98,-0.181,77.0,188.7
2026-08-08T17:49:31.127390+00:00,1786211371.127,294.26,25.44,1.2909,-1.00,-0.081,43.9,188.7
2026-08-08T17:49:31.329037+00:00,1786211371.329,294.47,23.00,1.2909,-1.02,-0.260,17.7,188.7
2026-08-08T17:49:32.488710+00:00,1786211372.489,295.63,20.50,1.2997,-1.10,-0.125,0.0,188.7
2026-08-08T17:49:32.699406+00:00,1786211372.699,295.84,22.81,1.3041,-1.12,-0.193,0.0,188.7
2026-08-08T17:49:32.902656+00:00,1786211372.903,296.04,22.81,1.3041,-1.14,-0.193,0.0,188.7
2026-08-08T17:49:33.097422+00:00,1786211373.097,296.23,22.91,1.3041,-1.15,0.000,0.0,188.7
2026-08-08T17:49:33.300083+00:00,1786211373.300,296.44,23.43,1.3085,-1.16,-0.241,0.0,188.7
2026-08-08T17:49:33.506926+00:00,1786211373.507,296.64,23.43,1.3085,-1.18,-0.247,0.0,188.7
2026-08-08T17:49:33.703371+00:00,1786211373.703,296.84,26.03,1.3085,-1.19,0.305,0.0,188.7
2026-08-08T17:49:33.905759+00:00,1786211373.906,297.04,26.03,1.3107,-1.21,0.306,0.0,188.7
2026-08-08T17:49:34.497938+00:00,1786211374.498,297.63,25.70,1.3151,-1.25,0.000,0.0,188.7
2026-08-08T17:49:34.705064+00:00,1786211374.705,297.84,22.72,1.3151,-1.28,0.000,0.0,188.7
2026-08-08T17:49:34.902692+00:00,1786211374.903,298.04,22.72,1.3151,-1.30,0.255,0.0,188.7
2026-08-08T17:49:35.102201+00:00,1786211375.102,298.24,22.70,1.3195,-1.32,0.000,0.0,188.7
2026-08-08T17:49:35.305403+00:00,1786211375.305,298.44,22.70,1.3195,-1.35,0.000,0.0,188.7
2026-08-08T17:49:35.503381+00:00,1786211375.503,298.64,22.62,1.3195,-1.36,0.000,0.0,188.7
2026-08-08T17:49:35.702335+00:00,1786211375.702,298.84,22.62,1.3217,-1.38,-0.094,0.0,188.7
2026-08-08T17:49:37.272101+00:00,1786211377.272,300.41,20.39,1.3305,-1.46,-0.224,0.0,188.7
2026-08-08T17:49:37.483308+00:00,1786211377.483,300.62,22.87,1.3327,-1.50,-0.233,0.0,188.7
2026-08-08T17:49:37.687632+00:00,1786211377.688,300.82,22.87,1.3327,-1.52,-0.233,0.0,188.7
2026-08-08T17:49:37.886379+00:00,1786211377.886,301.02,22.63,1.3371,-1.52,-0.252,0.0,188.7
2026-08-08T17:49:38.264531+00:00,1786211378.265,301.40,21.01,1.3371,-1.52,-0.134,0.0,188.7
2026-08-08T17:49:38.469390+00:00,1786211378.469,301.61,26.29,1.3415,-1.49,0.278,0.0,188.7
2026-08-08T17:49:38.671207+00:00,1786211378.671,301.81,26.29,1.3415,-1.49,0.280,0.0,188.7
2026-08-08T17:49:38.868711+00:00,1786211378.869,302.01,22.86,1.3415,-1.45,0.000,0.0,188.7
2026-08-08T17:49:39.073246+00:00,1786211379.073,302.21,22.86,1.3437,-1.44,0.000,0.0,188.7
2026-08-08T17:49:39.452687+00:00,1786211379.453,302.59,23.01,1.3437,-1.41,0.000,0.0,188.7
2026-08-08T17:49:39.653294+00:00,1786211379.653,302.79,22.72,1.3481,-1.39,0.272,0.0,188.7
2026-08-08T17:49:39.860022+00:00,1786211379.860,303.00,22.84,1.3481,-1.37,0.000,0.0,188.7
2026-08-08T17:49:40.639520+00:00,1786211380.640,303.78,24.55,1.3525,-1.34,0.159,0.0,188.7
2026-08-08T17:49:40.844342+00:00,1786211380.844,303.98,24.55,1.3547,-1.33,0.180,0.0,188.7
2026-08-08T17:49:41.056071+00:00,1786211381.056,304.19,25.42,1.3547,-1.20,0.439,16.8,188.7
2026-08-08T17:49:41.256757+00:00,1786211381.257,304.39,22.84,1.3591,-1.17,-0.344,15.3,188.7
2026-08-08T17:49:41.459371+00:00,1786211381.459,304.60,22.84,1.3591,-1.14,-0.344,8.6,188.7
2026-08-08T17:49:41.842225+00:00,1786211381.842,304.98,22.46,1.3613,-1.09,0.000,0.0,188.7
2026-08-08T17:49:42.060537+00:00,1786211382.061,305.20,21.18,1.3613,-1.07,-0.157,0.0,188.7
2026-08-08T17:49:42.438718+00:00,1786211382.439,305.58,20.53,1.3657,-1.03,-0.231,0.0,188.7
2026-08-08T17:49:43.037696+00:00,1786211383.038,306.17,22.78,1.3678,-1.04,0.000,0.0,188.7
2026-08-08T17:49:43.241055+00:00,1786211383.241,306.38,22.78,1.3678,-1.05,0.000,0.0,188.7
2026-08-08T17:49:43.631768+00:00,1786211383.632,306.77,22.98,1.3722,-1.09,-0.146,0.0,188.7
2026-08-08T17:49:43.836449+00:00,1786211383.836,306.97,22.75,1.3722,-1.11,-0.168,0.0,188.7
2026-08-08T17:49:44.031637+00:00,1786211384.032,307.17,22.81,1.3722,-1.13,-0.243,0.0,188.7
2026-08-08T17:49:44.229624+00:00,1786211384.230,307.37,22.81,1.3766,-1.15,0.000,0.0,188.7
2026-08-08T17:49:44.825326+00:00,1786211384.825,307.96,25.09,1.3810,-1.20,0.186,0.0,188.7
2026-08-08T17:49:45.034634+00:00,1786211385.035,308.17,26.36,1.3810,-1.22,0.339,0.0,188.7
2026-08-08T17:49:45.233669+00:00,1786211385.234,308.37,26.36,1.3832,-1.24,0.454,0.0,188.7
2026-08-08T17:49:45.429286+00:00,1786211385.429,308.57,22.56,1.3832,-1.24,0.189,0.0,188.7
2026-08-08T17:49:45.627117+00:00,1786211385.627,308.76,22.56,1.3832,-1.24,0.000,0.0,188.7
2026-08-08T17:49:45.825429+00:00,1786211385.825,308.96,22.56,1.3876,-1.24,0.000,10.2,188.7
2026-08-08T17:49:46.034825+00:00,1786211386.035,309.17,22.56,1.3876,-1.25,0.000,8.6,188.7
2026-08-08T17:49:46.833809+00:00,1786211386.834,309.97,24.52,1.3920,-1.35,0.165,14.7,188.7
2026-08-08T17:49:47.217222+00:00,1786211387.217,310.35,22.79,1.3942,-1.37,0.000,19.0,188.7
2026-08-08T17:49:47.432327+00:00,1786211387.432,310.57,23.10,1.3942,-1.38,0.000,24.4,188.7
2026-08-08T17:49:47.631385+00:00,1786211387.631,310.77,23.10,1.3986,-1.40,-0.198,24.4,188.7
2026-08-08T17:49:47.827098+00:00,1786211387.827,310.96,22.45,1.3986,-1.41,-0.390,5.6,188.7
2026-08-08T17:49:48.028942+00:00,1786211388.029,311.17,22.45,1.3986,-1.42,-0.389,0.0,188.7
2026-08-08T17:49:48.811435+00:00,1786211388.811,311.95,22.63,1.4074,-1.46,0.000,0.0,188.7
2026-08-08T17:49:49.018235+00:00,1786211389.018,312.15,22.63,1.4074,-1.47,0.000,0.0,188.7
2026-08-08T17:49:49.394396+00:00,1786211389.394,312.53,22.99,1.4096,-1.48,0.000,0.0,188.7
2026-08-08T17:49:49.592064+00:00,1786211389.592,312.73,22.99,1.4096,-1.49,0.000,0.0,188.7
2026-08-08T17:49:49.979666+00:00,1786211389.980,313.12,23.14,1.4140,-1.51,-0.122,0.0,188.7
2026-08-08T17:49:50.932864+00:00,1786211390.933,314.07,23.59,1.4184,-1.50,0.060,0.0,188.7
2026-08-08T17:49:51.132109+00:00,1786211391.132,314.27,23.43,1.4228,-1.49,0.000,0.0,188.7
2026-08-08T17:49:51.336015+00:00,1786211391.336,314.47,23.43,1.4228,-1.49,0.000,0.0,188.7
2026-08-08T17:49:51.544354+00:00,1786211391.544,314.68,26.27,1.4228,-1.46,0.285,0.0,188.7
2026-08-08T17:49:51.931694+00:00,1786211391.932,315.07,23.85,1.4272,-1.42,0.100,0.0,188.7
2026-08-08T17:49:52.306617+00:00,1786211392.307,315.44,23.16,1.4294,-1.40,0.000,0.0,188.7
2026-08-08T17:49:52.513783+00:00,1786211392.514,315.65,25.43,1.4294,-1.42,0.223,0.0,188.7
2026-08-08T17:49:52.722998+00:00,1786211392.723,315.86,23.83,1.4294,-1.43,0.070,0.0,188.7
2026-08-08T17:49:52.920682+00:00,1786211392.921,316.06,23.83,1.4338,-1.43,0.070,0.0,188.7
2026-08-08T17:49:53.115491+00:00,1786211393.115,316.25,22.84,1.4338,-1.44,0.000,0.0,188.7
2026-08-08T17:49:53.316741+00:00,1786211393.317,316.45,22.84,1.4338,-1.45,-0.088,0.0,188.7
2026-08-08T17:49:53.702467+00:00,1786211393.702,316.84,23.82,1.4382,-1.46,0.000,0.0,188.7
2026-08-08T17:49:54.101631+00:00,1786211394.102,317.24,22.85,1.4404,-1.44,-0.058,0.0,188.7
2026-08-08T17:49:54.309944+00:00,1786211394.310,317.45,22.85,1.4404,-1.43,-0.343,0.0,188.7
2026-08-08T17:49:54.505330+00:00,1786211394.505,317.64,22.79,1.4448,-1.42,-0.115,0.0,188.7
2026-08-08T17:49:54.706378+00:00,1786211394.706,317.84,26.33,1.4448,-1.41,0.367,0.0,188.7
2026-08-08T17:49:54.905427+00:00,1786211394.905,318.04,26.33,1.4448,-1.39,0.104,0.0,188.7
2026-08-08T17:49:55.104567+00:00,1786211395.105,318.24,22.71,1.4492,-1.38,-0.131,0.0,188.7
2026-08-08T17:49:55.309048+00:00,1786211395.309,318.45,22.71,1.4492,-1.38,-0.131,0.0,188.7
2026-08-08T17:49:55.509342+00:00,1786211395.509,318.65,24.90,1.4492,-1.39,0.240,0.0,188.7
2026-08-08T17:49:55.705792+00:00,1786211395.706,318.84,26.27,1.4514,-1.40,0.400,0.0,188.7
2026-08-08T17:49:55.903314+00:00,1786211395.903,319.04,26.27,1.4514,-1.41,0.310,0.0,188.7
2026-08-08T17:49:56.103243+00:00,1786211396.103,319.24,22.69,1.4558,-1.43,0.000,0.0,188.7
2026-08-08T17:49:56.308958+00:00,1786211396.309,319.45,22.69,1.4558,-1.46,0.000,0.0,188.7
2026-08-08T17:49:56.704080+00:00,1786211396.704,319.84,23.80,1.4602,-1.51,0.128,2.1,188.7
2026-08-08T17:49:56.916566+00:00,1786211396.917,320.05,23.80,1.4602,-1.50,-0.317,2.3,188.7
2026-08-08T17:49:58.471216+00:00,1786211398.471,321.61,26.32,1.4712,-1.47,0.000,8.0,188.7
2026-08-08T17:49:58.681880+00:00,1786211398.682,321.82,27.12,1.4712,-1.46,0.343,7.3,188.7
2026-08-08T17:49:58.886720+00:00,1786211398.887,322.02,27.12,1.4734,-1.44,0.343,19.9,188.7
2026-08-08T17:49:59.090619+00:00,1786211399.091,322.23,26.38,1.4734,-1.43,0.114,32.3,188.7
2026-08-08T17:49:59.295071+00:00,1786211399.295,322.43,26.22,1.4734,-1.41,0.000,38.9,188.7
2026-08-08T17:49:59.495299+00:00,1786211399.495,322.63,26.22,1.4778,-1.39,0.000,28.0,188.7
2026-08-08T17:49:59.701506+00:00,1786211399.701,322.84,23.15,1.4778,-1.39,0.000,6.8,188.7
2026-08-08T17:50:00.676348+00:00,1786211400.676,323.81,25.60,1.4866,-1.37,0.185,0.0,188.7
2026-08-08T17:50:00.884695+00:00,1786211400.885,324.02,26.48,1.4866,-1.37,0.178,11.1,188.7
2026-08-08T17:50:01.083360+00:00,1786211401.083,324.22,26.48,1.4888,-1.36,0.178,22.3,188.7
2026-08-08T17:50:01.285032+00:00,1786211401.285,324.42,22.80,1.4888,-1.35,-0.348,0.0,188.7
2026-08-08T17:50:01.489242+00:00,1786211401.489,324.63,26.28,1.4888,-1.34,-0.084,14.5,188.7
2026-08-08T17:50:01.691025+00:00,1786211401.691,324.83,26.28,1.4932,-1.34,-0.084,11.4,188.7
2026-08-08T17:50:03.059678+00:00,1786211403.060,326.20,27.00,1.5020,-1.27,0.000,0.0,188.7
2026-08-08T17:50:03.269784+00:00,1786211403.270,326.41,27.00,1.5020,-1.25,0.055,0.0,188.7
2026-08-08T17:50:03.660589+00:00,1786211403.661,326.80,26.71,1.5064,-1.21,0.000,0.0,188.7
2026-08-08T17:50:03.862697+00:00,1786211403.863,327.00,22.81,1.5064,-1.20,0.000,0.0,188.7
2026-08-08T17:50:04.062125+00:00,1786211404.062,327.20,23.77,1.5108,-1.18,-0.150,0.0,188.7
2026-08-08T17:50:04.460302+00:00,1786211404.460,327.60,25.19,1.5108,-1.16,-0.100,0.0,188.7
2026-08-08T17:50:04.660304+00:00,1786211404.660,327.80,26.44,1.5152,-1.14,0.000,0.0,188.7
2026-08-08T17:50:04.864648+00:00,1786211404.865,328.00,26.44,1.5152,-1.13,0.282,0.0,188.7
2026-08-08T17:50:05.063919+00:00,1786211405.064,328.20,26.32,1.5152,-1.12,0.000,0.0,188.7
2026-08-08T17:50:05.264307+00:00,1786211405.264,328.40,26.23,1.5196,-1.11,0.000,0.0,188.7
2026-08-08T17:50:05.465267+00:00,1786211405.465,328.60,26.23,1.5196,-1.09,-0.090,0.0,188.7
2026-08-08T17:50:05.664277+00:00,1786211405.664,328.80,23.47,1.5196,-1.08,-0.410,0.0,188.7
2026-08-08T17:50:07.620420+00:00,1786211407.620,330.76,26.09,1.5350,-1.07,0.000,0.0,188.7
2026-08-08T17:50:07.830615+00:00,1786211407.831,330.97,26.74,1.5350,-1.05,0.275,0.0,188.7
2026-08-08T17:50:08.032545+00:00,1786211408.033,331.17,26.74,1.5350,-1.04,0.208,0.0,188.7
2026-08-08T17:50:08.232395+00:00,1786211408.232,331.37,22.79,1.5394,-1.04,-0.176,0.0,188.7
2026-08-08T17:50:08.439355+00:00,1786211408.439,331.58,31.23,1.5394,-1.03,0.353,24.1,188.7
2026-08-08T17:50:08.648841+00:00,1786211408.649,331.79,31.23,1.5394,-1.02,0.352,55.3,188.7
2026-08-08T17:50:09.033811+00:00,1786211409.034,332.17,26.23,1.5438,-1.01,0.000,56.4,188.7
2026-08-08T17:50:09.451095+00:00,1786211409.451,332.59,26.37,1.5460,-1.01,0.000,43.0,188.7
2026-08-08T17:50:09.835736+00:00,1786211409.836,332.97,22.48,1.5460,-1.00,-0.238,32.0,188.7
2026-08-08T17:50:10.041432+00:00,1786211410.041,333.18,26.60,1.5526,-1.00,0.198,43.3,188.7
2026-08-08T17:50:10.244706+00:00,1786211410.245,333.38,26.60,1.5526,-0.99,0.054,51.6,188.7
2026-08-08T17:50:10.444662+00:00,1786211410.445,333.58,22.62,1.5526,-0.99,-0.438,51.4,188.7
2026-08-08T17:50:10.647131+00:00,1786211410.647,333.78,26.33,1.5570,-0.99,0.000,52.2,188.7
2026-08-08T17:50:10.846638+00:00,1786211410.847,333.98,26.33,1.5570,-0.99,0.376,57.5,188.7
2026-08-08T17:50:11.817126+00:00,1786211411.817,334.95,27.08,1.5636,-0.97,-0.342,29.8,188.7
2026-08-08T17:50:12.199813+00:00,1786211412.200,335.34,27.47,1.5636,-0.97,-0.295,24.8,188.7
2026-08-08T17:50:12.401672+00:00,1786211412.402,335.54,27.47,1.5680,-0.92,0.102,7.1,188.7
2026-08-08T17:50:12.612922+00:00,1786211412.613,335.75,23.08,1.5680,-0.90,-0.289,0.0,188.7
2026-08-08T17:50:12.813507+00:00,1786211412.813,335.95,26.16,1.5680,-0.88,0.343,0.0,188.7
2026-08-08T17:50:13.204597+00:00,1786211413.205,336.34,31.22,1.5724,-0.83,0.406,17.0,188.7
2026-08-08T17:50:13.416708+00:00,1786211413.417,336.55,31.22,1.5724,-0.81,0.405,58.9,188.7
2026-08-08T17:50:13.617528+00:00,1786211413.618,336.75,22.32,1.5768,-0.78,0.000,48.3,188.7
2026-08-08T17:50:14.217962+00:00,1786211414.218,337.35,25.32,1.5812,-0.78,-0.079,42.7,188.7
2026-08-08T17:50:14.411625+00:00,1786211414.412,337.55,26.40,1.5812,-0.78,0.000,65.4,188.7
2026-08-08T17:50:14.616026+00:00,1786211414.616,337.75,26.40,1.5834,-0.77,-0.067,63.9,188.7
2026-08-08T17:50:14.816959+00:00,1786211414.817,337.95,26.24,1.5834,-0.77,-0.130,40.1,188.7
2026-08-08T17:50:15.016684+00:00,1786211415.017,338.15,26.40,1.5834,-0.75,-0.113,53.6,188.7
2026-08-08T17:50:15.218391+00:00,1786211415.218,338.36,26.40,1.5878,-0.75,0.355,88.4,188.7
2026-08-08T17:50:15.421361+00:00,1786211415.421,338.56,23.72,1.5878,-0.75,-0.260,70.4,188.7
2026-08-08T17:50:15.617983+00:00,1786211415.618,338.75,23.72,1.5878,-0.75,-0.863,45.4,188.7
2026-08-08T17:50:16.404642+00:00,1786211416.405,339.54,25.44,1.5966,-0.74,-0.538,2.5,188.7
2026-08-08T17:50:16.615742+00:00,1786211416.616,339.75,26.47,1.5966,-0.74,0.385,0.0,188.7
2026-08-08T17:50:16.814143+00:00,1786211416.814,339.95,26.47,1.5966,-0.74,0.123,0.0,188.7
2026-08-08T17:50:17.202528+00:00,1786211417.202,340.34,26.37,1.6010,-0.75,0.000,0.0,188.7
2026-08-08T17:50:17.580434+00:00,1786211417.580,340.72,23.88,1.6054,-0.75,-0.235,0.0,188.7
2026-08-08T17:50:17.788386+00:00,1786211417.788,340.93,23.88,1.6054,-0.82,-0.220,0.0,188.7
2026-08-08T17:50:17.990820+00:00,1786211417.991,341.13,22.84,1.6054,-0.86,-0.333,0.0,188.7
2026-08-08T17:50:18.192153+00:00,1786211418.192,341.33,26.78,1.6098,-0.90,0.000,0.0,188.7
2026-08-08T17:50:18.394764+00:00,1786211418.395,341.53,26.78,1.6098,-0.94,0.286,0.0,188.7
2026-08-08T17:50:18.592871+00:00,1786211418.593,341.73,22.91,1.6098,-0.98,-0.076,0.0,188.7
2026-08-08T17:50:18.796136+00:00,1786211418.796,341.93,25.92,1.6142,-1.03,0.056,0.0,188.7
2026-08-08T17:50:18.995880+00:00,1786211418.996,342.13,25.92,1.6142,-1.07,-0.064,0.0,188.7
2026-08-08T17:50:19.975844+00:00,1786211419.976,343.11,27.03,1.6207,-1.06,0.000,15.4,188.7
2026-08-08T17:50:20.186588+00:00,1786211420.187,343.32,26.61,1.6207,-1.04,0.000,0.0,188.7
2026-08-08T17:50:20.384605+00:00,1786211420.385,343.52,26.72,1.6207,-1.03,0.281,0.0,188.7
2026-08-08T17:50:20.775732+00:00,1786211420.776,343.91,22.90,1.6251,-1.01,-0.091,0.0,188.7
2026-08-08T17:50:20.979505+00:00,1786211420.979,344.12,26.13,1.6251,-1.00,0.306,16.5,188.7
2026-08-08T17:50:21.189334+00:00,1786211421.189,344.33,26.13,1.6295,-0.99,-0.060,23.4,188.7
2026-08-08T17:50:22.001596+00:00,1786211422.002,345.14,28.97,1.6339,-0.99,0.169,49.9,188.7
2026-08-08T17:50:22.375549+00:00,1786211422.376,345.51,26.20,1.6383,-0.95,0.242,61.3,188.7
2026-08-08T17:50:22.592962+00:00,1786211422.593,345.73,26.51,1.6383,-0.94,0.000,46.4,188.7
2026-08-08T17:50:22.962840+00:00,1786211422.963,346.10,22.93,1.6427,-0.91,-0.210,41.0,188.7
2026-08-08T17:50:23.174405+00:00,1786211423.174,346.31,24.53,1.6427,-0.90,-0.217,28.3,188.7
2026-08-08T17:50:23.374867+00:00,1786211423.375,346.51,24.53,1.6427,-0.87,-0.181,23.8,188.7
2026-08-08T17:50:24.765892+00:00,1786211424.766,347.90,26.36,1.6559,-0.83,0.000,25.4,188.7
2026-08-08T17:50:24.976045+00:00,1786211424.976,348.11,26.36,1.6559,-0.82,0.229,38.8,188.7
2026-08-08T17:50:25.174808+00:00,1786211425.175,348.31,22.92,1.6559,-0.80,-0.212,14.9,188.7
2026-08-08T17:50:25.376669+00:00,1786211425.377,348.51,22.92,1.6581,-0.79,-0.213,11.2,188.7
2026-08-08T17:50:25.574290+00:00,1786211425.574,348.71,25.84,1.6581,-0.78,-0.244,0.0,188.7
2026-08-08T17:50:25.776969+00:00,1786211425.777,348.91,23.57,1.6581,-0.80,-0.214,0.0,188.7
2026-08-08T17:50:27.145697+00:00,1786211427.146,350.28,25.44,1.6713,-0.84,-0.065,0.0,188.7
2026-08-08T17:50:27.528794+00:00,1786211427.529,350.67,27.07,1.6713,-0.90,0.252,0.0,188.7
2026-08-08T17:50:27.731716+00:00,1786211427.732,350.87,23.20,1.6757,-0.93,-0.081,0.0,188.7
2026-08-08T17:50:27.935568+00:00,1786211427.936,351.07,23.20,1.6757,-0.96,-0.081,0.0,188.7
2026-08-08T17:50:28.327512+00:00,1786211428.327,351.46,24.02,1.6801,-1.00,-0.182,0.0,188.7
2026-08-08T17:50:28.521508+00:00,1786211428.521,351.66,24.02,1.6801,-1.03,-0.183,0.0,188.7
2026-08-08T17:50:30.662683+00:00,1786211430.663,353.80,26.30,1.6955,-1.01,0.171,0.0,188.7
2026-08-08T17:50:30.868564+00:00,1786211430.869,354.01,27.16,1.6955,-1.00,0.214,0.0,188.7
2026-08-08T17:50:31.068799+00:00,1786211431.069,354.21,27.16,1.6955,-0.99,0.067,0.0,188.7
2026-08-08T17:50:31.268164+00:00,1786211431.268,354.40,23.19,1.6999,-0.97,0.000,0.0,188.7
2026-08-08T17:50:31.475400+00:00,1786211431.475,354.61,31.11,1.6999,-0.96,0.364,30.4,188.7
2026-08-08T17:50:31.687026+00:00,1786211431.687,354.82,31.11,1.6999,-0.95,0.270,60.1,188.7
2026-08-08T17:50:31.885910+00:00,1786211431.886,355.02,23.11,1.7043,-0.94,0.000,61.4,188.7
2026-08-08T17:50:32.670687+00:00,1786211432.671,355.81,28.66,1.7087,-0.83,0.320,67.8,188.7
2026-08-08T17:50:32.880630+00:00,1786211432.881,356.02,26.11,1.7087,-0.79,0.127,80.5,188.7
2026-08-08T17:50:33.092606+00:00,1786211433.093,356.23,26.36,1.7131,-0.74,0.142,94.7,188.7
2026-08-08T17:50:33.289672+00:00,1786211433.290,356.43,25.92,1.7131,-0.70,0.000,106.6,188.7
2026-08-08T17:50:33.486329+00:00,1786211433.486,356.62,25.92,1.7131,-0.66,-0.132,112.5,188.7
2026-08-08T17:50:33.686865+00:00,1786211433.687,356.82,24.31,1.7175,-0.62,-0.303,91.8,188.7
2026-08-08T17:50:34.091234+00:00,1786211434.091,357.23,25.99,1.7175,-0.56,0.275,97.4,188.7
2026-08-08T17:50:34.284213+00:00,1786211434.284,357.42,26.62,1.7219,-0.52,-0.444,74.9,188.7
2026-08-08T17:50:34.488200+00:00,1786211434.488,357.62,26.62,1.7219,-0.47,-0.445,58.1,188.7
2026-08-08T17:50:34.686765+00:00,1786211434.687,357.82,22.91,1.7219,-0.43,0.000,35.1,188.7
2026-08-08T17:50:34.887461+00:00,1786211434.887,358.02,26.40,1.7263,-0.39,-0.283,5.7,188.7
2026-08-08T17:50:35.091438+00:00,1786211435.091,358.23,26.40,1.7263,-0.35,0.000,12.4,188.7
2026-08-08T17:50:35.473438+00:00,1786211435.473,358.61,26.35,1.7307,-0.27,0.000,0.0,188.7
2026-08-08T17:50:35.879173+00:00,1786211435.879,359.02,29.53,1.7307,-0.24,0.387,21.3,188.7
2026-08-08T17:50:36.075791+00:00,1786211436.076,359.21,26.35,1.7329,-0.25,0.000,18.3,188.7
2026-08-08T17:50:36.283064+00:00,1786211436.283,359.42,26.35,1.7329,-0.27,0.219,33.4,188.7
2026-08-08T17:50:36.485002+00:00,1786211436.485,359.62,26.39,1.7373,-0.28,0.000,43.5,188.7
2026-08-08T17:50:36.689066+00:00,1786211436.689,359.83,26.21,1.7373,-0.29,0.000,61.6,188.7
2026-08-08T17:50:36.886223+00:00,1786211436.886,360.02,26.21,1.7373,-0.31,0.000,50.1,188.7
2026-08-08T17:50:37.277765+00:00,1786211437.278,360.41,23.88,1.7417,-0.34,0.104,77.2,188.7
2026-08-08T17:50:38.457460+00:00,1786211438.457,361.59,27.05,1.7505,-0.44,0.050,103.3,188.7
2026-08-08T17:50:38.666849+00:00,1786211438.667,361.80,23.19,1.7505,-0.49,-0.249,91.9,188.7
2026-08-08T17:50:38.873752+00:00,1786211438.874,362.01,26.77,1.7549,-0.54,0.000,105.3,188.7
2026-08-08T17:50:39.078280+00:00,1786211439.078,362.22,26.77,1.7549,-0.59,-0.240,91.1,188.7
2026-08-08T17:50:39.272954+00:00,1786211439.273,362.41,30.94,1.7549,-0.64,0.399,115.5,188.7
2026-08-08T17:50:39.475438+00:00,1786211439.475,362.61,26.05,1.7593,-0.69,0.000,86.5,188.7
2026-08-08T17:50:39.678216+00:00,1786211439.678,362.81,26.05,1.7593,-0.74,0.000,82.1,188.7
2026-08-08T17:50:40.843356+00:00,1786211440.843,363.98,26.66,1.7659,-0.78,0.000,66.8,188.7
2026-08-08T17:50:41.057049+00:00,1786211441.057,364.19,26.69,1.7659,-0.81,0.000,62.4,188.7
2026-08-08T17:50:41.254968+00:00,1786211441.255,364.39,26.71,1.7725,-0.83,0.198,68.3,188.7
2026-08-08T17:50:41.460341+00:00,1786211441.460,364.60,26.71,1.7725,-0.86,0.000,64.0,188.7
2026-08-08T17:50:41.656214+00:00,1786211441.656,364.79,31.03,1.7725,-0.88,0.728,103.4,188.7
2026-08-08T17:50:41.862935+00:00,1786211441.863,365.00,26.26,1.7769,-0.90,0.000,96.2,188.7
2026-08-08T17:50:42.064144+00:00,1786211442.064,365.20,26.26,1.7769,-0.93,0.000,105.6,188.7
2026-08-08T17:50:43.015734+00:00,1786211443.016,366.15,23.18,1.7835,-0.99,-0.576,74.2,188.7
2026-08-08T17:50:43.227901+00:00,1786211443.228,366.36,26.39,1.7835,-0.95,0.000,83.1,188.7
2026-08-08T17:50:43.438727+00:00,1786211443.439,366.58,26.86,1.7835,-0.94,0.060,56.4,188.7
2026-08-08T17:50:43.819488+00:00,1786211443.819,366.96,23.27,1.7879,-0.90,-0.316,39.1,188.7
2026-08-08T17:50:44.027233+00:00,1786211444.027,367.16,31.81,1.7879,-0.88,0.479,71.8,188.7
2026-08-08T17:50:44.228064+00:00,1786211444.228,367.36,31.81,1.7923,-0.87,0.476,104.4,188.7
2026-08-08T17:50:44.425782+00:00,1786211444.426,367.56,23.27,1.7923,-0.82,-0.322,87.9,188.7
2026-08-08T17:50:45.605973+00:00,1786211445.606,368.74,30.25,1.8011,-0.82,-0.055,77.4,188.7
2026-08-08T17:50:45.824363+00:00,1786211445.824,368.96,26.19,1.8011,-0.80,0.000,77.6,188.7
2026-08-08T17:50:46.026473+00:00,1786211446.026,369.16,26.19,1.8055,-0.79,0.000,31.2,188.7
2026-08-08T17:50:46.231576+00:00,1786211446.231,369.37,26.10,1.8055,-0.78,0.252,44.9,188.7
2026-08-08T17:50:46.431009+00:00,1786211446.431,369.57,26.25,1.8055,-0.77,0.000,46.2,188.7
2026-08-08T17:50:46.632209+00:00,1786211446.632,369.77,26.25,1.8099,-0.76,-0.053,72.7,188.7
2026-08-08T17:50:46.828977+00:00,1786211446.829,369.97,23.34,1.8099,-0.76,0.000,72.6,188.7
2026-08-08T17:50:47.025718+00:00,1786211447.026,370.16,26.57,1.8099,-0.77,-0.485,46.0,188.7
2026-08-08T17:50:47.230242+00:00,1786211447.230,370.37,26.57,1.8143,-0.77,-0.484,38.2,188.7
2026-08-08T17:50:47.429086+00:00,1786211447.429,370.57,26.55,1.8143,-0.78,0.303,21.0,188.7
2026-08-08T17:50:48.616777+00:00,1786211448.617,371.75,30.74,1.8231,-0.76,0.000,0.0,188.7
2026-08-08T17:50:49.002723+00:00,1786211449.003,372.14,23.14,1.8275,-0.75,-0.266,0.0,188.7
2026-08-08T17:50:49.200500+00:00,1786211449.200,372.34,30.64,1.8275,-0.74,0.389,22.3,188.7
2026-08-08T17:50:49.405364+00:00,1786211449.405,372.54,26.61,1.8275,-0.76,0.000,22.9,188.7
2026-08-08T17:50:49.612151+00:00,1786211449.612,372.75,26.61,1.8319,-0.80,0.000,23.1,188.7
2026-08-08T17:50:49.811224+00:00,1786211449.811,372.95,23.25,1.8319,-0.83,-0.262,0.0,188.7
2026-08-08T17:50:50.015261+00:00,1786211450.015,373.15,31.18,1.8319,-0.86,0.683,40.7,188.7
2026-08-08T17:50:50.218562+00:00,1786211450.219,373.36,31.18,1.8363,-0.90,0.401,70.0,188.7
2026-08-08T17:50:50.419414+00:00,1786211450.419,373.56,23.36,1.8363,-0.93,-0.280,56.1,188.7
2026-08-08T17:50:50.619151+00:00,1786211450.619,373.76,26.40,1.8363,-0.97,0.000,79.1,188.7
2026-08-08T17:50:52.741125+00:00,1786211452.741,375.88,27.36,1.8561,-1.00,-0.228,90.4,188.7
2026-08-08T17:50:52.938835+00:00,1786211452.939,376.08,27.36,1.8561,-1.01,0.298,89.1,188.7
2026-08-08T17:50:53.139084+00:00,1786211453.139,376.28,26.84,1.8561,-1.01,-0.268,70.0,188.7
2026-08-08T17:50:53.356088+00:00,1786211453.356,376.49,26.73,1.8583,-1.00,0.000,81.6,188.7
2026-08-08T17:50:53.565548+00:00,1786211453.566,376.70,26.71,1.8583,-1.00,0.000,53.2,188.7
2026-08-08T17:50:53.766334+00:00,1786211453.766,376.90,26.71,1.8627,-1.00,0.243,63.7,188.7
2026-08-08T17:50:53.965756+00:00,1786211453.966,377.10,26.12,1.8627,-1.00,-0.356,43.7,188.7
2026-08-08T17:50:54.165812+00:00,1786211454.166,377.30,26.55,1.8627,-1.00,-0.326,39.2,188.7
2026-08-08T17:50:54.366820+00:00,1786211454.367,377.50,26.55,1.8670,-1.01,0.225,4.7,188.7
2026-08-08T17:50:54.573407+00:00,1786211454.573,377.71,26.37,1.8670,-1.03,0.000,0.0,188.7
2026-08-08T17:50:55.726935+00:00,1786211455.727,378.86,30.02,1.8758,-1.04,0.248,5.9,188.7
2026-08-08T17:50:55.941782+00:00,1786211455.942,379.08,26.79,1.8758,-1.04,-0.052,2.7,188.7
2026-08-08T17:50:56.151397+00:00,1786211456.151,379.29,26.79,1.8802,-1.04,0.000,14.1,188.7
2026-08-08T17:50:56.352802+00:00,1786211456.353,379.49,26.79,1.8802,-1.03,0.000,0.0,188.7
2026-08-08T17:50:56.547664+00:00,1786211456.548,379.68,31.33,1.8802,-1.03,0.430,40.8,188.7
2026-08-08T17:50:56.751822+00:00,1786211456.752,379.89,31.33,1.8846,-1.02,0.430,70.0,188.7
2026-08-08T17:50:56.949147+00:00,1786211456.949,380.09,23.81,1.8846,-1.01,-0.215,58.6,188.7
2026-08-08T17:50:57.154731+00:00,1786211457.155,380.29,26.38,1.8846,-1.01,0.000,45.9,188.7
2026-08-08T17:50:59.126108+00:00,1786211459.126,382.26,26.79,1.9044,-1.08,0.000,63.5,188.7
2026-08-08T17:50:59.325733+00:00,1786211459.326,382.46,26.79,1.9044,-1.10,0.000,79.3,188.7
2026-08-08T17:50:59.522631+00:00,1786211459.523,382.66,26.53,1.9044,-1.12,-0.256,53.8,188.7
2026-08-08T17:50:59.725415+00:00,1786211459.725,382.86,26.67,1.9088,-1.14,0.000,53.0,188.7
2026-08-08T17:50:59.927293+00:00,1786211459.927,383.06,27.93,1.9088,-1.17,0.084,40.5,188.7
2026-08-08T17:51:00.124919+00:00,1786211460.125,383.26,27.93,1.9088,-1.20,0.084,47.0,188.7
2026-08-08T17:51:01.286767+00:00,1786211461.287,384.42,23.33,1.9176,-1.31,-0.469,22.2,188.7
2026-08-08T17:51:01.496324+00:00,1786211461.496,384.63,31.61,1.9220,-1.39,0.000,22.1,188.7
2026-08-08T17:51:01.705919+00:00,1786211461.706,384.84,26.70,1.9220,-1.43,0.169,0.0,188.7
2026-08-08T17:51:01.909960+00:00,1786211461.910,385.05,27.98,1.9220,-1.47,0.093,0.0,188.7
2026-08-08T17:51:02.300333+00:00,1786211462.300,385.44,30.97,1.9264,-1.55,0.366,0.0,188.7
2026-08-08T17:51:02.506341+00:00,1786211462.506,385.64,26.91,1.9264,-1.60,0.000,0.0,188.7
2026-08-08T17:51:02.707244+00:00,1786211462.707,385.84,31.78,1.9330,-1.64,0.458,22.1,188.7
2026-08-08T17:51:03.114424+00:00,1786211463.114,386.25,29.71,1.9330,-1.73,0.249,32.3,188.7
2026-08-08T17:51:03.308811+00:00,1786211463.309,386.45,31.90,1.9374,-1.78,0.326,62.5,188.7
2026-08-08T17:51:03.517532+00:00,1786211463.518,386.65,31.41,1.9374,-1.82,0.285,76.1,188.7
2026-08-08T17:51:03.719983+00:00,1786211463.720,386.86,31.41,1.9374,-1.87,0.922,122.7,188.7
2026-08-08T17:51:04.101036+00:00,1786211464.101,387.24,27.92,1.9418,-1.94,-0.394,90.3,188.7
2026-08-08T17:51:04.311275+00:00,1786211464.311,387.45,31.41,1.9418,-1.95,0.502,139.5,188.7
2026-08-08T17:51:04.513828+00:00,1786211464.514,387.65,31.41,1.9462,-1.97,0.366,155.6,188.7
2026-08-08T17:51:06.347841+00:00,1786211466.348,389.48,31.05,1.9616,-2.02,0.000,143.6,188.7
2026-08-08T17:51:06.556179+00:00,1786211466.556,389.69,31.53,1.9616,-2.04,0.317,154.3,188.7
2026-08-08T17:51:06.752066+00:00,1786211466.752,389.89,31.50,1.9660,-2.07,0.000,127.7,188.7
2026-08-08T17:51:06.952364+00:00,1786211466.952,390.09,31.52,1.9660,-2.09,0.131,133.2,188.7
2026-08-08T17:51:07.148655+00:00,1786211467.149,390.29,31.52,1.9660,-2.11,0.000,100.2,188.7
2026-08-08T17:51:07.356973+00:00,1786211467.357,390.49,26.54,1.9704,-2.12,-0.352,63.2,188.7
2026-08-08T17:51:07.571977+00:00,1786211467.572,390.71,31.81,1.9704,-2.13,0.000,39.4,188.7
2026-08-08T17:51:09.495913+00:00,1786211469.496,392.63,32.78,1.9858,-2.17,0.251,35.3,188.7
2026-08-08T17:51:09.705013+00:00,1786211469.705,392.84,32.78,1.9902,-2.19,0.070,0.0,188.7
2026-08-08T17:51:09.911840+00:00,1786211469.912,393.05,26.98,1.9902,-2.20,-0.228,0.0,188.7
2026-08-08T17:51:10.107264+00:00,1786211470.107,393.24,28.15,1.9902,-2.21,-0.214,0.0,188.7
2026-08-08T17:51:10.306602+00:00,1786211470.307,393.44,39.24,1.9968,-2.23,0.571,0.0,188.7
2026-08-08T17:51:10.511776+00:00,1786211470.512,393.65,31.09,1.9968,-2.23,0.000,0.0,188.7
2026-08-08T17:51:10.706233+00:00,1786211470.706,393.84,31.09,1.9968,-2.24,0.000,0.0,188.7
2026-08-08T17:51:10.903677+00:00,1786211470.904,394.04,31.57,2.0012,-2.25,0.000,0.0,188.7
2026-08-08T17:51:14.253302+00:00,1786211474.253,397.39,31.44,2.0276,-2.21,0.197,0.0,188.7
2026-08-08T17:51:14.638705+00:00,1786211474.639,397.78,31.93,2.0320,-2.19,0.000,0.0,188.7
2026-08-08T17:51:14.841479+00:00,1786211474.841,397.98,32.12,2.0320,-2.18,0.000,0.0,188.7
2026-08-08T17:51:15.039981+00:00,1786211475.040,398.18,32.12,2.0364,-2.16,0.000,0.0,188.7
2026-08-08T17:51:15.241401+00:00,1786211475.241,398.38,27.19,2.0364,-2.14,0.000,0.0,188.7
2026-08-08T17:51:15.439807+00:00,1786211475.440,398.58,31.84,2.0364,-2.12,0.192,0.0,188.7
2026-08-08T17:51:15.643688+00:00,1786211475.644,398.78,31.81,2.0430,-2.10,-0.387,0.0,188.7
2026-08-08T17:51:16.040275+00:00,1786211476.040,399.18,31.12,2.0430,-2.03,0.000,0.0,188.7
2026-08-08T17:51:16.243712+00:00,1786211476.244,399.38,31.55,2.0474,-2.00,0.000,0.0,188.7
2026-08-08T17:51:16.445497+00:00,1786211476.445,399.58,31.46,2.0474,-1.96,0.000,0.0,188.7
2026-08-08T17:51:16.644219+00:00,1786211476.644,399.78,31.41,2.0474,-1.92,0.000,0.0,188.7
2026-08-08T17:51:16.844399+00:00,1786211476.844,399.98,31.41,2.0518,-1.89,-0.066,0.0,188.7
2026-08-08T17:51:17.045600+00:00,1786211477.046,400.18,26.68,2.0518,-1.86,-0.686,0.0,188.7
2026-08-08T17:51:17.245799+00:00,1786211477.246,400.38,31.67,2.0518,-1.83,-0.056,0.0,188.7
2026-08-08T17:51:18.040459+00:00,1786211478.040,401.18,37.83,2.0628,-1.78,1.056,0.0,188.7
2026-08-08T17:51:18.243383+00:00,1786211478.243,401.38,31.75,2.0628,-1.75,0.000,0.0,188.7
2026-08-08T17:51:18.445266+00:00,1786211478.445,401.58,31.69,2.0672,-1.73,0.000,0.0,188.7
2026-08-08T17:51:18.647327+00:00,1786211478.647,401.78,31.53,2.0672,-1.70,0.000,0.0,188.7
2026-08-08T17:51:18.843899+00:00,1786211478.844,401.98,31.53,2.0672,-1.67,0.000,0.0,188.7
2026-08-08T17:51:19.040306+00:00,1786211479.040,402.18,27.24,2.0716,-1.64,-0.452,0.0,188.7
2026-08-08T17:51:19.628220+00:00,1786211479.628,402.76,32.43,2.0760,-1.63,0.095,0.0,188.7
2026-08-08T17:51:19.827641+00:00,1786211479.828,402.96,26.86,2.0760,-1.63,-0.424,0.0,188.7
2026-08-08T17:51:20.027586+00:00,1786211480.028,403.16,32.18,2.0760,-1.63,0.512,0.0,188.7
2026-08-08T17:51:20.236561+00:00,1786211480.237,403.37,38.95,2.0826,-1.63,0.676,56.0,188.7
2026-08-08T17:51:20.447522+00:00,1786211480.447,403.58,31.01,2.0826,-1.63,-0.788,48.6,188.7
2026-08-08T17:51:20.831072+00:00,1786211480.831,403.97,31.55,2.0870,-1.62,0.000,54.1,188.7
2026-08-08T17:51:21.843354+00:00,1786211481.843,404.98,31.29,2.0914,-1.59,0.000,0.0,188.7
2026-08-08T17:51:22.037438+00:00,1786211482.037,405.17,31.54,2.0980,-1.59,0.000,0.0,188.7
2026-08-08T17:51:22.236104+00:00,1786211482.236,405.37,31.54,2.0980,-1.59,0.000,0.0,188.7
2026-08-08T17:51:22.434493+00:00,1786211482.434,405.57,31.19,2.0980,-1.64,0.323,0.0,188.7
2026-08-08T17:51:22.637804+00:00,1786211482.638,405.77,27.19,2.1024,-1.66,-0.484,0.0,188.7
2026-08-08T17:51:22.839126+00:00,1786211482.839,405.98,31.97,2.1024,-1.69,0.472,23.2,188.7
2026-08-08T17:51:23.051760+00:00,1786211483.052,406.19,31.40,2.1024,-1.71,-0.072,11.3,188.7
2026-08-08T17:51:23.436711+00:00,1786211483.437,406.57,26.80,2.1068,-1.75,-1.054,0.0,188.7
2026-08-08T17:51:23.642945+00:00,1786211483.643,406.78,31.75,2.1068,-1.77,0.064,0.0,188.7
2026-08-08T17:51:26.195939+00:00,1786211486.196,409.33,32.22,2.1309,-1.77,0.000,0.0,188.7
2026-08-08T17:51:26.578655+00:00,1786211486.579,409.72,27.50,2.1353,-1.76,-0.222,0.0,188.7
2026-08-08T17:51:26.772888+00:00,1786211486.773,409.91,27.50,2.1353,-1.75,-0.237,0.0,188.7
2026-08-08T17:51:26.969127+00:00,1786211486.969,410.11,31.58,2.1353,-1.75,0.000,0.0,188.7
2026-08-08T17:51:27.176283+00:00,1786211487.176,410.31,26.41,2.1397,-1.74,-0.280,0.0,188.7
2026-08-08T17:51:27.374896+00:00,1786211487.375,410.51,32.06,2.1397,-1.72,0.286,0.0,188.7
2026-08-08T17:51:27.571957+00:00,1786211487.572,410.71,32.06,2.1397,-1.71,0.000,0.0,188.7
2026-08-08T17:51:28.550265+00:00,1786211488.550,411.69,26.68,2.1485,-1.77,-0.238,0.0,188.7
2026-08-08T17:51:28.755621+00:00,1786211488.756,411.89,26.68,2.1485,-1.80,0.000,0.0,188.7
2026-08-08T17:51:28.954639+00:00,1786211488.955,412.09,26.74,2.1529,-1.84,-0.262,0.0,188.7
2026-08-08T17:51:29.158437+00:00,1786211489.158,412.30,26.73,2.1529,-1.87,-0.514,0.0,188.7
2026-08-08T17:51:29.355931+00:00,1786211489.356,412.49,26.73,2.1529,-1.91,-0.077,0.0,188.7
2026-08-08T17:51:29.554463+00:00,1786211489.554,412.69,30.76,2.1573,-1.96,0.325,0.0,188.7
2026-08-08T17:51:29.757598+00:00,1786211489.758,412.89,26.46,2.1573,-2.01,-0.510,0.0,188.7
2026-08-08T17:51:35.082958+00:00,1786211495.083,418.22,31.34,2.1969,-2.03,0.173,0.0,188.7
2026-08-08T17:51:35.290818+00:00,1786211495.291,418.43,26.59,2.2013,-2.03,-0.192,0.0,188.7
2026-08-08T17:51:35.492527+00:00,1786211495.492,418.63,31.22,2.2013,-2.03,0.000,0.0,188.7
2026-08-08T17:51:35.872879+00:00,1786211495.873,419.01,26.36,2.2057,-2.06,0.000,0.0,188.7
2026-08-08T17:51:36.079088+00:00,1786211496.079,419.22,27.03,2.2057,-2.08,0.000,0.0,188.7
2026-08-08T17:51:36.276141+00:00,1786211496.276,419.41,27.03,2.2057,-2.10,0.000,0.0,188.7
2026-08-08T17:51:36.474418+00:00,1786211496.474,419.61,26.48,2.2101,-2.11,0.000,0.0,188.7
2026-08-08T17:51:36.673514+00:00,1786211496.673,419.81,26.75,2.2101,-2.13,0.000,0.0,188.7
2026-08-08T17:51:36.873858+00:00,1786211496.874,420.01,26.75,2.2101,-2.17,-0.152,0.0,188.7
2026-08-08T17:51:37.675566+00:00,1786211497.676,420.81,30.86,2.2189,-2.09,0.154,0.0,188.7
2026-08-08T17:51:37.878599+00:00,1786211497.879,421.02,26.38,2.2189,-2.06,-0.493,0.0,188.7
2026-08-08T17:51:38.080117+00:00,1786211498.080,421.22,31.40,2.2233,-2.02,0.478,0.0,188.7
2026-08-08T17:51:38.282285+00:00,1786211498.282,421.42,31.40,2.2233,-1.98,0.000,0.0,188.7
2026-08-08T17:51:38.479085+00:00,1786211498.479,421.62,26.22,2.2233,-1.95,0.000,0.0,188.7
2026-08-08T17:51:38.678973+00:00,1786211498.679,421.82,26.83,2.2277,-1.86,0.000,0.0,188.7
2026-08-08T17:51:38.879698+00:00,1786211498.880,422.02,26.83,2.2277,-1.78,0.000,0.0,188.7
2026-08-08T17:51:39.858733+00:00,1786211499.859,423.00,26.79,2.2365,-1.64,0.000,0.0,188.7
2026-08-08T17:51:40.063273+00:00,1786211500.063,423.20,26.79,2.2365,-1.59,0.000,0.0,188.7
2026-08-08T17:51:40.442123+00:00,1786211500.442,423.58,27.08,2.2409,-1.49,0.000,0.0,188.7
2026-08-08T17:51:40.644021+00:00,1786211500.644,423.78,27.72,2.2409,-1.49,-0.294,0.0,188.7
2026-08-08T17:51:40.843825+00:00,1786211500.844,423.98,27.72,2.2409,-1.47,0.126,0.0,188.7
2026-08-08T17:51:41.644359+00:00,1786211501.644,424.78,29.96,2.2497,-1.39,-0.112,0.0,188.7
2026-08-08T17:51:41.848131+00:00,1786211501.848,424.98,26.44,2.2497,-1.33,-0.386,0.0,188.7
2026-08-08T17:51:42.049542+00:00,1786211502.050,425.19,26.44,2.2519,-1.27,0.000,0.0,188.7
2026-08-08T17:51:42.249838+00:00,1786211502.250,425.39,26.23,2.2519,-1.21,0.000,0.0,188.7
2026-08-08T17:51:42.448153+00:00,1786211502.448,425.58,26.24,2.2519,-1.16,0.000,0.0,188.7
2026-08-08T17:51:42.648512+00:00,1786211502.648,425.79,27.46,2.2585,-1.10,0.067,0.0,188.7
2026-08-08T17:51:42.851618+00:00,1786211502.852,425.99,27.46,2.2585,-1.04,0.067,0.0,188.7
2026-08-08T17:51:43.659375+00:00,1786211503.659,426.80,29.38,2.2629,-0.99,0.199,0.0,188.7
2026-08-08T17:51:43.856695+00:00,1786211503.857,426.99,26.46,2.2673,-1.01,-0.109,0.0,188.7
2026-08-08T17:51:44.059402+00:00,1786211504.059,427.20,26.46,2.2673,-1.03,-0.109,0.0,188.7
2026-08-08T17:51:44.446990+00:00,1786211504.447,427.58,26.32,2.2717,-1.06,-0.360,0.0,188.7
2026-08-08T17:51:44.650823+00:00,1786211504.651,427.79,26.32,2.2717,-1.07,0.000,0.0,188.7
2026-08-08T17:51:44.849944+00:00,1786211504.850,427.99,23.98,2.2717,-1.09,-0.244,0.0,188.7
2026-08-08T17:51:45.448784+00:00,1786211505.449,428.59,30.15,2.2761,-1.09,0.340,0.0,188.7
2026-08-08T17:51:45.655202+00:00,1786211505.655,428.79,26.39,2.2805,-1.07,0.000,2.6,188.7
2026-08-08T17:51:45.865353+00:00,1786211505.865,429.00,26.39,2.2805,-1.06,-0.093,0.0,188.7
2026-08-08T17:51:46.060761+00:00,1786211506.061,429.20,26.17,2.2805,-1.04,-0.112,0.0,188.7
2026-08-08T17:51:46.256668+00:00,1786211506.257,429.39,26.21,2.2849,-1.03,-0.339,0.0,188.7
2026-08-08T17:51:46.457535+00:00,1786211506.458,429.59,26.21,2.2849,-1.01,0.000,0.0,188.7
2026-08-08T17:51:46.654427+00:00,1786211506.654,429.79,23.39,2.2849,-0.99,-0.329,0.0,188.7
2026-08-08T17:51:47.253205+00:00,1786211507.253,430.39,29.80,2.2893,-0.97,0.344,0.0,188.7
2026-08-08T17:51:47.454164+00:00,1786211507.454,430.59,26.52,2.2937,-0.97,0.000,0.0,188.7
2026-08-08T17:51:47.656572+00:00,1786211507.657,430.79,26.52,2.2937,-0.96,0.252,6.2,188.7
2026-08-08T17:51:47.864247+00:00,1786211507.864,431.00,26.57,2.2937,-0.96,-0.412,0.0,188.7
2026-08-08T17:51:48.063214+00:00,1786211508.063,431.20,26.01,2.2981,-0.96,0.000,0.0,188.7
2026-08-08T17:51:48.260170+00:00,1786211508.260,431.40,26.01,2.2981,-0.95,0.000,0.0,188.7
2026-08-08T17:51:48.467428+00:00,1786211508.467,431.60,23.77,2.2981,-0.95,-0.276,0.0,188.7
2026-08-08T17:51:49.225298+00:00,1786211509.225,432.36,23.04,2.3047,-0.92,-0.296,0.0,188.7
2026-08-08T17:51:49.435522+00:00,1786211509.435,432.57,23.18,2.3047,-0.98,-0.283,0.0,188.7
2026-08-08T17:51:49.643788+00:00,1786211509.644,432.78,23.18,2.3047,-1.01,0.000,0.0,188.7
2026-08-08T17:51:49.841047+00:00,1786211509.841,432.98,22.86,2.3091,-1.04,-0.745,0.0,188.7
2026-08-08T17:51:50.053935+00:00,1786211510.054,433.19,22.86,2.3091,-1.07,-0.392,0.0,188.7
2026-08-08T17:51:50.437967+00:00,1786211510.438,433.57,21.02,2.3113,-1.13,-0.550,0.0,188.7
2026-08-08T17:51:50.639997+00:00,1786211510.640,433.78,22.45,2.3113,-1.16,-0.412,0.0,188.7
2026-08-08T17:51:51.044460+00:00,1786211511.044,434.18,20.91,2.3157,-1.27,-0.475,0.0,188.7
2026-08-08T17:51:51.242879+00:00,1786211511.243,434.38,20.91,2.3157,-1.33,-0.475,0.0,188.7
2026-08-08T17:51:51.439262+00:00,1786211511.439,434.58,19.73,2.3179,-1.39,-0.378,0.0,188.7
2026-08-08T17:51:51.641269+00:00,1786211511.641,434.78,19.73,2.3179,-1.44,-0.381,0.0,188.7
2026-08-08T17:51:51.838227+00:00,1786211511.838,434.97,19.80,2.3179,-1.50,-0.391,0.0,188.7
2026-08-08T17:51:52.040621+00:00,1786211512.041,435.18,19.80,2.3201,-1.55,-0.392,0.0,188.7
2026-08-08T17:51:52.238605+00:00,1786211512.239,435.38,19.80,2.3201,-1.61,-0.355,0.0,188.7
2026-08-08T17:51:52.836179+00:00,1786211512.836,435.97,16.78,2.3223,-1.81,-0.606,0.0,188.7
2026-08-08T17:51:53.039927+00:00,1786211513.040,436.18,16.78,2.3223,-1.91,-0.452,0.0,188.7
2026-08-08T17:51:53.425117+00:00,1786211513.425,436.56,16.78,2.3245,-2.10,-0.565,0.0,188.7
2026-08-08T17:51:53.625037+00:00,1786211513.625,436.76,14.53,2.3245,-2.20,-0.687,0.0,188.7
2026-08-08T17:51:53.826580+00:00,1786211513.827,436.96,14.53,2.3267,-2.31,-0.686,0.0,188.7
2026-08-08T17:51:54.026666+00:00,1786211514.027,437.16,14.53,2.3267,-2.41,-0.558,0.0,188.7
2026-08-08T17:51:54.422507+00:00,1786211514.422,437.56,12.96,2.3289,-2.75,-0.676,0.0,188.7
2026-08-08T17:51:54.627844+00:00,1786211514.628,437.76,12.96,2.3289,-2.91,-0.681,0.0,188.7
2026-08-08T17:51:54.822407+00:00,1786211514.822,437.96,12.96,2.3289,-3.06,-0.683,0.0,188.7
2026-08-08T17:51:55.021068+00:00,1786211515.021,438.16,12.96,2.3289,-3.21,-0.682,0.0,188.7
2026-08-08T17:51:55.409029+00:00,1786211515.409,438.55,12.96,2.3289,-3.52,-0.412,0.0,188.7
2026-08-08T17:51:55.607430+00:00,1786211515.607,438.74,12.96,2.3289,-3.67,-0.413,0.0,188.7
2026-08-08T17:51:56.006983+00:00,1786211516.007,439.14,12.96,2.3289,-3.99,-0.411,0.0,188.7
2026-08-08T17:51:56.204823+00:00,1786211516.205,439.34,12.96,2.3289,-4.13,-0.169,0.0,188.7
2026-08-08T17:51:56.408207+00:00,1786211516.408,439.54,12.96,2.3289,-4.28,-0.169,0.0,188.7
2026-08-08T17:51:56.795731+00:00,1786211516.796,439.93,12.96,2.3289,-4.57,-0.158,0.0,188.7
2026-08-08T17:51:57.001786+00:00,1786211517.002,440.14,12.96,2.3289,-4.71,0.000,0.0,188.7
2026-08-08T17:51:57.198913+00:00,1786211517.199,440.34,12.96,2.3289,-4.86,0.000,0.0,188.7
2026-08-08T17:51:57.593175+00:00,1786211517.593,440.73,12.96,2.3289,-5.07,0.000,0.0,188.7
2026-08-08T17:51:57.806774+00:00,1786211517.807,440.94,0.00,2.3289,-5.15,-1.293,0.0,0.0
2026-08-08T17:51:58.005420+00:00,1786211518.005,441.14,0.00,2.3289,-5.24,-1.387,0.0,0.0
2026-08-08T17:51:58.396873+00:00,1786211518.397,441.53,0.00,2.3289,-5.40,-1.291,0.0,0.0
2026-08-08T17:51:58.599505+00:00,1786211518.599,441.74,0.00,2.3289,-5.49,-1.389,0.0,0.0
2026-08-08T17:51:58.798478+00:00,1786211518.798,441.94,0.00,2.3289,-5.57,-1.388,0.0,0.0
2026-08-08T17:51:59.194394+00:00,1786211519.194,442.33,0.00,2.3289,-7.80,-1.292,0.0,0.0
2026-08-08T17:51:59.394860+00:00,1786211519.395,442.53,0.00,2.3289,-8.88,-1.385,0.0,0.0
2026-08-08T17:51:59.595505+00:00,1786211519.595,442.73,0.00,2.3289,-9.95,-1.388,0.0,0.0
2026-08-08T17:51:59.794578+00:00,1786211519.795,442.93,0.00,2.3289,-11.02,-1.387,0.0,0.0
2026-08-08T17:51:59.995815+00:00,1786211519.996,443.13,0.00,2.3289,-12.09,-1.499,0.0,0.0
2026-08-08T17:52:00.206242+00:00,1786211520.206,443.34,0.00,2.3289,-13.17,0.000,0.0,0.0
2026-08-08T17:52:00.796381+00:00,1786211520.796,443.93,0.00,2.3289,-14.00,0.000,0.0,0.0
2026-08-08T17:52:00.995273+00:00,1786211520.995,444.13,0.00,2.3289,-13.87,0.000,0.0,0.0
2026-08-08T17:52:01.193136+00:00,1786211521.193,444.33,0.00,2.3289,-13.74,0.000,0.0,0.0
2026-08-08T17:52:01.394440+00:00,1786211521.394,444.53,0.00,2.3289,-13.61,0.000,0.0,0.0
2026-08-08T17:52:01.779010+00:00,1786211521.779,444.92,0.00,2.3289,-13.35,0.000,0.0,0.0
2026-08-08T17:52:01.977731+00:00,1786211521.978,445.11,0.00,2.3289,-13.22,0.000,0.0,0.0
2026-08-08T17:52:02.381825+00:00,1786211522.382,445.52,0.00,2.3289,-13.04,0.000,0.0,0.0
2026-08-08T17:52:02.763317+00:00,1786211522.763,445.90,0.00,2.3289,-12.88,0.000,0.0,0.0
2026-08-08T17:52:02.960850+00:00,1786211522.961,446.10,0.00,2.3289,-12.80,0.000,0.0,0.0
2026-08-08T17:52:03.162433+00:00,1786211523.162,446.30,0.00,2.3289,-12.72,0.000,0.0,0.0
2026-08-08T17:52:03.545435+00:00,1786211523.545,446.68,0.00,2.3289,-12.57,0.000,0.0,0.0
2026-08-08T17:52:04.115669+00:00,1786211524.116,447.25,0.00,2.3289,-11.29,0.000,0.0,0.0
2026-08-08T17:52:04.315016+00:00,1786211524.315,447.45,0.00,2.3289,-10.11,0.000,0.0,0.0
2026-08-08T17:52:04.511957+00:00,1786211524.512,447.65,0.00,2.3289,-8.93,0.000,0.0,0.0
2026-08-08T17:52:04.715096+00:00,1786211524.715,447.85,0.00,2.3289,-7.76,0.000,0.0,0.0
2026-08-08T17:52:05.096594+00:00,1786211525.097,448.23,0.00,2.3289,-5.40,0.000,0.0,0.0
2026-08-08T17:52:05.302422+00:00,1786211525.302,448.44,0.00,2.3289,-4.23,0.000,0.0,0.0
2026-08-08T17:52:05.703039+00:00,1786211525.703,448.84,0.00,2.3289,-3.07,0.000,0.0,188.7
2026-08-08T17:52:06.083510+00:00,1786211526.083,449.22,0.00,2.3289,-3.09,0.000,0.0,188.7
2026-08-08T17:52:06.454868+00:00,1786211526.455,449.59,0.00,2.3289,-3.10,0.000,0.0,188.7
2026-08-08T17:52:06.652475+00:00,1786211526.652,449.79,0.00,2.3289,-3.10,0.000,0.0,188.7
2026-08-08T17:52:06.852735+00:00,1786211526.853,449.99,0.00,2.3289,-3.09,0.000,0.0,188.7
2026-08-08T17:52:07.055835+00:00,1786211527.056,450.19,0.00,2.3289,-3.02,0.000,0.0,188.7
2026-08-08T17:52:07.267180+00:00,1786211527.267,450.40,0.00,2.3289,-2.93,0.000,0.0,188.7
2026-08-08T17:52:07.642148+00:00,1786211527.642,450.78,0.00,2.3289,-2.89,0.000,0.0,188.7
2026-08-08T17:52:07.852191+00:00,1786211527.852,450.99,0.00,2.3289,-2.80,0.000,0.0,188.7
2026-08-08T17:52:08.049069+00:00,1786211528.049,451.19,0.00,2.3289,-2.75,0.000,0.0,188.7
2026-08-08T17:52:08.437179+00:00,1786211528.437,451.57,0.00,2.3289,-2.71,0.000,0.0,188.7
2026-08-08T17:52:08.636059+00:00,1786211528.636,451.77,0.00,2.3289,-2.69,0.000,0.0,188.7
2026-08-08T17:52:08.835022+00:00,1786211528.835,451.97,0.00,2.3289,-2.67,0.000,0.0,188.7
2026-08-08T17:52:09.428597+00:00,1786211529.429,452.57,0.00,2.3289,-2.62,0.000,0.0,188.7
2026-08-08T17:52:09.820718+00:00,1786211529.821,452.96,0.00,2.3289,-2.58,0.000,0.0,188.7
2026-08-08T17:52:10.018189+00:00,1786211530.018,453.15,0.00,2.3289,-2.55,0.000,0.0,188.7
2026-08-08T17:52:10.221597+00:00,1786211530.222,453.36,0.00,2.3289,-2.53,0.000,0.0,188.7
2026-08-08T17:52:10.417930+00:00,1786211530.418,453.55,0.00,2.3289,-2.51,0.000,0.0,188.7
2026-08-08T17:52:10.616447+00:00,1786211530.616,453.75,0.00,2.3289,-2.49,0.000,0.0,188.7
2026-08-08T17:52:11.202460+00:00,1786211531.202,454.34,0.00,2.3289,-2.47,0.000,0.0,188.7
2026-08-08T17:52:11.399265+00:00,1786211531.399,454.54,0.00,2.3289,-2.47,0.000,0.0,188.7
2026-08-08T17:52:11.599484+00:00,1786211531.599,454.74,0.00,2.3289,-2.47,0.000,0.0,188.7
2026-08-08T17:52:11.797502+00:00,1786211531.797,454.93,0.00,2.3289,-2.49,0.000,0.0,188.7
2026-08-08T17:52:12.185633+00:00,1786211532.186,455.32,0.00,2.3289,-2.54,0.000,0.0,188.7
2026-08-08T17:52:12.382961+00:00,1786211532.383,455.52,0.00,2.3289,-2.56,0.000,0.0,188.7
2026-08-08T17:52:12.770921+00:00,1786211532.771,455.91,0.00,2.3289,-2.59,0.000,0.0,188.7
2026-08-08T17:52:12.968028+00:00,1786211532.968,456.10,0.00,2.3289,-2.60,0.000,0.0,188.7
2026-08-08T17:52:13.556101+00:00,1786211533.556,456.69,0.00,2.3289,-2.64,0.000,0.0,188.7
2026-08-08T17:52:13.754463+00:00,1786211533.754,456.89,0.00,2.3289,-2.65,0.000,0.0,188.7
2026-08-08T17:52:13.953120+00:00,1786211533.953,457.09,0.00,2.3289,-2.67,0.000,0.0,188.7
2026-08-08T17:52:14.342250+00:00,1786211534.342,457.48,0.00,2.3289,-2.69,0.000,0.0,188.7
2026-08-08T17:52:14.539425+00:00,1786211534.539,457.68,0.00,2.3289,-2.70,0.000,0.0,188.7
2026-08-08T17:52:14.738427+00:00,1786211534.738,457.88,0.00,2.3289,-2.71,0.000,0.0,188.7
2026-08-08T17:52:15.139884+00:00,1786211535.140,458.28,0.00,2.3289,-2.72,0.000,0.0,188.7
2026-08-08T17:52:15.338242+00:00,1786211535.338,458.47,0.00,2.3289,-2.74,0.000,0.0,188.7
2026-08-08T17:52:15.534716+00:00,1786211535.535,458.67,0.00,2.3289,-2.74,0.000,0.0,188.7
2026-08-08T17:52:15.734364+00:00,1786211535.734,458.87,0.00,2.3289,-2.75,0.000,0.0,188.7
2026-08-08T17:52:15.933193+00:00,1786211535.933,459.07,0.00,2.3289,-2.76,0.000,0.0,188.7
2026-08-08T17:52:16.135623+00:00,1786211536.136,459.27,0.00,2.3289,-2.75,0.000,0.0,188.7
2026-08-08T17:52:16.510163+00:00,1786211536.510,459.65,0.00,2.3289,-2.75,0.000,0.0,188.7
2026-08-08T17:52:16.712355+00:00,1786211536.712,459.85,0.00,2.3289,-2.75,0.000,0.0,188.7
2026-08-08T17:52:16.912479+00:00,1786211536.912,460.05,0.00,2.3289,-2.75,0.000,0.0,188.7
2026-08-08T17:52:17.112271+00:00,1786211537.112,460.25,0.00,2.3289,-2.75,0.000,0.0,188.7
2026-08-08T17:52:17.308702+00:00,1786211537.309,460.45,0.00,2.3289,-2.75,0.000,0.0,188.7
2026-08-08T17:52:17.508500+00:00,1786211537.508,460.65,0.00,2.3289,-2.75,0.000,0.0,188.7
2026-08-08T17:52:17.708493+00:00,1786211537.708,460.85,0.00,2.3289,-2.75,0.000,0.0,188.7
2026-08-08T17:52:17.908455+00:00,1786211537.908,461.05,0.00,2.3289,-2.75,0.000,0.0,188.7
2026-08-08T17:52:18.107965+00:00,1786211538.108,461.24,0.00,2.3289,-2.75,0.000,0.0,188.7
2026-08-08T17:52:18.304117+00:00,1786211538.304,461.44,0.00,2.3289,-2.75,0.000,0.0,188.7
2026-08-08T17:52:18.501743+00:00,1786211538.502,461.64,0.00,2.3289,-2.76,0.000,0.0,188.7
2026-08-08T17:52:18.701988+00:00,1786211538.702,461.84,0.00,2.3289,-2.76,0.000,0.0,188.7
2026-08-08T17:52:18.900614+00:00,1786211538.901,462.04,0.00,2.3289,-2.75,0.000,0.0,188.7
2026-08-08T17:52:19.100457+00:00,1786211539.100,462.24,0.00,2.3289,-2.75,0.000,0.0,188.7
2026-08-08T17:52:19.297055+00:00,1786211539.297,462.43,0.00,2.3289,-2.74,0.000,0.0,188.7
2026-08-08T17:52:19.495130+00:00,1786211539.495,462.63,0.00,2.3289,-2.74,0.000,0.0,188.7
2026-08-08T17:52:19.695207+00:00,1786211539.695,462.83,0.00,2.3289,-2.73,0.000,0.0,188.7
2026-08-08T17:52:19.893408+00:00,1786211539.893,463.03,0.00,2.3289,-2.73,0.000,0.0,188.7
2026-08-08T17:52:20.093138+00:00,1786211540.093,463.23,0.00,2.3289,-2.73,0.000,0.0,188.7
2026-08-08T17:52:20.299544+00:00,1786211540.300,463.44,0.00,2.3289,-2.72,0.000,0.0,188.7
2026-08-08T17:52:20.499280+00:00,1786211540.499,463.64,0.00,2.3289,-2.72,0.000,0.0,188.7
2026-08-08T17:52:20.699327+00:00,1786211540.699,463.84,0.00,2.3289,-2.72,0.000,0.0,188.7
2026-08-08T17:52:20.899034+00:00,1786211540.899,464.04,0.00,2.3289,-2.72,0.000,0.0,188.7
2026-08-08T17:52:21.096727+00:00,1786211541.097,464.23,0.00,2.3289,-2.71,0.000,0.0,188.7
2026-08-08T17:52:21.293944+00:00,1786211541.294,464.43,0.00,2.3289,-2.71,0.000,0.0,188.7
2026-08-08T17:52:21.496800+00:00,1786211541.497,464.63,0.00,2.3289,-2.49,0.000,0.0,188.7
2026-08-08T17:52:21.864327+00:00,1786211541.864,465.00,0.00,2.3289,-2.16,0.000,0.0,188.7
2026-08-08T17:52:22.235977+00:00,1786211542.236,465.37,0.00,2.3289,-2.05,0.000,0.0,188.7
2026-08-08T17:52:22.444974+00:00,1786211542.445,465.58,0.00,2.3289,-1.84,0.000,0.0,188.7
2026-08-08T17:52:22.643273+00:00,1786211542.643,465.78,0.00,2.3289,-1.73,0.000,0.0,188.7
2026-08-08T17:52:23.027867+00:00,1786211543.028,466.16,0.00,2.3289,-1.51,0.000,0.0,188.7
2026-08-08T17:52:23.412754+00:00,1786211543.413,466.55,0.00,2.3289,-1.29,0.000,0.0,188.7
2026-08-08T17:52:23.611077+00:00,1786211543.611,466.75,0.00,2.3289,-1.18,0.000,0.0,188.7
2026-08-08T17:52:24.014386+00:00,1786211544.014,467.15,0.00,2.3289,-0.97,0.000,0.0,188.7
2026-08-08T17:52:24.397780+00:00,1786211544.398,467.53,0.00,2.3289,-0.75,0.000,0.0,188.7
2026-08-08T17:52:24.781942+00:00,1786211544.782,467.92,0.00,2.3289,-0.53,0.000,0.0,188.7
2026-08-08T17:52:25.153277+00:00,1786211545.153,468.29,0.00,2.3289,-0.42,0.000,0.0,188.7
2026-08-08T17:52:25.366654+00:00,1786211545.367,468.50,0.00,2.3289,-0.20,0.000,0.0,188.7
2026-08-08T17:52:25.567033+00:00,1786211545.567,468.70,0.00,2.3289,-0.09,0.000,0.0,188.7
2026-08-08T17:52:25.958387+00:00,1786211545.958,469.10,0.00,2.3289,0.02,0.000,0.0,188.7
2026-08-08T17:52:26.160068+00:00,1786211546.160,469.30,0.00,2.3289,0.02,0.000,0.0,222.0
2026-08-08T17:52:26.366603+00:00,1786211546.367,469.50,0.00,2.3289,0.01,0.000,0.0,222.0
2026-08-08T17:52:26.562901+00:00,1786211546.563,469.70,0.00,2.3289,-0.00,0.000,0.0,222.0
2026-08-08T17:52:26.946996+00:00,1786211546.947,470.08,0.00,2.3289,-0.01,0.000,0.0,222.0
2026-08-08T17:52:27.144607+00:00,1786211547.145,470.28,0.00,2.3289,-0.02,0.000,0.0,188.7
2026-08-08T17:52:27.348632+00:00,1786211547.349,470.49,0.00,2.3289,-0.02,0.000,0.0,188.7
2026-08-08T17:52:27.743296+00:00,1786211547.743,470.88,0.00,2.3289,0.19,0.000,0.0,222.0
2026-08-08T17:52:28.135178+00:00,1786211548.135,471.27,0.00,2.3289,0.33,0.000,0.0,222.0
2026-08-08T17:52:28.336884+00:00,1786211548.337,471.47,0.88,2.3289,0.40,0.088,0.0,222.0
2026-08-08T17:52:28.712758+00:00,1786211548.713,471.85,0.88,2.3311,0.47,0.089,0.0,222.0
2026-08-08T17:52:28.919622+00:00,1786211548.920,472.06,0.88,2.3311,0.69,0.089,0.0,222.0
2026-08-08T17:52:29.116199+00:00,1786211549.116,472.25,0.88,2.3311,0.80,0.089,0.0,222.0
2026-08-08T17:52:29.505284+00:00,1786211549.505,472.64,0.88,2.3311,1.01,0.083,0.0,222.0
2026-08-08T17:52:29.709236+00:00,1786211549.709,472.85,0.88,2.3311,1.12,0.089,2.6,222.0
2026-08-08T17:52:29.915684+00:00,1786211549.916,473.05,0.88,2.3311,1.23,0.089,3.2,222.0
2026-08-08T17:52:30.115939+00:00,1786211550.116,473.25,0.85,2.3311,1.34,0.085,3.7,222.0
2026-08-08T17:52:30.522239+00:00,1786211550.522,473.66,0.85,2.3333,1.56,0.085,4.4,222.0
2026-08-08T17:52:30.905908+00:00,1786211550.906,474.04,0.85,2.3333,1.78,0.085,5.1,222.0
2026-08-08T17:52:31.109808+00:00,1786211551.110,474.25,0.85,2.3333,1.90,0.000,5.7,222.0
2026-08-08T17:52:31.491474+00:00,1786211551.491,474.63,0.85,2.3333,2.12,0.000,6.3,222.0
2026-08-08T17:52:31.695371+00:00,1786211551.695,474.83,0.85,2.3333,2.23,0.000,6.7,222.0
2026-08-08T17:52:31.898216+00:00,1786211551.898,475.03,0.83,2.3333,2.35,0.000,7.0,233.1
2026-08-08T17:52:32.296747+00:00,1786211552.297,475.43,0.83,2.3355,2.58,0.000,7.3,233.1
2026-08-08T17:52:32.498277+00:00,1786211552.498,475.63,0.83,2.3355,2.66,0.000,7.7,233.1
2026-08-08T17:52:32.698917+00:00,1786211552.699,475.84,0.83,2.3355,2.75,0.000,8.0,233.1
2026-08-08T17:52:32.897206+00:00,1786211552.897,476.03,0.83,2.3355,2.83,0.000,8.3,233.1
2026-08-08T17:52:33.099997+00:00,1786211553.100,476.24,0.82,2.3355,2.91,0.000,8.5,233.1
2026-08-08T17:52:33.300775+00:00,1786211553.301,476.44,0.82,2.3377,2.99,0.000,8.8,233.1
2026-08-08T17:52:33.500133+00:00,1786211553.500,476.64,0.82,2.3377,3.07,0.000,9.0,233.1
2026-08-08T17:52:33.897066+00:00,1786211553.897,477.03,0.82,2.3377,3.20,0.000,9.3,233.1
2026-08-08T17:52:34.099236+00:00,1786211554.099,477.24,5.50,2.3377,3.27,0.537,20.7,233.1
2026-08-08T17:52:34.313096+00:00,1786211554.313,477.45,5.50,2.3399,3.33,0.537,32.2,233.1
2026-08-08T17:52:34.695579+00:00,1786211554.696,477.83,5.50,2.3399,3.46,0.541,43.9,233.1
2026-08-08T17:52:34.901574+00:00,1786211554.902,478.04,5.50,2.3399,3.53,0.540,55.7,233.1
2026-08-08T17:52:35.104243+00:00,1786211555.104,478.24,6.35,2.3399,3.59,0.638,70.7,233.1
2026-08-08T17:52:35.511218+00:00,1786211555.511,478.65,6.35,2.3421,3.65,0.587,85.2,233.1
2026-08-08T17:52:35.707147+00:00,1786211555.707,478.84,6.35,2.3421,3.67,0.590,99.8,233.1
2026-08-08T17:52:35.904414+00:00,1786211555.904,479.04,6.35,2.3421,3.69,0.590,114.4,233.1
2026-08-08T17:52:36.109266+00:00,1786211556.109,479.25,7.52,2.3421,3.72,0.714,133.7,233.1
2026-08-08T17:52:36.311903+00:00,1786211556.312,479.45,7.52,2.3421,3.74,0.771,153.9,233.1
2026-08-08T17:52:36.508514+00:00,1786211556.508,479.65,7.52,2.3443,3.76,0.233,166.3,233.1
2026-08-08T17:52:36.712360+00:00,1786211556.712,479.85,8.74,2.3443,3.78,0.375,183.3,233.1
2026-08-08T17:52:36.911413+00:00,1786211556.911,480.05,8.74,2.3443,3.80,0.406,189.9,233.1
2026-08-08T17:52:37.696061+00:00,1786211557.696,480.83,9.69,2.3487,3.83,0.417,198.7,233.1
2026-08-08T17:52:37.908447+00:00,1786211557.908,481.05,9.69,2.3487,3.84,0.331,205.6,233.1
2026-08-08T17:52:38.281599+00:00,1786211558.282,481.42,10.60,2.3509,3.85,0.426,216.3,233.1
2026-08-08T17:52:38.493375+00:00,1786211558.493,481.63,10.60,2.3509,3.86,0.423,223.7,233.1
2026-08-08T17:52:38.694696+00:00,1786211558.695,481.83,12.28,2.3509,3.87,0.590,239.5,233.1
2026-08-08T17:52:39.653714+00:00,1786211559.654,482.79,13.86,2.3553,3.87,0.497,256.9,233.1
2026-08-08T17:52:39.863867+00:00,1786211559.864,483.00,13.86,2.3553,3.90,0.496,274.4,233.1
2026-08-08T17:52:40.071899+00:00,1786211560.072,483.21,16.01,2.3597,3.91,0.661,297.8,233.1
2026-08-08T17:52:40.270862+00:00,1786211560.271,483.41,16.01,2.3597,3.93,0.567,317.5,233.1
2026-08-08T17:52:40.652243+00:00,1786211560.652,483.79,16.09,2.3618,3.96,0.546,344.6,233.1
2026-08-08T17:52:40.864342+00:00,1786211560.864,484.00,16.09,2.3618,4.00,0.561,367.8,233.1
2026-08-08T17:52:41.065333+00:00,1786211561.065,484.20,16.00,2.3618,4.06,0.555,390.3,233.1
2026-08-08T17:52:42.048534+00:00,1786211562.049,485.19,17.72,2.3684,4.07,0.525,414.2,233.1
2026-08-08T17:52:42.250390+00:00,1786211562.250,485.39,19.73,2.3684,4.08,0.675,451.2,233.1
2026-08-08T17:52:42.456062+00:00,1786211562.456,485.59,19.73,2.3706,4.08,0.550,479.5,233.1
2026-08-08T17:52:42.836652+00:00,1786211562.837,485.97,17.86,2.3706,4.09,0.349,495.6,233.1
2026-08-08T17:52:43.049720+00:00,1786211563.050,486.19,17.86,2.3728,4.06,0.349,503.7,233.1
2026-08-08T17:52:43.835308+00:00,1786211563.835,486.97,19.32,2.3772,3.91,0.244,508.9,233.1
2026-08-08T17:52:44.223574+00:00,1786211564.224,487.36,16.25,2.3794,3.86,0.000,499.3,233.1
2026-08-08T17:52:44.439250+00:00,1786211564.439,487.58,21.96,2.3794,3.78,0.431,506.7,233.1
2026-08-08T17:52:44.655372+00:00,1786211564.655,487.79,22.23,2.3794,3.74,0.450,518.3,233.1
2026-08-08T17:52:44.857386+00:00,1786211564.857,487.99,22.23,2.3838,3.68,0.457,530.0,233.1
2026-08-08T17:52:45.057827+00:00,1786211565.058,488.19,20.23,2.3838,3.63,0.232,526.5,233.1
2026-08-08T17:52:45.257347+00:00,1786211565.257,488.39,20.23,2.3838,3.56,0.000,513.7,233.1
2026-08-08T17:52:45.455209+00:00,1786211565.455,488.59,25.64,2.3882,3.48,0.548,533.4,233.1
2026-08-08T17:52:45.659980+00:00,1786211565.660,488.80,25.64,2.3882,3.41,0.766,552.0,233.1
2026-08-08T17:52:46.639951+00:00,1786211566.640,489.78,21.46,2.3948,3.16,0.279,539.5,233.1
2026-08-08T17:52:46.838691+00:00,1786211566.839,489.98,21.46,2.3948,3.02,0.198,535.0,233.1
2026-08-08T17:52:47.039647+00:00,1786211567.040,490.18,19.99,2.3970,2.89,0.369,533.5,233.1
2026-08-08T17:52:47.247436+00:00,1786211567.247,490.38,19.99,2.3970,2.75,-0.194,510.7,233.1
2026-08-08T17:52:47.627015+00:00,1786211567.627,490.76,22.74,2.4014,2.60,0.000,512.9,233.1
2026-08-08T17:52:47.839253+00:00,1786211567.839,490.98,22.74,2.4014,2.52,0.000,486.9,233.1
2026-08-08T17:52:48.037578+00:00,1786211568.038,491.17,21.17,2.4014,2.44,0.088,460.3,233.1
2026-08-08T17:52:49.029759+00:00,1786211569.030,492.17,22.64,2.4080,2.24,0.177,438.7,233.1
2026-08-08T17:52:49.242365+00:00,1786211569.242,492.38,22.64,2.4080,2.18,-0.221,413.8,233.1
2026-08-08T17:52:49.441120+00:00,1786211569.441,492.58,22.60,2.4124,2.13,-0.224,397.8,233.1
2026-08-08T17:52:49.640274+00:00,1786211569.640,492.78,22.60,2.4124,2.09,0.105,359.4,233.1
2026-08-08T17:52:49.842865+00:00,1786211569.843,492.98,22.61,2.4124,2.05,0.106,310.5,233.1
2026-08-08T17:52:50.044851+00:00,1786211570.045,493.18,22.61,2.4146,2.01,0.242,303.0,233.1
2026-08-08T17:52:51.225800+00:00,1786211571.226,494.36,24.86,2.4234,1.89,0.340,307.7,222.0
2026-08-08T17:52:51.425390+00:00,1786211571.425,494.56,24.86,2.4234,1.84,0.155,300.2,222.0
2026-08-08T17:52:51.625107+00:00,1786211571.625,494.76,22.86,2.4256,1.78,0.000,304.8,222.0
2026-08-08T17:52:51.829939+00:00,1786211571.830,494.97,22.87,2.4256,1.73,0.125,304.1,222.0
2026-08-08T17:52:52.026636+00:00,1786211572.027,495.16,22.87,2.4256,1.67,0.000,298.0,222.0
2026-08-08T17:52:52.224199+00:00,1786211572.224,495.36,22.81,2.4300,1.61,0.000,290.7,222.0
2026-08-08T17:52:52.425227+00:00,1786211572.425,495.56,22.81,2.4300,1.56,0.000,278.1,222.0
2026-08-08T17:52:53.609439+00:00,1786211573.609,496.75,24.70,2.4366,1.52,0.147,292.3,222.0
2026-08-08T17:52:53.997182+00:00,1786211573.997,497.13,23.13,2.4410,1.51,0.000,298.1,222.0
2026-08-08T17:52:54.199948+00:00,1786211574.200,497.34,22.83,2.4410,1.47,0.000,289.2,222.0
2026-08-08T17:52:54.407248+00:00,1786211574.407,497.54,22.83,2.4410,1.45,-0.177,272.7,222.0
2026-08-08T17:52:54.611248+00:00,1786211574.611,497.75,26.23,2.4454,1.44,0.119,268.5,222.0
2026-08-08T17:52:54.813830+00:00,1786211574.814,497.95,26.23,2.4454,1.42,0.293,265.1,222.0
2026-08-08T17:52:55.009767+00:00,1786211575.010,498.15,20.94,2.4454,1.40,-0.168,242.9,222.0
2026-08-08T17:52:55.213623+00:00,1786211575.214,498.35,26.05,2.4498,1.37,0.278,257.7,222.0
2026-08-08T17:52:55.432107+00:00,1786211575.432,498.57,26.05,2.4498,1.34,0.281,267.3,222.0
2026-08-08T17:52:56.984240+00:00,1786211576.984,500.12,26.18,2.4608,1.28,0.206,278.8,222.0
2026-08-08T17:52:57.184746+00:00,1786211577.185,500.32,26.83,2.4608,1.26,0.166,289.7,222.0
2026-08-08T17:52:57.384172+00:00,1786211577.384,500.52,26.83,2.4630,1.23,0.304,307.8,222.0
2026-08-08T17:52:57.579592+00:00,1786211577.580,500.72,23.10,2.4630,1.20,0.000,296.5,222.0
2026-08-08T17:52:57.783271+00:00,1786211577.783,500.92,26.40,2.4630,1.18,0.294,312.9,222.0
2026-08-08T17:52:57.982177+00:00,1786211577.982,501.12,26.40,2.4674,1.16,0.000,314.7,222.0
2026-08-08T17:52:58.184585+00:00,1786211578.185,501.32,23.31,2.4674,1.14,-0.240,309.9,222.0
2026-08-08T17:52:58.382298+00:00,1786211578.382,501.52,23.31,2.4674,1.12,0.195,306.5,222.0
2026-08-08T17:52:59.368263+00:00,1786211579.368,502.50,26.70,2.4762,1.05,0.000,289.1,222.0
2026-08-08T17:52:59.566707+00:00,1786211579.567,502.70,26.70,2.4762,1.03,0.000,299.6,222.0
2026-08-08T17:52:59.763534+00:00,1786211579.764,502.90,26.92,2.4806,1.01,0.074,287.6,222.0
2026-08-08T17:52:59.967830+00:00,1786211579.968,503.10,26.58,2.4806,1.01,0.000,271.3,222.0
2026-08-08T17:53:00.164622+00:00,1786211580.165,503.30,26.58,2.4806,1.01,0.000,259.0,222.0
2026-08-08T17:53:00.359949+00:00,1786211580.360,503.50,23.87,2.4850,1.01,0.077,248.4,222.0
2026-08-08T17:53:01.154150+00:00,1786211581.154,504.29,26.40,2.4894,1.05,0.000,230.6,222.0
2026-08-08T17:53:01.367578+00:00,1786211581.368,504.50,26.25,2.4894,1.06,0.000,233.1,222.0
2026-08-08T17:53:01.565630+00:00,1786211581.566,504.70,26.17,2.4938,1.08,0.235,228.9,222.0
2026-08-08T17:53:01.769136+00:00,1786211581.769,504.91,26.27,2.4938,1.09,0.243,240.5,222.0
2026-08-08T17:53:01.968433+00:00,1786211581.968,505.11,26.27,2.4938,1.11,0.000,254.5,222.0
2026-08-08T17:53:02.166984+00:00,1786211582.167,505.30,26.33,2.4982,1.12,0.000,249.3,222.0
2026-08-08T17:53:02.951268+00:00,1786211582.951,506.09,26.45,2.5026,1.14,0.000,249.8,222.0
2026-08-08T17:53:03.331451+00:00,1786211583.331,506.47,26.84,2.5070,1.14,0.000,250.9,222.0
2026-08-08T17:53:03.537076+00:00,1786211583.537,506.67,26.84,2.5070,1.17,0.000,248.4,222.0
2026-08-08T17:53:03.746126+00:00,1786211583.746,506.88,23.25,2.5070,1.19,-0.051,243.7,222.0
2026-08-08T17:53:03.954300+00:00,1786211583.954,507.09,26.85,2.5114,1.20,0.000,245.7,222.0
2026-08-08T17:53:04.155988+00:00,1786211584.156,507.29,26.85,2.5114,1.22,0.060,250.6,222.0
2026-08-08T17:53:04.350781+00:00,1786211584.351,507.49,37.82,2.5114,1.23,1.162,356.3,222.0
2026-08-08T17:53:04.556394+00:00,1786211584.556,507.69,26.29,2.5158,1.25,0.000,357.9,222.0
2026-08-08T17:53:04.760342+00:00,1786211584.760,507.90,30.72,2.5158,1.27,0.442,380.4,222.0
2026-08-08T17:53:05.159656+00:00,1786211585.160,508.30,28.15,2.5202,1.29,0.169,381.5,222.0
2026-08-08T17:53:05.355062+00:00,1786211585.355,508.49,28.15,2.5202,1.30,0.197,396.4,222.0
2026-08-08T17:53:05.556021+00:00,1786211585.556,508.69,23.08,2.5224,1.31,-0.469,373.2,222.0
2026-08-08T17:53:05.760789+00:00,1786211585.761,508.90,26.34,2.5224,1.31,-0.063,371.3,222.0
2026-08-08T17:53:05.959348+00:00,1786211585.959,509.10,26.43,2.5224,1.31,0.400,392.6,222.0
2026-08-08T17:53:06.157129+00:00,1786211586.157,509.29,26.43,2.5268,1.31,-0.053,390.5,222.0
2026-08-08T17:53:06.371110+00:00,1786211586.371,509.51,24.53,2.5268,1.30,-0.291,381.4,222.0
2026-08-08T17:53:06.573618+00:00,1786211586.574,509.71,30.73,2.5268,1.30,-0.887,335.4,222.0
2026-08-08T17:53:06.974642+00:00,1786211586.975,510.11,28.02,2.5312,1.30,0.198,345.3,222.0
2026-08-08T17:53:07.172185+00:00,1786211587.172,510.31,26.16,2.5312,1.30,-0.526,215.0,222.0
2026-08-08T17:53:07.374381+00:00,1786211587.374,510.51,26.16,2.5356,1.30,-0.250,202.7,222.0
2026-08-08T17:53:07.571921+00:00,1786211587.572,510.71,26.11,2.5356,1.32,-0.255,157.5,222.0
2026-08-08T17:53:07.774400+00:00,1786211587.774,510.91,26.11,2.5356,1.33,0.379,164.9,222.0
2026-08-08T17:53:07.977057+00:00,1786211587.977,511.11,26.05,2.5400,1.34,0.000,151.7,222.0
2026-08-08T17:53:08.177613+00:00,1786211588.178,511.31,24.59,2.5400,1.35,-0.231,163.7,222.0
2026-08-08T17:53:08.373360+00:00,1786211588.373,511.51,24.59,2.5400,1.35,-0.231,154.0,222.0
2026-08-08T17:53:09.359870+00:00,1786211589.360,512.50,26.51,2.5488,1.32,0.184,143.3,222.0
2026-08-08T17:53:09.557640+00:00,1786211589.558,512.69,26.51,2.5488,1.31,-0.392,126.1,222.0
2026-08-08T17:53:09.756648+00:00,1786211589.757,512.89,26.71,2.5532,1.30,-0.130,135.9,222.0
2026-08-08T17:53:09.958420+00:00,1786211589.958,513.10,26.54,2.5532,1.29,0.000,182.2,222.0
2026-08-08T17:53:10.157720+00:00,1786211590.158,513.29,26.54,2.5532,1.28,0.000,169.3,222.0
2026-08-08T17:53:10.353190+00:00,1786211590.353,513.49,23.83,2.5576,1.27,-0.228,182.2,222.0
2026-08-08T17:53:10.762904+00:00,1786211590.763,513.90,25.72,2.5576,1.29,0.000,194.1,222.0
2026-08-08T17:53:10.958842+00:00,1786211590.959,514.10,26.41,2.5620,1.30,0.000,207.1,222.0
2026-08-08T17:53:11.161122+00:00,1786211591.161,514.30,26.41,2.5620,1.31,0.170,197.0,222.0
2026-08-08T17:53:11.358204+00:00,1786211591.358,514.49,22.60,2.5620,1.32,-0.185,184.7,222.0
2026-08-08T17:53:11.560083+00:00,1786211591.560,514.70,26.19,2.5664,1.33,0.000,197.5,222.0
2026-08-08T17:53:11.762394+00:00,1786211591.762,514.90,26.19,2.5664,1.34,0.000,210.4,222.0
2026-08-08T17:53:11.957751+00:00,1786211591.958,515.09,23.07,2.5664,1.35,-0.459,176.7,222.0
2026-08-08T17:53:12.160673+00:00,1786211592.161,515.30,23.07,2.5686,1.37,-0.437,173.5,222.0
2026-08-08T17:53:12.955783+00:00,1786211592.956,516.09,24.24,2.5730,1.37,-0.228,166.9,222.0
2026-08-08T17:53:13.161840+00:00,1786211593.162,516.30,24.24,2.5730,1.36,0.000,164.6,222.0
2026-08-08T17:53:13.363449+00:00,1786211593.363,516.50,22.55,2.5774,1.36,-0.339,145.7,222.0
2026-08-08T17:53:13.561950+00:00,1786211593.562,516.70,26.37,2.5774,1.35,0.000,160.0,222.0
2026-08-08T17:53:13.765200+00:00,1786211593.765,516.90,26.37,2.5774,1.35,0.000,161.3,222.0
2026-08-08T17:53:14.148267+00:00,1786211594.148,517.28,22.60,2.5818,1.34,0.000,157.0,222.0
2026-08-08T17:53:14.352879+00:00,1786211594.353,517.49,21.33,2.5818,1.35,-0.484,122.8,222.0
2026-08-08T17:53:14.560915+00:00,1786211594.561,517.70,26.56,2.5862,1.35,0.000,135.9,222.0
2026-08-08T17:53:14.964294+00:00,1786211594.964,518.10,24.70,2.5862,1.38,0.151,141.5,222.0
2026-08-08T17:53:15.160462+00:00,1786211595.160,518.30,26.17,2.5906,1.40,0.287,156.4,222.0
2026-08-08T17:53:15.365205+00:00,1786211595.365,518.50,26.17,2.5906,1.41,0.223,192.3,222.0
2026-08-08T17:53:15.562151+00:00,1786211595.562,518.70,26.27,2.5906,1.42,0.235,228.1,222.0
2026-08-08T17:53:15.770114+00:00,1786211595.770,518.91,26.27,2.5928,1.42,0.430,263.5,222.0
2026-08-08T17:53:16.149771+00:00,1786211596.150,519.29,23.93,2.5928,1.43,-0.262,251.6,222.0
2026-08-08T17:53:16.358756+00:00,1786211596.359,519.50,23.93,2.5972,1.43,-0.261,256.4,222.0
2026-08-08T17:53:17.148807+00:00,1786211597.149,520.29,26.48,2.6016,1.49,0.359,276.1,222.0
2026-08-08T17:53:17.361604+00:00,1786211597.362,520.50,26.48,2.6038,1.51,0.475,301.8,222.0
2026-08-08T17:53:17.567188+00:00,1786211597.567,520.70,22.66,2.6038,1.53,-0.361,287.5,222.0
2026-08-08T17:53:17.767079+00:00,1786211597.767,520.90,22.66,2.6038,1.55,-0.202,301.4,222.0
2026-08-08T17:53:17.965911+00:00,1786211597.966,521.10,25.74,2.6082,1.57,0.000,302.1,222.0
2026-08-08T17:53:18.173229+00:00,1786211598.173,521.31,23.29,2.6082,1.59,-0.285,282.1,222.0
2026-08-08T17:53:18.568332+00:00,1786211598.568,521.71,24.55,2.6125,1.60,-0.159,259.6,222.0
2026-08-08T17:53:18.774440+00:00,1786211598.774,521.91,26.06,2.6125,1.61,0.000,250.0,222.0
2026-08-08T17:53:19.150613+00:00,1786211599.151,522.29,23.11,2.6147,1.65,-0.076,232.5,222.0
2026-08-08T17:53:19.363148+00:00,1786211599.363,522.50,23.11,2.6147,1.67,-0.076,205.2,222.0
2026-08-08T17:53:19.562106+00:00,1786211599.562,522.70,22.62,2.6191,1.69,-0.444,198.4,222.0
2026-08-08T17:53:19.770492+00:00,1786211599.770,522.91,24.07,2.6191,1.70,-0.277,199.8,222.0
2026-08-08T17:53:19.968245+00:00,1786211599.968,523.10,24.07,2.6191,1.71,0.164,187.7,222.0
2026-08-08T17:53:20.168813+00:00,1786211600.169,523.31,22.82,2.6235,1.72,0.000,160.3,222.0
2026-08-08T17:53:20.371722+00:00,1786211600.372,523.51,22.82,2.6235,1.72,-0.337,162.9,222.0
2026-08-08T17:53:24.874609+00:00,1786211604.875,528.01,23.31,2.6543,1.71,0.000,173.8,222.0
2026-08-08T17:53:25.078559+00:00,1786211605.079,528.22,26.56,2.6543,1.70,0.086,180.4,222.0
2026-08-08T17:53:25.299777+00:00,1786211605.300,528.44,23.66,2.6565,1.68,-0.102,189.7,222.0
2026-08-08T17:53:25.504567+00:00,1786211605.505,528.64,23.66,2.6565,1.65,0.000,196.4,222.0
2026-08-08T17:53:25.707336+00:00,1786211605.707,528.84,22.76,2.6609,1.62,0.000,192.2,222.0
2026-08-08T17:53:25.903925+00:00,1786211605.904,529.04,26.11,2.6609,1.59,0.153,206.6,222.0
2026-08-08T17:53:26.105946+00:00,1786211606.106,529.24,26.11,2.6609,1.56,0.089,217.5,222.0
2026-08-08T17:53:26.303332+00:00,1786211606.303,529.44,23.00,2.6653,1.53,0.000,236.1,222.0
2026-08-08T17:53:26.509931+00:00,1786211606.510,529.65,26.32,2.6653,1.50,0.153,258.1,222.0
2026-08-08T17:53:27.089690+00:00,1786211607.090,530.23,26.36,2.6675,1.42,0.147,258.7,222.0
2026-08-08T17:53:27.298670+00:00,1786211607.299,530.44,22.71,2.6719,1.41,-0.069,253.2,222.0
2026-08-08T17:53:27.676254+00:00,1786211607.676,530.81,26.67,2.6719,1.38,0.000,270.3,222.0
2026-08-08T17:53:27.888417+00:00,1786211607.888,531.03,23.06,2.6763,1.36,-0.065,264.5,222.0
2026-08-08T17:53:28.096952+00:00,1786211608.097,531.23,26.81,2.6763,1.33,0.337,274.7,222.0
2026-08-08T17:53:28.674526+00:00,1786211608.675,531.81,26.47,2.6807,1.28,0.348,297.4,222.0
2026-08-08T17:53:29.062542+00:00,1786211609.063,532.20,26.76,2.6851,1.26,0.057,301.2,222.0
2026-08-08T17:53:29.260735+00:00,1786211609.261,532.40,26.76,2.6851,1.25,0.057,306.3,222.0
2026-08-08T17:53:29.468567+00:00,1786211609.469,532.61,22.73,2.6851,1.24,0.000,291.7,222.0
2026-08-08T17:53:29.683579+00:00,1786211609.684,532.82,24.33,2.6895,1.23,-0.174,274.1,222.0
2026-08-08T17:53:29.877930+00:00,1786211609.878,533.01,24.33,2.6895,1.24,-0.202,264.0,222.0
2026-08-08T17:53:30.078714+00:00,1786211610.079,533.22,22.49,2.6895,1.24,0.000,249.6,222.0
2026-08-08T17:53:30.276132+00:00,1786211610.276,533.41,26.25,2.6939,1.25,0.000,240.5,222.0
2026-08-08T17:53:30.478456+00:00,1786211610.478,533.62,26.25,2.6939,1.26,0.343,263.9,222.0
2026-08-08T17:53:31.861291+00:00,1786211611.861,535.00,29.15,2.7027,1.27,0.172,276.1,222.0
2026-08-08T17:53:32.060985+00:00,1786211612.061,535.20,26.61,2.7071,1.28,0.000,282.7,222.0
2026-08-08T17:53:32.268134+00:00,1786211612.268,535.40,26.61,2.7071,1.29,0.000,264.6,222.0
2026-08-08T17:53:32.651350+00:00,1786211612.651,535.79,26.40,2.7093,1.31,0.000,247.1,222.0
2026-08-08T17:53:32.859939+00:00,1786211612.860,536.00,22.64,2.7093,1.32,0.000,239.6,222.0
2026-08-08T17:53:33.062864+00:00,1786211613.063,536.20,24.40,2.7093,1.33,0.000,234.3,222.0
2026-08-08T17:53:33.260410+00:00,1786211613.260,536.40,24.40,2.7137,1.35,0.000,237.0,222.0
2026-08-08T17:53:34.644921+00:00,1786211614.645,537.78,26.19,2.7225,1.35,0.225,259.8,222.0
2026-08-08T17:53:34.848959+00:00,1786211614.849,537.99,27.90,2.7225,1.35,0.100,280.2,222.0
2026-08-08T17:53:35.055682+00:00,1786211615.056,538.19,27.90,2.7269,1.34,0.100,293.2,222.0
2026-08-08T17:53:35.259052+00:00,1786211615.259,538.40,26.11,2.7269,1.34,-0.248,281.3,222.0
2026-08-08T17:53:35.464684+00:00,1786211615.465,538.60,26.29,2.7313,1.33,0.000,264.7,222.0
2026-08-08T17:53:35.667484+00:00,1786211615.667,538.80,26.29,2.7313,1.32,0.000,251.5,222.0
2026-08-08T17:53:35.862818+00:00,1786211615.863,539.00,23.12,2.7313,1.31,-0.284,234.8,222.0
2026-08-08T17:53:36.066984+00:00,1786211616.067,539.20,25.00,2.7357,1.30,0.204,242.6,222.0
2026-08-08T17:53:36.269196+00:00,1786211616.269,539.41,25.00,2.7357,1.27,0.051,243.0,222.0
2026-08-08T17:53:37.064393+00:00,1786211617.064,540.20,30.39,2.7401,1.24,0.437,278.2,222.0
2026-08-08T17:53:37.279537+00:00,1786211617.280,540.42,26.13,2.7445,1.23,0.000,279.5,222.0
2026-08-08T17:53:37.654534+00:00,1786211617.655,540.79,26.40,2.7445,1.19,-0.149,273.2,222.0
2026-08-08T17:53:37.864817+00:00,1786211617.865,541.00,26.49,2.7489,1.18,-0.139,253.7,222.0
2026-08-08T17:53:38.071307+00:00,1786211618.071,541.21,26.49,2.7489,1.17,0.000,244.8,222.0
2026-08-08T17:53:38.849493+00:00,1786211618.849,541.99,30.19,2.7533,1.09,0.320,259.0,222.0
2026-08-08T17:53:39.064355+00:00,1786211619.064,542.20,26.22,2.7577,1.05,0.000,269.1,222.0
2026-08-08T17:53:39.273128+00:00,1786211619.273,542.41,26.22,2.7577,1.02,0.253,279.1,222.0
2026-08-08T17:53:39.655562+00:00,1786211619.656,542.79,26.30,2.7621,0.94,0.101,281.0,222.0
2026-08-08T17:53:39.868419+00:00,1786211619.868,543.01,26.30,2.7621,0.91,0.101,299.2,222.0
2026-08-08T17:53:40.065254+00:00,1786211620.065,543.20,23.40,2.7621,0.88,-0.647,255.2,222.0
2026-08-08T17:53:40.852491+00:00,1786211620.852,543.99,26.47,2.7709,0.83,0.000,250.8,222.0
2026-08-08T17:53:41.067413+00:00,1786211621.067,544.20,31.17,2.7709,0.81,0.388,245.4,222.0
2026-08-08T17:53:41.269652+00:00,1786211621.270,544.41,31.17,2.7709,0.79,0.381,271.1,222.0
2026-08-08T17:53:41.468794+00:00,1786211621.469,544.61,26.33,2.7753,0.77,0.000,275.0,222.0
2026-08-08T17:53:41.675448+00:00,1786211621.675,544.81,26.94,2.7753,0.76,-0.319,262.4,222.0
2026-08-08T17:53:41.872178+00:00,1786211621.872,545.01,26.94,2.7753,0.74,0.071,262.9,222.0
2026-08-08T17:53:42.852184+00:00,1786211622.852,545.99,26.49,2.7841,0.66,0.000,235.5,222.0
2026-08-08T17:53:43.069981+00:00,1786211623.070,546.21,26.49,2.7841,0.63,0.000,232.2,222.0
2026-08-08T17:53:43.443753+00:00,1786211623.444,546.58,26.67,2.7885,0.57,0.000,216.2,222.0
2026-08-08T17:53:43.651224+00:00,1786211623.651,546.79,26.67,2.7885,0.54,0.253,221.0,222.0
2026-08-08T17:53:43.853890+00:00,1786211623.854,546.99,24.01,2.7929,0.51,-0.227,199.8,222.0
2026-08-08T17:53:46.583510+00:00,1786211626.583,549.72,28.42,2.8127,0.51,-0.138,223.7,222.0
2026-08-08T17:53:46.794311+00:00,1786211626.794,549.93,28.42,2.8127,0.54,-0.138,215.9,222.0
2026-08-08T17:53:47.002135+00:00,1786211627.002,550.14,26.54,2.8171,0.55,0.000,184.2,222.0
2026-08-08T17:53:47.213909+00:00,1786211627.214,550.35,26.64,2.8171,0.56,0.000,153.3,222.0
2026-08-08T17:53:47.595484+00:00,1786211627.595,550.73,30.82,2.8215,0.58,0.189,168.4,222.0
2026-08-08T17:53:47.807411+00:00,1786211627.807,550.94,25.18,2.8215,0.60,-0.073,178.1,222.0
2026-08-08T17:53:48.011332+00:00,1786211628.011,551.15,31.84,2.8215,0.61,0.301,198.1,222.0
2026-08-08T17:53:51.741057+00:00,1786211631.741,554.88,28.20,2.8523,0.62,0.051,202.6,222.0
2026-08-08T17:53:51.963605+00:00,1786211631.964,555.10,35.35,2.8523,0.65,0.290,235.1,222.0
2026-08-08T17:53:52.176028+00:00,1786211632.176,555.31,31.40,2.8588,0.66,0.246,256.9,222.0
2026-08-08T17:53:52.386089+00:00,1786211632.386,555.52,31.40,2.8588,0.68,0.143,259.8,222.0
2026-08-08T17:53:52.580783+00:00,1786211632.581,555.72,30.55,2.8588,0.69,0.102,285.4,222.0
2026-08-08T17:53:52.784754+00:00,1786211632.785,555.92,26.15,2.8632,0.70,0.000,292.0,222.0
2026-08-08T17:53:52.982818+00:00,1786211632.983,556.12,28.00,2.8632,0.71,0.065,304.2,222.0
2026-08-08T17:53:53.181026+00:00,1786211633.181,556.32,28.00,2.8632,0.73,-0.141,300.0,222.0
2026-08-08T17:53:54.165043+00:00,1786211634.165,557.30,26.69,2.8720,0.80,0.066,305.5,222.0
2026-08-08T17:53:54.380463+00:00,1786211634.380,557.52,31.64,2.8720,0.82,0.000,298.0,222.0
2026-08-08T17:53:54.587177+00:00,1786211634.587,557.72,31.64,2.8764,0.84,0.337,332.5,222.0
2026-08-08T17:53:54.787188+00:00,1786211634.787,557.92,26.40,2.8764,0.87,-0.880,264.6,222.0
2026-08-08T17:53:54.983878+00:00,1786211634.984,558.12,27.35,2.8764,0.89,-0.400,242.1,222.0
2026-08-08T17:53:55.182960+00:00,1786211635.183,558.32,27.35,2.8808,0.89,-0.402,191.7,222.0
2026-08-08T17:53:57.352622+00:00,1786211637.353,560.49,30.67,2.8962,0.89,0.000,178.1,222.0
2026-08-08T17:53:57.733533+00:00,1786211637.734,560.87,26.69,2.8984,0.94,0.000,165.7,222.0
2026-08-08T17:53:57.944569+00:00,1786211637.945,561.08,26.72,2.9028,0.95,-0.072,153.4,222.0
2026-08-08T17:53:58.153770+00:00,1786211638.154,561.29,26.41,2.9028,0.97,-0.088,151.5,222.0
2026-08-08T17:53:58.352334+00:00,1786211638.352,561.49,27.68,2.9028,0.98,0.066,153.5,222.0
2026-08-08T17:53:58.551592+00:00,1786211638.552,561.69,27.68,2.9072,1.00,-0.263,149.0,222.0
2026-08-08T17:53:58.752602+00:00,1786211638.753,561.89,26.37,2.9072,1.01,-0.351,129.2,222.0
2026-08-08T17:54:00.308831+00:00,1786211640.309,563.45,32.66,2.9182,0.99,0.315,152.3,222.0
2026-08-08T17:54:00.522720+00:00,1786211640.523,563.66,32.66,2.9226,0.94,0.266,151.1,222.0
2026-08-08T17:54:00.732138+00:00,1786211640.732,563.87,26.50,2.9226,0.91,0.000,196.3,222.0
2026-08-08T17:54:00.937906+00:00,1786211640.938,564.07,31.10,2.9270,0.89,0.000,222.5,222.0
2026-08-08T17:54:01.140613+00:00,1786211641.141,564.28,31.10,2.9270,0.86,0.359,270.1,222.0
2026-08-08T17:54:01.338963+00:00,1786211641.339,564.48,24.16,2.9270,0.84,-0.209,251.7,222.0
2026-08-08T17:54:01.539191+00:00,1786211641.539,564.68,25.90,2.9314,0.81,0.000,249.7,222.0
2026-08-08T17:54:01.739991+00:00,1786211641.740,564.88,31.75,2.9314,0.78,0.334,279.0,222.0
2026-08-08T17:54:02.145397+00:00,1786211642.145,565.28,29.68,2.9358,0.74,0.154,294.5,222.0
2026-08-08T17:54:02.344833+00:00,1786211642.345,565.48,31.99,2.9358,0.73,0.435,321.4,222.0
2026-08-08T17:54:02.541080+00:00,1786211642.541,565.68,31.99,2.9380,0.72,-0.083,333.7,222.0
2026-08-08T17:54:02.738759+00:00,1786211642.739,565.88,30.99,2.9380,0.71,-0.209,342.4,222.0
2026-08-08T17:54:02.940678+00:00,1786211642.941,566.08,26.19,2.9380,0.69,0.000,310.9,222.0
2026-08-08T17:54:03.141189+00:00,1786211643.141,566.28,28.08,2.9446,0.68,-0.381,264.5,222.0
2026-08-08T17:54:03.345522+00:00,1786211643.345,566.48,28.08,2.9446,0.66,-0.381,243.6,222.0
2026-08-08T17:54:04.324740+00:00,1786211644.325,567.46,29.58,2.9534,0.57,0.504,267.1,222.0
2026-08-08T17:54:04.536325+00:00,1786211644.536,567.67,32.22,2.9534,0.54,0.585,280.3,222.0
2026-08-08T17:54:04.742392+00:00,1786211644.742,567.88,31.13,2.9578,0.51,-0.058,291.9,222.0
2026-08-08T17:54:04.944404+00:00,1786211644.944,568.08,31.13,2.9578,0.47,0.143,303.9,222.0
2026-08-08T17:54:05.139882+00:00,1786211645.140,568.28,26.36,2.9578,0.44,-0.560,245.0,222.0
2026-08-08T17:54:05.341405+00:00,1786211645.341,568.48,28.01,2.9622,0.41,-0.395,209.6,222.0
2026-08-08T17:54:05.548163+00:00,1786211645.548,568.68,30.68,2.9622,0.41,0.000,177.7,222.0
2026-08-08T17:54:05.948550+00:00,1786211645.949,569.09,29.46,2.9666,0.44,0.302,193.6,222.0
2026-08-08T17:54:06.141521+00:00,1786211646.141,569.28,31.66,2.9666,0.45,0.332,224.6,222.0
2026-08-08T17:54:06.341875+00:00,1786211646.342,569.48,31.66,2.9688,0.45,0.333,249.5,222.0
2026-08-08T17:54:06.727940+00:00,1786211646.728,569.86,26.99,2.9688,0.47,-0.300,251.3,222.0
2026-08-08T17:54:06.940918+00:00,1786211646.941,570.08,28.60,2.9754,0.47,-0.418,247.8,222.0
2026-08-08T17:54:07.144413+00:00,1786211647.144,570.28,31.19,2.9754,0.48,0.000,220.4,222.0
2026-08-08T17:54:07.342145+00:00,1786211647.342,570.48,31.19,2.9754,0.49,0.000,182.1,222.0
2026-08-08T17:54:09.527865+00:00,1786211649.528,572.66,31.57,2.9952,0.46,0.330,205.8,222.0
2026-08-08T17:54:09.743705+00:00,1786211649.744,572.88,31.77,2.9996,0.45,0.237,212.4,222.0
2026-08-08T17:54:09.946145+00:00,1786211649.946,573.08,31.42,2.9996,0.44,0.000,246.9,222.0
2026-08-08T17:54:10.147195+00:00,1786211650.147,573.28,31.42,2.9996,0.43,0.130,280.6,222.0
2026-08-08T17:54:10.356901+00:00,1786211650.357,573.49,27.47,3.0040,0.42,-0.276,262.2,222.0
2026-08-08T17:54:11.329118+00:00,1786211651.329,574.47,37.97,3.0106,0.48,0.351,284.7,222.0
2026-08-08T17:54:11.543234+00:00,1786211651.543,574.68,31.83,3.0150,0.52,0.280,282.6,222.0
2026-08-08T17:54:11.748750+00:00,1786211651.749,574.89,31.79,3.0150,0.55,0.184,274.7,222.0
2026-08-08T17:54:11.948680+00:00,1786211651.949,575.09,31.69,3.0150,0.59,0.000,297.4,222.0
2026-08-08T17:54:12.148001+00:00,1786211652.148,575.28,31.69,3.0194,0.62,0.000,325.9,222.0
2026-08-08T17:54:12.350225+00:00,1786211652.350,575.49,32.22,3.0194,0.65,0.064,333.1,222.0
2026-08-08T17:54:12.548899+00:00,1786211652.549,575.69,31.47,3.0194,0.69,0.000,335.6,222.0
2026-08-08T17:54:14.314836+00:00,1786211654.315,577.45,32.55,3.0392,0.68,0.072,323.8,222.0
2026-08-08T17:54:14.523480+00:00,1786211654.523,577.66,32.00,3.0392,0.68,0.000,312.0,222.0
2026-08-08T17:54:14.731579+00:00,1786211654.732,577.87,32.19,3.0436,0.68,0.300,334.2,222.0
2026-08-08T17:54:14.932464+00:00,1786211654.932,578.07,38.35,3.0436,0.69,0.000,341.0,222.0
2026-08-08T17:54:15.136003+00:00,1786211655.136,578.27,31.28,3.0436,0.69,0.000,363.0,222.0
2026-08-08T17:54:15.331823+00:00,1786211655.332,578.47,39.74,3.0502,0.69,0.616,390.7,222.0
2026-08-08T17:54:15.536660+00:00,1786211655.537,578.67,39.74,3.0502,0.69,0.623,437.4,222.0
2026-08-08T17:54:16.690190+00:00,1786211656.690,579.83,38.92,3.0590,0.72,0.442,473.9,222.0
2026-08-08T17:54:16.905066+00:00,1786211656.905,580.04,36.21,3.0590,0.79,0.243,500.6,222.0
2026-08-08T17:54:17.122245+00:00,1786211657.122,580.26,32.17,3.0656,0.82,0.000,503.4,222.0
2026-08-08T17:54:17.327041+00:00,1786211657.327,580.46,38.96,3.0656,0.85,0.591,558.3,222.0
2026-08-08T17:54:17.525294+00:00,1786211657.525,580.66,38.96,3.0656,0.88,0.644,622.2,222.0
2026-08-08T17:54:17.724900+00:00,1786211657.725,580.86,27.28,3.0700,0.91,-0.456,588.8,222.0
2026-08-08T17:54:17.925458+00:00,1786211657.925,581.06,28.15,3.0700,0.95,-0.947,534.6,222.0
2026-08-08T17:54:18.122290+00:00,1786211658.122,581.26,31.52,3.0700,0.98,0.000,518.0,222.0
2026-08-08T17:54:18.902946+00:00,1786211658.903,582.04,32.07,3.0810,0.86,-0.596,472.0,222.0
2026-08-08T17:54:19.120059+00:00,1786211659.120,582.26,31.34,3.0810,0.83,-0.651,434.2,222.0
2026-08-08T17:54:19.322280+00:00,1786211659.322,582.46,31.34,3.0810,0.79,-0.800,324.8,222.0
2026-08-08T17:54:19.525068+00:00,1786211659.525,582.66,26.46,3.0854,0.75,-1.034,203.5,222.0
2026-08-08T17:54:19.728186+00:00,1786211659.728,582.86,28.18,3.0854,0.71,-0.425,129.5,222.0
2026-08-08T17:54:20.704353+00:00,1786211660.704,583.84,31.73,3.0942,0.63,-0.595,66.9,222.0
2026-08-08T17:54:20.919667+00:00,1786211660.920,584.06,26.35,3.0942,0.60,-1.032,4.9,222.0
2026-08-08T17:54:21.120460+00:00,1786211661.120,584.26,31.29,3.0986,0.58,0.328,0.0,222.0
2026-08-08T17:54:21.323041+00:00,1786211661.323,584.46,31.29,3.0986,0.56,0.257,0.0,222.0
2026-08-08T17:54:21.705840+00:00,1786211661.706,584.84,26.27,3.1008,0.51,-0.407,0.0,222.0
2026-08-08T17:54:21.908160+00:00,1786211661.908,585.04,22.85,3.1008,0.49,-0.852,0.0,222.0
2026-08-08T17:54:22.906402+00:00,1786211662.906,586.04,24.87,3.1095,0.45,-0.475,0.0,222.0
2026-08-08T17:54:23.108301+00:00,1786211663.108,586.25,24.87,3.1095,0.43,-0.475,0.0,222.0
2026-08-08T17:54:23.304175+00:00,1786211663.304,586.44,22.59,3.1117,0.40,-0.285,0.0,222.0
2026-08-08T17:54:23.506645+00:00,1786211663.507,586.64,22.57,3.1117,0.38,-0.412,0.0,222.0
2026-08-08T17:54:23.709958+00:00,1786211663.710,586.85,22.57,3.1117,0.36,-0.846,0.0,222.0
2026-08-08T17:54:23.916274+00:00,1786211663.916,587.05,22.56,3.1161,0.34,-0.351,0.0,222.0
2026-08-08T17:54:24.113528+00:00,1786211664.114,587.25,22.56,3.1161,0.32,-0.810,0.0,222.0
2026-08-08T17:54:24.902659+00:00,1786211664.903,588.04,22.53,3.1183,0.03,-0.680,0.0,222.0
2026-08-08T17:54:25.302692+00:00,1786211665.303,588.44,20.04,3.1227,-0.14,-0.482,0.0,188.7
2026-08-08T17:54:25.697703+00:00,1786211665.698,588.83,19.97,3.1249,-0.30,-0.211,0.0,188.7
2026-08-08T17:54:25.895617+00:00,1786211665.896,589.03,20.03,3.1249,-0.38,-0.450,0.0,188.7
2026-08-08T17:54:26.296816+00:00,1786211666.297,589.43,22.55,3.1293,-0.34,-0.202,0.0,188.7
2026-08-08T17:54:26.495879+00:00,1786211666.496,589.63,22.62,3.1293,-0.31,0.000,0.0,188.7
2026-08-08T17:54:26.696240+00:00,1786211666.696,589.83,22.62,3.1315,-0.27,0.000,0.0,188.7
2026-08-08T17:54:26.891179+00:00,1786211666.891,590.03,22.61,3.1315,-0.24,0.000,0.0,188.7
2026-08-08T17:54:27.090151+00:00,1786211667.090,590.23,22.61,3.1315,-0.21,0.000,0.0,188.7
2026-08-08T17:54:27.477546+00:00,1786211667.478,590.61,22.83,3.1359,-0.15,0.000,0.0,188.7
2026-08-08T17:54:28.275125+00:00,1786211668.275,591.41,23.17,3.1403,-0.06,0.053,0.0,188.7
2026-08-08T17:54:28.661980+00:00,1786211668.662,591.80,22.77,3.1425,-0.01,0.226,0.0,188.7
2026-08-08T17:54:28.865337+00:00,1786211668.865,592.00,26.69,3.1425,0.02,0.590,47.6,188.7
2026-08-08T17:54:29.079281+00:00,1786211669.079,592.22,26.69,3.1469,0.05,0.582,102.2,188.7
2026-08-08T17:54:29.283196+00:00,1786211669.283,592.42,22.86,3.1469,0.08,0.000,114.6,222.0
2026-08-08T17:54:29.480613+00:00,1786211669.481,592.62,22.86,3.1469,0.11,0.000,137.0,222.0
2026-08-08T17:54:30.260811+00:00,1786211670.261,593.40,24.88,3.1557,0.42,0.176,161.8,222.0
2026-08-08T17:54:30.484228+00:00,1786211670.484,593.62,26.49,3.1557,0.57,0.301,187.3,222.0
2026-08-08T17:54:30.850710+00:00,1786211670.851,593.99,26.73,3.1601,0.85,0.305,215.7,222.0
2026-08-08T17:54:31.061008+00:00,1786211671.061,594.20,26.73,3.1601,1.00,0.302,245.0,222.0
2026-08-08T17:54:31.261224+00:00,1786211671.261,594.40,22.86,3.1601,1.14,0.000,255.2,222.0
2026-08-08T17:54:31.464828+00:00,1786211671.465,594.60,24.11,3.1645,1.28,0.132,273.4,222.0
2026-08-08T17:54:31.866997+00:00,1786211671.867,595.00,25.44,3.1645,1.38,-0.116,279.0,222.0
2026-08-08T17:54:32.064274+00:00,1786211672.064,595.20,26.41,3.1689,1.41,0.000,284.1,222.0
2026-08-08T17:54:32.271736+00:00,1786211672.272,595.41,26.41,3.1689,1.45,0.329,282.5,222.0
2026-08-08T17:54:32.652498+00:00,1786211672.652,595.79,26.35,3.1733,1.53,0.305,280.5,222.0
2026-08-08T17:54:32.863996+00:00,1786211672.864,596.00,26.35,3.1733,1.56,0.156,303.9,222.0
2026-08-08T17:54:33.064371+00:00,1786211673.064,596.20,23.35,3.1733,1.60,-0.339,300.4,222.0
2026-08-08T17:54:33.267261+00:00,1786211673.267,596.40,26.33,3.1777,1.61,0.000,303.5,222.0
2026-08-08T17:54:33.669884+00:00,1786211673.670,596.81,28.73,3.1777,1.65,0.213,312.7,222.0
2026-08-08T17:54:33.866661+00:00,1786211673.867,597.00,26.16,3.1821,1.67,0.352,321.0,222.0
2026-08-08T17:54:34.072587+00:00,1786211674.073,597.21,26.16,3.1821,1.69,0.218,321.7,222.0
2026-08-08T17:54:34.452673+00:00,1786211674.453,597.59,26.53,3.1843,1.73,0.117,337.1,222.0
2026-08-08T17:54:34.665701+00:00,1786211674.666,597.80,25.97,3.1843,1.76,0.000,337.2,222.0
2026-08-08T17:54:34.868258+00:00,1786211674.868,598.00,24.38,3.1843,1.78,-0.217,334.6,222.0
2026-08-08T17:54:35.653674+00:00,1786211675.654,598.79,26.39,3.1931,1.76,0.000,337.5,222.0
2026-08-08T17:54:35.863261+00:00,1786211675.863,599.00,22.95,3.1931,1.75,-0.315,304.7,222.0
2026-08-08T17:54:36.068830+00:00,1786211676.069,599.21,26.37,3.1931,1.75,0.280,305.4,222.0
2026-08-08T17:54:36.268979+00:00,1786211676.269,599.41,26.37,3.1975,1.74,0.000,299.0,222.0
2026-08-08T17:54:36.472354+00:00,1786211676.472,599.61,26.24,3.1975,1.73,-0.247,306.7,222.0
2026-08-08T17:54:36.672632+00:00,1786211676.673,599.81,26.34,3.1975,1.73,0.000,307.8,222.0
2026-08-08T17:54:38.223740+00:00,1786211678.224,601.36,26.44,3.2107,1.76,0.000,293.4,222.0
2026-08-08T17:54:38.439280+00:00,1786211678.439,601.58,26.59,3.2107,1.81,0.000,277.5,222.0
2026-08-08T17:54:38.652517+00:00,1786211678.652,601.79,26.59,3.2151,1.83,0.000,268.3,222.0
2026-08-08T17:54:38.853806+00:00,1786211678.854,601.99,26.68,3.2151,1.86,0.160,271.8,222.0
2026-08-08T17:54:39.055174+00:00,1786211679.055,602.19,31.15,3.2151,1.88,0.389,304.8,222.0
2026-08-08T17:54:39.256545+00:00,1786211679.257,602.39,31.15,3.2195,1.91,0.672,367.1,222.0
2026-08-08T17:54:39.457716+00:00,1786211679.458,602.59,23.19,3.2195,1.93,-0.261,352.4,222.0
2026-08-08T17:54:39.659092+00:00,1786211679.659,602.80,26.19,3.2195,1.95,0.000,372.3,222.0
2026-08-08T17:54:41.646563+00:00,1786211681.647,604.78,26.53,3.2371,1.84,0.000,359.1,222.0
2026-08-08T17:54:41.856295+00:00,1786211681.856,604.99,31.71,3.2371,1.79,0.288,385.9,222.0
2026-08-08T17:54:42.059288+00:00,1786211682.059,605.20,31.71,3.2393,1.73,0.382,430.6,222.0
2026-08-08T17:54:42.261830+00:00,1786211682.262,605.40,22.55,3.2393,1.68,-0.294,412.4,222.0
2026-08-08T17:54:42.461243+00:00,1786211682.461,605.60,26.28,3.2393,1.63,0.000,411.1,222.0
2026-08-08T17:54:42.660795+00:00,1786211682.661,605.80,26.28,3.2437,1.57,0.000,408.6,222.0
2026-08-08T17:54:42.855624+00:00,1786211682.856,605.99,23.02,3.2437,1.53,-0.595,375.0,222.0
2026-08-08T17:54:44.214680+00:00,1786211684.215,607.35,27.19,3.2547,1.54,-0.222,353.2,222.0
2026-08-08T17:54:44.429536+00:00,1786211684.430,607.57,27.19,3.2547,1.58,0.224,332.2,222.0
2026-08-08T17:54:44.639204+00:00,1786211684.639,607.78,26.71,3.2591,1.59,0.000,281.8,222.0
2026-08-08T17:54:44.848364+00:00,1786211684.848,607.99,26.66,3.2591,1.61,0.000,295.7,222.0
2026-08-08T17:54:45.228853+00:00,1786211685.229,608.37,26.13,3.2635,1.65,-0.459,269.9,222.0
2026-08-08T17:54:45.444226+00:00,1786211685.444,608.58,25.79,3.2635,1.64,-0.486,243.1,222.0
2026-08-08T17:54:45.649355+00:00,1786211685.649,608.79,25.79,3.2635,1.64,0.266,227.7,222.0
2026-08-08T17:54:46.827308+00:00,1786211686.827,609.96,25.85,3.2723,1.61,0.000,193.9,222.0
2026-08-08T17:54:47.044754+00:00,1786211687.045,610.18,26.75,3.2767,1.60,0.000,211.6,222.0
2026-08-08T17:54:47.245892+00:00,1786211687.246,610.38,26.75,3.2767,1.58,0.236,224.0,222.0
2026-08-08T17:54:47.444005+00:00,1786211687.444,610.58,26.38,3.2767,1.57,-0.070,220.6,222.0
2026-08-08T17:54:47.647202+00:00,1786211687.647,610.78,26.23,3.2811,1.56,-0.083,247.1,222.0
2026-08-08T17:54:47.846536+00:00,1786211687.847,610.98,26.23,3.2811,1.54,0.000,257.3,222.0
2026-08-08T17:54:48.045315+00:00,1786211688.045,611.18,22.95,3.2811,1.53,-0.322,225.4,222.0
2026-08-08T17:54:48.647363+00:00,1786211688.647,611.78,30.02,3.2855,1.67,0.316,249.5,222.0
2026-08-08T17:54:48.844137+00:00,1786211688.844,611.98,26.47,3.2899,1.75,0.056,253.3,222.0
2026-08-08T17:54:49.049635+00:00,1786211689.050,612.19,26.47,3.2899,1.82,0.056,281.2,222.0
2026-08-08T17:54:49.432460+00:00,1786211689.432,612.57,26.57,3.2943,1.97,0.077,313.2,222.0
2026-08-08T17:54:49.644764+00:00,1786211689.645,612.78,26.57,3.2943,2.04,0.000,304.6,222.0
2026-08-08T17:54:49.846543+00:00,1786211689.847,612.98,23.52,3.2943,2.12,-0.345,289.8,222.0
2026-08-08T17:54:50.049034+00:00,1786211690.049,613.19,26.30,3.2987,2.13,0.000,293.8,222.0
2026-08-08T17:54:50.459587+00:00,1786211690.460,613.60,29.04,3.2987,2.13,0.278,305.8,233.1
2026-08-08T17:54:50.661432+00:00,1786211690.661,613.80,26.17,3.3031,2.13,0.000,313.9,233.1
2026-08-08T17:54:50.861320+00:00,1786211690.861,614.00,26.17,3.3031,2.13,0.318,338.9,233.1
2026-08-08T17:54:51.234227+00:00,1786211691.234,614.37,26.36,3.3053,2.14,-0.393,324.3,233.1
2026-08-08T17:54:51.448523+00:00,1786211691.448,614.59,25.98,3.3053,2.15,-0.052,345.1,233.1
2026-08-08T17:54:51.651257+00:00,1786211691.651,614.79,24.13,3.3053,2.16,-0.250,310.2,233.1
2026-08-08T17:54:51.851219+00:00,1786211691.851,614.99,24.13,3.3097,2.17,-0.280,294.4,233.1
2026-08-08T17:54:52.050571+00:00,1786211692.051,615.19,22.58,3.3097,2.18,-0.461,268.8,233.1
2026-08-08T17:54:52.249743+00:00,1786211692.250,615.39,26.38,3.3097,2.19,0.331,283.3,233.1
2026-08-08T17:54:52.652326+00:00,1786211692.652,615.79,25.25,3.3141,2.15,-0.113,276.6,233.1
2026-08-08T17:54:52.848049+00:00,1786211692.848,615.98,26.42,3.3141,2.13,-0.305,281.2,233.1
2026-08-08T17:54:53.051117+00:00,1786211693.051,616.19,26.42,3.3185,2.11,0.000,281.2,233.1
2026-08-08T17:54:53.251533+00:00,1786211693.252,616.39,26.36,3.3185,2.08,0.000,260.7,233.1
2026-08-08T17:54:53.448691+00:00,1786211693.449,616.59,26.08,3.3185,2.05,0.000,259.8,233.1
2026-08-08T17:54:53.648829+00:00,1786211693.649,616.79,26.08,3.3229,2.01,0.000,242.6,233.1
2026-08-08T17:54:53.848944+00:00,1786211693.849,616.99,23.81,3.3229,1.97,0.000,257.3,233.1
2026-08-08T17:54:54.252994+00:00,1786211694.253,617.39,25.59,3.3273,1.93,0.169,265.8,222.0
2026-08-08T17:54:54.452947+00:00,1786211694.453,617.59,26.57,3.3273,1.92,0.461,302.6,222.0
2026-08-08T17:54:54.654662+00:00,1786211694.655,617.79,26.57,3.3295,1.90,0.000,317.1,222.0
2026-08-08T17:54:54.852444+00:00,1786211694.852,617.99,22.77,3.3295,1.88,-0.312,321.5,222.0
2026-08-08T17:54:55.053910+00:00,1786211695.054,618.19,26.12,3.3295,1.86,0.000,301.4,222.0
2026-08-08T17:54:55.253124+00:00,1786211695.253,618.39,26.12,3.3339,1.85,0.000,305.8,222.0
2026-08-08T17:54:55.451301+00:00,1786211695.451,618.59,23.17,3.3339,1.85,-0.403,296.4,222.0
2026-08-08T17:54:56.433137+00:00,1786211696.433,619.57,25.60,3.3427,1.84,0.000,292.9,222.0
2026-08-08T17:54:56.641731+00:00,1786211696.642,619.78,26.34,3.3427,1.80,0.000,290.4,222.0
2026-08-08T17:54:56.849718+00:00,1786211696.850,619.99,26.34,3.3449,1.78,0.234,300.3,222.0
2026-08-08T17:54:57.054596+00:00,1786211697.055,620.19,22.89,3.3449,1.75,-0.267,282.0,222.0
2026-08-08T17:54:57.253935+00:00,1786211697.254,620.39,26.35,3.3449,1.73,0.000,283.7,222.0
2026-08-08T17:54:57.468546+00:00,1786211697.469,620.61,26.35,3.3493,1.71,0.000,274.6,222.0
2026-08-08T17:54:57.840895+00:00,1786211697.841,620.98,23.36,3.3493,1.66,0.055,247.0,222.0
2026-08-08T17:54:58.844056+00:00,1786211698.844,621.98,26.29,3.3580,1.51,0.000,243.3,222.0
2026-08-08T17:54:59.055392+00:00,1786211699.055,622.19,26.29,3.3580,1.46,0.000,258.3,222.0
2026-08-08T17:54:59.253581+00:00,1786211699.254,622.39,26.27,3.3624,1.41,0.227,266.1,222.0
2026-08-08T17:54:59.459102+00:00,1786211699.459,622.60,26.29,3.3624,1.36,0.064,265.3,222.0
2026-08-08T17:54:59.658807+00:00,1786211699.659,622.80,26.29,3.3624,1.31,0.000,283.0,222.0
2026-08-08T17:54:59.856175+00:00,1786211699.856,622.99,23.66,3.3668,1.25,-0.247,264.6,222.0
2026-08-08T17:55:00.261191+00:00,1786211700.261,623.40,25.66,3.3668,1.19,0.240,270.4,222.0
2026-08-08T17:55:00.457175+00:00,1786211700.457,623.59,26.41,3.3712,1.17,0.000,253.4,222.0
2026-08-08T17:55:00.664103+00:00,1786211700.664,623.80,26.41,3.3712,1.14,0.000,264.8,222.0
2026-08-08T17:55:01.044550+00:00,1786211701.045,624.18,26.41,3.3756,1.10,0.264,272.9,222.0
2026-08-08T17:55:01.256358+00:00,1786211701.256,624.39,26.41,3.3756,1.07,0.000,267.5,222.0
2026-08-08T17:55:01.455955+00:00,1786211701.456,624.59,23.22,3.3756,1.05,-0.355,244.4,222.0
2026-08-08T17:55:01.659395+00:00,1786211701.659,624.80,26.15,3.3800,1.04,0.000,240.2,222.0
2026-08-08T17:55:02.060132+00:00,1786211702.060,625.20,28.51,3.3800,0.99,0.237,252.1,222.0
2026-08-08T17:55:02.256716+00:00,1786211702.257,625.39,25.97,3.3844,0.96,0.000,236.5,222.0
2026-08-08T17:55:02.464217+00:00,1786211702.464,625.60,25.97,3.3844,0.94,0.246,241.6,222.0
2026-08-08T17:55:02.659052+00:00,1786211702.659,625.80,26.34,3.3844,0.92,0.078,242.3,222.0
2026-08-08T17:55:02.860081+00:00,1786211702.860,626.00,26.34,3.3866,0.89,0.000,253.7,222.0
2026-08-08T17:55:03.062231+00:00,1786211703.062,626.20,25.83,3.3866,0.87,-0.067,236.0,222.0
2026-08-08T17:55:03.260434+00:00,1786211703.260,626.40,24.53,3.3866,0.85,-0.236,220.0,222.0
2026-08-08T17:55:03.460619+00:00,1786211703.461,626.60,24.53,3.3910,0.89,-0.237,204.4,222.0
2026-08-08T17:55:04.629437+00:00,1786211704.629,627.77,26.91,3.3998,1.03,0.322,207.7,222.0
2026-08-08T17:55:04.837617+00:00,1786211704.838,627.97,26.66,3.3998,1.10,0.000,208.3,222.0
2026-08-08T17:55:05.044185+00:00,1786211705.044,628.18,26.74,3.3998,1.17,-0.165,220.8,222.0
2026-08-08T17:55:05.246373+00:00,1786211705.246,628.38,26.74,3.4042,1.25,0.071,226.9,222.0
2026-08-08T17:55:05.446560+00:00,1786211705.447,628.58,30.94,3.4042,1.32,0.463,248.3,222.0
2026-08-08T17:55:05.649058+00:00,1786211705.649,628.79,25.98,3.4042,1.39,0.000,251.9,222.0
2026-08-08T17:55:05.846123+00:00,1786211705.846,628.98,25.98,3.4086,1.43,0.000,243.7,222.0
2026-08-08T17:55:06.834594+00:00,1786211706.835,629.97,26.56,3.4130,1.56,0.054,248.3,222.0
2026-08-08T17:55:07.044366+00:00,1786211707.044,630.18,26.56,3.4174,1.60,0.149,262.3,222.0
2026-08-08T17:55:07.249572+00:00,1786211707.250,630.39,26.42,3.4174,1.64,0.139,280.0,222.0
2026-08-08T17:55:07.465743+00:00,1786211707.466,630.60,26.13,3.4174,1.69,-0.076,296.2,222.0
2026-08-08T17:55:07.666668+00:00,1786211707.667,630.80,26.18,3.4240,1.73,0.000,316.4,222.0
2026-08-08T17:55:08.816597+00:00,1786211708.817,631.95,27.32,3.4306,1.89,0.000,307.9,222.0
2026-08-08T17:55:09.026824+00:00,1786211709.027,632.16,23.48,3.4306,1.95,-0.239,299.8,222.0
2026-08-08T17:55:09.232645+00:00,1786211709.233,632.37,26.64,3.4306,2.00,-0.316,299.1,222.0
2026-08-08T17:55:09.431732+00:00,1786211709.432,632.57,26.64,3.4350,2.06,0.000,302.4,222.0
2026-08-08T17:55:09.635848+00:00,1786211709.636,632.77,30.77,3.4350,2.11,0.352,303.3,233.1
2026-08-08T17:55:09.833903+00:00,1786211709.834,632.97,25.75,3.4350,2.17,-0.075,305.9,233.1
2026-08-08T17:55:10.034180+00:00,1786211710.034,633.17,25.75,3.4394,2.23,-0.075,308.5,233.1
2026-08-08T17:55:10.815582+00:00,1786211710.816,633.95,26.73,3.4438,2.34,0.000,312.8,233.1
2026-08-08T17:55:11.031149+00:00,1786211711.031,634.17,26.73,3.4438,2.37,0.000,312.2,233.1
2026-08-08T17:55:11.227212+00:00,1786211711.227,634.36,22.84,3.4482,2.40,-0.260,294.5,233.1
2026-08-08T17:55:11.439873+00:00,1786211711.440,634.58,26.44,3.4482,2.43,-0.094,300.4,233.1
2026-08-08T17:55:11.636391+00:00,1786211711.636,634.77,26.44,3.4482,2.46,0.314,323.1,233.1
2026-08-08T17:55:11.836233+00:00,1786211711.836,634.97,23.27,3.4526,2.49,-0.359,305.8,233.1
2026-08-08T17:55:12.038742+00:00,1786211712.039,635.18,23.27,3.4526,2.52,-0.358,304.6,233.1
2026-08-08T17:55:13.417975+00:00,1786211713.418,636.55,28.52,3.4614,2.54,-0.165,319.7,233.1
2026-08-08T17:55:13.617481+00:00,1786211713.617,636.75,28.52,3.4636,2.55,0.203,338.6,233.1
2026-08-08T17:55:13.818935+00:00,1786211713.819,636.96,22.87,3.4636,2.57,-0.212,299.0,233.1
2026-08-08T17:55:14.021403+00:00,1786211714.021,637.16,26.64,3.4636,2.58,0.000,307.7,233.1
2026-08-08T17:55:14.221594+00:00,1786211714.222,637.36,26.64,3.4680,2.60,0.000,316.1,233.1
2026-08-08T17:55:14.419810+00:00,1786211714.420,637.56,22.77,3.4680,2.61,0.000,311.9,233.1
2026-08-08T17:55:14.618857+00:00,1786211714.619,637.76,24.82,3.4680,2.63,-0.141,304.1,233.1
2026-08-08T17:55:14.821878+00:00,1786211714.822,637.96,24.82,3.4724,2.64,-0.141,313.8,233.1
2026-08-08T17:55:15.603984+00:00,1786211715.604,638.74,26.47,3.4768,2.75,0.236,333.4,233.1
2026-08-08T17:55:15.816734+00:00,1786211715.817,638.95,26.47,3.4768,2.79,0.235,332.3,233.1
2026-08-08T17:55:16.018416+00:00,1786211716.018,639.16,22.60,3.4812,2.83,-0.633,322.3,233.1
2026-08-08T17:55:16.224415+00:00,1786211716.224,639.36,26.39,3.4812,2.87,-0.227,334.8,233.1
2026-08-08T17:55:16.422752+00:00,1786211716.423,639.56,26.39,3.4812,2.90,0.376,362.2,233.1
2026-08-08T17:55:16.623077+00:00,1786211716.623,639.76,22.88,3.4856,2.94,-0.401,326.8,233.1
2026-08-08T17:55:17.805406+00:00,1786211717.805,640.94,26.72,3.4944,2.94,0.000,345.6,233.1
2026-08-08T17:55:18.021386+00:00,1786211718.021,641.16,26.72,3.4944,2.93,0.305,364.4,233.1
2026-08-08T17:55:18.220799+00:00,1786211718.221,641.36,23.04,3.4944,2.93,-0.138,354.8,233.1
2026-08-08T17:55:18.596710+00:00,1786211718.597,641.73,26.44,3.4988,2.92,0.119,369.4,233.1
2026-08-08T17:55:18.804127+00:00,1786211718.804,641.94,23.59,3.4988,2.91,-0.250,365.0,233.1
2026-08-08T17:55:20.375788+00:00,1786211720.376,643.51,26.88,3.5098,2.96,0.000,378.0,233.1
2026-08-08T17:55:20.604835+00:00,1786211720.605,643.74,26.88,3.5098,2.99,0.260,382.2,233.1
2026-08-08T17:55:20.793171+00:00,1786211720.793,643.93,22.80,3.5142,3.01,-0.218,356.0,233.1
2026-08-08T17:55:20.998926+00:00,1786211720.999,644.14,26.36,3.5142,3.03,0.000,391.7,233.1
2026-08-08T17:55:21.195690+00:00,1786211721.196,644.33,26.36,3.5142,3.06,0.211,415.5,233.1
2026-08-08T17:55:21.394145+00:00,1786211721.394,644.53,26.04,3.5186,3.08,-0.052,394.6,233.1
2026-08-08T17:55:21.598653+00:00,1786211721.599,644.74,26.04,3.5186,3.10,-0.053,416.5,233.1
2026-08-08T17:55:22.759790+00:00,1786211722.760,645.90,24.97,3.5252,3.01,0.118,419.6,233.1
2026-08-08T17:55:22.974880+00:00,1786211722.975,646.11,24.97,3.5252,2.95,-0.093,396.5,233.1
2026-08-08T17:55:23.176782+00:00,1786211723.177,646.31,26.49,3.5296,2.90,0.184,417.8,233.1
2026-08-08T17:55:23.382231+00:00,1786211723.382,646.52,22.76,3.5296,2.84,-0.381,388.1,233.1
2026-08-08T17:55:23.580360+00:00,1786211723.580,646.72,22.76,3.5296,2.78,-0.384,380.3,233.1
2026-08-08T17:55:23.964040+00:00,1786211723.964,647.10,26.03,3.5340,2.66,0.283,390.4,233.1
2026-08-08T17:55:25.336190+00:00,1786211725.336,648.47,23.06,3.5428,2.64,-0.211,358.2,233.1
2026-08-08T17:55:25.550117+00:00,1786211725.550,648.69,25.69,3.5428,2.65,0.000,369.8,233.1
2026-08-08T17:55:25.760695+00:00,1786211725.761,648.90,22.71,3.5472,2.66,-0.212,351.4,233.1
2026-08-08T17:55:25.965396+00:00,1786211725.965,649.10,22.71,3.5472,2.67,-0.212,322.1,233.1
2026-08-08T17:55:26.349869+00:00,1786211726.350,649.49,22.57,3.5494,2.69,-0.185,307.6,233.1
2026-08-08T17:55:26.565670+00:00,1786211726.566,649.70,22.46,3.5494,2.70,-0.194,292.5,233.1
2026-08-08T17:55:26.762438+00:00,1786211726.762,649.90,22.46,3.5494,2.70,-0.312,266.8,233.1
2026-08-08T17:55:27.547156+00:00,1786211727.547,650.68,22.89,3.5582,2.64,0.000,265.4,233.1
2026-08-08T17:55:27.762832+00:00,1786211727.763,650.90,22.89,3.5582,2.61,0.000,247.6,233.1
2026-08-08T17:55:27.960838+00:00,1786211727.961,651.10,22.55,3.5582,2.59,-0.242,251.7,233.1
2026-08-08T17:55:28.165056+00:00,1786211728.165,651.30,22.55,3.5604,2.57,0.000,266.6,233.1
2026-08-08T17:55:28.366229+00:00,1786211728.366,651.50,22.78,3.5604,2.55,-0.287,233.7,233.1
2026-08-08T17:55:28.573051+00:00,1786211728.573,651.71,22.78,3.5604,2.53,0.000,241.8,233.1
2026-08-08T17:55:29.569723+00:00,1786211729.570,652.71,22.68,3.5670,2.53,0.000,236.0,233.1
2026-08-08T17:55:29.950226+00:00,1786211729.950,653.09,22.51,3.5714,2.56,0.000,244.2,233.1
2026-08-08T17:55:30.162498+00:00,1786211730.162,653.30,22.56,3.5714,2.57,0.000,252.5,233.1
2026-08-08T17:55:30.372798+00:00,1786211730.373,653.51,22.56,3.5714,2.59,0.000,259.8,233.1
2026-08-08T17:55:30.754497+00:00,1786211730.754,653.89,22.54,3.5758,2.62,0.000,267.8,233.1
2026-08-08T17:55:30.961071+00:00,1786211730.961,654.10,22.54,3.5758,2.64,0.000,280.9,233.1
2026-08-08T17:55:31.748564+00:00,1786211731.749,654.89,22.69,3.5824,2.56,0.000,280.0,233.1
2026-08-08T17:55:31.959992+00:00,1786211731.960,655.10,22.54,3.5824,2.52,0.000,278.9,233.1
2026-08-08T17:55:32.164373+00:00,1786211732.164,655.30,22.54,3.5824,2.49,0.000,288.6,233.1
2026-08-08T17:55:32.364168+00:00,1786211732.364,655.50,19.77,3.5868,2.45,-0.221,275.4,233.1
2026-08-08T17:55:32.573163+00:00,1786211732.573,655.71,22.46,3.5868,2.42,0.000,286.5,233.1
2026-08-08T17:55:32.770346+00:00,1786211732.770,655.91,22.46,3.5868,2.38,0.000,284.9,233.1
2026-08-08T17:55:33.551616+00:00,1786211733.552,656.69,24.57,3.5934,2.31,0.165,293.9,233.1
2026-08-08T17:55:33.766929+00:00,1786211733.767,656.90,22.66,3.5934,2.28,0.000,292.1,233.1
2026-08-08T17:55:33.971026+00:00,1786211733.971,657.11,22.58,3.5934,2.26,0.000,289.8,233.1
2026-08-08T17:55:34.168867+00:00,1786211734.169,657.31,22.58,3.5978,2.23,0.000,287.2,233.1
2026-08-08T17:55:34.369480+00:00,1786211734.369,657.51,22.65,3.5978,2.20,0.000,284.3,233.1
2026-08-08T17:55:34.568233+00:00,1786211734.568,657.70,22.65,3.5978,2.18,0.000,281.1,233.1
2026-08-08T17:55:35.351008+00:00,1786211735.351,658.49,25.02,3.6043,2.06,0.215,291.1,233.1
2026-08-08T17:55:35.556252+00:00,1786211735.556,658.69,20.01,3.6043,2.03,0.000,284.2,233.1
2026-08-08T17:55:35.757348+00:00,1786211735.757,658.89,22.84,3.6043,2.01,0.000,281.1,233.1
2026-08-08T17:55:35.952602+00:00,1786211735.953,659.09,22.84,3.6087,1.98,0.000,290.3,233.1
2026-08-08T17:55:36.156764+00:00,1786211736.157,659.29,23.02,3.6087,1.95,-0.166,280.3,222.0
2026-08-08T17:55:36.355816+00:00,1786211736.356,659.49,23.02,3.6087,1.93,0.000,277.8,222.0
2026-08-08T17:55:37.513567+00:00,1786211737.514,660.65,23.15,3.6175,1.86,0.000,264.5,222.0
2026-08-08T17:55:37.727703+00:00,1786211737.728,660.86,23.15,3.6197,1.89,0.000,262.2,222.0
2026-08-08T17:55:37.933202+00:00,1786211737.933,661.07,22.79,3.6197,1.90,0.000,259.9,222.0
2026-08-08T17:55:38.143454+00:00,1786211738.143,661.28,23.06,3.6197,1.92,0.000,258.3,222.0
2026-08-08T17:55:38.340606+00:00,1786211738.340,661.48,23.06,3.6241,1.93,-0.182,248.8,222.0
2026-08-08T17:55:38.540529+00:00,1786211738.541,661.68,22.90,3.6241,1.95,0.270,259.3,222.0
2026-08-08T17:55:38.744085+00:00,1786211738.744,661.88,22.90,3.6241,1.95,0.000,245.1,222.0
2026-08-08T17:55:38.940099+00:00,1786211738.940,662.08,22.32,3.6285,1.95,0.000,247.4,222.0
2026-08-08T17:55:39.536255+00:00,1786211739.536,662.67,23.42,3.6307,1.92,0.000,247.5,222.0
2026-08-08T17:55:39.734314+00:00,1786211739.734,662.87,23.42,3.6307,1.89,0.000,247.6,222.0
2026-08-08T17:55:39.936026+00:00,1786211739.936,663.07,22.60,3.6351,1.86,-0.063,251.0,222.0
2026-08-08T17:55:40.145401+00:00,1786211740.145,663.28,22.60,3.6351,1.84,-0.063,247.1,222.0
2026-08-08T17:55:40.528546+00:00,1786211740.529,663.67,22.90,3.6395,1.78,0.000,246.2,222.0
2026-08-08T17:55:40.738680+00:00,1786211740.739,663.88,22.90,3.6395,1.77,0.000,245.0,222.0
2026-08-08T17:55:40.938206+00:00,1786211740.938,664.07,21.89,3.6395,1.77,-0.125,237.6,222.0
2026-08-08T17:55:43.283517+00:00,1786211743.283,666.42,23.29,3.6571,1.67,0.000,236.0,222.0
2026-08-08T17:55:43.496805+00:00,1786211743.497,666.63,23.93,3.6571,1.63,0.060,245.6,222.0
2026-08-08T17:55:43.708900+00:00,1786211743.709,666.85,23.93,3.6571,1.60,0.093,236.8,222.0
2026-08-08T17:55:43.910842+00:00,1786211743.911,667.05,22.86,3.6615,1.59,0.000,234.1,222.0
2026-08-08T17:55:44.113598+00:00,1786211744.114,667.25,22.86,3.6615,1.58,0.000,232.0,222.0
2026-08-08T17:55:44.498541+00:00,1786211744.499,667.64,26.13,3.6659,1.52,0.215,243.3,222.0
2026-08-08T17:55:44.711750+00:00,1786211744.712,667.85,26.13,3.6659,1.48,0.215,254.5,222.0
2026-08-08T17:55:46.079240+00:00,1786211746.079,669.22,26.75,3.6725,1.34,0.193,268.4,222.0
2026-08-08T17:55:46.293516+00:00,1786211746.293,669.43,26.75,3.6769,1.30,0.193,282.2,222.0
2026-08-08T17:55:46.498652+00:00,1786211746.499,669.64,26.65,3.6769,1.26,0.238,295.1,222.0
2026-08-08T17:55:46.699746+00:00,1786211746.700,669.84,26.38,3.6769,1.21,0.251,307.7,222.0
2026-08-08T17:55:46.899624+00:00,1786211746.900,670.04,26.38,3.6813,1.19,0.200,324.3,222.0
2026-08-08T17:55:47.100719+00:00,1786211747.101,670.24,23.69,3.6813,1.18,0.000,321.0,222.0
2026-08-08T17:55:47.500215+00:00,1786211747.500,670.64,25.58,3.6857,1.19,0.210,327.2,222.0
2026-08-08T17:55:47.698154+00:00,1786211747.698,670.83,26.41,3.6857,1.20,0.275,336.7,222.0
2026-08-08T17:55:47.900228+00:00,1786211747.900,671.04,26.41,3.6879,1.20,0.000,338.0,222.0
2026-08-08T17:55:48.097418+00:00,1786211748.097,671.23,22.76,3.6879,1.21,-0.276,323.1,222.0
2026-08-08T17:55:48.300429+00:00,1786211748.300,671.44,26.36,3.6879,1.22,0.000,310.0,222.0
2026-08-08T17:55:48.500574+00:00,1786211748.501,671.64,26.36,3.6923,1.25,-0.050,295.0,222.0
2026-08-08T17:55:48.704781+00:00,1786211748.705,671.84,22.93,3.6923,1.28,-0.468,259.2,222.0
2026-08-08T17:55:48.901286+00:00,1786211748.901,672.04,26.12,3.6923,1.32,0.000,248.5,222.0
2026-08-08T17:55:49.697532+00:00,1786211749.697,672.83,25.67,3.7011,1.33,-0.070,232.3,222.0
2026-08-08T17:55:49.899542+00:00,1786211749.900,673.04,26.78,3.7011,1.33,0.306,236.9,222.0
2026-08-08T17:55:50.098530+00:00,1786211750.098,673.24,26.78,3.7011,1.33,0.128,235.1,222.0
2026-08-08T17:55:50.295853+00:00,1786211750.296,673.43,22.75,3.7055,1.33,-0.390,218.1,222.0
2026-08-08T17:55:50.503422+00:00,1786211750.503,673.64,26.39,3.7055,1.33,0.000,209.9,222.0
2026-08-08T17:55:50.699344+00:00,1786211750.699,673.84,26.39,3.7055,1.33,0.387,216.7,222.0
2026-08-08T17:55:50.897265+00:00,1786211750.897,674.03,23.13,3.7099,1.32,-0.345,198.4,222.0
2026-08-08T17:55:51.103779+00:00,1786211751.104,674.24,26.33,3.7099,1.32,0.000,215.7,222.0
2026-08-08T17:55:51.500234+00:00,1786211751.500,674.64,28.73,3.7143,1.33,0.576,251.8,222.0
2026-08-08T17:55:51.703502+00:00,1786211751.703,674.84,26.13,3.7143,1.33,0.000,254.8,222.0
2026-08-08T17:55:51.904562+00:00,1786211751.905,675.04,26.13,3.7165,1.33,0.058,282.6,222.0
2026-08-08T17:55:52.113219+00:00,1786211752.113,675.25,26.28,3.7165,1.32,-0.062,279.7,222.0
2026-08-08T17:55:52.308977+00:00,1786211752.309,675.45,26.28,3.7165,1.29,-0.063,280.5,222.0
2026-08-08T17:55:52.690430+00:00,1786211752.690,675.83,24.35,3.7209,1.23,0.185,269.4,222.0
2026-08-08T17:55:52.900429+00:00,1786211752.900,676.04,24.35,3.7209,1.19,-0.236,247.6,222.0
2026-08-08T17:55:53.101576+00:00,1786211753.102,676.24,22.77,3.7253,1.16,-0.418,245.1,222.0
2026-08-08T17:55:53.308724+00:00,1786211753.309,676.45,26.46,3.7253,1.13,0.383,263.0,222.0
2026-08-08T17:55:53.708448+00:00,1786211753.708,676.85,25.65,3.7297,1.11,-0.072,237.0,222.0
2026-08-08T17:55:53.911155+00:00,1786211753.911,677.05,26.37,3.7297,1.10,-0.272,240.6,222.0
2026-08-08T17:55:54.113073+00:00,1786211754.113,677.25,26.37,3.7319,1.11,0.000,238.8,222.0
2026-08-08T17:55:54.320361+00:00,1786211754.320,677.46,26.32,3.7319,1.11,0.000,201.7,222.0
2026-08-08T17:55:54.691356+00:00,1786211754.691,677.83,26.17,3.7363,1.07,0.000,199.6,222.0
2026-08-08T17:55:54.901942+00:00,1786211754.902,678.04,23.63,3.7363,1.05,-0.284,178.5,222.0
2026-08-08T17:55:55.116257+00:00,1786211755.116,678.25,25.96,3.7363,1.03,0.184,188.0,222.0
2026-08-08T17:55:55.495371+00:00,1786211755.495,678.63,26.37,3.7407,0.99,0.216,199.7,222.0
2026-08-08T17:55:55.704804+00:00,1786211755.705,678.84,26.37,3.7407,0.97,0.384,210.9,222.0
2026-08-08T17:55:56.688873+00:00,1786211756.689,679.83,26.40,3.7495,1.01,0.000,222.9,222.0
2026-08-08T17:55:56.901629+00:00,1786211756.902,680.04,26.40,3.7495,1.03,0.065,247.6,222.0
2026-08-08T17:55:57.107113+00:00,1786211757.107,680.24,26.13,3.7539,1.05,0.000,227.0,222.0
2026-08-08T17:55:57.309447+00:00,1786211757.309,680.45,26.36,3.7539,1.07,0.000,231.1,222.0
2026-08-08T17:55:57.504941+00:00,1786211757.505,680.64,26.36,3.7539,1.10,0.000,244.9,222.0
2026-08-08T17:55:57.704895+00:00,1786211757.705,680.84,23.48,3.7583,1.12,-0.248,230.4,222.0
2026-08-08T17:55:58.303942+00:00,1786211758.304,681.44,26.48,3.7627,1.19,0.233,243.1,222.0
2026-08-08T17:55:58.512907+00:00,1786211758.513,681.65,26.48,3.7627,1.23,0.000,244.8,222.0
2026-08-08T17:55:58.710864+00:00,1786211758.711,681.85,22.54,3.7627,1.26,-0.331,243.7,222.0
2026-08-08T17:55:58.909816+00:00,1786211758.910,682.05,26.39,3.7671,1.30,0.000,237.3,222.0
2026-08-08T17:55:59.113494+00:00,1786211759.113,682.25,26.39,3.7671,1.31,0.000,229.1,222.0
2026-08-08T17:55:59.496818+00:00,1786211759.497,682.63,26.40,3.7715,1.34,0.000,212.7,222.0
2026-08-08T17:55:59.911328+00:00,1786211759.911,683.05,28.54,3.7715,1.32,0.239,231.4,222.0
2026-08-08T17:56:00.107146+00:00,1786211760.107,683.24,28.54,3.7737,1.34,0.216,245.7,222.0
2026-08-08T17:56:00.309841+00:00,1786211760.310,683.45,22.60,3.7737,1.36,-0.373,227.8,222.0
2026-08-08T17:56:00.510639+00:00,1786211760.511,683.65,26.39,3.7737,1.39,0.288,245.2,222.0
2026-08-08T17:56:00.712937+00:00,1786211760.713,683.85,26.39,3.7781,1.41,0.000,247.9,222.0
2026-08-08T17:56:00.913114+00:00,1786211760.913,684.05,22.47,3.7781,1.44,-0.464,240.3,222.0
2026-08-08T17:56:01.110559+00:00,1786211761.111,684.25,24.57,3.7781,1.46,0.235,239.3,222.0
2026-08-08T17:56:01.312430+00:00,1786211761.312,684.45,24.57,3.7825,1.48,-0.211,229.0,222.0
2026-08-08T17:56:01.912491+00:00,1786211761.912,685.05,25.49,3.7869,1.48,-0.089,244.2,222.0
2026-08-08T17:56:02.106407+00:00,1786211762.106,685.24,26.71,3.7869,1.48,0.000,246.2,222.0
2026-08-08T17:56:02.307783+00:00,1786211762.308,685.44,26.71,3.7891,1.48,-0.212,237.2,222.0
2026-08-08T17:56:02.506932+00:00,1786211762.507,685.64,22.60,3.7891,1.48,-0.688,203.7,222.0
2026-08-08T17:56:02.709592+00:00,1786211762.710,685.85,26.10,3.7891,1.48,0.405,208.9,222.0
2026-08-08T17:56:02.910228+00:00,1786211762.910,686.05,26.10,3.7935,1.48,0.000,194.8,222.0
2026-08-08T17:56:03.115052+00:00,1786211763.115,686.25,23.05,3.7935,1.48,-0.386,195.2,222.0
2026-08-08T17:56:03.309840+00:00,1786211763.310,686.45,23.05,3.7935,1.47,0.068,180.0,222.0
2026-08-08T17:56:04.468461+00:00,1786211764.468,687.61,23.36,3.8023,1.45,-0.100,172.0,222.0
2026-08-08T17:56:04.667614+00:00,1786211764.668,687.80,27.88,3.8045,1.44,0.274,213.8,222.0
2026-08-08T17:56:04.883739+00:00,1786211764.884,688.02,27.88,3.8045,1.42,0.223,218.8,222.0
2026-08-08T17:56:05.092751+00:00,1786211765.093,688.23,22.92,3.8089,1.42,-0.353,210.8,222.0
2026-08-08T17:56:05.299023+00:00,1786211765.299,688.44,24.64,3.8089,1.44,-0.192,204.6,222.0
2026-08-08T17:56:05.497798+00:00,1786211765.498,688.63,24.64,3.8089,1.45,0.190,210.7,222.0
2026-08-08T17:56:05.714350+00:00,1786211765.714,688.85,25.90,3.8133,1.46,0.000,220.3,222.0
2026-08-08T17:56:06.087193+00:00,1786211766.087,689.22,25.02,3.8133,1.49,-0.095,248.8,222.0
2026-08-08T17:56:06.896786+00:00,1786211766.897,690.03,26.29,3.8221,1.57,0.238,241.5,222.0
2026-08-08T17:56:07.100241+00:00,1786211767.100,690.24,26.29,3.8221,1.58,0.237,254.7,222.0
2026-08-08T17:56:07.307743+00:00,1786211767.308,690.44,22.65,3.8221,1.59,-0.070,269.1,222.0
2026-08-08T17:56:07.503849+00:00,1786211767.504,690.64,26.10,3.8265,1.61,-0.174,262.4,222.0
2026-08-08T17:56:07.702704+00:00,1786211767.703,690.84,26.10,3.8265,1.62,-0.175,262.9,222.0
2026-08-08T17:56:07.907417+00:00,1786211767.907,691.04,22.90,3.8265,1.63,0.000,243.1,222.0
2026-08-08T17:56:08.502904+00:00,1786211768.503,691.64,28.87,3.8309,1.67,0.367,255.3,222.0
2026-08-08T17:56:08.714721+00:00,1786211768.715,691.85,26.14,3.8353,1.69,0.130,283.7,222.0
2026-08-08T17:56:08.921707+00:00,1786211768.922,692.06,26.14,3.8353,1.71,0.000,297.1,222.0
2026-08-08T17:56:09.116975+00:00,1786211769.117,692.25,26.40,3.8353,1.72,0.127,299.1,222.0
2026-08-08T17:56:09.319747+00:00,1786211769.320,692.46,26.40,3.8375,1.73,0.000,302.1,222.0
2026-08-08T17:56:09.522140+00:00,1786211769.522,692.66,22.34,3.8375,1.75,-0.453,285.8,222.0
2026-08-08T17:56:09.721828+00:00,1786211769.722,692.86,24.17,3.8375,1.76,0.175,280.5,222.0
2026-08-08T17:56:11.084263+00:00,1786211771.084,694.22,26.21,3.8507,1.77,0.000,270.0,222.0
2026-08-08T17:56:11.471644+00:00,1786211771.472,694.61,23.41,3.8507,1.78,-0.198,266.4,222.0
2026-08-08T17:56:11.674425+00:00,1786211771.674,694.81,25.52,3.8528,1.76,0.194,285.2,222.0
2026-08-08T17:56:11.887078+00:00,1786211771.887,695.02,26.56,3.8528,1.76,-0.190,286.2,222.0
2026-08-08T17:56:12.086754+00:00,1786211772.087,695.22,26.56,3.8572,1.75,0.000,292.1,222.0
2026-08-08T17:56:12.291293+00:00,1786211772.291,695.43,23.30,3.8572,1.74,-0.235,253.9,222.0
2026-08-08T17:56:12.491008+00:00,1786211772.491,695.63,30.41,3.8572,1.74,0.330,273.9,222.0
2026-08-08T17:56:12.697663+00:00,1786211772.698,695.83,30.41,3.8616,1.72,0.329,300.0,222.0
2026-08-08T17:56:12.900626+00:00,1786211772.901,696.04,23.57,3.8616,1.70,0.101,294.1,222.0
2026-08-08T17:56:13.308675+00:00,1786211773.309,696.45,25.39,3.8660,1.67,0.095,296.8,222.0
2026-08-08T17:56:13.505237+00:00,1786211773.505,696.64,26.01,3.8660,1.65,0.000,320.3,222.0
2026-08-08T17:56:13.713667+00:00,1786211773.714,696.85,26.01,3.8682,1.62,0.322,329.8,222.0
2026-08-08T17:56:14.092066+00:00,1786211774.092,697.23,26.34,3.8682,1.56,0.094,332.9,222.0
2026-08-08T17:56:14.303308+00:00,1786211774.303,697.44,26.34,3.8726,1.54,0.000,343.8,222.0
2026-08-08T17:56:14.507871+00:00,1786211774.508,697.64,23.21,3.8726,1.50,-0.385,312.0,222.0
2026-08-08T17:56:15.487763+00:00,1786211775.488,698.62,25.78,3.8814,1.51,0.216,329.2,222.0
2026-08-08T17:56:15.693629+00:00,1786211775.694,698.83,27.71,3.8814,1.51,-0.234,316.2,222.0
2026-08-08T17:56:15.893815+00:00,1786211775.894,699.03,27.71,3.8836,1.50,-0.235,318.3,222.0
2026-08-08T17:56:16.100699+00:00,1786211776.101,699.24,22.80,3.8836,1.50,-0.067,283.0,222.0
2026-08-08T17:56:16.305030+00:00,1786211776.305,699.44,26.18,3.8836,1.50,0.073,258.9,222.0
2026-08-08T17:56:16.506376+00:00,1786211776.506,699.64,26.18,3.8880,1.51,0.000,256.2,222.0
2026-08-08T17:56:16.708892+00:00,1786211776.709,699.85,23.05,3.8880,1.52,-0.274,235.2,222.0
2026-08-08T17:56:16.917696+00:00,1786211776.918,700.05,24.81,3.8880,1.54,-0.151,225.5,222.0
2026-08-08T17:56:17.691452+00:00,1786211777.691,700.83,26.04,3.8968,1.60,0.000,209.3,222.0
2026-08-08T17:56:17.906572+00:00,1786211777.907,701.04,26.49,3.8968,1.62,0.268,218.9,222.0
2026-08-08T17:56:18.108317+00:00,1786211778.108,701.25,26.49,3.8968,1.64,0.075,223.8,222.0
2026-08-08T17:56:18.307153+00:00,1786211778.307,701.44,22.76,3.9012,1.66,-0.526,218.6,222.0
2026-08-08T17:56:18.511205+00:00,1786211778.511,701.65,26.47,3.9012,1.68,-0.132,203.6,222.0
2026-08-08T17:56:18.711639+00:00,1786211778.712,701.85,26.47,3.9012,1.71,0.390,236.0,222.0
2026-08-08T17:56:18.908789+00:00,1786211778.909,702.05,22.97,3.9056,1.74,-0.343,228.8,222.0
2026-08-08T17:56:19.518250+00:00,1786211779.518,702.65,26.48,3.9100,1.75,0.000,238.7,222.0
2026-08-08T17:56:19.896085+00:00,1786211779.896,703.03,22.59,3.9100,1.79,0.000,232.6,222.0
2026-08-08T17:56:20.105843+00:00,1786211780.106,703.24,26.45,3.9144,1.81,0.143,242.8,222.0
2026-08-08T17:56:20.312052+00:00,1786211780.312,703.45,26.45,3.9144,1.79,0.000,261.7,222.0
2026-08-08T17:56:20.509582+00:00,1786211780.510,703.65,22.79,3.9144,1.78,-0.395,250.8,222.0
2026-08-08T17:56:20.713391+00:00,1786211780.713,703.85,26.37,3.9188,1.76,0.000,252.7,222.0
2026-08-08T17:56:20.914645+00:00,1786211780.915,704.05,26.37,3.9188,1.74,0.384,259.4,222.0
2026-08-08T17:56:22.878334+00:00,1786211782.878,706.02,26.71,3.9298,1.62,0.000,255.7,222.0
2026-08-08T17:56:23.090789+00:00,1786211783.091,706.23,22.94,3.9342,1.58,-0.224,268.4,222.0
2026-08-08T17:56:23.468719+00:00,1786211783.469,706.61,26.72,3.9342,1.49,0.229,285.6,222.0
2026-08-08T17:56:23.683780+00:00,1786211783.684,706.82,23.11,3.9386,1.45,-0.225,249.2,222.0
2026-08-08T17:56:23.884187+00:00,1786211783.884,707.02,23.11,3.9386,1.41,0.000,262.0,222.0
2026-08-08T17:56:25.265935+00:00,1786211785.266,708.40,23.46,3.9474,1.40,-0.161,247.9,222.0
2026-08-08T17:56:25.460704+00:00,1786211785.461,708.60,23.46,3.9496,1.39,-0.161,238.6,222.0
2026-08-08T17:56:25.664233+00:00,1786211785.664,708.80,22.90,3.9496,1.38,0.000,223.2,222.0
2026-08-08T17:56:25.865793+00:00,1786211785.866,709.00,26.66,3.9496,1.38,0.000,219.9,222.0
2026-08-08T17:56:26.253547+00:00,1786211786.254,709.39,22.73,3.9540,1.37,-0.189,225.9,222.0
2026-08-08T17:56:26.461627+00:00,1786211786.462,709.60,22.73,3.9540,1.36,-0.309,204.5,222.0
2026-08-08T17:56:26.665722+00:00,1786211786.666,709.80,25.93,3.9584,1.38,0.232,192.8,222.0
2026-08-08T17:56:27.451207+00:00,1786211787.451,710.59,26.53,3.9628,1.41,0.000,190.8,222.0
2026-08-08T17:56:27.660577+00:00,1786211787.661,710.80,26.53,3.9628,1.42,0.239,216.3,222.0
2026-08-08T17:56:27.865042+00:00,1786211787.865,711.00,22.97,3.9672,1.43,0.000,199.2,222.0
2026-08-08T17:56:28.070958+00:00,1786211788.071,711.21,22.97,3.9672,1.43,0.000,208.9,222.0
2026-08-08T17:56:28.451500+00:00,1786211788.451,711.59,23.76,3.9716,1.45,0.000,210.0,222.0
2026-08-08T17:56:28.869817+00:00,1786211788.870,712.01,24.40,3.9716,1.51,0.131,225.4,222.0
2026-08-08T17:56:29.066383+00:00,1786211789.066,712.20,24.40,3.9738,1.55,-0.195,225.9,222.0
2026-08-08T17:56:29.266479+00:00,1786211789.266,712.40,25.82,3.9738,1.58,0.285,245.3,222.0
2026-08-08T17:56:29.481958+00:00,1786211789.482,712.62,26.38,3.9738,1.61,0.335,263.9,222.0
2026-08-08T17:56:29.681562+00:00,1786211789.682,712.82,26.38,3.9782,1.64,0.000,279.1,222.0
2026-08-08T17:56:30.057260+00:00,1786211790.057,713.19,24.05,3.9782,1.71,-0.264,284.6,222.0
2026-08-08T17:56:30.270681+00:00,1786211790.271,713.41,24.05,3.9826,1.71,-0.264,261.1,222.0
2026-08-08T17:56:31.223762+00:00,1786211791.224,714.36,23.17,3.9870,1.70,0.000,259.0,222.0
2026-08-08T17:56:31.434676+00:00,1786211791.435,714.57,22.99,3.9892,1.70,0.000,244.4,222.0
2026-08-08T17:56:31.643258+00:00,1786211791.643,714.78,22.99,3.9892,1.70,-0.067,243.5,222.0
2026-08-08T17:56:32.026399+00:00,1786211792.026,715.16,24.08,3.9936,1.69,0.000,246.8,222.0
2026-08-08T17:56:32.440201+00:00,1786211792.440,715.58,28.41,3.9980,1.71,0.330,273.6,222.0
2026-08-08T17:56:32.636857+00:00,1786211792.637,715.77,28.41,3.9980,1.72,0.213,286.6,222.0
2026-08-08T17:56:32.838425+00:00,1786211792.838,715.98,22.88,4.0002,1.72,-0.290,282.4,222.0
2026-08-08T17:56:33.040777+00:00,1786211793.041,716.18,26.40,4.0002,1.73,0.000,270.4,222.0
2026-08-08T17:56:33.240433+00:00,1786211793.240,716.38,26.40,4.0002,1.74,0.205,264.9,222.0
2026-08-08T17:56:33.438265+00:00,1786211793.438,716.57,22.58,4.0046,1.75,-0.129,255.2,222.0
2026-08-08T17:56:33.641185+00:00,1786211793.641,716.78,22.58,4.0046,1.76,-0.067,263.0,222.0
2026-08-08T17:56:33.853839+00:00,1786211793.854,716.99,20.94,4.0046,1.77,-0.236,262.3,222.0
2026-08-08T17:56:34.822118+00:00,1786211794.822,717.96,25.84,4.0112,1.79,0.249,279.0,222.0
2026-08-08T17:56:35.035871+00:00,1786211795.036,718.17,26.84,4.0112,1.80,0.255,298.3,222.0
2026-08-08T17:56:35.241666+00:00,1786211795.242,718.38,26.84,4.0156,1.81,-0.156,299.4,222.0
2026-08-08T17:56:35.444994+00:00,1786211795.445,718.58,22.66,4.0156,1.82,-0.569,273.8,222.0
2026-08-08T17:56:35.643272+00:00,1786211795.643,718.78,22.66,4.0156,1.83,0.000,248.5,222.0
2026-08-08T17:56:35.839523+00:00,1786211795.839,718.98,25.68,4.0200,1.83,-0.071,230.2,222.0
2026-08-08T17:56:36.045501+00:00,1786211796.045,719.18,22.82,4.0200,1.84,-0.354,228.2,222.0
2026-08-08T17:56:36.443673+00:00,1786211796.444,719.58,24.35,4.0244,1.88,0.163,234.1,222.0
2026-08-08T17:56:36.640241+00:00,1786211796.640,719.78,24.35,4.0244,1.89,0.164,229.6,222.0
2026-08-08T17:56:36.837260+00:00,1786211796.837,719.97,22.61,4.0266,1.90,0.156,243.1,222.0
2026-08-08T17:56:37.044732+00:00,1786211797.045,720.18,22.94,4.0266,1.91,-0.362,231.6,222.0
2026-08-08T17:56:37.243459+00:00,1786211797.243,720.38,22.94,4.0266,1.92,-0.490,223.0,222.0
2026-08-08T17:56:37.447615+00:00,1786211797.448,720.58,22.66,4.0310,1.93,-0.526,184.4,222.0
2026-08-08T17:56:37.653318+00:00,1786211797.653,720.79,22.66,4.0310,1.94,0.000,166.5,222.0
2026-08-08T17:56:39.024071+00:00,1786211799.024,722.16,22.81,4.0376,1.96,0.000,170.1,222.0
2026-08-08T17:56:39.229797+00:00,1786211799.230,722.37,25.67,4.0420,1.98,0.000,200.3,222.0
2026-08-08T17:56:39.423282+00:00,1786211799.423,722.56,26.69,4.0420,1.99,0.318,223.6,222.0
2026-08-08T17:56:39.628287+00:00,1786211799.628,722.77,26.69,4.0442,1.99,0.204,240.5,222.0
2026-08-08T17:56:39.824253+00:00,1786211799.824,722.96,22.64,4.0442,2.00,-0.149,250.5,222.0
2026-08-08T17:56:40.029991+00:00,1786211800.030,723.17,22.64,4.0442,2.01,0.000,241.5,222.0
2026-08-08T17:56:40.228545+00:00,1786211800.229,723.37,22.75,4.0486,2.03,0.000,232.7,222.0
2026-08-08T17:56:40.432389+00:00,1786211800.432,723.57,22.75,4.0486,2.04,0.000,227.2,233.1
2026-08-08T17:56:41.211969+00:00,1786211801.212,724.35,22.74,4.0530,2.07,0.000,244.1,233.1
2026-08-08T17:56:41.421537+00:00,1786211801.422,724.56,22.74,4.0552,2.08,0.000,266.6,233.1
2026-08-08T17:56:41.626528+00:00,1786211801.626,724.76,22.63,4.0552,2.09,0.000,290.7,233.1
2026-08-08T17:56:41.828958+00:00,1786211801.829,724.97,22.63,4.0552,2.10,-0.325,277.6,233.1
2026-08-08T17:56:42.028596+00:00,1786211802.029,725.17,22.48,4.0596,2.09,-0.449,258.8,233.1
2026-08-08T17:56:42.233153+00:00,1786211802.233,725.37,22.29,4.0596,2.10,-0.469,234.8,233.1
2026-08-08T17:56:42.432005+00:00,1786211802.432,725.57,22.29,4.0596,2.11,0.000,213.1,233.1
2026-08-08T17:56:43.038955+00:00,1786211803.039,726.18,22.55,4.0640,2.10,0.000,197.4,233.1
2026-08-08T17:56:43.418536+00:00,1786211803.419,726.56,22.77,4.0662,2.10,0.000,204.8,233.1
2026-08-08T17:56:43.623927+00:00,1786211803.624,726.76,22.77,4.0662,2.10,0.000,205.6,233.1
2026-08-08T17:56:43.824015+00:00,1786211803.824,726.96,20.07,4.0706,2.11,-0.283,191.8,233.1
2026-08-08T17:56:44.032700+00:00,1786211804.033,727.17,20.07,4.0706,2.10,-0.283,177.8,233.1
2026-08-08T17:56:44.416318+00:00,1786211804.416,727.55,19.89,4.0728,2.09,-0.273,163.8,233.1
2026-08-08T17:56:45.413684+00:00,1786211805.414,728.55,22.50,4.0772,2.05,0.000,163.2,233.1
2026-08-08T17:56:45.626145+00:00,1786211805.626,728.76,22.55,4.0794,1.95,0.000,162.1,222.0
2026-08-08T17:56:45.832895+00:00,1786211805.833,728.97,22.55,4.0794,1.90,0.000,174.6,222.0
2026-08-08T17:56:46.029030+00:00,1786211806.029,729.17,22.55,4.0816,1.85,0.000,192.3,222.0
2026-08-08T17:56:46.233591+00:00,1786211806.234,729.37,22.14,4.0816,1.80,0.000,210.1,222.0
2026-08-08T17:56:46.433455+00:00,1786211806.433,729.57,22.14,4.0816,1.75,-0.058,204.8,222.0
2026-08-08T17:56:46.636457+00:00,1786211806.636,729.77,17.62,4.0860,1.70,-0.475,180.4,222.0
2026-08-08T17:56:46.839600+00:00,1786211806.840,729.98,17.62,4.0860,1.65,-0.226,163.7,222.0
2026-08-08T17:56:47.418486+00:00,1786211807.418,730.56,17.70,4.0882,1.39,-0.195,146.6,222.0
2026-08-08T17:56:47.630630+00:00,1786211807.631,730.77,17.70,4.0904,1.30,-0.189,143.7,222.0
2026-08-08T17:56:47.829751+00:00,1786211807.830,730.97,17.84,4.0904,1.21,-0.536,128.4,222.0
2026-08-08T17:56:48.035524+00:00,1786211808.035,731.17,17.84,4.0904,1.12,-0.543,112.2,222.0
2026-08-08T17:56:48.231981+00:00,1786211808.232,731.37,17.84,4.0926,1.03,-0.545,81.9,222.0
2026-08-08T17:56:48.435778+00:00,1786211808.436,731.57,17.68,4.0926,0.96,-0.562,51.3,222.0
2026-08-08T17:56:48.636156+00:00,1786211808.636,731.77,17.68,4.0926,0.88,-0.516,22.2,222.0
2026-08-08T17:56:49.419172+00:00,1786211809.419,732.56,15.84,4.0992,0.62,-0.587,0.0,222.0
2026-08-08T17:56:49.628746+00:00,1786211809.629,732.77,15.84,4.0992,0.53,-0.165,0.0,222.0
2026-08-08T17:56:49.823573+00:00,1786211809.824,732.96,15.84,4.0992,0.45,-0.166,0.0,222.0
2026-08-08T17:56:50.019671+00:00,1786211810.020,733.16,14.40,4.1013,0.36,-0.352,0.0,222.0
2026-08-08T17:56:50.223958+00:00,1786211810.224,733.36,14.40,4.1013,0.27,-0.353,0.0,222.0
2026-08-08T17:56:50.419013+00:00,1786211810.419,733.56,14.40,4.1013,0.22,-0.369,0.0,222.0
2026-08-08T17:56:50.821024+00:00,1786211810.821,733.96,14.40,4.1035,0.20,-0.343,0.0,222.0
2026-08-08T17:56:51.025815+00:00,1786211811.026,734.16,14.40,4.1035,0.22,-0.342,0.0,222.0
2026-08-08T17:56:51.228453+00:00,1786211811.228,734.37,13.86,4.1057,0.25,-0.380,0.0,222.0
2026-08-08T17:56:51.426940+00:00,1786211811.427,734.56,13.86,4.1057,0.26,-0.380,0.0,222.0
2026-08-08T17:56:51.621749+00:00,1786211811.622,734.76,13.86,4.1057,0.28,-0.250,0.0,222.0
2026-08-08T17:56:51.822522+00:00,1786211811.822,734.96,13.18,4.1057,0.33,-0.337,0.0,222.0
2026-08-08T17:56:52.027085+00:00,1786211812.027,735.16,13.18,4.1057,0.39,-0.336,0.0,222.0
2026-08-08T17:56:52.218991+00:00,1786211812.219,735.36,14.37,4.1101,0.45,0.000,0.0,222.0
2026-08-08T17:56:52.423358+00:00,1786211812.423,735.56,14.37,4.1101,0.51,0.000,0.0,222.0
2026-08-08T17:56:53.008698+00:00,1786211813.009,736.15,15.18,4.1123,0.78,0.083,0.0,222.0
2026-08-08T17:56:53.209470+00:00,1786211813.209,736.35,15.18,4.1123,0.87,0.090,0.0,222.0
2026-08-08T17:56:53.408635+00:00,1786211813.409,736.55,13.75,4.1145,0.97,-0.076,0.0,222.0
2026-08-08T17:56:53.612577+00:00,1786211813.613,736.75,13.75,4.1145,1.06,0.000,5.3,222.0
2026-08-08T17:56:53.819363+00:00,1786211813.819,736.96,15.94,4.1145,1.15,0.242,27.6,222.0
2026-08-08T17:56:54.024723+00:00,1786211814.025,737.16,15.94,4.1167,1.25,0.241,51.2,222.0
2026-08-08T17:56:54.427249+00:00,1786211814.427,737.56,15.32,4.1167,1.95,0.228,77.0,222.0
2026-08-08T17:56:54.623500+00:00,1786211814.623,737.76,15.32,4.1189,2.31,0.229,101.2,222.0
2026-08-08T17:56:54.821011+00:00,1786211814.821,737.96,15.32,4.1189,2.67,0.101,125.2,233.1
2026-08-08T17:56:55.042522+00:00,1786211815.042,738.18,13.64,4.1189,3.02,-0.078,143.5,233.1
2026-08-08T17:56:55.242281+00:00,1786211815.242,738.38,13.64,4.1211,3.33,-0.191,150.9,233.1
2026-08-08T17:56:55.443198+00:00,1786211815.443,738.58,15.70,4.1211,3.66,0.065,169.6,233.1
2026-08-08T17:56:55.649194+00:00,1786211815.649,738.79,15.70,4.1211,3.97,0.241,191.0,233.1
2026-08-08T17:56:56.424482+00:00,1786211816.424,739.56,14.27,4.1255,5.02,0.051,208.3,233.1
2026-08-08T17:56:56.641281+00:00,1786211816.641,739.78,13.58,4.1255,5.40,-0.232,223.7,244.2
2026-08-08T17:56:56.843968+00:00,1786211816.844,739.98,13.58,4.1255,5.77,-0.233,238.2,244.2
2026-08-08T17:56:57.039686+00:00,1786211817.040,740.18,15.82,4.1299,6.15,0.054,258.0,244.2
2026-08-08T17:56:57.247328+00:00,1786211817.247,740.38,15.82,4.1299,6.53,0.053,279.2,244.2
2026-08-08T17:56:57.630639+00:00,1786211817.631,740.77,14.39,4.1321,7.29,-0.092,293.9,244.2
2026-08-08T17:56:58.043569+00:00,1786211818.044,741.18,14.39,4.1321,7.23,0.069,311.0,244.2
2026-08-08T17:56:58.428483+00:00,1786211818.428,741.57,14.34,4.1321,7.21,0.061,329.6,244.2
2026-08-08T17:56:58.644106+00:00,1786211818.644,741.78,14.34,4.1343,7.20,-0.118,348.7,244.2
2026-08-08T17:56:58.844464+00:00,1786211818.844,741.98,14.35,4.1343,7.19,-0.117,369.3,244.2
2026-08-08T17:56:59.045035+00:00,1786211819.045,742.18,14.35,4.1343,7.18,0.000,381.6,244.2
2026-08-08T17:56:59.244978+00:00,1786211819.245,742.38,14.35,4.1365,7.17,0.082,389.2,244.2
2026-08-08T17:56:59.450622+00:00,1786211819.451,742.59,13.18,4.1365,6.90,0.000,393.8,244.2
2026-08-08T17:56:59.848446+00:00,1786211819.848,742.99,13.18,4.1387,6.11,-0.262,395.5,244.2
2026-08-08T17:57:00.044297+00:00,1786211820.044,743.18,13.19,4.1387,5.72,-0.262,393.8,244.2
2026-08-08T17:57:00.245240+00:00,1786211820.245,743.38,13.19,4.1409,5.33,-0.127,379.3,244.2
2026-08-08T17:57:00.447670+00:00,1786211820.448,743.58,13.19,4.1409,4.94,-0.138,361.0,244.2
2026-08-08T17:57:00.647456+00:00,1786211820.647,743.78,13.21,4.1409,4.55,-0.141,345.2,244.2
2026-08-08T17:57:00.846995+00:00,1786211820.847,743.98,13.21,4.1431,4.16,-0.142,323.4,244.2
2026-08-08T17:57:01.047370+00:00,1786211821.047,744.18,13.21,4.1431,3.78,-0.143,300.5,233.1
2026-08-08T17:57:01.245833+00:00,1786211821.246,744.38,13.14,4.1431,3.31,-0.153,280.1,233.1
2026-08-08T17:57:02.228702+00:00,1786211822.229,745.37,14.42,4.1475,2.18,0.000,260.2,233.1
2026-08-08T17:57:02.431886+00:00,1786211822.432,745.57,14.42,4.1475,1.80,0.116,238.5,233.1
2026-08-08T17:57:02.633415+00:00,1786211822.633,745.77,14.42,4.1497,1.43,0.124,213.1,233.1
2026-08-08T17:57:02.828412+00:00,1786211822.828,745.97,14.50,4.1497,1.05,0.131,192.6,222.0
2026-08-08T17:57:03.032168+00:00,1786211823.032,746.17,14.50,4.1497,0.67,0.131,180.3,222.0
2026-08-08T17:57:03.816377+00:00,1786211823.816,746.95,14.55,4.1541,0.43,0.112,168.1,222.0
2026-08-08T17:57:04.029226+00:00,1786211824.029,747.17,13.28,4.1541,0.31,0.000,149.9,222.0
2026-08-08T17:57:04.231260+00:00,1786211824.231,747.37,13.28,4.1541,0.18,0.000,133.1,222.0
2026-08-08T17:57:04.427044+00:00,1786211824.427,747.56,13.28,4.1563,0.05,0.000,117.4,222.0
2026-08-08T17:57:04.629537+00:00,1786211824.630,747.77,13.23,4.1563,-0.07,0.000,102.8,222.0
2026-08-08T17:57:04.829924+00:00,1786211824.830,747.97,13.23,4.1563,-0.20,-0.127,86.2,222.0
2026-08-08T17:57:05.030331+00:00,1786211825.030,748.17,13.23,4.1585,-0.33,-0.127,71.4,222.0
2026-08-08T17:57:05.631773+00:00,1786211825.632,748.77,13.18,4.1607,-0.31,-0.115,56.5,188.7
2026-08-08T17:57:06.019712+00:00,1786211826.020,749.16,13.09,4.1607,-0.24,-0.123,40.4,188.7
2026-08-08T17:57:06.225605+00:00,1786211826.226,749.36,13.09,4.1629,-0.20,-0.123,25.9,188.7
2026-08-08T17:57:06.429573+00:00,1786211826.430,749.57,13.09,4.1629,-0.17,-0.155,12.3,188.7
2026-08-08T17:57:06.634714+00:00,1786211826.635,749.77,12.15,4.1629,-0.13,-0.120,0.0,188.7
2026-08-08T17:57:06.833432+00:00,1786211826.833,749.97,12.15,4.1651,-0.10,-0.120,0.0,188.7
2026-08-08T17:57:07.617102+00:00,1786211827.617,750.75,12.18,4.1673,0.33,-0.096,0.0,188.7
2026-08-08T17:57:07.823962+00:00,1786211827.824,750.96,12.17,4.1673,0.53,-0.092,0.0,188.7
2026-08-08T17:57:08.026798+00:00,1786211828.027,751.16,12.17,4.1695,0.73,-0.092,0.0,188.7
2026-08-08T17:57:08.254250+00:00,1786211828.254,751.39,12.17,4.1695,0.93,-0.091,0.0,222.0
2026-08-08T17:57:08.449582+00:00,1786211828.450,751.59,12.09,4.1695,1.13,-0.108,0.0,222.0
2026-08-08T17:57:08.655821+00:00,1786211828.656,751.79,12.09,4.1717,1.33,-0.106,3.3,222.0
2026-08-08T17:57:09.639590+00:00,1786211829.640,752.78,13.16,4.1739,1.79,0.000,15.2,222.0
2026-08-08T17:57:09.835270+00:00,1786211829.835,752.97,13.16,4.1761,1.91,0.000,27.5,222.0
2026-08-08T17:57:10.036121+00:00,1786211830.036,753.17,13.16,4.1761,2.04,0.082,42.2,222.0
2026-08-08T17:57:10.235988+00:00,1786211830.236,753.37,13.18,4.1761,2.16,0.084,58.2,222.0
2026-08-08T17:57:10.436263+00:00,1786211830.436,753.57,13.18,4.1783,2.28,0.099,74.1,222.0
2026-08-08T17:57:10.640746+00:00,1786211830.641,753.78,14.61,4.1783,2.41,0.240,96.2,233.1
2026-08-08T17:57:10.840809+00:00,1786211830.841,753.98,14.61,4.1783,2.53,0.241,116.6,233.1
2026-08-08T17:57:11.036249+00:00,1786211831.036,754.17,14.61,4.1805,2.65,0.243,136.8,233.1
2026-08-08T17:57:11.821374+00:00,1786211831.821,754.96,15.82,4.1849,2.98,0.307,161.8,233.1
2026-08-08T17:57:12.209258+00:00,1786211832.209,755.35,16.01,4.1871,3.08,0.307,186.9,233.1
2026-08-08T17:57:12.409562+00:00,1786211832.410,755.55,16.01,4.1871,3.42,0.285,212.8,233.1
2026-08-08T17:57:12.620340+00:00,1786211832.620,755.76,15.98,4.1871,3.59,0.281,238.5,233.1
2026-08-08T17:57:12.825478+00:00,1786211832.825,755.96,15.98,4.1893,3.75,0.280,259.9,233.1
2026-08-08T17:57:13.025939+00:00,1786211833.026,756.16,17.72,4.1893,3.67,0.452,289.8,233.1
2026-08-08T17:57:13.229423+00:00,1786211833.229,756.37,17.72,4.1893,3.58,0.452,316.7,233.1
2026-08-08T17:57:13.624734+00:00,1786211833.625,756.76,17.76,4.1937,3.40,0.293,336.6,233.1
2026-08-08T17:57:14.408018+00:00,1786211834.408,757.54,17.55,4.1959,3.43,0.229,353.1,233.1
2026-08-08T17:57:14.623167+00:00,1786211834.623,757.76,17.55,4.1981,3.45,0.228,363.4,233.1
2026-08-08T17:57:14.822133+00:00,1786211834.822,757.96,17.55,4.1981,3.46,0.160,370.9,233.1
2026-08-08T17:57:15.024369+00:00,1786211835.024,758.16,15.84,4.1981,3.64,0.000,370.7,233.1
2026-08-08T17:57:15.224930+00:00,1786211835.225,758.36,15.84,4.2003,3.84,0.000,365.7,233.1
2026-08-08T17:57:15.424414+00:00,1786211835.424,758.56,15.84,4.2003,4.04,0.000,361.0,233.1
2026-08-08T17:57:15.624618+00:00,1786211835.625,758.76,14.38,4.2003,4.23,-0.159,349.2,233.1
2026-08-08T17:57:16.609244+00:00,1786211836.609,759.75,14.42,4.2047,4.19,-0.256,333.9,233.1
2026-08-08T17:57:16.823391+00:00,1786211836.823,759.96,14.42,4.2047,4.18,-0.255,317.7,233.1
2026-08-08T17:57:17.205493+00:00,1786211837.205,760.34,14.48,4.2069,4.12,-0.254,292.3,233.1
2026-08-08T17:57:17.475699+00:00,1786211837.476,760.61,14.48,4.2069,4.08,-0.278,266.5,233.1
2026-08-08T17:57:17.681225+00:00,1786211837.681,760.82,15.36,4.2113,4.05,-0.199,250.2,233.1
2026-08-08T17:57:18.539572+00:00,1786211838.540,761.68,14.05,4.2113,4.01,-0.261,232.9,233.1
2026-08-08T17:57:18.736465+00:00,1786211838.736,761.87,14.05,4.2135,3.80,-0.134,217.9,233.1
2026-08-08T17:57:18.961540+00:00,1786211838.962,762.10,14.12,4.2135,3.58,-0.127,204.5,233.1
2026-08-08T17:57:19.177744+00:00,1786211839.178,762.31,14.12,4.2135,3.48,-0.127,197.6,233.1
2026-08-08T17:57:19.399703+00:00,1786211839.400,762.54,14.12,4.2157,3.26,0.000,192.3,233.1
2026-08-08T17:57:19.629870+00:00,1786211839.630,762.77,13.69,4.2157,2.95,-0.067,182.1,233.1
2026-08-08T17:57:19.865661+00:00,1786211839.866,763.00,13.69,4.2179,2.52,-0.066,176.0,233.1
2026-08-08T17:57:20.064420+00:00,1786211840.064,763.20,13.69,4.2179,2.52,-0.077,172.5,233.1
2026-08-08T17:57:20.315903+00:00,1786211840.316,763.45,12.52,4.2179,1.84,-0.191,162.4,233.1
2026-08-08T17:57:20.541533+00:00,1786211840.542,763.68,12.52,4.2201,1.39,-0.276,148.5,222.0
2026-08-08T17:57:20.764767+00:00,1786211840.765,763.90,12.52,4.2201,1.36,-0.190,137.4,222.0
2026-08-08T17:57:20.996744+00:00,1786211840.997,764.13,12.10,4.2223,1.32,-0.239,121.8,222.0
2026-08-08T17:57:21.215556+00:00,1786211841.216,764.35,12.10,4.2223,1.31,-0.249,109.4,222.0
2026-08-08T17:57:21.430896+00:00,1786211841.431,764.57,12.10,4.2223,1.27,-0.249,94.3,222.0
2026-08-08T17:57:21.627087+00:00,1786211841.627,764.76,11.76,4.2245,1.27,-0.294,78.9,222.0
2026-08-08T17:57:21.885888+00:00,1786211841.886,765.02,11.76,4.2245,1.23,-0.238,65.1,222.0
2026-08-08T17:57:22.098390+00:00,1786211842.098,765.24,11.76,4.2245,1.21,-0.240,48.7,222.0
2026-08-08T17:57:22.314584+00:00,1786211842.315,765.45,11.30,4.2245,1.18,-0.296,34.7,222.0
2026-08-08T17:57:22.552551+00:00,1786211842.553,765.69,11.30,4.2245,1.15,-0.153,25.5,222.0
2026-08-08T17:57:22.785392+00:00,1786211842.785,765.92,11.30,4.2267,1.12,-0.152,16.5,222.0
2026-08-08T17:57:23.535208+00:00,1786211843.535,766.67,10.91,4.2289,1.12,-0.162,13.7,222.0
2026-08-08T17:57:23.736188+00:00,1786211843.736,766.87,11.86,4.2311,1.17,0.000,19.1,222.0
2026-08-08T17:57:23.930864+00:00,1786211843.931,767.07,11.86,4.2311,1.22,0.000,22.6,222.0
2026-08-08T17:57:24.136211+00:00,1786211844.136,767.27,12.32,4.2311,1.35,0.000,28.5,222.0
2026-08-08T17:57:24.425994+00:00,1786211844.426,767.56,12.32,4.2333,1.52,0.056,36.6,222.0
2026-08-08T17:57:24.629025+00:00,1786211844.629,767.77,13.72,4.2333,1.71,0.199,50.7,222.0
2026-08-08T17:57:24.880003+00:00,1786211844.880,768.02,13.72,4.2355,1.90,0.196,66.7,222.0
2026-08-08T17:57:25.099557+00:00,1786211845.100,768.24,13.72,4.2355,2.08,0.242,83.6,222.0
2026-08-08T17:57:25.328364+00:00,1786211845.328,768.47,15.04,4.2377,2.25,0.374,107.1,233.1
2026-08-08T17:57:25.551308+00:00,1786211845.551,768.69,15.04,4.2377,2.42,0.376,133.0,233.1
2026-08-08T17:57:25.769803+00:00,1786211845.770,768.91,14.91,4.2399,2.51,0.497,159.5,233.1
2026-08-08T17:57:26.001569+00:00,1786211846.002,769.14,14.91,4.2399,2.68,0.374,183.4,233.1
2026-08-08T17:57:26.236454+00:00,1786211846.236,769.37,14.89,4.2399,2.86,0.365,208.3,233.1
2026-08-08T17:57:26.655684+00:00,1786211846.656,769.79,14.89,4.2421,3.03,0.283,227.4,233.1
2026-08-08T17:57:26.859409+00:00,1786211846.859,770.00,14.47,4.2443,3.15,0.245,245.0,233.1
2026-08-08T17:57:27.059972+00:00,1786211847.060,770.20,14.47,4.2443,3.21,0.085,257.7,233.1
2026-08-08T17:57:27.261047+00:00,1786211847.261,770.40,14.47,4.2443,3.18,0.087,268.2,233.1
2026-08-08T17:57:27.460128+00:00,1786211847.460,770.60,15.12,4.2465,3.24,0.164,276.5,233.1
2026-08-08T17:57:27.718631+00:00,1786211847.719,770.86,15.12,4.2465,3.37,0.000,279.8,233.1
2026-08-08T17:57:27.936900+00:00,1786211847.937,771.07,14.72,4.2487,3.45,0.000,280.9,233.1
2026-08-08T17:57:28.153464+00:00,1786211848.153,771.29,14.72,4.2487,3.54,0.000,275.9,233.1
2026-08-08T17:57:28.370713+00:00,1786211848.371,771.51,14.87,4.2487,3.72,0.000,271.1,233.1
2026-08-08T17:57:28.588854+00:00,1786211848.589,771.73,14.87,4.2509,3.82,0.000,263.1,233.1
2026-08-08T17:57:28.807250+00:00,1786211848.807,771.94,15.94,4.2509,3.91,0.136,264.1,233.1
2026-08-08T17:57:29.021897+00:00,1786211849.022,772.16,15.94,4.2531,4.09,0.189,267.2,233.1
2026-08-08T17:57:29.223270+00:00,1786211849.223,772.36,15.94,4.2531,4.09,0.189,271.8,233.1
2026-08-08T17:57:29.472882+00:00,1786211849.473,772.61,16.33,4.2531,4.90,0.234,284.2,233.1
2026-08-08T17:57:29.705669+00:00,1786211849.706,772.84,16.90,4.2553,5.44,0.221,304.6,244.2
2026-08-08T17:57:29.924310+00:00,1786211849.924,773.06,16.90,4.2553,5.98,0.225,328.3,244.2
2026-08-08T17:57:30.138775+00:00,1786211850.139,773.28,16.90,4.2575,6.24,0.276,351.5,244.2
2026-08-08T17:57:30.354768+00:00,1786211850.355,773.49,17.77,4.2575,6.52,0.385,386.7,244.2
2026-08-08T17:57:30.571630+00:00,1786211850.572,773.71,17.77,4.2575,6.80,0.366,423.1,244.2
2026-08-08T17:57:30.991015+00:00,1786211850.991,774.13,17.72,4.2619,7.09,0.329,459.3,244.2
2026-08-08T17:57:31.257172+00:00,1786211851.257,774.39,17.82,4.2641,7.84,0.213,495.0,244.2
2026-08-08T17:57:31.474846+00:00,1786211851.475,774.61,17.91,4.2641,8.02,0.223,531.9,244.2
2026-08-08T17:57:31.694649+00:00,1786211851.695,774.83,17.91,4.2641,8.18,0.221,563.4,244.2
2026-08-08T17:57:31.928094+00:00,1786211851.928,775.06,18.94,4.2685,8.45,0.296,600.3,244.2
2026-08-08T17:57:32.157547+00:00,1786211852.158,775.29,18.94,4.2685,8.72,0.231,636.5,244.2
2026-08-08T17:57:32.374747+00:00,1786211852.375,775.51,18.81,4.2707,8.86,0.216,666.0,244.2
2026-08-08T17:57:32.567661+00:00,1786211852.568,775.70,18.81,4.2707,8.86,0.218,691.7,244.2
2026-08-08T17:57:32.829056+00:00,1786211852.829,775.97,19.87,4.2707,8.92,0.236,719.4,244.2
2026-08-08T17:57:33.060660+00:00,1786211853.061,776.20,19.95,4.2729,8.79,0.243,743.7,244.2
2026-08-08T17:57:33.274437+00:00,1786211853.274,776.41,19.95,4.2729,8.63,0.272,760.3,244.2
2026-08-08T17:57:33.493262+00:00,1786211853.493,776.63,20.25,4.2773,8.48,0.302,777.1,244.2
2026-08-08T17:57:33.720848+00:00,1786211853.721,776.86,20.25,4.2773,8.32,0.290,792.3,244.2
2026-08-08T17:57:33.926851+00:00,1786211853.927,777.06,20.52,4.2773,8.01,0.325,807.2,244.2
2026-08-08T17:57:34.343137+00:00,1786211854.343,777.48,20.74,4.2795,7.85,0.207,815.5,244.2
2026-08-08T17:57:34.599502+00:00,1786211854.599,777.74,22.25,4.2839,7.23,0.377,831.1,244.2
2026-08-08T17:57:34.828667+00:00,1786211854.829,777.97,22.25,4.2839,6.85,0.390,836.5,244.2
2026-08-08T17:57:35.060681+00:00,1786211855.061,778.20,21.77,4.2839,6.51,0.331,836.1,244.2
2026-08-08T17:57:35.281368+00:00,1786211855.281,778.42,22.85,4.2883,6.35,0.337,838.6,244.2
2026-08-08T17:57:35.510152+00:00,1786211855.510,778.65,22.85,4.2883,6.01,0.329,838.2,244.2
2026-08-08T17:57:35.732831+00:00,1786211855.733,778.87,21.39,4.2905,5.85,0.162,820.0,244.2
2026-08-08T17:57:36.131614+00:00,1786211856.132,779.27,21.99,4.2905,5.64,0.183,803.1,244.2
2026-08-08T17:57:36.432426+00:00,1786211856.432,779.57,21.48,4.2949,5.13,0.126,778.7,244.2
2026-08-08T17:57:36.663719+00:00,1786211856.664,779.80,21.48,4.2949,4.94,0.098,750.6,244.2
2026-08-08T17:57:36.897039+00:00,1786211856.897,780.03,21.43,4.2971,4.75,0.074,721.5,244.2
2026-08-08T17:57:37.116071+00:00,1786211857.116,780.25,21.18,4.2971,4.65,-0.119,683.0,233.1
2026-08-08T17:57:37.345223+00:00,1786211857.345,780.48,21.18,4.2971,4.46,-0.119,648.1,233.1
2026-08-08T17:57:37.561449+00:00,1786211857.561,780.70,20.49,4.3015,4.37,-0.143,602.2,233.1
2026-08-08T17:57:37.985983+00:00,1786211857.986,781.12,20.92,4.3037,4.20,-0.198,555.8,233.1
2026-08-08T17:57:38.245122+00:00,1786211858.245,781.38,20.18,4.3037,3.81,-0.271,509.5,233.1
2026-08-08T17:57:38.463516+00:00,1786211858.463,781.60,20.18,4.3037,3.70,-0.123,465.4,233.1
2026-08-08T17:57:38.686808+00:00,1786211858.687,781.82,20.24,4.3059,3.47,-0.190,420.2,233.1
2026-08-08T17:57:38.915729+00:00,1786211858.916,782.05,20.24,4.3059,3.25,-0.138,388.2,233.1
2026-08-08T17:57:39.135972+00:00,1786211859.136,782.27,19.21,4.3103,3.14,-0.255,348.8,233.1
2026-08-08T17:57:39.328596+00:00,1786211859.329,782.47,19.21,4.3103,2.92,-0.253,315.4,233.1
2026-08-08T17:57:39.524879+00:00,1786211859.525,782.66,20.17,4.3103,2.73,-0.116,289.6,233.1
2026-08-08T17:57:39.719303+00:00,1786211859.719,782.86,20.17,4.3125,2.64,-0.118,265.5,233.1
2026-08-08T17:57:40.026515+00:00,1786211860.026,783.16,20.42,4.3125,2.40,0.000,253.9,233.1
2026-08-08T17:57:40.248417+00:00,1786211860.248,783.39,20.20,4.3169,2.24,-0.088,238.7,233.1
2026-08-08T17:57:40.466293+00:00,1786211860.466,783.60,20.20,4.3169,2.16,0.000,229.3,233.1
2026-08-08T17:57:40.684305+00:00,1786211860.684,783.82,21.59,4.3169,2.08,0.177,231.1,233.1
2026-08-08T17:57:40.927789+00:00,1786211860.928,784.06,21.59,4.3191,1.91,0.167,237.9,222.0
2026-08-08T17:57:41.350360+00:00,1786211861.350,784.49,19.30,4.3213,1.83,-0.107,225.5,222.0
2026-08-08T17:57:41.621635+00:00,1786211861.621,784.76,19.96,4.3213,1.88,0.084,225.3,222.0
2026-08-08T17:57:41.852514+00:00,1786211861.852,784.99,21.05,4.3257,1.91,0.203,231.1,222.0
2026-08-08T17:57:42.066912+00:00,1786211862.067,785.20,21.05,4.3257,1.93,0.096,239.1,222.0
2026-08-08T17:57:42.284639+00:00,1786211862.285,785.42,18.76,4.3257,1.94,-0.153,236.3,222.0
2026-08-08T17:57:42.479388+00:00,1786211862.479,785.62,18.76,4.3279,1.95,-0.187,227.4,222.0
2026-08-08T17:57:42.680829+00:00,1786211862.681,785.82,21.23,4.3279,1.95,0.117,233.5,222.0
2026-08-08T17:57:42.875896+00:00,1786211862.876,786.01,21.23,4.3301,1.96,0.118,236.4,222.0
2026-08-08T17:57:43.081225+00:00,1786211863.081,786.22,20.00,4.3301,1.98,-0.184,230.8,222.0
2026-08-08T17:57:43.300756+00:00,1786211863.301,786.44,20.00,4.3301,2.00,-0.186,222.3,222.0
2026-08-08T17:57:43.528367+00:00,1786211863.528,786.67,20.32,4.3345,2.02,0.130,218.1,233.1
2026-08-08T17:57:43.754146+00:00,1786211863.754,786.89,21.36,4.3345,2.05,0.183,219.3,233.1
2026-08-08T17:57:43.983806+00:00,1786211863.984,787.12,21.36,4.3367,2.08,0.000,227.4,233.1
2026-08-08T17:57:44.201543+00:00,1786211864.202,787.34,20.25,4.3367,2.09,-0.105,221.8,233.1
2026-08-08T17:57:44.618337+00:00,1786211864.618,787.76,21.13,4.3411,2.10,0.282,226.5,233.1
2026-08-08T17:57:44.817434+00:00,1786211864.817,787.95,21.13,4.3411,2.13,0.281,235.5,233.1
2026-08-08T17:57:45.019919+00:00,1786211865.020,788.16,20.61,4.3433,2.13,-0.074,241.5,233.1
2026-08-08T17:57:45.222619+00:00,1786211865.223,788.36,20.61,4.3433,2.14,-0.073,248.8,233.1
2026-08-08T17:57:45.448681+00:00,1786211865.449,788.59,21.23,4.3433,2.19,0.145,251.5,233.1
2026-08-08T17:57:45.673747+00:00,1786211865.674,788.81,20.12,4.3455,2.23,0.000,247.1,233.1
2026-08-08T17:57:45.903892+00:00,1786211865.904,789.04,20.12,4.3455,2.28,0.000,256.3,233.1
2026-08-08T17:57:46.119799+00:00,1786211866.120,789.26,20.42,4.3498,2.31,-0.110,261.7,233.1
2026-08-08T17:57:46.336842+00:00,1786211866.337,789.47,20.42,4.3498,2.33,-0.111,254.5,233.1
2026-08-08T17:57:46.552406+00:00,1786211866.552,789.69,19.81,4.3498,2.38,-0.051,245.2,233.1
2026-08-08T17:57:46.775168+00:00,1786211866.775,789.91,20.75,4.3520,2.41,0.000,246.7,233.1
2026-08-08T17:57:47.172589+00:00,1786211867.173,790.31,21.29,4.3520,2.48,0.000,254.8,233.1
2026-08-08T17:57:47.371091+00:00,1786211867.371,790.51,21.29,4.3564,2.64,0.080,250.5,233.1
2026-08-08T17:57:47.587504+00:00,1786211867.587,790.72,20.16,4.3564,2.79,-0.053,240.1,233.1
2026-08-08T17:57:47.826698+00:00,1786211867.827,790.96,20.16,4.3586,2.87,-0.125,242.4,233.1
2026-08-08T17:57:48.031074+00:00,1786211868.031,791.17,20.25,4.3586,2.99,0.000,250.5,233.1
2026-08-08T17:57:48.232771+00:00,1786211868.233,791.37,20.25,4.3586,3.14,0.000,249.6,233.1
2026-08-08T17:57:48.469888+00:00,1786211868.470,791.61,20.27,4.3630,3.28,0.000,256.7,233.1
2026-08-08T17:57:48.688206+00:00,1786211868.688,791.82,20.27,4.3630,3.44,0.000,264.5,233.1
2026-08-08T17:57:48.908683+00:00,1786211868.909,792.05,18.10,4.3652,3.52,-0.202,265.9,233.1
2026-08-08T17:57:49.111691+00:00,1786211869.112,792.25,20.91,4.3652,3.77,0.000,280.7,233.1
2026-08-08T17:57:49.312755+00:00,1786211869.313,792.45,20.91,4.3652,4.06,0.000,295.5,233.1
2026-08-08T17:57:49.519413+00:00,1786211869.519,792.66,21.45,4.3674,4.40,0.000,310.3,233.1
2026-08-08T17:57:49.714767+00:00,1786211869.715,792.85,21.45,4.3674,4.75,0.168,333.2,233.1
2026-08-08T17:57:49.924900+00:00,1786211869.925,793.06,19.95,4.3718,5.09,0.000,343.9,233.1
2026-08-08T17:57:50.141537+00:00,1786211870.142,793.28,19.95,4.3718,5.21,0.000,361.2,244.2
2026-08-08T17:57:50.356053+00:00,1786211870.356,793.49,21.86,4.3718,5.43,0.210,395.7,244.2
2026-08-08T17:57:50.573739+00:00,1786211870.574,793.71,21.86,4.3740,5.55,0.210,425.1,244.2
2026-08-08T17:57:50.794938+00:00,1786211870.795,793.93,18.83,4.3740,5.67,-0.190,431.5,244.2
2026-08-08T17:57:51.008981+00:00,1786211871.009,794.15,18.83,4.3762,5.92,0.096,448.7,244.2
2026-08-08T17:57:51.424938+00:00,1786211871.425,794.56,21.07,4.3762,6.04,0.000,467.8,244.2
2026-08-08T17:57:51.685128+00:00,1786211871.685,794.82,21.07,4.3806,6.67,0.000,501.3,244.2
2026-08-08T17:57:51.912293+00:00,1786211871.912,795.05,20.36,4.3806,7.08,-0.126,517.1,244.2
2026-08-08T17:57:52.141786+00:00,1786211872.142,795.28,20.36,4.3828,7.48,-0.125,533.6,244.2
2026-08-08T17:57:52.367463+00:00,1786211872.367,795.50,20.05,4.3828,7.62,0.000,551.7,244.2
2026-08-08T17:57:52.565942+00:00,1786211872.566,795.70,20.05,4.3828,7.73,0.000,561.0,244.2
2026-08-08T17:57:52.809122+00:00,1786211872.809,795.95,21.18,4.3872,7.77,-0.077,579.0,244.2
2026-08-08T17:57:53.007198+00:00,1786211873.007,796.14,19.96,4.3872,7.77,-0.217,587.2,244.2
2026-08-08T17:57:53.210144+00:00,1786211873.210,796.35,19.96,4.3894,7.73,0.130,593.6,244.2
2026-08-08T17:57:53.489821+00:00,1786211873.490,796.63,20.09,4.3894,7.56,0.141,599.1,244.2
2026-08-08T17:57:53.711823+00:00,1786211873.712,796.85,20.09,4.3916,7.46,-0.119,615.9,244.2
2026-08-08T17:57:53.943970+00:00,1786211873.944,797.08,21.66,4.3916,7.35,0.073,632.5,244.2
2026-08-08T17:57:54.160627+00:00,1786211874.161,797.30,21.66,4.3916,7.30,0.161,649.5,244.2
2026-08-08T17:57:54.383862+00:00,1786211874.384,797.52,19.10,4.3960,7.19,-0.156,641.6,244.2
2026-08-08T17:57:54.613137+00:00,1786211874.613,797.75,19.77,4.3960,6.87,0.000,643.6,244.2
2026-08-08T17:57:54.808142+00:00,1786211874.808,797.94,19.77,4.3982,6.87,0.000,642.9,244.2
2026-08-08T17:57:55.079136+00:00,1786211875.079,798.22,19.91,4.3982,6.00,-0.156,626.1,244.2
2026-08-08T17:57:55.294880+00:00,1786211875.295,798.43,19.91,4.4004,5.71,0.000,612.7,244.2
2026-08-08T17:57:55.511236+00:00,1786211875.511,798.65,19.84,4.4004,5.42,0.000,596.6,244.2
2026-08-08T17:57:55.745213+00:00,1786211875.745,798.88,19.84,4.4004,4.92,0.000,586.3,244.2
2026-08-08T17:57:55.992560+00:00,1786211875.993,799.13,19.96,4.4048,4.53,0.000,560.7,233.1
2026-08-08T17:57:56.211927+00:00,1786211876.212,799.35,19.84,4.4048,4.13,-0.223,524.0,233.1
2026-08-08T17:57:56.637935+00:00,1786211876.638,799.77,21.52,4.4070,3.96,0.000,508.6,233.1
2026-08-08T17:57:56.901306+00:00,1786211876.901,800.04,21.52,4.4092,3.63,0.267,490.3,233.1
2026-08-08T17:57:57.129652+00:00,1786211877.130,800.27,19.91,4.4092,3.42,0.000,453.4,233.1
2026-08-08T17:57:57.348616+00:00,1786211877.349,800.49,21.28,4.4092,3.31,0.165,445.5,233.1
2026-08-08T17:57:57.579768+00:00,1786211877.580,800.72,21.28,4.4136,3.09,0.152,430.0,233.1
2026-08-08T17:57:57.815414+00:00,1786211877.815,800.95,21.02,4.4136,2.88,0.122,411.3,233.1
2026-08-08T17:57:58.047685+00:00,1786211878.048,801.18,21.02,4.4158,2.67,0.129,402.6,233.1
2026-08-08T17:57:58.240690+00:00,1786211878.241,801.38,19.68,4.4158,2.67,0.000,382.7,233.1
2026-08-08T17:57:58.500798+00:00,1786211878.501,801.64,21.27,4.4158,3.13,0.146,376.2,233.1
2026-08-08T17:57:58.732960+00:00,1786211878.733,801.87,21.27,4.4202,3.53,0.158,376.2,233.1
2026-08-08T17:57:58.963931+00:00,1786211878.964,802.10,19.60,4.4202,3.92,-0.229,363.0,233.1
2026-08-08T17:57:59.183240+00:00,1786211879.183,802.32,19.60,4.4224,4.12,-0.234,362.1,233.1
2026-08-08T17:57:59.397739+00:00,1786211879.398,802.53,20.10,4.4224,4.52,0.000,363.1,233.1
2026-08-08T17:57:59.617422+00:00,1786211879.617,802.75,20.10,4.4224,4.71,-0.145,351.0,233.1
2026-08-08T17:58:00.048333+00:00,1786211880.048,803.19,20.16,4.4268,4.71,-0.126,355.0,233.1
2026-08-08T17:58:00.321956+00:00,1786211880.322,803.46,19.81,4.4290,5.10,-0.134,352.2,233.1
2026-08-08T17:58:00.555431+00:00,1786211880.555,803.69,19.85,4.4290,5.34,-0.130,353.2,244.2
2026-08-08T17:58:00.784085+00:00,1786211880.784,803.92,19.85,4.4290,5.58,0.000,363.8,244.2
2026-08-08T17:58:01.020736+00:00,1786211881.021,804.16,19.63,4.4334,5.82,-0.182,369.8,244.2
2026-08-08T17:58:01.233472+00:00,1786211881.233,804.37,19.63,4.4334,5.94,-0.183,383.6,244.2
2026-08-08T17:58:01.449108+00:00,1786211881.449,804.59,19.61,4.4356,6.18,0.000,394.3,244.2
2026-08-08T17:58:01.651973+00:00,1786211881.652,804.79,19.61,4.4356,6.18,0.000,401.8,244.2
2026-08-08T17:58:01.904828+00:00,1786211881.905,805.04,18.71,4.4356,5.99,-0.154,415.9,244.2
2026-08-08T17:58:02.128401+00:00,1786211882.128,805.27,20.46,4.4400,5.81,0.000,437.5,244.2
2026-08-08T17:58:02.329566+00:00,1786211882.330,805.47,20.46,4.4400,5.37,0.000,443.9,244.2
2026-08-08T17:58:02.535514+00:00,1786211882.536,805.67,19.84,4.4400,4.92,0.000,450.2,244.2
2026-08-08T17:58:02.784062+00:00,1786211882.784,805.92,19.84,4.4422,4.46,0.000,452.8,233.1
2026-08-08T17:58:03.016632+00:00,1786211883.017,806.15,20.23,4.4422,4.00,0.000,451.7,233.1
2026-08-08T17:58:03.236829+00:00,1786211883.237,806.37,20.23,4.4444,3.76,0.076,450.1,233.1
2026-08-08T17:58:03.451351+00:00,1786211883.451,806.59,20.34,4.4444,3.59,0.089,441.6,233.1
2026-08-08T17:58:03.671343+00:00,1786211883.671,806.81,20.34,4.4466,3.41,0.091,437.9,233.1
2026-08-08T17:58:03.901833+00:00,1786211883.902,807.04,18.89,4.4466,3.05,-0.089,422.1,233.1
2026-08-08T17:58:04.536804+00:00,1786211884.537,807.67,19.66,4.4510,2.50,0.100,402.6,233.1
2026-08-08T17:58:04.731843+00:00,1786211884.732,807.87,19.66,4.4532,2.31,-0.085,374.9,233.1
2026-08-08T17:58:05.032506+00:00,1786211885.032,808.17,20.04,4.4532,1.74,0.000,356.1,233.1
2026-08-08T17:58:05.253489+00:00,1786211885.253,808.39,20.04,4.4554,1.48,0.000,327.0,233.1
2026-08-08T17:58:05.470438+00:00,1786211885.470,808.61,20.01,4.4554,1.41,0.000,300.2,222.0
2026-08-08T17:58:05.689925+00:00,1786211885.690,808.83,20.01,4.4554,1.34,0.000,277.4,222.0
2026-08-08T17:58:05.924457+00:00,1786211885.924,809.06,18.69,4.4598,1.25,-0.160,249.9,222.0
2026-08-08T17:58:06.153934+00:00,1786211886.154,809.29,19.40,4.4598,1.20,-0.097,227.2,222.0
2026-08-08T17:58:06.347838+00:00,1786211886.348,809.48,19.40,4.4620,1.20,-0.098,203.0,222.0
2026-08-08T17:58:06.612497+00:00,1786211886.612,809.75,18.79,4.4620,1.12,0.000,181.9,222.0
2026-08-08T17:58:06.841372+00:00,1786211886.841,809.98,18.79,4.4642,1.07,-0.104,157.8,222.0
2026-08-08T17:58:07.060426+00:00,1786211887.060,810.20,18.85,4.4642,1.05,-0.096,145.3,222.0
2026-08-08T17:58:07.263027+00:00,1786211887.263,810.40,18.85,4.4642,0.96,-0.148,125.6,222.0
2026-08-08T17:58:07.515036+00:00,1786211887.515,810.65,19.92,4.4664,0.87,0.000,119.8,222.0
2026-08-08T17:58:07.740977+00:00,1786211887.741,810.88,19.92,4.4664,0.77,0.000,113.5,222.0
2026-08-08T17:58:07.972248+00:00,1786211887.972,811.11,18.63,4.4708,0.69,-0.168,101.3,222.0
2026-08-08T17:58:08.189725+00:00,1786211888.190,811.33,18.63,4.4708,0.66,0.000,95.4,222.0
2026-08-08T17:58:08.407324+00:00,1786211888.407,811.54,18.76,4.4730,0.59,-0.079,86.7,222.0
2026-08-08T17:58:08.625531+00:00,1786211888.626,811.76,18.76,4.4730,0.55,-0.078,85.5,222.0
2026-08-08T17:58:09.274170+00:00,1786211889.274,812.41,18.96,4.4774,0.52,0.000,84.5,222.0
2026-08-08T17:58:09.533381+00:00,1786211889.533,812.67,18.80,4.4774,0.34,0.000,82.3,222.0
2026-08-08T17:58:09.759202+00:00,1786211889.759,812.90,18.80,4.4796,0.22,0.000,76.9,222.0
2026-08-08T17:58:09.988223+00:00,1786211889.988,813.12,18.78,4.4796,0.12,0.000,74.8,222.0
2026-08-08T17:58:10.208124+00:00,1786211890.208,813.34,18.78,4.4818,0.02,-0.117,67.7,222.0
2026-08-08T17:58:10.424864+00:00,1786211890.425,813.56,18.77,4.4818,-0.02,-0.119,62.7,222.0
2026-08-08T17:58:10.644126+00:00,1786211890.644,813.78,18.77,4.4818,-0.12,0.000,55.7,222.0
2026-08-08T17:58:11.089881+00:00,1786211891.090,814.23,17.54,4.4840,-0.12,-0.104,45.4,188.7
2026-08-08T17:58:11.349729+00:00,1786211891.350,814.49,17.43,4.4884,-0.27,-0.125,40.9,188.7
2026-08-08T17:58:11.581991+00:00,1786211891.582,814.72,17.43,4.4884,-0.37,-0.125,30.1,188.7
2026-08-08T17:58:11.809814+00:00,1786211891.810,814.95,17.38,4.4884,-0.46,-0.173,20.3,188.7
2026-08-08T17:58:12.028541+00:00,1786211892.029,815.17,17.38,4.4906,-0.51,-0.158,11.0,188.7
2026-08-08T17:58:12.243424+00:00,1786211892.243,815.38,17.43,4.4906,-0.60,-0.154,0.0,188.7
2026-08-08T17:58:12.459091+00:00,1786211892.459,815.60,17.43,4.4928,-0.65,-0.152,0.0,188.7
2026-08-08T17:58:12.657718+00:00,1786211892.658,815.79,18.41,4.4928,-0.70,0.000,0.0,188.7
2026-08-08T17:58:12.912255+00:00,1786211892.912,816.05,18.41,4.4928,-0.31,0.000,0.0,188.7
2026-08-08T17:58:13.145789+00:00,1786211893.146,816.28,18.81,4.4972,-0.04,0.000,0.0,188.7
2026-08-08T17:58:13.357253+00:00,1786211893.357,816.49,18.81,4.4972,0.24,0.156,0.0,188.7
2026-08-08T17:58:13.578194+00:00,1786211893.578,816.71,19.06,4.4994,0.51,0.203,5.4,188.7
2026-08-08T17:58:13.811247+00:00,1786211893.811,816.95,19.06,4.4994,0.79,0.203,22.7,222.0
2026-08-08T17:58:14.025391+00:00,1786211894.025,817.16,17.83,4.4994,0.92,0.057,35.9,222.0
2026-08-08T17:58:14.221352+00:00,1786211894.221,817.36,17.83,4.5016,0.92,0.057,49.7,222.0
2026-08-08T17:58:14.482274+00:00,1786211894.482,817.62,17.91,4.5016,1.99,0.060,71.9,222.0
2026-08-08T17:58:14.720719+00:00,1786211894.721,817.86,18.92,4.5038,2.73,0.183,104.2,233.1
2026-08-08T17:58:14.947997+00:00,1786211894.948,818.08,18.92,4.5038,3.46,0.062,137.0,233.1
2026-08-08T17:58:15.180870+00:00,1786211895.181,818.32,19.94,4.5082,4.19,0.187,181.3,233.1
2026-08-08T17:58:15.398448+00:00,1786211895.398,818.54,22.96,4.5082,4.55,0.513,244.7,233.1
2026-08-08T17:58:15.615342+00:00,1786211895.615,818.75,22.96,4.5082,4.92,0.511,308.4,233.1
2026-08-08T17:58:15.819370+00:00,1786211895.819,818.96,22.84,4.5104,4.92,0.467,368.0,233.1
2026-08-08T17:58:16.081253+00:00,1786211896.081,819.22,22.84,4.5104,5.78,0.462,426.4,233.1
2026-08-08T17:58:16.297927+00:00,1786211896.298,819.43,22.81,4.5148,5.96,0.609,488.8,233.1
2026-08-08T17:58:16.514598+00:00,1786211896.515,819.65,21.76,4.5148,6.14,0.476,541.2,244.2
2026-08-08T17:58:16.751087+00:00,1786211896.751,819.89,21.76,4.5148,6.49,0.472,601.6,244.2
2026-08-08T17:58:16.985712+00:00,1786211896.986,820.12,21.60,4.5192,6.85,0.330,658.0,244.2
2026-08-08T17:58:17.214515+00:00,1786211897.214,820.35,21.71,4.5192,7.21,0.342,711.4,244.2
2026-08-08T17:58:17.412195+00:00,1786211897.412,820.55,21.71,4.5214,7.21,0.220,749.5,244.2
2026-08-08T17:58:17.671815+00:00,1786211897.672,820.81,21.68,4.5214,7.39,-0.157,772.8,244.2
2026-08-08T17:58:17.900302+00:00,1786211897.900,821.04,22.79,4.5258,7.09,0.000,792.7,244.2
2026-08-08T17:58:18.115152+00:00,1786211898.115,821.25,22.79,4.5258,6.95,0.000,787.3,244.2
2026-08-08T17:58:18.330476+00:00,1786211898.330,821.47,23.21,4.5258,6.80,0.000,779.4,244.2
2026-08-08T17:58:18.548527+00:00,1786211898.549,821.69,23.74,4.5280,6.66,0.114,779.5,244.2
2026-08-08T17:58:18.783225+00:00,1786211898.783,821.92,23.74,4.5280,6.37,0.242,777.1,244.2
2026-08-08T17:58:19.423304+00:00,1786211899.423,822.56,26.46,4.5324,6.13,0.489,786.7,244.2
2026-08-08T17:58:19.724097+00:00,1786211899.724,822.86,26.46,4.5368,5.42,0.493,798.8,244.2
2026-08-08T17:58:19.949045+00:00,1786211899.949,823.09,26.67,4.5368,5.00,0.504,806.1,244.2
2026-08-08T17:58:20.186689+00:00,1786211900.187,823.32,25.15,4.5412,4.58,0.345,801.0,233.1
2026-08-08T17:58:20.401809+00:00,1786211900.402,823.54,25.12,4.5412,4.15,0.350,789.3,233.1
2026-08-08T17:58:20.619468+00:00,1786211900.619,823.76,25.12,4.5434,3.94,0.238,775.5,233.1
2026-08-08T17:58:20.851837+00:00,1786211900.852,823.99,24.20,4.5434,3.52,0.143,766.2,233.1
2026-08-08T17:58:21.048913+00:00,1786211901.049,824.19,25.80,4.5434,3.52,0.265,758.8,233.1
2026-08-08T17:58:21.308864+00:00,1786211901.309,824.45,25.43,4.5478,2.97,0.171,742.4,233.1
2026-08-08T17:58:21.534892+00:00,1786211901.535,824.67,27.91,4.5478,2.77,0.422,743.0,233.1
2026-08-08T17:58:21.770553+00:00,1786211901.771,824.91,27.91,4.5522,2.57,0.172,722.6,233.1
2026-08-08T17:58:22.001051+00:00,1786211902.001,825.14,27.52,4.5522,2.36,0.129,693.8,233.1
2026-08-08T17:58:22.219407+00:00,1786211902.219,825.36,27.22,4.5522,2.26,0.068,640.6,233.1
2026-08-08T17:58:22.441295+00:00,1786211902.441,825.58,27.95,4.5566,2.16,0.344,608.5,233.1
2026-08-08T17:58:22.643963+00:00,1786211902.644,825.78,27.95,4.5566,2.16,0.350,579.0,233.1
2026-08-08T17:58:22.907661+00:00,1786211902.908,826.04,27.16,4.5610,2.02,0.247,557.5,233.1
2026-08-08T17:58:23.135714+00:00,1786211903.136,826.27,27.92,4.5610,1.99,0.453,551.6,233.1
2026-08-08T17:58:23.352597+00:00,1786211903.353,826.49,25.74,4.5610,1.97,0.000,525.0,233.1
2026-08-08T17:58:23.586483+00:00,1786211903.586,826.72,27.67,4.5654,1.94,0.273,525.7,222.0
2026-08-08T17:58:23.805551+00:00,1786211903.806,826.94,27.67,4.5654,1.91,0.000,502.0,222.0
2026-08-08T17:58:24.035878+00:00,1786211904.036,827.17,25.72,4.5698,1.88,-0.269,471.8,222.0
2026-08-08T17:58:24.232243+00:00,1786211904.232,827.37,27.70,4.5698,1.88,0.000,440.7,222.0
2026-08-08T17:58:24.489181+00:00,1786211904.489,827.63,27.98,4.5698,1.80,0.092,429.6,222.0
2026-08-08T17:58:24.723462+00:00,1786211904.723,827.86,27.98,4.5742,1.76,0.000,418.1,222.0
2026-08-08T17:58:24.953344+00:00,1786211904.953,828.09,27.49,4.5742,1.72,-0.055,407.2,222.0
2026-08-08T17:58:25.171475+00:00,1786211905.171,828.31,27.67,4.5786,1.70,0.064,387.5,222.0
2026-08-08T17:58:25.390296+00:00,1786211905.390,828.53,27.61,4.5786,1.68,0.000,363.8,222.0
2026-08-08T17:58:25.607093+00:00,1786211905.607,828.74,28.33,4.5786,1.66,0.318,366.8,222.0
2026-08-08T17:58:25.807916+00:00,1786211905.808,828.94,28.33,4.5830,1.66,0.082,344.7,222.0
2026-08-08T17:58:26.074417+00:00,1786211906.074,829.21,25.86,4.5830,1.60,-0.221,330.7,222.0
2026-08-08T17:58:26.295556+00:00,1786211906.296,829.43,26.35,4.5874,1.58,0.077,314.9,222.0
2026-08-08T17:58:26.514439+00:00,1786211906.514,829.65,27.62,4.5874,1.50,0.000,311.1,222.0
2026-08-08T17:58:26.740897+00:00,1786211906.741,829.88,27.93,4.5874,1.41,0.000,323.5,222.0
2026-08-08T17:58:26.974495+00:00,1786211906.974,830.11,27.93,4.5918,1.32,0.000,318.8,222.0
2026-08-08T17:58:27.189961+00:00,1786211907.190,830.33,28.16,4.5918,1.23,0.083,313.4,222.0
2026-08-08T17:58:27.407986+00:00,1786211907.408,830.54,30.94,4.5962,1.18,0.406,336.7,222.0
2026-08-08T17:58:27.625221+00:00,1786211907.625,830.76,27.03,4.5962,1.14,-0.071,330.1,222.0
2026-08-08T17:58:27.859573+00:00,1786211907.860,831.00,27.03,4.5962,1.06,-0.159,311.9,222.0
2026-08-08T17:58:28.273267+00:00,1786211908.273,831.41,28.53,4.6005,1.06,0.000,307.6,222.0
2026-08-08T17:58:28.549494+00:00,1786211908.549,831.69,27.65,4.6049,1.21,0.201,295.8,222.0
2026-08-08T17:58:28.783024+00:00,1786211908.783,831.92,27.37,4.6049,1.31,0.114,292.8,222.0
2026-08-08T17:58:29.008363+00:00,1786211909.008,832.15,27.73,4.6049,1.41,0.000,304.7,222.0
2026-08-08T17:58:29.228033+00:00,1786211909.228,832.36,27.73,4.6093,1.45,0.000,301.7,222.0
2026-08-08T17:58:29.456801+00:00,1786211909.457,832.59,27.45,4.6093,1.55,-0.055,299.1,222.0
2026-08-08T17:58:29.678999+00:00,1786211909.679,832.82,27.80,4.6137,1.60,0.000,300.7,222.0
2026-08-08T17:58:30.083489+00:00,1786211910.083,833.22,29.07,4.6137,1.55,-0.194,293.7,222.0
2026-08-08T17:58:30.382245+00:00,1786211910.382,833.52,27.64,4.6181,1.45,0.061,293.7,222.0
2026-08-08T17:58:30.609012+00:00,1786211910.609,833.75,27.74,4.6181,1.40,0.071,270.6,222.0
2026-08-08T17:58:30.837010+00:00,1786211910.837,833.97,25.72,4.6225,1.37,-0.305,259.5,222.0
2026-08-08T17:58:31.034958+00:00,1786211911.035,834.17,28.00,4.6225,1.34,0.000,271.6,222.0
2026-08-08T17:58:31.232221+00:00,1786211911.232,834.37,28.00,4.6225,1.33,0.071,277.2,222.0
2026-08-08T17:58:31.489022+00:00,1786211911.489,834.63,28.12,4.6269,1.30,0.000,267.9,222.0
2026-08-08T17:58:31.710571+00:00,1786211911.711,834.85,28.48,4.6269,1.19,0.084,267.0,222.0
2026-08-08T17:58:31.932871+00:00,1786211911.933,835.07,28.77,4.6313,1.10,0.148,274.0,222.0
2026-08-08T17:58:32.132370+00:00,1786211912.132,835.27,28.40,4.6313,0.89,0.068,273.5,222.0
2026-08-08T17:58:32.332666+00:00,1786211912.333,835.47,28.40,4.6313,0.68,-0.083,265.2,222.0
2026-08-08T17:58:32.528329+00:00,1786211912.528,835.67,28.60,4.6357,0.49,0.124,262.9,222.0
2026-08-08T17:58:32.728737+00:00,1786211912.729,835.87,29.26,4.6357,0.40,0.199,274.3,222.0
2026-08-08T17:58:33.023909+00:00,1786211913.024,836.16,28.51,4.6401,0.19,0.355,280.2,222.0
2026-08-08T17:58:33.244643+00:00,1786211913.245,836.38,28.13,4.6401,0.20,0.000,266.0,222.0
2026-08-08T17:58:33.440647+00:00,1786211913.441,836.58,28.13,4.6401,0.20,0.000,273.7,222.0
2026-08-08T17:58:33.694536+00:00,1786211913.695,836.83,29.29,4.6445,0.25,0.148,273.6,222.0
2026-08-08T17:58:33.914487+00:00,1786211913.914,837.05,27.93,4.6445,0.26,-0.069,256.1,222.0
2026-08-08T17:58:34.129220+00:00,1786211914.129,837.27,31.79,4.6489,0.26,0.383,274.6,222.0
2026-08-08T17:58:34.345425+00:00,1786211914.345,837.48,28.63,4.6489,0.25,0.000,261.4,222.0
2026-08-08T17:58:34.563668+00:00,1786211914.564,837.70,29.04,4.6489,0.24,0.080,249.9,222.0
2026-08-08T17:58:34.784390+00:00,1786211914.784,837.92,29.04,4.6533,0.22,0.055,243.8,222.0
2026-08-08T17:58:34.982452+00:00,1786211914.982,838.12,32.36,4.6533,0.22,0.383,272.9,222.0
2026-08-08T17:58:35.182514+00:00,1786211915.183,838.32,30.71,4.6533,0.22,0.283,282.8,222.0
2026-08-08T17:58:35.385985+00:00,1786211915.386,838.52,32.77,4.6577,0.26,0.601,312.9,222.0
2026-08-08T17:58:35.588552+00:00,1786211915.589,838.73,31.34,4.6577,0.31,0.415,322.9,222.0
2026-08-08T17:58:35.793270+00:00,1786211915.793,838.93,31.34,4.6621,0.33,0.271,344.5,222.0
2026-08-08T17:58:35.999357+00:00,1786211915.999,839.14,30.54,4.6621,0.35,0.347,369.1,222.0
2026-08-08T17:58:36.257206+00:00,1786211916.257,839.39,29.03,4.6621,0.38,-0.360,341.6,222.0
2026-08-08T17:58:36.485003+00:00,1786211916.485,839.62,30.24,4.6687,0.41,0.209,361.6,222.0
2026-08-08T17:58:36.705844+00:00,1786211916.706,839.84,28.14,4.6687,0.42,-0.117,328.8,222.0
2026-08-08T17:58:36.926952+00:00,1786211916.927,840.06,30.81,4.6731,0.44,0.229,346.9,222.0
2026-08-08T17:58:37.149445+00:00,1786211917.149,840.29,31.64,4.6731,0.46,-0.092,342.3,222.0
2026-08-08T17:58:37.364403+00:00,1786211917.364,840.50,31.42,4.6731,0.47,0.090,350.1,222.0
2026-08-08T17:58:37.583589+00:00,1786211917.584,840.72,31.42,4.6775,0.49,-0.171,317.4,222.0
2026-08-08T17:58:37.817068+00:00,1786211917.817,840.95,31.75,4.6775,0.55,0.051,308.5,222.0
2026-08-08T17:58:38.047959+00:00,1786211918.048,841.18,29.66,4.6819,0.58,-0.207,257.7,222.0
2026-08-08T17:58:38.265666+00:00,1786211918.266,841.40,30.94,4.6819,0.59,0.000,235.0,222.0
2026-08-08T17:58:38.466815+00:00,1786211918.467,841.60,31.08,4.6819,0.59,0.257,236.3,222.0
2026-08-08T17:58:38.722191+00:00,1786211918.722,841.86,30.94,4.6863,0.68,0.087,224.8,222.0
2026-08-08T17:58:38.949354+00:00,1786211918.949,842.09,31.07,4.6863,0.73,0.363,272.8,222.0
2026-08-08T17:58:39.167213+00:00,1786211919.167,842.30,31.67,4.6929,0.76,0.107,272.7,222.0
2026-08-08T17:58:39.382766+00:00,1786211919.383,842.52,31.67,4.6929,0.78,0.000,287.2,222.0
2026-08-08T17:58:39.602603+00:00,1786211919.603,842.74,31.47,4.6929,0.84,0.000,278.7,222.0
2026-08-08T17:58:39.821863+00:00,1786211919.822,842.96,29.08,4.6973,0.87,-0.290,268.6,222.0
2026-08-08T17:58:40.234818+00:00,1786211920.235,843.37,32.35,4.6973,0.90,0.069,273.4,222.0
2026-08-08T17:58:40.493917+00:00,1786211920.494,843.63,28.86,4.7017,0.96,-0.090,279.7,222.0
2026-08-08T17:58:40.723017+00:00,1786211920.723,843.86,34.75,4.7017,0.97,0.431,314.9,222.0
2026-08-08T17:58:40.951852+00:00,1786211920.952,844.09,30.71,4.7083,0.99,0.000,332.2,222.0
2026-08-08T17:58:41.171826+00:00,1786211921.172,844.31,31.00,4.7083,1.00,0.000,336.4,222.0
2026-08-08T17:58:41.400036+00:00,1786211921.400,844.54,34.70,4.7083,1.01,0.411,358.9,222.0
2026-08-08T17:58:41.620139+00:00,1786211921.620,844.76,34.70,4.7127,1.03,0.343,386.5,222.0
2026-08-08T17:58:41.818192+00:00,1786211921.818,844.95,30.92,4.7127,1.03,-0.086,362.4,222.0
2026-08-08T17:58:42.088409+00:00,1786211922.088,845.23,30.94,4.7171,1.06,-0.058,354.4,222.0
2026-08-08T17:58:42.303416+00:00,1786211922.303,845.44,30.81,4.7171,1.05,0.193,367.3,222.0
2026-08-08T17:58:42.503641+00:00,1786211922.504,845.64,31.04,4.7171,1.05,-0.160,359.1,222.0
2026-08-08T17:58:42.751185+00:00,1786211922.751,845.89,31.46,4.7215,1.02,0.320,399.7,222.0
2026-08-08T17:58:42.970937+00:00,1786211922.971,846.11,31.67,4.7215,1.01,-0.381,372.1,222.0
2026-08-08T17:58:43.187146+00:00,1786211923.187,846.32,31.67,4.7259,1.00,0.119,388.9,222.0
2026-08-08T17:58:43.403844+00:00,1786211923.404,846.54,31.44,4.7259,0.99,0.054,357.9,222.0
2026-08-08T17:58:43.621901+00:00,1786211923.622,846.76,29.05,4.7259,0.98,-0.706,315.8,222.0
2026-08-08T17:58:43.857473+00:00,1786211923.857,846.99,31.82,4.7325,0.97,-0.357,294.9,222.0
2026-08-08T17:58:44.307907+00:00,1786211924.308,847.44,30.38,4.7369,0.91,-0.060,255.8,222.0
2026-08-08T17:58:44.550393+00:00,1786211924.550,847.69,30.81,4.7369,0.86,0.000,224.6,222.0
2026-08-08T17:58:44.784487+00:00,1786211924.784,847.92,30.50,4.7413,0.80,0.000,226.8,222.0
2026-08-08T17:58:45.005518+00:00,1786211925.005,848.14,30.50,4.7413,0.74,-0.061,222.9,222.0
2026-08-08T17:58:45.221088+00:00,1786211925.221,848.36,30.30,4.7413,0.72,-0.131,199.7,222.0
2026-08-08T17:58:45.444111+00:00,1786211925.444,848.58,29.20,4.7457,0.66,-0.278,187.2,222.0
2026-08-08T17:58:45.916440+00:00,1786211925.916,849.05,29.54,4.7501,0.58,-0.217,148.4,222.0
2026-08-08T17:58:46.147238+00:00,1786211926.147,849.28,30.76,4.7501,0.48,-0.068,160.9,222.0
2026-08-08T17:58:46.372694+00:00,1786211926.373,849.51,30.76,4.7523,0.40,0.173,156.5,222.0
2026-08-08T17:58:46.597730+00:00,1786211926.598,849.73,27.51,4.7523,0.32,-0.438,118.5,222.0
2026-08-08T17:58:46.824213+00:00,1786211926.824,849.96,30.72,4.7523,0.24,0.000,153.0,222.0
2026-08-08T17:58:47.060483+00:00,1786211927.060,850.20,28.83,4.7589,0.15,-0.219,150.7,222.0
2026-08-08T17:58:47.289935+00:00,1786211927.290,850.43,27.70,4.7589,0.07,-0.310,126.5,222.0
2026-08-08T17:58:47.490252+00:00,1786211927.490,850.63,27.70,4.7611,0.07,-0.312,98.5,222.0
2026-08-08T17:58:47.694807+00:00,1786211927.695,850.83,30.51,4.7611,0.05,0.000,91.2,222.0
2026-08-08T17:58:47.889421+00:00,1786211927.889,851.03,28.83,4.7611,0.02,0.000,85.7,222.0
2026-08-08T17:58:48.102620+00:00,1786211928.103,851.24,27.87,4.7655,-0.03,-0.212,72.1,188.7
2026-08-08T17:58:48.324426+00:00,1786211928.324,851.46,27.87,4.7655,-0.07,-0.369,59.6,188.7
2026-08-08T17:58:48.541886+00:00,1786211928.542,851.68,27.61,4.7699,-0.12,-0.404,41.9,188.7
2026-08-08T17:58:48.763713+00:00,1786211928.764,851.90,25.79,4.7699,-0.14,-0.220,24.0,188.7
2026-08-08T17:58:48.957802+00:00,1786211928.958,852.09,25.79,4.7699,-0.18,-0.641,0.0,188.7
2026-08-08T17:58:49.200923+00:00,1786211929.201,852.34,26.79,4.7743,-0.20,-0.264,0.0,188.7
2026-08-08T17:58:49.513738+00:00,1786211929.514,852.65,26.03,4.7743,-0.21,-0.208,0.0,188.7
2026-08-08T17:58:49.741931+00:00,1786211929.742,852.88,26.32,4.7765,-0.23,-0.170,0.0,188.7
2026-08-08T17:58:49.953030+00:00,1786211929.953,853.09,26.41,4.7765,-0.24,-0.503,0.0,188.7
2026-08-08T17:58:50.157455+00:00,1786211930.157,853.29,26.41,4.7809,-0.22,-0.296,0.0,188.7
2026-08-08T17:58:50.355690+00:00,1786211930.356,853.49,26.48,4.7809,-0.20,-0.172,0.0,188.7
2026-08-08T17:58:50.635216+00:00,1786211930.635,853.77,26.05,4.7853,-0.19,-0.219,0.0,188.7
2026-08-08T17:58:50.864165+00:00,1786211930.864,854.00,25.82,4.7853,-0.18,-0.213,0.0,188.7
2026-08-08T17:58:51.087436+00:00,1786211931.087,854.22,25.82,4.7875,-0.13,0.000,0.0,188.7
2026-08-08T17:58:51.400325+00:00,1786211931.400,854.54,25.39,4.7875,-0.10,0.000,0.0,188.7
2026-08-08T17:58:51.625679+00:00,1786211931.626,854.76,25.45,4.7919,-0.06,-0.154,0.0,188.7
2026-08-08T17:58:51.837925+00:00,1786211931.838,854.97,24.12,4.7919,-0.04,-0.229,0.0,188.7
2026-08-08T17:58:52.037000+00:00,1786211932.037,855.17,24.12,4.7919,-0.02,-0.267,0.0,188.7
2026-08-08T17:58:52.241769+00:00,1786211932.242,855.38,26.53,4.7963,-0.01,0.000,0.0,188.7
2026-08-08T17:58:52.437694+00:00,1786211932.438,855.57,26.52,4.7963,0.03,0.000,0.0,188.7
2026-08-08T17:58:52.731406+00:00,1786211932.731,855.87,24.42,4.7985,0.08,-0.241,7.2,222.0
2026-08-08T17:58:52.945534+00:00,1786211932.946,856.08,24.42,4.7985,0.13,-0.196,14.3,222.0
2026-08-08T17:58:53.164065+00:00,1786211933.164,856.30,25.95,4.8029,0.14,0.000,25.4,222.0
2026-08-08T17:58:53.379225+00:00,1786211933.379,856.52,23.89,4.8029,0.15,-0.235,26.5,222.0
2026-08-08T17:58:53.583266+00:00,1786211933.583,856.72,23.89,4.8029,0.15,-0.191,29.5,222.0
2026-08-08T17:58:53.855482+00:00,1786211933.855,856.99,25.79,4.8073,0.27,0.000,32.9,222.0
2026-08-08T17:58:54.079365+00:00,1786211934.079,857.22,25.56,4.8073,0.36,0.179,45.6,222.0
2026-08-08T17:58:54.297189+00:00,1786211934.297,857.43,25.46,4.8117,0.40,0.165,65.0,222.0
2026-08-08T17:58:54.513073+00:00,1786211934.513,857.65,25.46,4.8117,0.44,-0.131,74.3,222.0
2026-08-08T17:58:54.731976+00:00,1786211934.732,857.87,25.50,4.8117,0.53,-0.123,86.3,222.0
2026-08-08T17:58:54.968359+00:00,1786211934.968,858.11,25.67,4.8161,0.61,0.155,98.4,222.0
2026-08-08T17:58:55.161570+00:00,1786211935.162,858.30,26.62,4.8161,0.61,0.276,117.7,222.0
2026-08-08T17:58:55.432581+00:00,1786211935.433,858.57,26.62,4.8183,0.87,0.083,142.0,222.0
2026-08-08T17:58:55.650872+00:00,1786211935.651,858.79,25.48,4.8183,0.95,0.195,168.4,222.0
2026-08-08T17:58:55.881887+00:00,1786211935.882,859.02,27.57,4.8183,1.13,0.445,202.4,222.0
2026-08-08T17:58:56.101970+00:00,1786211936.102,859.24,25.39,4.8227,1.20,0.000,223.2,222.0
2026-08-08T17:58:56.330238+00:00,1786211936.330,859.47,25.39,4.8227,1.33,0.000,242.9,222.0
2026-08-08T17:58:56.549534+00:00,1786211936.550,859.69,24.52,4.8271,1.46,-0.116,245.8,222.0
2026-08-08T17:58:57.178555+00:00,1786211937.179,860.32,25.15,4.8315,1.46,0.000,245.5,222.0
2026-08-08T17:58:57.381457+00:00,1786211937.381,860.52,25.58,4.8315,1.53,0.000,247.0,222.0
2026-08-08T17:58:57.584846+00:00,1786211937.585,860.72,25.58,4.8337,1.60,0.000,263.1,222.0
2026-08-08T17:58:57.782313+00:00,1786211937.782,860.92,26.31,4.8337,1.69,0.000,279.9,222.0
2026-08-08T17:58:57.978556+00:00,1786211937.979,861.12,26.42,4.8337,1.73,0.000,282.6,222.0
2026-08-08T17:58:58.245451+00:00,1786211938.245,861.38,26.42,4.8381,1.84,0.101,283.9,222.0
2026-08-08T17:58:58.465830+00:00,1786211938.466,861.60,24.08,4.8381,1.95,-0.376,267.9,222.0
2026-08-08T17:58:58.686657+00:00,1786211938.687,861.82,25.31,4.8425,2.00,0.000,266.7,222.0
2026-08-08T17:58:58.917990+00:00,1786211938.918,862.05,24.90,4.8425,2.07,-0.053,244.8,222.0
2026-08-08T17:58:59.135253+00:00,1786211939.135,862.27,24.90,4.8425,2.09,0.000,251.4,222.0
2026-08-08T17:58:59.365159+00:00,1786211939.365,862.50,24.57,4.8468,2.12,-0.074,253.2,233.1
2026-08-08T17:58:59.778179+00:00,1786211939.778,862.91,25.65,4.8490,2.14,0.000,265.7,233.1
2026-08-08T17:58:59.982416+00:00,1786211939.982,863.12,25.42,4.8490,2.13,0.000,271.7,233.1
2026-08-08T17:59:00.188437+00:00,1786211940.188,863.33,25.86,4.8490,2.13,-0.053,274.5,233.1
2026-08-08T17:59:00.383758+00:00,1786211940.384,863.52,25.86,4.8534,2.14,-0.065,276.1,233.1
2026-08-08T17:59:00.589778+00:00,1786211940.590,863.73,26.12,4.8534,2.25,0.000,280.6,233.1
2026-08-08T17:59:00.943190+00:00,1786211940.943,864.08,23.32,4.8556,2.28,-0.085,276.7,233.1
2026-08-08T17:59:01.167505+00:00,1786211941.167,864.30,25.33,4.8556,2.41,0.000,274.7,233.1
2026-08-08T17:59:01.388052+00:00,1786211941.388,864.52,25.33,4.8600,2.37,0.000,297.4,233.1
2026-08-08T17:59:01.606732+00:00,1786211941.607,864.74,25.16,4.8600,2.31,0.000,299.7,233.1
2026-08-08T17:59:01.837754+00:00,1786211941.838,864.97,25.12,4.8644,2.26,0.062,307.1,233.1
2026-08-08T17:59:02.055150+00:00,1786211942.055,865.19,28.33,4.8644,2.23,0.328,331.8,233.1
2026-08-08T17:59:02.271278+00:00,1786211942.271,865.41,28.33,4.8644,2.20,0.354,361.4,233.1
2026-08-08T17:59:02.489659+00:00,1786211942.490,865.63,24.40,4.8688,2.15,-0.176,351.3,233.1
2026-08-08T17:59:02.689891+00:00,1786211942.690,865.83,25.16,4.8688,2.15,-0.084,346.9,233.1
2026-08-08T17:59:02.957359+00:00,1786211942.957,866.09,25.16,4.8710,2.03,-0.113,342.2,233.1
2026-08-08T17:59:03.177485+00:00,1786211943.177,866.31,25.20,4.8710,2.01,0.234,354.7,233.1
2026-08-08T17:59:03.374833+00:00,1786211943.375,866.51,25.70,4.8710,1.99,0.000,351.9,233.1
2026-08-08T17:59:03.624301+00:00,1786211943.624,866.76,25.52,4.8754,1.97,0.000,356.5,222.0
2026-08-08T17:59:03.855597+00:00,1786211943.856,866.99,25.52,4.8754,1.94,0.000,352.9,222.0
2026-08-08T17:59:04.074622+00:00,1786211944.075,867.21,24.22,4.8798,1.91,-0.111,342.3,222.0
2026-08-08T17:59:04.290891+00:00,1786211944.291,867.43,24.09,4.8798,1.90,-0.527,313.0,222.0
2026-08-08T17:59:04.506124+00:00,1786211944.506,867.64,24.09,4.8820,1.73,-0.527,279.9,222.0
2026-08-08T17:59:04.701301+00:00,1786211944.701,867.84,23.86,4.8820,1.73,-0.067,247.9,222.0
2026-08-08T17:59:04.968387+00:00,1786211944.968,868.11,25.60,4.8820,1.70,0.054,222.7,222.0
2026-08-08T17:59:05.195206+00:00,1786211945.195,868.33,25.90,4.8864,1.68,0.092,233.9,222.0
2026-08-08T17:59:05.430435+00:00,1786211945.430,868.57,25.90,4.8864,1.66,0.086,239.4,222.0
2026-08-08T17:59:05.660428+00:00,1786211945.660,868.80,25.34,4.8908,1.64,0.000,241.9,222.0
2026-08-08T17:59:05.892191+00:00,1786211945.892,869.03,24.88,4.8908,1.63,-0.078,223.4,222.0
2026-08-08T17:59:06.106600+00:00,1786211946.107,869.24,24.88,4.8908,1.64,-0.079,215.6,222.0
2026-08-08T17:59:06.529738+00:00,1786211946.530,869.67,24.96,4.8952,1.64,0.083,216.0,222.0
2026-08-08T17:59:06.802894+00:00,1786211946.803,869.94,25.09,4.8996,1.66,0.111,218.5,222.0
2026-08-08T17:59:07.002849+00:00,1786211947.003,870.14,25.09,4.8996,1.66,0.111,228.3,222.0
2026-08-08T17:59:07.208506+00:00,1786211947.208,870.35,27.16,4.8996,1.64,0.365,274.0,222.0
2026-08-08T17:59:07.487326+00:00,1786211947.487,870.62,25.25,4.9040,1.59,0.000,298.9,222.0
2026-08-08T17:59:07.711806+00:00,1786211947.712,870.85,25.31,4.9040,1.56,-0.065,299.3,222.0
2026-08-08T17:59:07.944539+00:00,1786211947.945,871.08,25.31,4.9062,1.52,-0.065,291.6,222.0
2026-08-08T17:59:08.144601+00:00,1786211948.145,871.28,25.26,4.9062,1.52,0.000,284.7,222.0
2026-08-08T17:59:08.343608+00:00,1786211948.344,871.48,25.33,4.9062,1.53,0.051,281.0,222.0
2026-08-08T17:59:08.621895+00:00,1786211948.622,871.76,25.30,4.9106,1.58,0.000,280.4,222.0
2026-08-08T17:59:08.847914+00:00,1786211948.848,871.98,25.30,4.9106,1.61,0.000,284.5,222.0
2026-08-08T17:59:09.076726+00:00,1786211949.077,872.21,25.38,4.9150,1.64,0.000,288.9,222.0
2026-08-08T17:59:09.313885+00:00,1786211949.314,872.45,25.45,4.9150,1.67,0.000,285.9,222.0
2026-08-08T17:59:09.511279+00:00,1786211949.511,872.65,25.45,4.9150,1.67,-0.207,271.0,222.0
2026-08-08T17:59:09.791314+00:00,1786211949.791,872.93,24.99,4.9194,1.62,0.000,265.1,222.0
2026-08-08T17:59:10.011542+00:00,1786211950.012,873.15,24.55,4.9194,1.61,-0.092,237.7,222.0
2026-08-08T17:59:10.231625+00:00,1786211950.232,873.37,24.81,4.9238,1.60,-0.061,234.3,222.0
2026-08-08T17:59:10.430289+00:00,1786211950.430,873.57,24.81,4.9238,1.60,-0.054,234.6,222.0
2026-08-08T17:59:10.625083+00:00,1786211950.625,873.76,24.73,4.9238,1.61,-0.073,234.3,222.0
2026-08-08T17:59:10.831658+00:00,1786211950.832,873.97,24.73,4.9260,1.60,-0.071,230.9,222.0
2026-08-08T17:59:11.034327+00:00,1786211951.034,874.17,23.77,4.9260,1.59,-0.194,218.1,222.0
2026-08-08T17:59:11.245131+00:00,1786211951.245,874.38,23.83,4.9260,1.58,-0.198,207.1,222.0
2026-08-08T17:59:11.463938+00:00,1786211951.464,874.60,23.83,4.9304,1.53,-0.209,195.0,222.0
2026-08-08T17:59:11.683719+00:00,1786211951.684,874.82,23.62,4.9304,1.50,-0.235,180.9,222.0
2026-08-08T17:59:11.913260+00:00,1786211951.913,875.05,23.66,4.9348,1.44,-0.174,168.9,222.0
2026-08-08T17:59:12.129030+00:00,1786211952.129,875.27,23.66,4.9348,1.41,-0.117,169.3,222.0
2026-08-08T17:59:12.345636+00:00,1786211952.346,875.48,23.74,4.9348,1.35,-0.141,159.1,222.0
2026-08-08T17:59:12.767123+00:00,1786211952.767,875.90,23.89,4.9370,1.35,-0.109,155.6,222.0
2026-08-08T17:59:13.039346+00:00,1786211953.039,876.18,23.36,4.9414,1.13,-0.158,146.0,222.0
2026-08-08T17:59:13.269294+00:00,1786211953.269,876.41,23.44,4.9414,1.00,-0.147,135.6,222.0
2026-08-08T17:59:13.496019+00:00,1786211953.496,876.63,23.44,4.9414,0.90,0.000,132.0,222.0
2026-08-08T17:59:13.720657+00:00,1786211953.721,876.86,23.00,4.9458,0.80,-0.093,123.1,222.0
2026-08-08T17:59:13.947780+00:00,1786211953.948,877.08,23.00,4.9458,0.69,-0.093,120.1,222.0
2026-08-08T17:59:14.163968+00:00,1786211954.164,877.30,23.00,4.9480,0.60,-0.070,117.8,222.0
2026-08-08T17:59:14.365716+00:00,1786211954.366,877.50,23.54,4.9480,0.60,0.000,119.8,222.0
2026-08-08T17:59:14.618526+00:00,1786211954.618,877.76,23.48,4.9480,0.69,0.000,124.2,222.0
2026-08-08T17:59:14.848426+00:00,1786211954.848,877.99,23.48,4.9524,0.76,0.000,126.7,222.0
2026-08-08T17:59:15.064588+00:00,1786211955.065,878.20,21.83,4.9524,0.82,-0.249,115.2,222.0
2026-08-08T17:59:15.283741+00:00,1786211955.284,878.42,21.83,4.9546,0.86,-0.189,108.1,222.0
2026-08-08T17:59:15.499845+00:00,1786211955.500,878.64,21.75,4.9546,0.89,-0.211,98.6,222.0
2026-08-08T17:59:15.720453+00:00,1786211955.720,878.86,21.84,4.9546,0.92,-0.200,94.3,222.0
2026-08-08T17:59:16.139823+00:00,1786211956.140,879.28,21.59,4.9590,0.86,-0.162,91.3,222.0
2026-08-08T17:59:16.335829+00:00,1786211956.336,879.47,21.59,4.9612,0.81,-0.163,82.1,222.0
2026-08-08T17:59:16.539865+00:00,1786211956.540,879.68,23.09,4.9612,0.82,0.000,86.4,222.0
2026-08-08T17:59:16.739855+00:00,1786211956.740,879.88,23.09,4.9612,0.86,-0.052,89.6,222.0
2026-08-08T17:59:16.980585+00:00,1786211956.981,880.12,22.93,4.9656,0.91,-0.064,92.1,222.0
2026-08-08T17:59:17.201845+00:00,1786211957.202,880.34,21.46,4.9656,0.96,-0.238,83.1,222.0
2026-08-08T17:59:17.417767+00:00,1786211957.418,880.55,21.46,4.9678,0.99,0.000,83.3,222.0
2026-08-08T17:59:17.634954+00:00,1786211957.635,880.77,21.93,4.9678,0.96,0.000,83.4,222.0
2026-08-08T17:59:17.867043+00:00,1786211957.867,881.00,22.12,4.9678,0.86,0.000,94.4,222.0
2026-08-08T17:59:18.086180+00:00,1786211958.086,881.22,22.12,4.9722,0.76,0.000,101.9,222.0
2026-08-08T17:59:18.522798+00:00,1786211958.523,881.66,25.06,4.9766,0.68,0.404,131.9,222.0
2026-08-08T17:59:18.759450+00:00,1786211958.759,881.90,25.06,4.9766,0.62,0.398,160.3,222.0
2026-08-08T17:59:18.984166+00:00,1786211958.984,882.12,23.43,4.9788,0.55,0.000,166.4,222.0
2026-08-08T17:59:19.202457+00:00,1786211959.202,882.34,25.40,4.9788,0.62,0.260,188.1,222.0
2026-08-08T17:59:19.422330+00:00,1786211959.422,882.56,25.40,4.9788,0.76,0.280,203.7,222.0
2026-08-08T17:59:19.636743+00:00,1786211959.637,882.77,25.46,4.9832,0.83,0.456,230.5,222.0
2026-08-08T17:59:19.869234+00:00,1786211959.869,883.01,24.44,4.9832,0.91,0.337,250.8,222.0
2026-08-08T17:59:20.095445+00:00,1786211960.095,883.23,26.09,4.9854,0.97,0.470,289.1,222.0
2026-08-08T17:59:20.325776+00:00,1786211960.326,883.46,26.09,4.9854,1.06,0.448,317.1,222.0
2026-08-08T17:59:20.552941+00:00,1786211960.553,883.69,24.06,4.9898,1.16,0.218,330.9,222.0
2026-08-08T17:59:20.789989+00:00,1786211960.790,883.93,23.41,4.9898,1.25,-0.202,326.0,222.0
2026-08-08T17:59:21.020599+00:00,1786211961.021,884.16,25.02,4.9898,1.35,0.000,333.6,222.0
2026-08-08T17:59:21.240722+00:00,1786211961.241,884.38,25.02,4.9942,1.40,0.196,329.3,222.0
2026-08-08T17:59:21.454319+00:00,1786211961.454,884.59,25.19,4.9942,1.44,0.000,317.0,222.0
2026-08-08T17:59:21.680140+00:00,1786211961.680,884.82,26.19,4.9986,1.49,0.098,332.7,222.0
2026-08-08T17:59:21.911313+00:00,1786211961.911,885.05,26.19,4.9986,1.60,0.090,333.7,222.0
2026-08-08T17:59:22.136630+00:00,1786211962.137,885.27,25.82,4.9986,1.67,0.169,336.5,222.0
2026-08-08T17:59:22.357736+00:00,1786211962.358,885.49,25.64,5.0030,1.70,-0.056,318.9,222.0
2026-08-08T17:59:22.571986+00:00,1786211962.572,885.71,25.95,5.0030,1.73,0.000,311.7,222.0
2026-08-08T17:59:22.794591+00:00,1786211962.795,885.93,25.95,5.0052,1.77,0.234,306.3,222.0
2026-08-08T17:59:22.996121+00:00,1786211962.996,886.13,25.77,5.0052,1.81,0.297,304.5,222.0
2026-08-08T17:59:23.220204+00:00,1786211963.220,886.36,27.44,5.0052,1.85,0.305,320.8,222.0
2026-08-08T17:59:23.438528+00:00,1786211963.439,886.58,27.44,5.0096,1.89,0.305,356.8,222.0
2026-08-08T17:59:23.672840+00:00,1786211963.673,886.81,24.52,5.0096,1.87,-0.084,356.4,222.0
2026-08-08T17:59:23.908823+00:00,1786211963.909,887.05,25.82,5.0140,1.85,0.000,351.8,222.0
2026-08-08T17:59:24.124914+00:00,1786211964.125,887.26,25.28,5.0140,1.84,-0.114,349.7,222.0
2026-08-08T17:59:24.340119+00:00,1786211964.340,887.48,25.28,5.0140,1.83,-0.068,343.0,222.0
2026-08-08T17:59:24.559156+00:00,1786211964.559,887.70,24.78,5.0184,1.81,-0.108,333.1,222.0
2026-08-08T17:59:24.756838+00:00,1786211964.757,887.89,28.31,5.0184,1.81,0.300,346.1,222.0
2026-08-08T17:59:25.031913+00:00,1786211965.032,888.17,25.70,5.0228,1.78,0.000,349.6,222.0
2026-08-08T17:59:25.257529+00:00,1786211965.258,888.39,27.96,5.0228,1.74,0.269,367.1,222.0
2026-08-08T17:59:25.475074+00:00,1786211965.475,888.61,27.96,5.0228,1.73,0.064,361.6,222.0
2026-08-08T17:59:25.697971+00:00,1786211965.698,888.83,27.64,5.0272,1.70,0.000,348.6,222.0
2026-08-08T17:59:25.928657+00:00,1786211965.929,889.07,25.21,5.0272,1.66,0.085,331.8,222.0
2026-08-08T17:59:26.149198+00:00,1786211966.149,889.29,28.73,5.0316,1.65,0.360,335.4,222.0
2026-08-08T17:59:26.348939+00:00,1786211966.349,889.49,28.73,5.0316,1.64,0.430,367.4,222.0
2026-08-08T17:59:26.548715+00:00,1786211966.549,889.69,27.15,5.0316,1.62,0.235,379.6,222.0
2026-08-08T17:59:26.753098+00:00,1786211966.753,889.89,28.34,5.0338,1.62,0.450,412.3,222.0
2026-08-08T17:59:26.956094+00:00,1786211966.956,890.09,28.34,5.0338,1.60,0.000,418.1,222.0
2026-08-08T17:59:27.157709+00:00,1786211967.158,890.29,29.31,5.0382,1.58,0.471,454.5,222.0
2026-08-08T17:59:27.363817+00:00,1786211967.364,890.50,27.07,5.0382,1.56,-0.117,427.9,222.0
2026-08-08T17:59:27.569113+00:00,1786211967.569,890.71,27.07,5.0382,1.52,-0.117,421.5,222.0
2026-08-08T17:59:27.771054+00:00,1786211967.771,890.91,24.46,5.0426,1.49,-0.425,380.0,222.0
2026-08-08T17:59:27.971411+00:00,1786211967.971,891.11,27.12,5.0426,1.48,0.260,386.7,222.0
2026-08-08T17:59:28.176706+00:00,1786211968.177,891.31,27.11,5.0426,1.46,-0.221,372.3,222.0
2026-08-08T17:59:28.395876+00:00,1786211968.396,891.53,27.11,5.0470,1.46,-0.219,357.6,222.0
2026-08-08T17:59:28.622688+00:00,1786211968.623,891.76,26.29,5.0470,1.44,-0.115,326.4,222.0
2026-08-08T17:59:28.848652+00:00,1786211968.849,891.99,28.00,5.0514,1.42,0.000,299.5,222.0
2026-08-08T17:59:29.080763+00:00,1786211969.081,892.22,26.48,5.0514,1.40,-0.242,272.0,222.0
2026-08-08T17:59:29.300790+00:00,1786211969.301,892.44,26.48,5.0514,1.39,-0.366,224.1,222.0
2026-08-08T17:59:29.494360+00:00,1786211969.494,892.63,26.94,5.0558,1.39,0.000,220.1,222.0
2026-08-08T17:59:29.744008+00:00,1786211969.744,892.88,25.62,5.0558,1.30,-0.186,176.5,222.0
2026-08-08T17:59:29.969526+00:00,1786211969.970,893.11,28.43,5.0602,1.27,0.501,209.4,222.0
2026-08-08T17:59:30.169900+00:00,1786211970.170,893.31,28.43,5.0602,1.14,0.165,223.1,222.0
2026-08-08T17:59:30.371528+00:00,1786211970.372,893.51,26.69,5.0602,1.01,-0.054,239.1,222.0
2026-08-08T17:59:30.576727+00:00,1786211970.577,893.71,25.91,5.0624,0.94,-0.153,211.6,222.0
2026-08-08T17:59:30.771597+00:00,1786211970.772,893.91,25.91,5.0624,0.92,0.000,216.9,222.0
2026-08-08T17:59:30.979066+00:00,1786211970.979,894.12,25.68,5.0668,1.00,-0.303,207.6,222.0
2026-08-08T17:59:31.196120+00:00,1786211971.196,894.33,25.68,5.0668,1.04,-0.106,204.0,222.0
2026-08-08T17:59:31.412421+00:00,1786211971.412,894.55,23.56,5.0668,1.11,-0.385,178.3,222.0
2026-08-08T17:59:31.631323+00:00,1786211971.631,894.77,23.18,5.0690,1.15,-0.489,162.8,222.0
2026-08-08T17:59:31.863331+00:00,1786211971.863,895.00,23.18,5.0690,1.22,-0.319,161.8,222.0
2026-08-08T17:59:32.079517+00:00,1786211972.079,895.22,22.61,5.0734,1.26,-0.767,122.1,222.0
2026-08-08T17:59:32.495138+00:00,1786211972.495,895.63,25.74,5.0734,1.30,-0.321,115.5,222.0
2026-08-08T17:59:32.767495+00:00,1786211972.767,895.90,23.66,5.0778,1.19,-0.351,65.3,222.0
2026-08-08T17:59:33.007245+00:00,1786211973.007,896.14,25.38,5.0778,1.14,-0.060,49.3,222.0
2026-08-08T17:59:33.230969+00:00,1786211973.231,896.37,25.23,5.0822,1.11,-0.077,47.4,222.0
2026-08-08T17:59:33.448188+00:00,1786211973.448,896.58,25.23,5.0822,1.09,-0.050,53.1,222.0
2026-08-08T17:59:33.667992+00:00,1786211973.668,896.80,23.40,5.0822,1.15,-0.256,40.6,222.0
2026-08-08T17:59:33.905292+00:00,1786211973.905,897.04,25.22,5.0844,1.20,0.186,65.7,222.0
2026-08-08T17:59:34.108038+00:00,1786211974.108,897.24,25.22,5.0844,1.20,0.229,82.8,222.0
2026-08-08T17:59:34.368517+00:00,1786211974.368,897.51,23.01,5.0888,1.25,0.000,100.7,222.0
2026-08-08T17:59:34.584146+00:00,1786211974.584,897.72,25.22,5.0888,1.19,0.289,139.3,222.0
2026-08-08T17:59:34.816993+00:00,1786211974.817,897.95,25.19,5.0888,1.08,-0.065,151.5,222.0
2026-08-08T17:59:35.036618+00:00,1786211975.037,898.17,25.19,5.0932,1.02,0.188,195.0,222.0
2026-08-08T17:59:35.231406+00:00,1786211975.231,898.37,26.06,5.0932,0.86,0.084,211.8,222.0
2026-08-08T17:59:35.425789+00:00,1786211975.426,898.56,27.01,5.0932,0.79,0.225,240.1,222.0
2026-08-08T17:59:35.695281+00:00,1786211975.695,898.83,27.01,5.0975,0.67,0.220,252.4,222.0
2026-08-08T17:59:35.921790+00:00,1786211975.922,899.06,24.08,5.0975,0.61,0.084,254.8,222.0
2026-08-08T17:59:36.151389+00:00,1786211976.151,899.29,25.75,5.1019,0.64,0.066,257.3,222.0
2026-08-08T17:59:36.368434+00:00,1786211976.368,899.51,25.31,5.1019,0.65,0.000,266.9,222.0
2026-08-08T17:59:36.584116+00:00,1786211976.584,899.72,25.31,5.1019,0.66,0.288,267.5,222.0
2026-08-08T17:59:36.805658+00:00,1786211976.806,899.94,22.99,5.1063,0.67,-0.278,237.6,222.0
2026-08-08T17:59:37.007413+00:00,1786211977.007,900.14,27.46,5.1063,0.72,0.287,253.5,222.0
2026-08-08T17:59:37.210399+00:00,1786211977.210,900.35,27.46,5.1063,0.78,0.289,253.9,222.0
2026-08-08T17:59:37.479372+00:00,1786211977.479,900.62,26.05,5.1107,0.85,0.000,256.2,222.0
2026-08-08T17:59:37.702480+00:00,1786211977.702,900.84,26.04,5.1107,0.89,-0.118,241.0,222.0
2026-08-08T17:59:37.939548+00:00,1786211977.940,901.08,28.00,5.1129,0.93,0.123,246.4,222.0
2026-08-08T17:59:38.152825+00:00,1786211978.153,901.29,26.43,5.1129,0.95,0.293,250.3,222.0
2026-08-08T17:59:38.368624+00:00,1786211978.369,901.51,26.43,5.1173,0.97,0.085,245.1,222.0
2026-08-08T17:59:38.585726+00:00,1786211978.586,901.72,25.82,5.1173,0.98,0.064,249.3,222.0
2026-08-08T17:59:39.260081+00:00,1786211979.260,902.40,28.28,5.1217,1.03,0.309,269.3,222.0
2026-08-08T17:59:39.524846+00:00,1786211979.525,902.66,25.01,5.1261,1.14,0.205,282.9,222.0
2026-08-08T17:59:39.757368+00:00,1786211979.757,902.89,27.48,5.1261,1.20,0.000,276.1,222.0
2026-08-08T17:59:39.986972+00:00,1786211979.987,903.12,27.15,5.1261,1.26,0.000,298.0,222.0
2026-08-08T17:59:40.207902+00:00,1786211980.208,903.34,27.47,5.1305,1.32,0.145,295.9,222.0
2026-08-08T17:59:40.426990+00:00,1786211980.427,903.56,27.47,5.1305,1.36,0.146,293.5,222.0
2026-08-08T17:59:40.629711+00:00,1786211980.630,903.77,30.13,5.1349,1.42,0.220,317.1,222.0
2026-08-08T17:59:40.827004+00:00,1786211980.827,903.96,27.83,5.1349,1.43,0.146,337.9,222.0
2026-08-08T17:59:41.116850+00:00,1786211981.117,904.25,28.04,5.1393,1.49,0.162,345.2,222.0
2026-08-08T17:59:41.339717+00:00,1786211981.340,904.48,28.02,5.1393,1.51,0.223,349.5,222.0
2026-08-08T17:59:41.555940+00:00,1786211981.556,904.69,28.02,5.1393,1.53,0.000,352.3,222.0
2026-08-08T17:59:41.790270+00:00,1786211981.790,904.93,26.40,5.1437,1.56,0.170,363.4,222.0
2026-08-08T17:59:42.026591+00:00,1786211982.027,905.16,27.91,5.1437,1.58,0.052,353.9,222.0
2026-08-08T17:59:42.256027+00:00,1786211982.256,905.39,27.79,5.1481,1.61,0.079,356.1,222.0
2026-08-08T17:59:42.450731+00:00,1786211982.451,905.59,27.79,5.1481,1.61,0.000,360.2,222.0
2026-08-08T17:59:42.652204+00:00,1786211982.652,905.79,27.72,5.1481,1.61,0.000,364.2,222.0
2026-08-08T17:59:42.849752+00:00,1786211982.850,905.99,28.98,5.1503,1.61,-0.144,353.3,222.0
2026-08-08T17:59:43.048803+00:00,1786211983.049,906.19,27.86,5.1503,1.58,0.000,348.1,222.0
2026-08-08T17:59:43.269140+00:00,1786211983.269,906.41,27.86,5.1547,1.54,0.000,333.1,222.0
2026-08-08T17:59:43.489255+00:00,1786211983.489,906.63,28.04,5.1547,1.52,0.000,326.3,222.0
2026-08-08T17:59:43.710497+00:00,1786211983.710,906.85,27.73,5.1547,1.51,0.000,317.3,222.0
2026-08-08T17:59:43.945919+00:00,1786211983.946,907.08,26.87,5.1591,1.47,0.061,306.4,222.0
2026-08-08T17:59:44.174611+00:00,1786211984.175,907.31,26.87,5.1591,1.43,-0.134,296.9,222.0
2026-08-08T17:59:44.391183+00:00,1786211984.391,907.53,25.63,5.1635,1.41,-0.281,272.1,222.0
2026-08-08T17:59:44.611784+00:00,1786211984.612,907.75,28.31,5.1635,1.39,0.066,271.7,222.0
2026-08-08T17:59:44.816696+00:00,1786211984.817,907.95,27.71,5.1635,1.39,0.000,265.3,222.0
2026-08-08T17:59:45.081967+00:00,1786211985.082,908.22,27.88,5.1679,1.33,-0.137,255.5,222.0
2026-08-08T17:59:45.308709+00:00,1786211985.309,908.45,27.88,5.1679,1.29,0.000,252.9,222.0
2026-08-08T17:59:45.525417+00:00,1786211985.525,908.66,27.91,5.1723,1.28,0.000,256.3,222.0
2026-08-08T17:59:45.745727+00:00,1786211985.746,908.88,25.51,5.1723,1.26,-0.312,235.0,222.0
2026-08-08T17:59:45.960102+00:00,1786211985.960,909.10,26.52,5.1723,1.23,-0.150,222.7,222.0
2026-08-08T17:59:46.182508+00:00,1786211986.182,909.32,28.56,5.1767,1.21,0.210,232.1,222.0
2026-08-08T17:59:46.385748+00:00,1786211986.386,909.52,28.56,5.1767,1.21,0.212,242.2,222.0
2026-08-08T17:59:46.645568+00:00,1786211986.645,909.78,28.55,5.1811,1.13,0.359,258.1,222.0
2026-08-08T17:59:46.877669+00:00,1786211986.878,910.01,31.24,5.1811,1.08,0.360,289.8,222.0
2026-08-08T17:59:47.092766+00:00,1786211987.093,910.23,27.94,5.1811,1.06,0.000,303.7,222.0
2026-08-08T17:59:47.316452+00:00,1786211987.316,910.45,27.85,5.1855,1.00,0.000,296.0,222.0
2026-08-08T17:59:47.542289+00:00,1786211987.542,910.68,27.85,5.1855,0.95,0.000,292.2,222.0
2026-08-08T17:59:47.763585+00:00,1786211987.764,910.90,27.86,5.1899,0.90,0.000,295.7,222.0
2026-08-08T17:59:47.963157+00:00,1786211987.963,911.10,27.94,5.1899,0.90,0.304,308.6,222.0
2026-08-08T17:59:48.160613+00:00,1786211988.161,911.30,27.94,5.1899,0.89,0.180,314.8,222.0
2026-08-08T17:59:48.360992+00:00,1786211988.361,911.50,27.16,5.1943,0.89,-0.179,319.6,222.0
2026-08-08T17:59:48.578296+00:00,1786211988.578,911.72,27.53,5.1943,0.88,-0.130,318.6,222.0
2026-08-08T17:59:48.811925+00:00,1786211988.812,911.95,29.22,5.1987,0.87,0.086,309.8,222.0
2026-08-08T17:59:49.033447+00:00,1786211989.033,912.17,29.22,5.1987,0.87,-0.261,281.2,222.0
2026-08-08T17:59:49.235917+00:00,1786211989.236,912.37,27.41,5.1987,0.83,-0.068,253.7,222.0
2026-08-08T17:59:49.493406+00:00,1786211989.493,912.63,28.24,5.2009,0.79,0.051,227.7,222.0
2026-08-08T17:59:49.715412+00:00,1786211989.715,912.85,27.46,5.2009,0.77,0.000,224.5,222.0
2026-08-08T17:59:49.953231+00:00,1786211989.953,913.09,26.37,5.2053,0.78,-0.189,211.1,222.0
2026-08-08T17:59:50.177469+00:00,1786211990.177,913.31,26.37,5.2053,0.80,-0.197,198.0,222.0
2026-08-08T17:59:50.376356+00:00,1786211990.376,913.51,25.46,5.2097,0.80,-0.311,179.0,222.0
2026-08-08T17:59:50.626423+00:00,1786211990.626,913.76,27.89,5.2097,0.82,0.090,166.7,222.0
2026-08-08T17:59:50.849888+00:00,1786211990.850,913.99,25.90,5.2141,0.84,-0.199,144.1,222.0
2026-08-08T17:59:51.069871+00:00,1786211991.070,914.21,25.90,5.2141,0.84,-0.408,131.2,222.0
2026-08-08T17:59:51.271801+00:00,1786211991.272,914.41,27.82,5.2141,0.82,-0.174,128.7,222.0
2026-08-08T17:59:51.476601+00:00,1786211991.477,914.61,29.13,5.2163,0.83,0.213,135.2,222.0
2026-08-08T17:59:51.677370+00:00,1786211991.677,914.81,27.46,5.2163,0.93,-0.100,142.9,222.0
2026-08-08T17:59:51.958549+00:00,1786211991.959,915.10,27.46,5.2207,0.80,0.000,146.3,222.0
2026-08-08T17:59:52.180496+00:00,1786211992.180,915.32,26.05,5.2207,0.68,0.000,140.1,222.0
2026-08-08T17:59:52.399770+00:00,1786211992.400,915.54,26.33,5.2251,0.58,0.000,137.1,222.0
2026-08-08T17:59:52.616901+00:00,1786211992.617,915.75,25.54,5.2251,0.53,0.000,143.6,222.0
2026-08-08T17:59:52.850104+00:00,1786211992.850,915.99,25.54,5.2251,0.43,-0.294,135.2,222.0
2026-08-08T17:59:53.068367+00:00,1786211993.068,916.21,26.38,5.2295,0.32,0.060,150.4,222.0
2026-08-08T17:59:53.501993+00:00,1786211993.502,916.64,27.07,5.2339,0.27,0.133,146.6,222.0
2026-08-08T17:59:53.708615+00:00,1786211993.709,916.85,27.07,5.2339,0.26,-0.086,148.4,222.0
2026-08-08T17:59:53.913525+00:00,1786211993.914,917.05,27.39,5.2339,0.25,-0.199,154.7,222.0
2026-08-08T17:59:54.121449+00:00,1786211994.121,917.26,25.28,5.2361,0.23,-0.247,144.2,222.0
2026-08-08T17:59:54.318089+00:00,1786211994.318,917.45,25.28,5.2361,0.23,-0.256,110.1,222.0
2026-08-08T17:59:54.519504+00:00,1786211994.519,917.66,26.64,5.2405,0.23,0.070,111.9,222.0
2026-08-08T17:59:54.716797+00:00,1786211994.717,917.85,26.18,5.2405,0.19,0.000,105.2,222.0
2026-08-08T17:59:54.930585+00:00,1786211994.931,918.07,26.18,5.2405,0.05,0.077,103.8,222.0
2026-08-08T17:59:55.153129+00:00,1786211995.153,918.29,24.77,5.2449,0.16,-0.093,94.4,222.0
2026-08-08T17:59:55.367935+00:00,1786211995.368,918.50,27.33,5.2449,0.21,0.114,99.5,222.0
2026-08-08T17:59:55.584777+00:00,1786211995.585,918.72,25.94,5.2493,0.27,-0.150,105.5,222.0
2026-08-08T17:59:55.819128+00:00,1786211995.819,918.96,25.94,5.2493,0.37,-0.148,95.0,222.0
2026-08-08T17:59:56.051845+00:00,1786211996.052,919.19,25.00,5.2493,0.48,-0.311,72.8,222.0
2026-08-08T17:59:56.271689+00:00,1786211996.272,919.41,25.95,5.2515,0.58,0.086,83.1,222.0
2026-08-08T17:59:56.716519+00:00,1786211996.716,919.85,25.99,5.2559,0.66,0.081,99.8,222.0
2026-08-08T17:59:56.920682+00:00,1786211996.921,920.06,25.23,5.2559,0.66,-0.163,107.4,222.0
2026-08-08T17:59:57.180919+00:00,1786211997.181,920.32,25.44,5.2603,0.62,-0.083,119.1,222.0
2026-08-08T17:59:57.401857+00:00,1786211997.402,920.54,25.44,5.2603,0.59,-0.083,113.3,222.0
2026-08-08T17:59:57.621071+00:00,1786211997.621,920.76,25.50,5.2603,0.56,0.082,119.7,222.0
2026-08-08T17:59:57.854488+00:00,1786211997.854,920.99,25.63,5.2647,0.53,-0.190,110.0,222.0
2026-08-08T17:59:58.071753+00:00,1786211998.072,921.21,25.80,5.2647,0.50,0.000,118.2,222.0
2026-08-08T17:59:58.287334+00:00,1786211998.287,921.42,25.80,5.2669,0.48,0.000,112.9,222.0
2026-08-08T17:59:58.486471+00:00,1786211998.486,921.62,26.06,5.2669,0.48,0.122,128.4,222.0
2026-08-08T17:59:58.743944+00:00,1786211998.744,921.88,25.79,5.2669,0.45,0.000,136.4,222.0
2026-08-08T17:59:58.969473+00:00,1786211998.969,922.11,25.79,5.2713,0.44,0.000,151.8,222.0
2026-08-08T17:59:59.189004+00:00,1786211999.189,922.33,23.51,5.2713,0.42,-0.212,134.3,222.0
2026-08-08T17:59:59.405956+00:00,1786211999.406,922.54,25.48,5.2757,0.42,0.000,127.6,222.0
2026-08-08T17:59:59.622731+00:00,1786211999.623,922.76,25.48,5.2757,0.39,0.000,133.6,222.0
2026-08-08T17:59:59.853272+00:00,1786211999.853,922.99,23.52,5.2757,0.35,-0.246,122.6,222.0
2026-08-08T18:00:00.090839+00:00,1786212000.091,923.23,25.65,5.2801,0.33,0.000,124.7,222.0
2026-08-08T18:00:00.308280+00:00,1786212000.308,923.45,25.65,5.2801,0.31,0.000,118.8,222.0
2026-08-08T18:00:00.508040+00:00,1786212000.508,923.64,25.55,5.2823,0.33,0.000,126.4,222.0
2026-08-08T18:00:00.707355+00:00,1786212000.707,923.84,23.23,5.2823,0.31,-0.354,106.7,222.0
2026-08-08T18:00:00.907298+00:00,1786212000.907,924.04,23.23,5.2823,0.31,-0.329,88.4,222.0
2026-08-08T18:00:01.103437+00:00,1786212001.103,924.24,23.30,5.2845,0.29,-0.324,63.6,222.0
2026-08-08T18:00:01.321555+00:00,1786212001.322,924.46,23.30,5.2845,0.30,0.000,60.2,222.0
2026-08-08T18:00:01.552460+00:00,1786212001.552,924.69,21.72,5.2889,0.28,-0.486,35.1,222.0
2026-08-08T18:00:01.745822+00:00,1786212001.746,924.88,21.72,5.2889,0.28,-0.492,21.7,222.0
2026-08-08T18:00:01.949479+00:00,1786212001.949,925.09,21.62,5.2889,0.26,-0.251,6.8,222.0
2026-08-08T18:00:02.236503+00:00,1786212002.236,925.37,20.28,5.2911,0.16,-0.695,0.0,222.0
2026-08-08T18:00:02.453648+00:00,1786212002.454,925.59,20.28,5.2911,0.09,-0.694,0.0,222.0
2026-08-08T18:00:02.683789+00:00,1786212002.684,925.82,20.05,5.2955,0.04,-0.702,0.0,222.0
2026-08-08T18:00:02.906089+00:00,1786212002.906,926.04,20.05,5.2955,0.00,-0.403,0.0,222.0
2026-08-08T18:00:03.121423+00:00,1786212003.121,926.26,19.98,5.2955,-0.03,-0.408,0.0,222.0
2026-08-08T18:00:03.348929+00:00,1786212003.349,926.49,19.98,5.2977,-0.08,-0.410,0.0,188.7
2026-08-08T18:00:03.542882+00:00,1786212003.543,926.68,18.82,5.2977,-0.08,-0.560,0.0,188.7
2026-08-08T18:00:03.746069+00:00,1786212003.746,926.88,18.82,5.2999,-0.08,-0.367,0.0,188.7
2026-08-08T18:00:03.952046+00:00,1786212003.952,927.09,18.46,5.2999,-0.21,-0.411,0.0,188.7
2026-08-08T18:00:04.247936+00:00,1786212004.248,927.38,18.46,5.3021,-0.39,-0.382,0.0,188.7
2026-08-08T18:00:04.451589+00:00,1786212004.452,927.59,17.95,5.3021,-0.67,-0.292,0.0,188.7
2026-08-08T18:00:04.648510+00:00,1786212004.648,927.79,17.95,5.3021,-0.94,-0.295,0.0,188.7
2026-08-08T18:00:04.844061+00:00,1786212004.844,927.98,17.95,5.3043,-1.11,-0.269,0.0,188.7
2026-08-08T18:00:05.140391+00:00,1786212005.140,928.28,16.63,5.3043,-1.46,-0.424,0.0,188.7
2026-08-08T18:00:05.361924+00:00,1786212005.362,928.50,16.63,5.3065,-1.69,-0.415,0.0,188.7
2026-08-08T18:00:05.565452+00:00,1786212005.565,928.70,15.09,5.3065,-1.80,-0.613,0.0,188.7
2026-08-08T18:00:05.765918+00:00,1786212005.766,928.90,15.09,5.3087,-1.99,-0.466,0.0,188.7
2026-08-08T18:00:05.964767+00:00,1786212005.965,929.10,17.00,5.3087,-2.10,-0.228,0.0,188.7
2026-08-08T18:00:06.166376+00:00,1786212006.166,929.30,17.00,5.3087,-2.15,-0.183,0.0,188.7
2026-08-08T18:00:06.470384+00:00,1786212006.470,929.61,17.54,5.3131,-2.22,-0.115,0.0,188.7
2026-08-08T18:00:06.691927+00:00,1786212006.692,929.83,17.89,5.3131,-2.31,0.000,0.0,188.7
2026-08-08T18:00:06.916088+00:00,1786212006.916,930.05,17.89,5.3153,-2.23,0.000,0.0,188.7
2026-08-08T18:00:07.137905+00:00,1786212007.138,930.27,20.14,5.3153,-2.12,0.265,0.0,188.7
2026-08-08T18:00:07.450424+00:00,1786212007.450,930.59,19.36,5.3197,-1.93,0.329,0.0,188.7
2026-08-08T18:00:07.655471+00:00,1786212007.655,930.79,19.36,5.3197,-1.55,0.331,0.0,188.7
2026-08-08T18:00:07.851721+00:00,1786212007.852,930.99,20.53,5.3197,-1.13,0.660,0.0,188.7
2026-08-08T18:00:08.121708+00:00,1786212008.122,931.26,20.53,5.3219,-0.71,0.641,0.0,188.7
2026-08-08T18:00:08.340043+00:00,1786212008.340,931.48,20.54,5.3219,-0.28,0.414,0.0,188.7
2026-08-08T18:00:08.560949+00:00,1786212008.561,931.70,22.22,5.3241,0.14,0.606,51.6,188.7
2026-08-08T18:00:08.784128+00:00,1786212008.784,931.92,22.22,5.3241,0.31,0.563,99.8,188.7
2026-08-08T18:00:09.011769+00:00,1786212009.012,932.15,21.94,5.3285,0.62,0.486,145.2,188.7
2026-08-08T18:00:09.231969+00:00,1786212009.232,932.37,22.05,5.3285,0.77,0.499,190.8,222.0
2026-08-08T18:00:09.653200+00:00,1786212009.653,932.79,24.46,5.3307,1.22,0.477,240.4,222.0
2026-08-08T18:00:09.852770+00:00,1786212009.853,932.99,24.43,5.3307,1.60,0.586,297.6,222.0
2026-08-08T18:00:10.143234+00:00,1786212010.143,933.28,24.43,5.3351,1.95,0.566,346.1,222.0
2026-08-08T18:00:10.363656+00:00,1786212010.364,933.50,23.42,5.3351,2.31,0.320,380.5,222.0
2026-08-08T18:00:10.581785+00:00,1786212010.582,933.72,23.46,5.3395,2.49,0.331,414.4,222.0
2026-08-08T18:00:10.816307+00:00,1786212010.816,933.95,23.46,5.3395,2.76,0.327,433.5,233.1
2026-08-08T18:00:11.047649+00:00,1786212011.048,934.18,22.63,5.3395,2.93,0.000,435.8,233.1
2026-08-08T18:00:11.268910+00:00,1786212011.269,934.41,24.17,5.3438,2.99,0.218,457.3,233.1
2026-08-08T18:00:11.740812+00:00,1786212011.741,934.88,25.24,5.3460,3.07,0.336,474.1,233.1
2026-08-08T18:00:11.971566+00:00,1786212011.972,935.11,24.86,5.3460,3.11,0.285,488.5,233.1
2026-08-08T18:00:12.206096+00:00,1786212012.206,935.34,26.93,5.3504,3.15,0.269,509.0,233.1
2026-08-08T18:00:12.438920+00:00,1786212012.439,935.58,24.89,5.3504,3.19,0.050,512.5,233.1
2026-08-08T18:00:12.668532+00:00,1786212012.669,935.81,24.89,5.3504,3.23,0.051,509.2,233.1
2026-08-08T18:00:12.903967+00:00,1786212012.904,936.04,24.75,5.3548,3.22,0.146,502.1,233.1
2026-08-08T18:00:13.132656+00:00,1786212013.133,936.27,27.05,5.3548,3.14,0.391,510.2,233.1
2026-08-08T18:00:13.557096+00:00,1786212013.557,936.69,25.22,5.3570,3.14,0.179,514.0,233.1
2026-08-08T18:00:13.823166+00:00,1786212013.823,936.96,25.03,5.3614,3.02,0.240,517.4,233.1
2026-08-08T18:00:14.050865+00:00,1786212014.051,937.19,27.22,5.3614,2.94,0.304,526.6,233.1
2026-08-08T18:00:14.269062+00:00,1786212014.269,937.41,25.49,5.3614,2.90,0.000,531.3,233.1
2026-08-08T18:00:14.503563+00:00,1786212014.504,937.64,25.49,5.3658,2.82,0.069,525.4,233.1
2026-08-08T18:00:14.738493+00:00,1786212014.738,937.88,24.84,5.3658,2.73,-0.230,494.6,233.1
2026-08-08T18:00:14.969961+00:00,1786212014.970,938.11,27.43,5.3702,2.65,0.279,496.5,233.1
2026-08-08T18:00:15.170361+00:00,1786212015.170,938.31,26.06,5.3702,2.65,0.129,483.2,233.1
2026-08-08T18:00:15.421489+00:00,1786212015.421,938.56,26.06,5.3702,2.58,0.145,485.1,233.1
2026-08-08T18:00:15.645531+00:00,1786212015.645,938.78,23.08,5.3746,2.56,-0.439,454.9,233.1
2026-08-08T18:00:15.843629+00:00,1786212015.844,938.98,27.94,5.3746,2.49,0.331,465.3,233.1
2026-08-08T18:00:16.045579+00:00,1786212016.046,939.18,27.94,5.3746,2.41,0.364,459.6,233.1
2026-08-08T18:00:16.318200+00:00,1786212016.318,939.45,25.63,5.3790,2.32,-0.195,435.3,233.1
2026-08-08T18:00:16.537298+00:00,1786212016.537,939.67,24.92,5.3790,2.28,-0.070,414.2,233.1
2026-08-08T18:00:16.771483+00:00,1786212016.771,939.91,28.04,5.3812,2.20,0.313,410.0,233.1
2026-08-08T18:00:17.005990+00:00,1786212017.006,940.14,25.64,5.3812,2.12,0.098,408.6,233.1
2026-08-08T18:00:17.220063+00:00,1786212017.220,940.36,25.64,5.3856,2.08,-0.222,388.4,233.1
2026-08-08T18:00:17.454632+00:00,1786212017.455,940.59,25.47,5.3856,2.00,-0.072,390.9,233.1
2026-08-08T18:00:18.107329+00:00,1786212018.107,941.24,27.91,5.3900,1.96,0.191,381.0,222.0
2026-08-08T18:00:18.377960+00:00,1786212018.378,941.51,25.09,5.3944,1.77,0.205,375.5,222.0
2026-08-08T18:00:18.612547+00:00,1786212018.613,941.75,27.26,5.3944,1.64,-0.069,358.4,222.0
2026-08-08T18:00:18.841129+00:00,1786212018.841,941.98,27.02,5.3944,1.53,-0.092,370.6,222.0
2026-08-08T18:00:19.061742+00:00,1786212019.062,942.20,27.02,5.3988,1.49,0.140,349.8,222.0
2026-08-08T18:00:19.261018+00:00,1786212019.261,942.40,26.96,5.3988,1.41,0.208,330.6,222.0
2026-08-08T18:00:19.467303+00:00,1786212019.467,942.60,27.81,5.3988,1.36,0.000,335.2,222.0
2026-08-08T18:00:19.672961+00:00,1786212019.673,942.81,27.17,5.4032,1.33,0.160,342.2,222.0
2026-08-08T18:00:19.867604+00:00,1786212019.868,943.00,27.17,5.4032,1.32,0.161,324.5,222.0
2026-08-08T18:00:20.076213+00:00,1786212020.076,943.21,28.18,5.4076,1.30,0.288,332.0,222.0
2026-08-08T18:00:20.306839+00:00,1786212020.307,943.44,25.74,5.4076,1.28,-0.274,322.8,222.0
2026-08-08T18:00:20.522994+00:00,1786212020.523,943.66,25.74,5.4076,1.26,0.084,324.8,222.0
2026-08-08T18:00:20.757299+00:00,1786212020.757,943.89,25.50,5.4120,1.24,-0.228,293.6,222.0
2026-08-08T18:00:20.990688+00:00,1786212020.991,944.13,26.32,5.4120,1.21,-0.090,276.2,222.0
2026-08-08T18:00:21.211071+00:00,1786212021.211,944.35,25.56,5.4164,1.20,-0.189,264.4,222.0
2026-08-08T18:00:21.433239+00:00,1786212021.433,944.57,28.13,5.4164,1.21,0.149,276.0,222.0
2026-08-08T18:00:21.629295+00:00,1786212021.629,944.77,28.13,5.4164,1.24,0.000,268.0,222.0
2026-08-08T18:00:21.831351+00:00,1786212021.831,944.97,29.22,5.4186,1.24,0.264,273.7,222.0
2026-08-08T18:00:22.031901+00:00,1786212022.032,945.17,27.43,5.4186,1.24,0.000,272.0,222.0
2026-08-08T18:00:22.228663+00:00,1786212022.229,945.37,27.43,5.4230,1.24,-0.098,258.0,222.0
2026-08-08T18:00:22.427328+00:00,1786212022.427,945.56,28.39,5.4230,1.24,0.347,269.5,222.0
2026-08-08T18:00:22.626322+00:00,1786212022.626,945.76,26.76,5.4230,1.22,0.135,258.1,222.0
2026-08-08T18:00:22.824043+00:00,1786212022.824,945.96,26.76,5.4274,1.18,0.169,280.9,222.0
2026-08-08T18:00:23.023677+00:00,1786212023.024,946.16,26.69,5.4274,1.14,0.050,279.5,222.0
2026-08-08T18:00:23.270239+00:00,1786212023.270,946.41,25.45,5.4296,1.09,0.000,289.4,222.0
2026-08-08T18:00:23.491849+00:00,1786212023.492,946.63,25.45,5.4296,1.04,-0.361,273.7,222.0
2026-08-08T18:00:23.711551+00:00,1786212023.712,946.85,24.49,5.4340,1.02,-0.485,257.4,222.0
2026-08-08T18:00:23.943526+00:00,1786212023.944,947.08,26.29,5.4340,0.97,-0.385,225.4,222.0
2026-08-08T18:00:24.161346+00:00,1786212024.161,947.30,25.46,5.4340,0.95,-0.256,206.9,222.0
2026-08-08T18:00:24.381622+00:00,1786212024.382,947.52,25.46,5.4384,0.89,-0.253,171.7,222.0
2026-08-08T18:00:24.611332+00:00,1786212024.611,947.75,25.76,5.4384,0.85,-0.335,149.7,222.0
2026-08-08T18:00:24.807562+00:00,1786212024.808,947.94,28.27,5.4428,0.85,0.192,162.9,222.0
2026-08-08T18:00:25.004838+00:00,1786212025.005,948.14,28.27,5.4428,0.85,0.192,150.6,222.0
2026-08-08T18:00:25.207207+00:00,1786212025.207,948.34,25.46,5.4428,0.84,-0.156,131.2,222.0
2026-08-08T18:00:25.417151+00:00,1786212025.417,948.55,25.32,5.4450,0.80,0.000,117.5,222.0
2026-08-08T18:00:25.647064+00:00,1786212025.647,948.78,27.63,5.4450,0.76,0.281,127.8,222.0
2026-08-08T18:00:25.878723+00:00,1786212025.879,949.02,27.63,5.4494,0.73,0.402,148.7,222.0
2026-08-08T18:00:26.093825+00:00,1786212026.094,949.23,25.26,5.4494,0.72,-0.133,157.0,222.0
2026-08-08T18:00:26.310604+00:00,1786212026.311,949.45,27.59,5.4494,0.70,0.275,195.4,222.0
2026-08-08T18:00:26.509573+00:00,1786212026.510,949.65,28.73,5.4538,0.70,0.426,239.0,222.0
2026-08-08T18:00:26.711882+00:00,1786212026.712,949.85,28.73,5.4538,0.71,0.393,275.1,222.0
2026-08-08T18:00:26.915215+00:00,1786212026.915,950.05,25.69,5.4538,0.70,-0.340,269.4,222.0
2026-08-08T18:00:27.210830+00:00,1786212027.211,950.35,25.95,5.4582,0.68,-0.292,270.1,222.0
2026-08-08T18:00:27.428543+00:00,1786212027.429,950.57,26.11,5.4582,0.66,0.081,259.5,222.0
2026-08-08T18:00:27.629305+00:00,1786212027.629,950.77,26.11,5.4626,0.66,0.098,249.7,222.0
2026-08-08T18:00:27.969890+00:00,1786212027.970,951.11,25.32,5.4626,0.64,-0.276,242.1,222.0
2026-08-08T18:00:28.196835+00:00,1786212028.197,951.33,28.17,5.4670,0.61,0.065,247.3,222.0
2026-08-08T18:00:28.414146+00:00,1786212028.414,951.55,28.83,5.4670,0.60,0.427,256.0,222.0
2026-08-08T18:00:28.613711+00:00,1786212028.614,951.75,27.46,5.4692,0.60,0.000,233.3,222.0
2026-08-08T18:00:28.955123+00:00,1786212028.955,952.09,26.51,5.4692,0.69,-0.252,228.1,222.0
2026-08-08T18:00:29.150212+00:00,1786212029.150,952.29,27.41,5.4736,0.80,-0.150,206.2,222.0
2026-08-08T18:00:29.344483+00:00,1786212029.344,952.48,27.41,5.4736,0.83,0.197,192.6,222.0
2026-08-08T18:00:29.628181+00:00,1786212029.628,952.76,26.19,5.4780,0.93,0.000,169.7,222.0
2026-08-08T18:00:29.851199+00:00,1786212029.851,952.99,27.27,5.4780,0.99,0.134,197.9,222.0
2026-08-08T18:00:30.069322+00:00,1786212030.069,953.21,28.89,5.4780,1.03,0.317,236.9,222.0
2026-08-08T18:00:30.280106+00:00,1786212030.280,953.42,28.89,5.4824,1.08,0.429,263.8,222.0
2026-08-08T18:00:30.498866+00:00,1786212030.499,953.64,25.65,5.4824,1.10,-0.303,247.1,222.0
2026-08-08T18:00:30.735708+00:00,1786212030.736,953.87,28.92,5.4868,1.15,0.000,269.5,222.0
2026-08-08T18:00:30.964636+00:00,1786212030.965,954.10,25.82,5.4868,1.20,-0.194,258.6,222.0
2026-08-08T18:00:31.183557+00:00,1786212031.184,954.32,27.93,5.4912,1.22,0.177,248.9,222.0
2026-08-08T18:00:31.399272+00:00,1786212031.399,954.54,27.93,5.4912,1.25,0.064,258.8,222.0
2026-08-08T18:00:31.617754+00:00,1786212031.618,954.75,28.31,5.4912,1.29,0.109,285.2,222.0
2026-08-08T18:00:32.023813+00:00,1786212032.024,955.16,27.56,5.4934,1.31,0.159,306.4,222.0
2026-08-08T18:00:32.222307+00:00,1786212032.222,955.36,28.03,5.4934,1.33,0.088,306.0,222.0
2026-08-08T18:00:32.455930+00:00,1786212032.456,955.59,27.39,5.5000,1.32,-0.174,301.7,222.0
2026-08-08T18:00:32.684637+00:00,1786212032.685,955.82,26.99,5.5000,1.26,-0.219,285.4,222.0
2026-08-08T18:00:32.921856+00:00,1786212032.922,956.06,27.37,5.5044,1.24,0.196,278.0,222.0
2026-08-08T18:00:33.135909+00:00,1786212033.136,956.27,27.37,5.5044,1.22,-0.179,243.9,222.0
2026-08-08T18:00:33.351243+00:00,1786212033.351,956.49,25.29,5.5044,1.21,-0.062,256.4,222.0
2026-08-08T18:00:33.548208+00:00,1786212033.548,956.68,28.24,5.5066,1.21,0.000,256.0,222.0
2026-08-08T18:00:33.750788+00:00,1786212033.751,956.89,29.84,5.5066,1.21,0.226,284.3,222.0
2026-08-08T18:00:34.029587+00:00,1786212034.030,957.17,28.51,5.5110,1.21,0.000,275.5,222.0
2026-08-08T18:00:34.233431+00:00,1786212034.233,957.37,28.51,5.5110,1.21,0.119,279.2,222.0
2026-08-08T18:00:34.432539+00:00,1786212034.433,957.57,32.97,5.5154,1.20,0.621,319.2,222.0
2026-08-08T18:00:34.717091+00:00,1786212034.717,957.85,27.83,5.5154,1.17,0.055,312.8,222.0
2026-08-08T18:00:34.921025+00:00,1786212034.921,958.06,28.18,5.5154,1.17,0.148,314.8,222.0
2026-08-08T18:00:35.115419+00:00,1786212035.115,958.25,28.18,5.5198,1.16,0.103,329.2,222.0
2026-08-08T18:00:35.314217+00:00,1786212035.314,958.45,25.47,5.5198,1.15,-0.242,325.9,222.0
2026-08-08T18:00:35.515241+00:00,1786212035.515,958.65,28.47,5.5242,1.15,0.408,338.7,222.0
2026-08-08T18:00:35.717786+00:00,1786212035.718,958.85,28.73,5.5242,1.16,0.063,352.9,222.0
2026-08-08T18:00:35.923044+00:00,1786212035.923,959.06,28.73,5.5242,1.16,-0.142,352.2,222.0
2026-08-08T18:00:36.121018+00:00,1786212036.121,959.26,28.47,5.5264,1.15,0.000,352.0,222.0
2026-08-08T18:00:36.327447+00:00,1786212036.327,959.46,32.11,5.5264,1.13,0.477,371.3,222.0
2026-08-08T18:00:36.635891+00:00,1786212036.635,959.77,26.18,5.5308,1.08,-0.858,323.8,222.0
2026-08-08T18:00:36.831387+00:00,1786212036.831,959.97,28.53,5.5308,1.08,0.091,321.0,222.0
2026-08-08T18:00:37.082459+00:00,1786212037.082,960.22,28.53,5.5352,1.03,0.000,273.0,222.0
2026-08-08T18:00:37.304145+00:00,1786212037.304,960.44,28.29,5.5352,1.02,0.000,269.2,222.0
2026-08-08T18:00:37.520974+00:00,1786212037.521,960.66,27.37,5.5352,1.00,0.239,271.2,222.0
2026-08-08T18:00:37.757866+00:00,1786212037.758,960.89,30.99,5.5418,0.98,0.313,286.7,222.0
2026-08-08T18:00:37.988980+00:00,1786212037.989,961.13,26.93,5.5418,0.96,-0.220,287.3,222.0
2026-08-08T18:00:38.208204+00:00,1786212038.208,961.34,28.54,5.5462,0.93,0.000,263.0,222.0
2026-08-08T18:00:38.604767+00:00,1786212038.605,961.74,29.67,5.5462,0.90,0.135,266.0,222.0
2026-08-08T18:00:38.805139+00:00,1786212038.805,961.94,27.83,5.5484,0.81,-0.479,243.8,222.0
2026-08-08T18:00:39.021510+00:00,1786212039.021,962.16,27.83,5.5484,0.77,0.193,249.8,222.0
2026-08-08T18:00:39.239185+00:00,1786212039.239,962.38,27.38,5.5528,0.74,-0.133,202.8,222.0
2026-08-08T18:00:39.457095+00:00,1786212039.457,962.59,27.74,5.5528,0.70,-0.092,239.8,222.0
2026-08-08T18:00:39.677069+00:00,1786212039.677,962.81,28.70,5.5528,0.64,0.000,230.9,222.0
2026-08-08T18:00:39.914202+00:00,1786212039.914,963.05,28.39,5.5572,0.58,0.118,233.0,222.0
2026-08-08T18:00:40.140992+00:00,1786212040.141,963.28,31.96,5.5572,0.52,0.113,240.2,222.0
2026-08-08T18:00:40.357003+00:00,1786212040.357,963.49,31.96,5.5616,0.49,0.590,265.2,222.0
2026-08-08T18:00:40.561771+00:00,1786212040.562,963.70,28.33,5.5616,0.49,0.000,238.2,222.0
2026-08-08T18:00:40.813253+00:00,1786212040.813,963.95,28.47,5.5616,0.46,-0.151,238.8,222.0
2026-08-08T18:00:41.046560+00:00,1786212041.047,964.18,27.98,5.5660,0.44,0.000,233.6,222.0
2026-08-08T18:00:41.242661+00:00,1786212041.243,964.38,29.15,5.5660,0.44,0.164,230.0,222.0
2026-08-08T18:00:41.438397+00:00,1786212041.438,964.58,29.15,5.5704,0.43,0.224,266.3,222.0
2026-08-08T18:00:41.722582+00:00,1786212041.723,964.86,30.67,5.5704,0.39,0.358,277.1,222.0
2026-08-08T18:00:41.943081+00:00,1786212041.943,965.08,27.81,5.5748,0.38,-0.109,275.5,222.0
2026-08-08T18:00:42.142657+00:00,1786212042.143,965.28,31.25,5.5748,0.38,0.357,303.3,222.0
2026-08-08T18:00:42.387726+00:00,1786212042.388,965.52,27.29,5.5748,0.41,-0.578,269.2,222.0
2026-08-08T18:00:42.613187+00:00,1786212042.613,965.75,28.59,5.5792,0.43,-0.415,238.8,222.0
2026-08-08T18:00:42.853453+00:00,1786212042.853,965.99,28.59,5.5792,0.45,0.000,226.7,222.0
2026-08-08T18:00:43.076487+00:00,1786212043.076,966.21,27.95,5.5836,0.47,-0.063,181.6,222.0
2026-08-08T18:00:43.293718+00:00,1786212043.294,966.43,27.92,5.5836,0.48,0.000,181.0,222.0
2026-08-08T18:00:43.510900+00:00,1786212043.511,966.65,28.18,5.5836,0.50,-0.119,182.9,222.0
2026-08-08T18:00:43.943958+00:00,1786212043.944,967.08,27.67,5.5880,0.50,-0.164,174.2,222.0
2026-08-08T18:00:44.218767+00:00,1786212044.219,967.36,31.17,5.5923,0.48,0.056,171.4,222.0
2026-08-08T18:00:44.449513+00:00,1786212044.449,967.59,27.53,5.5923,0.46,0.000,157.3,222.0
2026-08-08T18:00:44.647714+00:00,1786212044.648,967.78,30.15,5.5923,0.46,-0.121,129.0,222.0
2026-08-08T18:00:44.915731+00:00,1786212044.916,968.05,27.44,5.5967,0.39,0.000,134.6,222.0
2026-08-08T18:00:45.145076+00:00,1786212045.145,968.28,27.27,5.5967,0.36,-0.145,100.4,222.0
2026-08-08T18:00:45.361736+00:00,1786212045.362,968.50,27.27,5.6011,0.34,-0.147,122.4,222.0
2026-08-08T18:00:45.578238+00:00,1786212045.578,968.71,30.56,5.6011,0.31,0.290,163.5,222.0
2026-08-08T18:00:45.799319+00:00,1786212045.799,968.94,27.97,5.6011,0.29,0.000,161.3,222.0
2026-08-08T18:00:46.034957+00:00,1786212046.035,969.17,28.28,5.6055,0.25,0.000,163.0,222.0
2026-08-08T18:00:46.231619+00:00,1786212046.232,969.37,29.53,5.6055,0.25,0.226,175.6,222.0
2026-08-08T18:00:46.501374+00:00,1786212046.501,969.64,27.97,5.6121,0.21,-0.389,158.3,222.0
2026-08-08T18:00:46.732079+00:00,1786212046.732,969.87,27.97,5.6121,0.19,0.054,167.5,222.0
2026-08-08T18:00:46.961738+00:00,1786212046.962,970.10,27.30,5.6121,0.16,-0.343,138.6,222.0
2026-08-08T18:00:47.186582+00:00,1786212047.187,970.32,30.27,5.6165,0.15,0.346,159.0,222.0
2026-08-08T18:00:47.413450+00:00,1786212047.413,970.55,26.55,5.6165,0.14,-0.088,154.5,222.0
2026-08-08T18:00:47.632692+00:00,1786212047.633,970.77,26.55,5.6187,0.12,-0.088,146.8,222.0
2026-08-08T18:00:47.828841+00:00,1786212047.829,970.97,27.69,5.6187,0.12,-0.355,133.9,222.0
2026-08-08T18:00:48.100572+00:00,1786212048.101,971.24,27.93,5.6187,0.07,0.000,139.9,222.0
2026-08-08T18:00:48.320792+00:00,1786212048.321,971.46,25.75,5.6253,0.06,-0.308,100.2,222.0
2026-08-08T18:00:48.521663+00:00,1786212048.522,971.66,28.93,5.6253,0.04,-0.074,94.9,222.0
2026-08-08T18:00:48.723995+00:00,1786212048.724,971.86,28.93,5.6253,0.01,0.119,100.0,222.0
2026-08-08T18:00:48.927665+00:00,1786212048.928,972.06,27.67,5.6297,-0.02,0.000,82.7,188.7
2026-08-08T18:00:49.125229+00:00,1786212049.125,972.26,28.06,5.6297,-0.04,0.097,106.6,188.7
2026-08-08T18:00:49.332442+00:00,1786212049.332,972.47,28.06,5.6319,-0.09,-0.287,85.8,188.7
2026-08-08T18:00:49.548521+00:00,1786212049.548,972.69,27.80,5.6319,-0.11,0.162,110.5,188.7
2026-08-08T18:00:49.783754+00:00,1786212049.784,972.92,27.37,5.6319,-0.17,0.106,89.8,188.7
2026-08-08T18:00:50.019966+00:00,1786212050.020,973.16,25.96,5.6363,-0.23,-0.219,79.7,188.7
2026-08-08T18:00:50.249668+00:00,1786212050.250,973.39,27.93,5.6363,-0.28,0.000,81.9,188.7
2026-08-08T18:00:50.466881+00:00,1786212050.467,973.60,27.93,5.6407,-0.31,0.283,112.3,188.7
2026-08-08T18:00:50.889887+00:00,1786212050.890,974.03,27.18,5.6407,-0.34,-0.205,97.2,188.7
2026-08-08T18:00:51.161334+00:00,1786212051.161,974.30,27.78,5.6451,-0.43,-0.131,102.9,188.7
2026-08-08T18:00:51.384299+00:00,1786212051.384,974.52,27.78,5.6451,-0.45,0.000,101.4,188.7
2026-08-08T18:00:51.604393+00:00,1786212051.604,974.74,25.39,5.6495,-0.48,-0.299,72.7,188.7
2026-08-08T18:00:51.836268+00:00,1786212051.836,974.97,25.12,5.6495,-0.51,-0.325,50.7,188.7
2026-08-08T18:00:52.051507+00:00,1786212052.051,975.19,25.12,5.6495,-0.52,-0.297,24.6,188.7
2026-08-08T18:00:52.270202+00:00,1786212052.270,975.41,23.74,5.6539,-0.53,-0.406,14.5,188.7
2026-08-08T18:00:52.659763+00:00,1786212052.660,975.80,25.24,5.6539,-0.56,-0.076,0.0,188.7
2026-08-08T18:00:52.867720+00:00,1786212052.868,976.00,23.68,5.6583,-0.59,-0.451,0.0,188.7
2026-08-08T18:00:53.080085+00:00,1786212053.080,976.22,23.68,5.6583,-0.64,-0.451,0.0,188.7
2026-08-08T18:00:53.294376+00:00,1786212053.294,976.43,23.53,5.6583,-0.69,-0.421,0.0,188.7
2026-08-08T18:00:53.515401+00:00,1786212053.515,976.65,23.39,5.6605,-0.74,-0.517,0.0,188.7
2026-08-08T18:00:53.737467+00:00,1786212053.737,976.87,23.39,5.6605,-0.79,-0.517,0.0,188.7
2026-08-08T18:00:53.962385+00:00,1786212053.962,977.10,21.97,5.6649,-0.85,-0.402,0.0,188.7
2026-08-08T18:00:54.165331+00:00,1786212054.165,977.30,21.97,5.6649,-0.85,-0.375,0.0,188.7
2026-08-08T18:00:54.419229+00:00,1786212054.419,977.56,21.52,5.6649,-0.75,-0.422,0.0,188.7
2026-08-08T18:00:54.641108+00:00,1786212054.641,977.78,21.72,5.6671,-0.69,-0.237,0.0,188.7
2026-08-08T18:00:54.869267+00:00,1786212054.869,978.01,21.72,5.6671,-0.63,-0.442,0.0,188.7
2026-08-08T18:00:55.085139+00:00,1786212055.085,978.22,21.49,5.6715,-0.56,-0.275,0.0,188.7
2026-08-08T18:00:55.302244+00:00,1786212055.302,978.44,21.49,5.6715,-0.50,-0.274,0.0,188.7
2026-08-08T18:00:55.517952+00:00,1786212055.518,978.65,20.25,5.6715,-0.44,-0.410,0.0,188.7
2026-08-08T18:00:55.713463+00:00,1786212055.713,978.85,20.25,5.6737,-0.44,-0.397,0.0,188.7
2026-08-08T18:00:55.971757+00:00,1786212055.972,979.11,20.35,5.6737,0.43,-0.378,0.0,188.7
2026-08-08T18:00:56.188173+00:00,1786212056.188,979.32,20.44,5.6781,1.00,-0.191,0.0,188.7
2026-08-08T18:00:56.404555+00:00,1786212056.405,979.54,20.44,5.6781,1.29,-0.190,0.0,222.0
2026-08-08T18:00:56.624656+00:00,1786212056.625,979.76,19.31,5.6781,2.15,-0.278,0.0,222.0
2026-08-08T18:00:56.860296+00:00,1786212056.860,980.00,19.31,5.6803,2.73,-0.301,0.0,233.1
2026-08-08T18:00:57.081901+00:00,1786212057.082,980.22,20.36,5.6803,3.25,-0.171,0.0,233.1
2026-08-08T18:00:57.306878+00:00,1786212057.307,980.44,20.36,5.6825,3.73,-0.141,0.0,233.1
2026-08-08T18:00:57.540277+00:00,1786212057.540,980.68,20.27,5.6825,4.70,-0.151,47.8,233.1
2026-08-08T18:00:57.775627+00:00,1786212057.776,980.91,20.01,5.6869,5.66,0.000,99.0,233.1
2026-08-08T18:00:58.006143+00:00,1786212058.006,981.14,20.01,5.6869,6.62,0.000,155.9,244.2
2026-08-08T18:00:58.222466+00:00,1786212058.222,981.36,21.29,5.6869,7.10,0.116,229.0,244.2
2026-08-08T18:00:58.443451+00:00,1786212058.443,981.58,21.42,5.6891,7.59,0.121,305.7,244.2
2026-08-08T18:00:58.658321+00:00,1786212058.658,981.80,21.42,5.6891,8.55,0.121,382.6,244.2
2026-08-08T18:00:59.056583+00:00,1786212059.057,982.19,22.90,5.6935,8.96,0.410,469.5,244.2
2026-08-08T18:00:59.362926+00:00,1786212059.363,982.50,21.52,5.6957,9.48,0.245,545.1,244.2
2026-08-08T18:00:59.599897+00:00,1786212059.600,982.74,21.49,5.6957,9.83,0.125,616.6,244.2
2026-08-08T18:00:59.831748+00:00,1786212059.832,982.97,21.49,5.6957,10.18,0.124,687.7,244.2
2026-08-08T18:01:00.076591+00:00,1786212060.077,983.21,20.98,5.7001,10.53,0.078,747.8,255.3
2026-08-08T18:01:00.294084+00:00,1786212060.294,983.43,22.81,5.7001,10.88,0.309,823.8,255.3
2026-08-08T18:01:00.511433+00:00,1786212060.511,983.65,22.81,5.7023,11.05,0.311,895.4,255.3
2026-08-08T18:01:00.712855+00:00,1786212060.713,983.85,23.00,5.7023,11.05,0.191,951.0,255.3
2026-08-08T18:01:00.981513+00:00,1786212060.981,984.12,24.83,5.7023,10.62,0.373,1014.3,255.3
2026-08-08T18:01:01.218308+00:00,1786212061.218,984.36,25.24,5.7067,10.16,0.414,1066.4,255.3
2026-08-08T18:01:01.451215+00:00,1786212061.451,984.59,25.24,5.7067,9.71,0.271,1103.8,255.3
2026-08-08T18:01:01.686546+00:00,1786212061.687,984.82,23.12,5.7111,9.25,0.191,1118.4,255.3
2026-08-08T18:01:01.913168+00:00,1786212061.913,985.05,24.55,5.7111,9.03,0.368,1124.2,244.2
2026-08-08T18:01:02.138903+00:00,1786212062.139,985.28,24.55,5.7111,8.80,0.369,1137.6,244.2
2026-08-08T18:01:02.543551+00:00,1786212062.544,985.68,24.86,5.7155,8.16,0.437,1153.1,244.2
2026-08-08T18:01:02.742170+00:00,1786212062.742,985.88,24.86,5.7177,7.60,0.233,1152.1,244.2
2026-08-08T18:01:02.947900+00:00,1786212062.948,986.08,24.66,5.7177,7.04,0.211,1146.4,244.2
2026-08-08T18:01:03.175414+00:00,1786212063.175,986.31,25.58,5.7177,6.76,0.291,1125.3,244.2
2026-08-08T18:01:03.383905+00:00,1786212063.384,986.52,25.58,5.7221,6.48,0.087,1090.5,244.2
2026-08-08T18:01:03.596904+00:00,1786212063.597,986.73,24.21,5.7221,6.20,-0.120,1044.0,244.2
2026-08-08T18:01:03.831247+00:00,1786212063.831,986.97,23.56,5.7243,5.65,-0.195,974.4,244.2
2026-08-08T18:01:04.063181+00:00,1786212064.063,987.20,23.56,5.7243,5.37,0.052,913.5,244.2
2026-08-08T18:01:04.491626+00:00,1786212064.492,987.63,25.22,5.7287,5.37,0.072,868.5,244.2
2026-08-08T18:01:04.756136+00:00,1786212064.756,987.89,24.98,5.7331,4.69,0.000,830.2,244.2
2026-08-08T18:01:04.985079+00:00,1786212064.985,988.12,24.98,5.7331,4.50,0.000,778.0,233.1
2026-08-08T18:01:05.212314+00:00,1786212065.212,988.35,25.05,5.7331,4.14,0.000,724.7,233.1
2026-08-08T18:01:05.435493+00:00,1786212065.435,988.57,27.12,5.7375,3.95,0.275,689.2,233.1
2026-08-08T18:01:05.664901+00:00,1786212065.665,988.80,25.17,5.7375,3.58,0.000,646.4,233.1
2026-08-08T18:01:05.897668+00:00,1786212065.898,989.03,25.17,5.7397,3.21,0.000,606.8,233.1
2026-08-08T18:01:06.297327+00:00,1786212066.297,989.43,27.03,5.7397,3.06,0.290,579.6,233.1
2026-08-08T18:01:06.603736+00:00,1786212066.604,989.74,25.16,5.7441,2.74,0.160,551.4,233.1
2026-08-08T18:01:06.833523+00:00,1786212066.834,989.97,25.16,5.7441,2.70,0.160,538.8,233.1
2026-08-08T18:01:07.063969+00:00,1786212067.064,990.20,24.72,5.7485,2.65,-0.055,524.1,233.1
2026-08-08T18:01:07.283608+00:00,1786212067.284,990.42,26.49,5.7485,2.63,0.167,514.2,233.1
2026-08-08T18:01:07.499050+00:00,1786212067.499,990.64,26.49,5.7485,2.60,0.168,498.8,233.1
2026-08-08T18:01:07.719385+00:00,1786212067.719,990.86,21.95,5.7529,2.58,-0.344,462.5,233.1
2026-08-08T18:01:08.119793+00:00,1786212068.120,991.26,25.65,5.7529,2.54,-0.152,440.2,233.1
2026-08-08T18:01:08.407002+00:00,1786212068.407,991.54,25.84,5.7573,2.50,0.067,431.5,233.1
2026-08-08T18:01:08.637555+00:00,1786212068.638,991.77,23.97,5.7573,2.59,-0.122,394.3,233.1
2026-08-08T18:01:08.869535+00:00,1786212068.870,992.01,27.29,5.7617,2.69,0.000,390.7,233.1
2026-08-08T18:01:09.098770+00:00,1786212069.099,992.24,27.29,5.7617,2.78,0.237,403.5,233.1
2026-08-08T18:01:09.316506+00:00,1786212069.316,992.45,23.02,5.7617,2.83,-0.240,368.8,233.1
2026-08-08T18:01:09.535731+00:00,1786212069.536,992.67,24.88,5.7661,2.88,0.000,361.6,233.1
2026-08-08T18:01:09.730347+00:00,1786212069.730,992.87,24.88,5.7661,2.88,-0.183,346.1,233.1
2026-08-08T18:01:10.004989+00:00,1786212070.005,993.14,25.28,5.7683,2.77,-0.135,344.1,233.1
2026-08-08T18:01:10.256590+00:00,1786212070.257,993.39,25.42,5.7683,2.65,0.379,352.4,233.1
2026-08-08T18:01:10.487081+00:00,1786212070.487,993.62,24.76,5.7683,2.59,-0.104,335.9,233.1
2026-08-08T18:01:10.706528+00:00,1786212070.707,993.84,24.76,5.7727,2.52,-0.130,348.1,233.1
2026-08-08T18:01:10.901391+00:00,1786212070.901,994.04,24.51,5.7727,2.39,0.066,355.8,233.1
2026-08-08T18:01:11.108319+00:00,1786212071.108,994.25,25.12,5.7727,2.25,-0.269,336.2,233.1
2026-08-08T18:01:11.304072+00:00,1786212071.304,994.44,25.12,5.7771,2.15,-0.273,326.9,233.1
2026-08-08T18:01:11.506911+00:00,1786212071.507,994.64,25.31,5.7771,2.08,0.291,332.6,233.1
2026-08-08T18:01:11.706933+00:00,1786212071.707,994.84,26.10,5.7815,2.03,0.156,319.4,233.1
2026-08-08T18:01:11.938764+00:00,1786212071.939,995.08,26.10,5.7815,1.92,0.154,335.3,233.1
2026-08-08T18:01:12.159264+00:00,1786212072.159,995.30,22.53,5.7815,1.87,-0.354,308.6,233.1
2026-08-08T18:01:12.370855+00:00,1786212072.371,995.51,25.78,5.7837,1.82,0.000,310.2,222.0
2026-08-08T18:01:12.588262+00:00,1786212072.588,995.72,25.85,5.7837,1.77,0.144,316.5,222.0
2026-08-08T18:01:12.824938+00:00,1786212072.825,995.96,25.85,5.7881,1.67,0.143,297.6,222.0
2026-08-08T18:01:13.027604+00:00,1786212073.028,996.16,25.72,5.7881,1.67,0.158,304.3,222.0
2026-08-08T18:01:13.289692+00:00,1786212073.290,996.43,30.65,5.7925,1.64,0.704,353.8,222.0
2026-08-08T18:01:13.505847+00:00,1786212073.506,996.64,25.58,5.7925,1.67,0.058,349.3,222.0
2026-08-08T18:01:13.739166+00:00,1786212073.739,996.88,25.58,5.7925,1.75,0.000,358.9,222.0
2026-08-08T18:01:13.974840+00:00,1786212073.975,997.11,25.12,5.7969,1.83,-0.120,363.7,222.0
2026-08-08T18:01:14.203055+00:00,1786212074.203,997.34,27.22,5.7969,1.92,0.137,358.2,222.0
2026-08-08T18:01:14.421585+00:00,1786212074.422,997.56,25.41,5.8013,1.96,0.353,366.0,222.0
2026-08-08T18:01:14.822660+00:00,1786212074.823,997.96,26.17,5.8013,2.04,0.000,359.4,222.0
2026-08-08T18:01:15.113030+00:00,1786212075.113,998.25,25.36,5.8035,2.08,-0.055,377.7,233.1
2026-08-08T18:01:15.320991+00:00,1786212075.321,998.46,25.36,5.8035,2.10,-0.055,376.7,233.1
2026-08-08T18:01:15.540023+00:00,1786212075.540,998.68,25.65,5.8079,2.11,0.000,372.0,233.1
2026-08-08T18:01:15.774077+00:00,1786212075.774,998.91,25.72,5.8079,2.13,-0.551,341.3,233.1
2026-08-08T18:01:16.006292+00:00,1786212076.006,999.14,24.54,5.8079,2.15,-0.115,330.3,233.1
2026-08-08T18:01:16.227231+00:00,1786212076.227,999.36,24.54,5.8123,2.16,-0.116,278.3,233.1
2026-08-08T18:01:16.424038+00:00,1786212076.424,999.56,25.37,5.8123,2.16,0.000,279.1,233.1
2026-08-08T18:01:16.696415+00:00,1786212076.696,999.83,25.45,5.8167,2.11,-0.197,272.3,233.1
2026-08-08T18:01:16.926104+00:00,1786212076.926,1000.06,24.90,5.8167,2.06,-0.057,276.9,233.1
2026-08-08T18:01:17.140330+00:00,1786212077.140,1000.28,24.90,5.8167,2.04,-0.153,259.9,233.1
2026-08-08T18:01:17.360833+00:00,1786212077.361,1000.50,25.39,5.8211,2.00,0.000,242.9,233.1
2026-08-08T18:01:17.592087+00:00,1786212077.592,1000.73,28.20,5.8211,1.95,0.347,264.2,233.1
2026-08-08T18:01:17.826556+00:00,1786212077.827,1000.96,25.38,5.8255,1.91,0.000,265.5,233.1
2026-08-08T18:01:18.023717+00:00,1786212078.024,1001.16,25.38,5.8255,1.91,0.000,266.6,222.0
2026-08-08T18:01:18.227765+00:00,1786212078.228,1001.36,27.49,5.8255,1.90,0.368,287.1,222.0
2026-08-08T18:01:18.520415+00:00,1786212078.520,1001.66,27.39,5.8299,1.85,0.345,332.8,222.0
2026-08-08T18:01:18.745175+00:00,1786212078.745,1001.88,24.79,5.8299,1.81,-0.070,332.6,222.0
2026-08-08T18:01:18.976548+00:00,1786212078.977,1002.11,27.46,5.8343,1.78,0.244,352.2,222.0
2026-08-08T18:01:19.209230+00:00,1786212079.209,1002.35,27.46,5.8343,1.76,0.312,368.4,222.0
2026-08-08T18:01:19.426643+00:00,1786212079.427,1002.56,25.45,5.8343,1.74,0.067,378.3,222.0
2026-08-08T18:01:19.647793+00:00,1786212079.648,1002.78,25.61,5.8365,1.71,0.000,379.2,222.0
2026-08-08T18:01:19.850539+00:00,1786212079.851,1002.99,25.61,5.8365,1.71,-0.317,369.2,222.0
2026-08-08T18:01:20.112158+00:00,1786212080.112,1003.25,27.87,5.8408,1.75,0.302,387.1,222.0
2026-08-08T18:01:20.335133+00:00,1786212080.335,1003.47,23.68,5.8408,1.76,-0.205,350.6,222.0
2026-08-08T18:01:20.531747+00:00,1786212080.532,1003.67,27.32,5.8408,1.78,0.000,352.5,222.0
2026-08-08T18:01:20.733892+00:00,1786212080.734,1003.87,27.32,5.8452,1.78,0.000,354.3,222.0
2026-08-08T18:01:20.940754+00:00,1786212080.941,1004.08,27.75,5.8452,1.77,0.375,354.1,222.0
2026-08-08T18:01:21.223827+00:00,1786212081.224,1004.36,25.86,5.8496,1.75,-0.198,322.9,222.0
2026-08-08T18:01:21.444297+00:00,1786212081.444,1004.58,28.08,5.8496,1.71,0.077,334.3,222.0
2026-08-08T18:01:21.663756+00:00,1786212081.664,1004.80,28.08,5.8518,1.70,0.326,339.3,222.0
2026-08-08T18:01:21.861310+00:00,1786212081.861,1005.00,24.43,5.8518,1.70,-0.149,311.0,222.0
2026-08-08T18:01:22.057720+00:00,1786212082.058,1005.19,26.01,5.8518,1.70,0.050,310.6,222.0
2026-08-08T18:01:22.255790+00:00,1786212082.256,1005.39,26.01,5.8562,1.70,-0.240,299.1,222.0
2026-08-08T18:01:22.472584+00:00,1786212082.473,1005.61,26.49,5.8562,1.70,0.364,334.5,222.0
2026-08-08T18:01:22.678450+00:00,1786212082.678,1005.82,27.15,5.8606,1.70,0.000,316.8,222.0
2026-08-08T18:01:22.874336+00:00,1786212082.874,1006.01,27.15,5.8606,1.71,0.000,330.6,222.0
2026-08-08T18:01:23.080226+00:00,1786212083.080,1006.22,27.54,5.8606,1.70,0.000,330.2,222.0
2026-08-08T18:01:23.285104+00:00,1786212083.285,1006.42,25.16,5.8628,1.70,-0.095,321.8,222.0
2026-08-08T18:01:23.490768+00:00,1786212083.491,1006.63,25.16,5.8628,1.68,-0.396,278.0,222.0
2026-08-08T18:01:23.700623+00:00,1786212083.701,1006.84,24.26,5.8672,1.69,-0.520,260.9,222.0
2026-08-08T18:01:23.903278+00:00,1786212083.903,1007.04,25.86,5.8672,1.69,0.195,263.1,222.0
2026-08-08T18:01:24.159154+00:00,1786212084.159,1007.30,25.73,5.8672,1.73,0.000,242.2,222.0
2026-08-08T18:01:24.383219+00:00,1786212084.383,1007.52,25.73,5.8716,1.75,0.000,251.4,222.0
2026-08-08T18:01:24.599619+00:00,1786212084.600,1007.74,23.90,5.8716,1.77,-0.338,231.0,222.0
2026-08-08T18:01:24.830666+00:00,1786212084.831,1007.97,27.72,5.8760,1.76,0.073,250.0,222.0
2026-08-08T18:01:25.064299+00:00,1786212085.064,1008.20,25.79,5.8760,1.74,-0.173,222.1,222.0
2026-08-08T18:01:25.280958+00:00,1786212085.281,1008.42,25.79,5.8782,1.73,-0.220,209.4,222.0
2026-08-08T18:01:25.497286+00:00,1786212085.497,1008.63,25.65,5.8782,1.71,0.063,210.3,222.0
2026-08-08T18:01:25.719085+00:00,1786212085.719,1008.86,28.28,5.8782,1.70,0.389,232.6,222.0
2026-08-08T18:01:25.915052+00:00,1786212085.915,1009.05,28.28,5.8826,1.65,0.503,268.8,222.0
2026-08-08T18:01:26.115491+00:00,1786212086.115,1009.25,26.02,5.8826,1.63,0.000,288.7,222.0
2026-08-08T18:01:26.315355+00:00,1786212086.315,1009.45,26.23,5.8870,1.64,0.065,318.5,222.0
2026-08-08T18:01:26.517340+00:00,1786212086.517,1009.65,26.23,5.8870,1.68,0.066,312.5,222.0
2026-08-08T18:01:26.713075+00:00,1786212086.713,1009.85,26.94,5.8870,1.75,0.399,335.2,222.0
2026-08-08T18:01:26.910741+00:00,1786212086.911,1010.05,27.22,5.8892,1.78,-0.067,334.1,222.0
2026-08-08T18:01:27.113907+00:00,1786212087.114,1010.25,27.22,5.8892,1.84,0.194,365.1,222.0
2026-08-08T18:01:27.392811+00:00,1786212087.393,1010.53,26.23,5.8936,1.91,0.059,363.3,222.0
2026-08-08T18:01:27.616967+00:00,1786212087.617,1010.75,25.77,5.8936,1.98,0.000,373.8,222.0
2026-08-08T18:01:27.852761+00:00,1786212087.852,1010.99,24.67,5.8980,2.08,-0.470,363.6,222.0
2026-08-08T18:01:28.070708+00:00,1786212088.071,1011.21,26.27,5.8980,2.13,-0.259,351.8,233.1
2026-08-08T18:01:28.286479+00:00,1786212088.286,1011.42,26.27,5.8980,2.18,0.000,331.7,233.1
2026-08-08T18:01:28.480732+00:00,1786212088.481,1011.62,26.47,5.9002,2.21,0.000,306.4,233.1
2026-08-08T18:01:28.678481+00:00,1786212088.678,1011.82,26.94,5.9002,2.22,0.091,317.6,233.1
2026-08-08T18:01:28.879261+00:00,1786212088.879,1012.02,26.94,5.9046,2.26,0.000,320.8,233.1
2026-08-08T18:01:29.084506+00:00,1786212089.084,1012.22,28.10,5.9046,2.23,0.112,331.3,233.1
2026-08-08T18:01:29.302866+00:00,1786212089.303,1012.44,25.80,5.9046,2.19,-0.180,303.7,233.1
2026-08-08T18:01:29.536298+00:00,1786212089.536,1012.67,25.80,5.9090,2.09,-0.056,304.8,233.1
2026-08-08T18:01:29.768581+00:00,1786212089.769,1012.91,24.83,5.9090,1.97,-0.122,286.4,233.1
2026-08-08T18:01:30.000844+00:00,1786212090.001,1013.14,26.17,5.9134,1.84,0.194,292.5,233.1
2026-08-08T18:01:30.219220+00:00,1786212090.219,1013.36,25.50,5.9134,1.80,-0.098,285.9,222.0
2026-08-08T18:01:30.434466+00:00,1786212090.434,1013.57,25.50,5.9134,1.74,-0.099,301.8,222.0
2026-08-08T18:01:30.856252+00:00,1786212090.856,1013.99,28.04,5.9178,1.74,0.183,324.2,222.0
2026-08-08T18:01:31.126651+00:00,1786212091.127,1014.26,25.53,5.9222,1.61,-0.161,310.4,222.0
2026-08-08T18:01:31.359278+00:00,1786212091.359,1014.50,25.53,5.9222,1.51,-0.158,295.4,222.0
2026-08-08T18:01:31.595291+00:00,1786212091.595,1014.73,27.48,5.9222,1.42,-0.068,280.9,222.0
2026-08-08T18:01:31.824420+00:00,1786212091.824,1014.96,25.16,5.9266,1.37,-0.071,267.3,222.0
2026-08-08T18:01:32.022933+00:00,1786212092.023,1015.16,25.48,5.9266,1.32,0.000,249.4,222.0
2026-08-08T18:01:32.237750+00:00,1786212092.238,1015.37,25.48,5.9266,1.31,0.073,254.2,222.0
2026-08-08T18:01:32.632937+00:00,1786212092.633,1015.77,26.50,5.9310,1.31,0.000,251.4,222.0
2026-08-08T18:01:32.835918+00:00,1786212092.836,1015.97,26.50,5.9310,1.31,0.105,259.4,222.0
2026-08-08T18:01:33.032847+00:00,1786212093.033,1016.17,29.85,5.9354,1.30,0.465,277.0,222.0
2026-08-08T18:01:33.235804+00:00,1786212093.236,1016.37,27.75,5.9354,1.34,0.000,281.0,222.0
2026-08-08T18:01:33.518640+00:00,1786212093.519,1016.66,27.01,5.9376,1.37,0.173,293.8,222.0
2026-08-08T18:01:33.739844+00:00,1786212093.740,1016.88,27.01,5.9376,1.39,0.174,288.3,222.0
2026-08-08T18:01:33.970606+00:00,1786212093.971,1017.11,26.58,5.9420,1.41,-0.105,290.6,222.0
2026-08-08T18:01:34.188917+00:00,1786212094.189,1017.33,26.04,5.9420,1.42,0.104,303.5,222.0
2026-08-08T18:01:34.406953+00:00,1786212094.407,1017.54,25.37,5.9420,1.43,0.000,304.4,222.0
2026-08-08T18:01:34.639444+00:00,1786212094.639,1017.78,25.37,5.9464,1.42,0.000,308.4,222.0
2026-08-08T18:01:34.838586+00:00,1786212094.839,1017.98,27.97,5.9464,1.42,0.186,322.6,222.0
2026-08-08T18:01:35.044302+00:00,1786212095.044,1018.18,25.49,5.9508,1.43,-0.127,313.8,222.0
2026-08-08T18:01:35.335705+00:00,1786212095.336,1018.47,25.28,5.9508,1.36,-0.552,285.8,222.0
2026-08-08T18:01:35.558428+00:00,1786212095.558,1018.70,27.53,5.9552,1.31,0.000,281.8,222.0
2026-08-08T18:01:35.792506+00:00,1786212095.792,1018.93,27.53,5.9552,1.25,0.063,254.6,222.0
2026-08-08T18:01:36.023422+00:00,1786212096.023,1019.16,25.12,5.9552,1.20,-0.230,238.9,222.0
2026-08-08T18:01:36.244906+00:00,1786212096.245,1019.38,27.92,5.9596,1.18,0.163,238.2,222.0
2026-08-08T18:01:36.472474+00:00,1786212096.472,1019.61,27.76,5.9596,1.13,0.209,239.0,222.0
2026-08-08T18:01:36.676387+00:00,1786212096.676,1019.81,27.76,5.9618,1.13,0.293,259.1,222.0
2026-08-08T18:01:36.881739+00:00,1786212096.882,1020.02,25.27,5.9618,1.15,0.000,250.6,222.0
2026-08-08T18:01:37.079992+00:00,1786212097.080,1020.22,27.74,5.9618,1.16,0.000,251.4,222.0
2026-08-08T18:01:37.278778+00:00,1786212097.279,1020.42,27.74,5.9662,1.23,0.279,267.9,222.0
2026-08-08T18:01:37.507588+00:00,1786212097.508,1020.64,25.26,5.9662,1.29,0.000,253.1,222.0
2026-08-08T18:01:37.728921+00:00,1786212097.729,1020.87,27.41,5.9706,1.32,0.000,261.0,222.0
2026-08-08T18:01:37.957669+00:00,1786212097.958,1021.09,27.71,5.9706,1.39,0.000,291.4,222.0
2026-08-08T18:01:38.175786+00:00,1786212098.176,1021.31,27.71,5.9706,1.42,0.334,310.5,222.0
2026-08-08T18:01:38.395264+00:00,1786212098.395,1021.53,25.72,5.9750,1.45,-0.284,292.3,222.0
2026-08-08T18:01:38.857623+00:00,1786212098.858,1021.99,25.85,5.9772,1.56,-0.223,296.2,222.0
2026-08-08T18:01:39.082643+00:00,1786212099.083,1022.22,25.85,5.9772,1.67,-0.221,277.8,222.0
2026-08-08T18:01:39.308603+00:00,1786212099.309,1022.45,25.66,5.9816,1.78,0.000,269.4,222.0
2026-08-08T18:01:39.525884+00:00,1786212099.526,1022.66,27.71,5.9816,1.84,0.000,260.1,222.0
2026-08-08T18:01:39.748731+00:00,1786212099.749,1022.89,25.73,5.9816,1.95,-0.226,256.2,222.0
2026-08-08T18:01:39.994685+00:00,1786212099.995,1023.13,25.73,5.9860,2.06,0.052,263.7,233.1
2026-08-08T18:01:40.209812+00:00,1786212100.210,1023.35,25.38,5.9860,2.14,-0.227,242.1,233.1
2026-08-08T18:01:40.609430+00:00,1786212100.609,1023.75,27.70,5.9904,2.13,0.000,252.9,233.1
2026-08-08T18:01:40.986426+00:00,1786212100.986,1024.12,25.56,5.9948,2.04,-0.213,245.9,233.1
2026-08-08T18:01:41.178809+00:00,1786212101.179,1024.32,25.56,5.9948,2.02,0.000,248.2,233.1
2026-08-08T18:01:41.439306+00:00,1786212101.439,1024.58,28.39,5.9948,1.96,0.273,251.3,233.1
2026-08-08T18:01:41.675701+00:00,1786212101.676,1024.81,26.16,5.9992,1.92,0.000,270.0,222.0
2026-08-08T18:01:41.897280+00:00,1786212101.897,1025.03,27.88,5.9992,1.88,0.238,299.6,222.0
2026-08-08T18:01:42.113508+00:00,1786212102.113,1025.25,28.06,6.0036,1.85,0.000,315.5,222.0
2026-08-08T18:01:42.329548+00:00,1786212102.330,1025.47,28.06,6.0036,1.82,0.251,333.0,222.0
2026-08-08T18:01:42.545747+00:00,1786212102.546,1025.68,25.92,6.0036,1.79,0.000,329.9,222.0
2026-08-08T18:01:42.981224+00:00,1786212102.981,1026.12,27.44,6.0080,1.79,0.207,353.2,222.0
2026-08-08T18:01:43.254452+00:00,1786212103.254,1026.39,27.74,6.0102,1.79,0.000,351.2,222.0
2026-08-08T18:01:43.485518+00:00,1786212103.485,1026.62,27.74,6.0102,1.75,0.242,375.6,222.0
2026-08-08T18:01:43.720006+00:00,1786212103.720,1026.86,27.41,6.0146,1.72,0.203,382.2,222.0
2026-08-08T18:01:43.948753+00:00,1786212103.949,1027.09,27.39,6.0146,1.69,-0.111,386.6,222.0
2026-08-08T18:01:44.164800+00:00,1786212104.165,1027.30,26.21,6.0146,1.71,0.000,384.9,222.0
2026-08-08T18:01:44.386729+00:00,1786212104.387,1027.52,26.21,6.0190,1.75,-0.187,355.3,222.0
2026-08-08T18:01:44.615400+00:00,1786212104.615,1027.75,27.68,6.0190,1.79,0.000,356.5,222.0
2026-08-08T18:01:44.815546+00:00,1786212104.816,1027.95,27.71,6.0234,1.79,0.000,342.8,222.0
2026-08-08T18:01:45.084544+00:00,1786212105.085,1028.22,27.70,6.0234,1.75,0.195,351.7,222.0
2026-08-08T18:01:45.306553+00:00,1786212105.307,1028.44,28.17,6.0278,1.74,0.087,342.3,222.0
2026-08-08T18:01:45.510424+00:00,1786212105.510,1028.65,28.17,6.0278,1.74,0.053,348.1,222.0
2026-08-08T18:01:45.708035+00:00,1786212105.708,1028.84,27.71,6.0278,1.70,0.000,336.9,222.0
2026-08-08T18:01:45.911329+00:00,1786212105.911,1029.05,29.04,6.0300,1.69,0.206,349.6,222.0
2026-08-08T18:01:46.115022+00:00,1786212106.115,1029.25,27.63,6.0300,1.63,0.000,335.4,222.0
2026-08-08T18:01:46.318257+00:00,1786212106.318,1029.45,27.63,6.0344,1.54,0.184,333.2,222.0
2026-08-08T18:01:46.519054+00:00,1786212106.519,1029.66,28.25,6.0344,1.48,0.265,352.9,222.0
2026-08-08T18:01:46.713181+00:00,1786212106.713,1029.85,27.39,6.0344,1.47,0.000,352.5,222.0
2026-08-08T18:01:47.000559+00:00,1786212107.001,1030.14,27.17,6.0388,1.44,-0.069,357.0,222.0
2026-08-08T18:01:47.216744+00:00,1786212107.217,1030.35,27.17,6.0388,1.41,-0.069,349.2,222.0
2026-08-08T18:01:47.433990+00:00,1786212107.434,1030.57,26.19,6.0432,1.39,-0.258,330.5,222.0
2026-08-08T18:01:47.658212+00:00,1786212107.658,1030.79,25.39,6.0432,1.40,-0.359,296.3,222.0
2026-08-08T18:01:47.886131+00:00,1786212107.886,1031.02,26.66,6.0432,1.42,-0.134,279.7,222.0
2026-08-08T18:01:48.105018+00:00,1786212108.105,1031.24,26.66,6.0476,1.44,-0.302,256.4,222.0
2026-08-08T18:01:48.300755+00:00,1786212108.301,1031.44,25.78,6.0476,1.44,-0.235,239.7,222.0
2026-08-08T18:01:48.572046+00:00,1786212108.572,1031.71,28.06,6.0520,1.40,0.053,226.8,222.0
2026-08-08T18:01:48.768525+00:00,1786212108.769,1031.91,28.87,6.0520,1.40,0.078,230.8,222.0
2026-08-08T18:01:49.029978+00:00,1786212109.030,1032.17,28.87,6.0520,1.36,0.178,231.1,222.0
2026-08-08T18:01:49.255985+00:00,1786212109.256,1032.39,25.18,6.0564,1.35,-0.245,199.5,222.0
2026-08-08T18:01:49.471595+00:00,1786212109.472,1032.61,25.63,6.0564,1.36,-0.190,186.8,222.0
2026-08-08T18:01:49.667374+00:00,1786212109.667,1032.80,26.61,6.0608,1.33,0.052,191.4,222.0
2026-08-08T18:01:49.864209+00:00,1786212109.864,1033.00,26.61,6.0608,1.30,0.153,201.1,222.0
2026-08-08T18:01:50.147905+00:00,1786212110.148,1033.28,24.67,6.0630,1.21,-0.244,199.1,222.0
2026-08-08T18:01:50.368964+00:00,1786212110.369,1033.51,28.55,6.0630,1.15,0.232,231.5,222.0
2026-08-08T18:01:50.588200+00:00,1786212110.588,1033.72,28.08,6.0630,1.12,0.280,252.8,222.0
2026-08-08T18:01:50.828803+00:00,1786212110.829,1033.97,28.08,6.0674,1.06,0.000,266.8,222.0
2026-08-08T18:01:51.059781+00:00,1786212111.060,1034.20,26.52,6.0674,1.00,-0.285,261.1,222.0
2026-08-08T18:01:51.288971+00:00,1786212111.289,1034.43,27.75,6.0718,0.94,-0.139,246.3,222.0
2026-08-08T18:01:51.480788+00:00,1786212111.481,1034.62,26.78,6.0718,0.94,0.200,245.3,222.0
2026-08-08T18:01:51.744287+00:00,1786212111.744,1034.88,27.39,6.0718,0.87,0.216,240.3,222.0
2026-08-08T18:01:51.976536+00:00,1786212111.977,1035.11,27.39,6.0762,0.83,0.094,255.4,222.0
2026-08-08T18:01:52.205765+00:00,1786212112.206,1035.34,25.41,6.0762,0.78,-0.143,252.8,222.0
2026-08-08T18:01:52.423081+00:00,1786212112.423,1035.56,27.57,6.0806,0.76,0.354,265.1,222.0
2026-08-08T18:01:52.640555+00:00,1786212112.641,1035.78,26.27,6.0806,0.74,-0.279,237.9,222.0
2026-08-08T18:01:52.872306+00:00,1786212112.872,1036.01,26.27,6.0806,0.71,-0.220,236.0,222.0
2026-08-08T18:01:53.288835+00:00,1786212113.289,1036.43,28.22,6.0850,0.71,0.000,218.7,222.0
2026-08-08T18:01:53.485047+00:00,1786212113.485,1036.62,27.17,6.0850,0.72,0.074,202.7,222.0
2026-08-08T18:01:53.689111+00:00,1786212113.689,1036.83,27.17,6.0893,0.74,-0.067,195.2,222.0
2026-08-08T18:01:53.887125+00:00,1786212113.887,1037.02,27.29,6.0893,0.74,0.058,211.5,222.0
2026-08-08T18:01:54.139635+00:00,1786212114.140,1037.28,27.44,6.0937,0.81,0.000,217.3,222.0
2026-08-08T18:01:54.356511+00:00,1786212114.356,1037.49,27.47,6.0937,0.83,0.000,206.9,222.0
2026-08-08T18:01:54.573412+00:00,1786212114.573,1037.71,27.47,6.0937,0.88,0.242,208.5,222.0
2026-08-08T18:01:54.810900+00:00,1786212114.811,1037.95,26.46,6.0981,0.93,-0.130,196.7,222.0
2026-08-08T18:01:55.039976+00:00,1786212115.040,1038.18,27.74,6.0981,0.99,0.170,217.2,222.0
2026-08-08T18:01:55.260448+00:00,1786212115.260,1038.40,28.29,6.1025,1.02,0.234,214.4,222.0
2026-08-08T18:01:55.680095+00:00,1786212115.680,1038.82,27.27,6.1025,1.05,-0.111,226.6,222.0
2026-08-08T18:01:55.877761+00:00,1786212115.878,1039.01,28.13,6.1047,1.11,0.112,249.7,222.0
2026-08-08T18:01:56.082683+00:00,1786212116.083,1039.22,28.13,6.1047,1.22,0.112,260.3,222.0
2026-08-08T18:01:56.290936+00:00,1786212116.291,1039.43,25.68,6.1091,1.34,-0.186,250.7,222.0
2026-08-08T18:01:56.510488+00:00,1786212116.510,1039.65,27.66,6.1091,1.39,0.000,260.7,222.0
2026-08-08T18:01:56.743813+00:00,1786212116.744,1039.88,25.90,6.1091,1.49,-0.183,253.3,222.0
2026-08-08T18:01:56.977589+00:00,1786212116.978,1040.11,27.29,6.1135,1.57,0.000,259.8,222.0
2026-08-08T18:01:57.198169+00:00,1786212117.198,1040.33,27.29,6.1135,1.61,0.097,271.6,222.0
2026-08-08T18:01:57.407321+00:00,1786212117.407,1040.54,29.13,6.1179,1.60,0.163,277.0,222.0
2026-08-08T18:01:57.628809+00:00,1786212117.629,1040.77,25.84,6.1179,1.59,-0.287,274.2,222.0
2026-08-08T18:01:57.862184+00:00,1786212117.862,1041.00,28.43,6.1223,1.56,0.148,279.4,222.0
2026-08-08T18:01:58.077339+00:00,1786212118.077,1041.21,28.43,6.1223,1.55,0.000,271.7,222.0
2026-08-08T18:01:58.315281+00:00,1786212118.315,1041.45,25.96,6.1223,1.52,-0.271,266.3,222.0
2026-08-08T18:01:58.546424+00:00,1786212118.546,1041.68,27.14,6.1267,1.49,0.180,271.7,222.0
2026-08-08T18:01:58.779927+00:00,1786212118.780,1041.92,27.53,6.1267,1.46,0.000,267.0,222.0
2026-08-08T18:01:59.210344+00:00,1786212119.210,1042.35,27.37,6.1289,1.46,0.166,288.3,222.0
2026-08-08T18:01:59.416570+00:00,1786212119.417,1042.55,28.38,6.1289,1.47,0.124,296.8,222.0
2026-08-08T18:01:59.627187+00:00,1786212119.627,1042.76,26.34,6.1333,1.44,-0.108,300.6,222.0
2026-08-08T18:01:59.872729+00:00,1786212119.873,1043.01,26.34,6.1333,1.38,-0.315,281.7,222.0
2026-08-08T18:02:00.101230+00:00,1786212120.101,1043.24,26.41,6.1377,1.32,0.064,276.1,222.0
2026-08-08T18:02:00.329089+00:00,1786212120.329,1043.47,26.33,6.1377,1.30,-0.236,248.1,222.0
2026-08-08T18:02:00.547371+00:00,1786212120.547,1043.68,25.58,6.1377,1.24,-0.321,243.3,222.0
2026-08-08T18:02:00.782179+00:00,1786212120.782,1043.92,25.58,6.1421,1.18,0.000,227.9,222.0
2026-08-08T18:02:00.982972+00:00,1786212120.983,1044.12,24.89,6.1421,1.18,-0.257,207.5,222.0
2026-08-08T18:02:01.248542+00:00,1786212121.249,1044.39,27.30,6.1465,1.21,0.000,220.2,222.0
2026-08-08T18:02:01.463403+00:00,1786212121.463,1044.60,25.46,6.1465,1.22,-0.236,194.8,222.0
2026-08-08T18:02:01.682320+00:00,1786212121.682,1044.82,25.46,6.1465,1.24,-0.358,172.5,222.0
2026-08-08T18:02:01.920007+00:00,1786212121.920,1045.06,25.22,6.1509,1.26,-0.136,152.6,222.0
2026-08-08T18:02:02.147645+00:00,1786212122.148,1045.28,27.91,6.1509,1.27,0.191,153.6,222.0
2026-08-08T18:02:02.363764+00:00,1786212122.364,1045.50,25.84,6.1553,1.29,-0.070,153.6,222.0
2026-08-08T18:02:02.561974+00:00,1786212122.562,1045.70,25.84,6.1553,1.29,-0.061,165.0,222.0
2026-08-08T18:02:02.826776+00:00,1786212122.827,1045.96,27.70,6.1553,1.35,0.259,177.6,222.0
2026-08-08T18:02:03.051949+00:00,1786212123.052,1046.19,27.95,6.1597,1.37,0.290,208.1,222.0
2026-08-08T18:02:03.269514+00:00,1786212123.269,1046.41,26.03,6.1597,1.38,0.139,232.6,222.0
2026-08-08T18:02:03.466873+00:00,1786212123.467,1046.60,26.03,6.1619,1.38,-0.159,227.0,222.0
2026-08-08T18:02:03.669911+00:00,1786212123.670,1046.81,27.43,6.1619,1.39,0.247,257.4,222.0
2026-08-08T18:02:03.866351+00:00,1786212123.866,1047.00,26.04,6.1619,1.40,0.074,261.0,222.0
2026-08-08T18:02:04.066733+00:00,1786212124.067,1047.20,26.04,6.1663,1.41,0.106,280.2,222.0
2026-08-08T18:02:04.286892+00:00,1786212124.287,1047.42,25.65,6.1663,1.41,-0.295,284.8,222.0
2026-08-08T18:02:04.485716+00:00,1786212124.486,1047.62,26.78,6.1707,1.41,0.124,301.1,222.0
2026-08-08T18:02:04.688699+00:00,1786212124.689,1047.83,26.78,6.1707,1.41,0.124,296.8,222.0
2026-08-08T18:02:04.887525+00:00,1786212124.888,1048.02,25.68,6.1707,1.40,-0.272,287.6,222.0
2026-08-08T18:02:05.093405+00:00,1786212125.093,1048.23,25.82,6.1729,1.39,-0.289,277.1,222.0
2026-08-08T18:02:05.314674+00:00,1786212125.315,1048.45,25.82,6.1729,1.38,0.000,261.0,222.0
2026-08-08T18:02:05.532511+00:00,1786212125.532,1048.67,25.25,6.1773,1.36,-0.104,236.5,222.0
2026-08-08T18:02:05.753225+00:00,1786212125.753,1048.89,25.96,6.1773,1.34,-0.196,219.4,222.0
2026-08-08T18:02:05.982511+00:00,1786212125.982,1049.12,25.73,6.1773,1.31,0.000,226.4,222.0
2026-08-08T18:02:06.201914+00:00,1786212126.202,1049.34,25.73,6.1817,1.30,0.000,210.3,222.0
2026-08-08T18:02:06.415912+00:00,1786212126.416,1049.55,25.05,6.1817,1.28,-0.078,200.6,222.0
2026-08-08T18:02:06.614336+00:00,1786212126.614,1049.75,27.98,6.1861,1.28,0.157,205.2,222.0
2026-08-08T18:02:06.872588+00:00,1786212126.873,1050.01,25.97,6.1861,1.33,-0.103,214.4,222.0
2026-08-08T18:02:07.099817+00:00,1786212127.100,1050.24,25.97,6.1861,1.36,0.000,206.5,222.0
2026-08-08T18:02:07.319248+00:00,1786212127.319,1050.46,25.73,6.1905,1.38,0.000,198.5,222.0
2026-08-08T18:02:07.534273+00:00,1786212127.534,1050.67,25.93,6.1905,1.41,0.000,212.3,222.0
2026-08-08T18:02:07.772653+00:00,1786212127.773,1050.91,26.05,6.1949,1.44,0.099,232.4,222.0
2026-08-08T18:02:08.007252+00:00,1786212128.007,1051.14,26.05,6.1949,1.48,0.000,233.5,222.0
2026-08-08T18:02:08.203634+00:00,1786212128.204,1051.34,25.53,6.1949,1.48,0.000,240.0,222.0
2026-08-08T18:02:08.488840+00:00,1786212128.489,1051.63,27.31,6.1993,1.47,0.192,262.8,222.0
2026-08-08T18:02:08.692374+00:00,1786212128.692,1051.83,28.64,6.1993,1.47,0.437,292.3,222.0
2026-08-08T18:02:08.893708+00:00,1786212128.894,1052.03,28.64,6.2015,1.47,0.079,302.3,222.0
2026-08-08T18:02:09.181340+00:00,1786212129.181,1052.32,26.86,6.2015,1.45,0.107,315.4,222.0
2026-08-08T18:02:09.404505+00:00,1786212129.404,1052.54,26.83,6.2059,1.43,0.104,312.0,222.0
2026-08-08T18:02:09.623226+00:00,1786212129.623,1052.76,27.70,6.2059,1.42,0.238,333.0,222.0
2026-08-08T18:02:09.855296+00:00,1786212129.855,1052.99,26.06,6.2059,1.39,0.000,333.3,222.0
2026-08-08T18:02:10.072710+00:00,1786212130.073,1053.21,26.06,6.2103,1.36,0.000,333.5,222.0
2026-08-08T18:02:10.283824+00:00,1786212130.284,1053.42,23.73,6.2103,1.33,-0.283,317.2,222.0
2026-08-08T18:02:10.484198+00:00,1786212130.484,1053.62,29.07,6.2147,1.27,0.431,339.1,222.0
2026-08-08T18:02:10.684483+00:00,1786212130.684,1053.82,27.17,6.2147,1.23,0.000,338.5,222.0
2026-08-08T18:02:10.974490+00:00,1786212130.974,1054.11,28.20,6.2147,1.13,-0.053,336.2,222.0
2026-08-08T18:02:11.195060+00:00,1786212131.195,1054.33,28.20,6.2191,1.09,-0.052,321.2,222.0
2026-08-08T18:02:11.389374+00:00,1786212131.389,1054.53,32.25,6.2191,1.02,0.677,340.4,222.0
2026-08-08T18:02:11.595540+00:00,1786212131.596,1054.73,26.71,6.2191,1.00,0.000,329.1,222.0
2026-08-08T18:02:11.841454+00:00,1786212131.841,1054.98,26.71,6.2235,0.97,-0.125,312.8,222.0
2026-08-08T18:02:12.071878+00:00,1786212132.072,1055.21,24.87,6.2235,0.94,-0.149,293.7,222.0
2026-08-08T18:02:12.291394+00:00,1786212132.291,1055.43,25.91,6.2279,0.93,0.000,274.4,222.0
2026-08-08T18:02:12.506632+00:00,1786212132.507,1055.64,25.91,6.2279,0.92,0.273,283.9,222.0
2026-08-08T18:02:12.704817+00:00,1786212132.705,1055.84,23.42,6.2279,0.92,-0.707,245.4,222.0
2026-08-08T18:02:12.973012+00:00,1786212132.973,1056.11,24.63,6.2323,0.80,-0.308,240.5,222.0
2026-08-08T18:02:13.189880+00:00,1786212133.190,1056.33,25.61,6.2323,0.75,-0.325,191.4,222.0
2026-08-08T18:02:13.408164+00:00,1786212133.408,1056.54,25.61,6.2345,0.71,-0.326,169.0,222.0
2026-08-08T18:02:13.624819+00:00,1786212133.625,1056.76,23.99,6.2345,0.63,-1.027,115.3,222.0
2026-08-08T18:02:13.857921+00:00,1786212133.858,1056.99,25.62,6.2345,0.56,-0.133,103.8,222.0
2026-08-08T18:02:14.079006+00:00,1786212134.079,1057.22,25.62,6.2389,0.49,-0.135,41.4,222.0
2026-08-08T18:02:14.283058+00:00,1786212134.283,1057.42,23.80,6.2389,0.49,-0.135,27.9,222.0
2026-08-08T18:02:14.545924+00:00,1786212134.546,1057.68,23.33,6.2433,0.43,-0.319,12.1,222.0
2026-08-08T18:02:14.775686+00:00,1786212134.776,1057.91,23.33,6.2433,0.38,-0.317,0.0,222.0
2026-08-08T18:02:15.005309+00:00,1786212135.005,1058.14,23.13,6.2433,0.34,0.000,0.0,222.0
2026-08-08T18:02:15.230532+00:00,1786212135.231,1058.37,23.15,6.2455,0.30,-0.182,0.0,222.0
2026-08-08T18:02:15.547755+00:00,1786212135.548,1058.68,23.20,6.2455,0.26,-0.283,0.0,222.0
2026-08-08T18:02:15.743176+00:00,1786212135.743,1058.88,23.20,6.2499,0.11,-0.286,0.0,222.0
2026-08-08T18:02:15.938255+00:00,1786212135.938,1059.07,24.43,6.2499,0.00,0.054,0.0,222.0
2026-08-08T18:02:16.226478+00:00,1786212136.226,1059.36,23.80,6.2521,-0.07,-0.214,0.0,188.7
2026-08-08T18:02:16.441292+00:00,1786212136.441,1059.58,23.80,6.2521,-0.15,-0.214,12.5,188.7
2026-08-08T18:02:16.661642+00:00,1786212136.662,1059.80,23.84,6.2565,-0.22,0.000,11.3,188.7
2026-08-08T18:02:16.894460+00:00,1786212136.894,1060.03,23.60,6.2565,-0.30,0.000,10.0,188.7
2026-08-08T18:02:17.108834+00:00,1786212137.109,1060.25,23.60,6.2565,-0.34,0.000,9.7,188.7
2026-08-08T18:02:17.328670+00:00,1786212137.329,1060.47,22.99,6.2609,-0.43,0.000,17.3,188.7
2026-08-08T18:02:17.749256+00:00,1786212137.749,1060.89,23.92,6.2631,-0.48,0.084,29.3,188.7
2026-08-08T18:02:18.014543+00:00,1786212138.015,1061.15,25.76,6.2631,-0.32,0.289,40.4,188.7
2026-08-08T18:02:18.244213+00:00,1786212138.244,1061.38,25.66,6.2675,-0.21,0.274,60.0,188.7
2026-08-08T18:02:18.463139+00:00,1786212138.463,1061.60,27.33,6.2675,-0.16,0.319,89.6,188.7
2026-08-08T18:02:18.680623+00:00,1786212138.681,1061.82,27.33,6.2675,-0.10,0.401,125.1,188.7
2026-08-08T18:02:18.914736+00:00,1786212138.915,1062.05,27.54,6.2719,0.00,0.421,147.6,188.7
2026-08-08T18:02:19.129238+00:00,1786212139.129,1062.27,25.50,6.2719,0.11,0.187,169.4,188.7
2026-08-08T18:02:19.358934+00:00,1786212139.359,1062.50,25.86,6.2741,0.25,0.254,196.8,222.0
2026-08-08T18:02:19.585003+00:00,1786212139.585,1062.72,25.86,6.2741,0.54,0.253,217.3,222.0
2026-08-08T18:02:19.815133+00:00,1786212139.815,1062.95,24.05,6.2785,0.83,0.118,231.8,222.0
2026-08-08T18:02:20.046515+00:00,1786212140.046,1063.18,23.36,6.2785,1.12,-0.068,239.7,222.0
2026-08-08T18:02:20.262832+00:00,1786212140.263,1063.40,23.36,6.2785,1.26,-0.297,239.4,222.0
2026-08-08T18:02:20.479218+00:00,1786212140.479,1063.62,25.31,6.2829,1.55,0.000,253.0,222.0
2026-08-08T18:02:20.700123+00:00,1786212140.700,1063.84,25.30,6.2829,1.69,-0.252,242.5,222.0
2026-08-08T18:02:20.939966+00:00,1786212140.940,1064.08,25.50,6.2851,1.84,-0.225,234.8,222.0
2026-08-08T18:02:21.169949+00:00,1786212141.170,1064.31,25.50,6.2851,2.14,-0.251,223.1,222.0
2026-08-08T18:02:21.396173+00:00,1786212141.396,1064.53,25.76,6.2895,2.33,0.000,221.0,222.0
2026-08-08T18:02:21.617721+00:00,1786212141.618,1064.75,23.62,6.2895,2.37,-0.275,201.1,233.1
2026-08-08T18:02:21.847933+00:00,1786212141.848,1064.98,23.62,6.2895,2.46,-0.274,196.0,233.1
2026-08-08T18:02:22.065975+00:00,1786212142.066,1065.20,23.38,6.2939,2.55,-0.083,194.8,233.1
2026-08-08T18:02:22.281494+00:00,1786212142.281,1065.42,23.50,6.2939,2.59,0.000,195.6,233.1
2026-08-08T18:02:22.504208+00:00,1786212142.504,1065.64,23.50,6.2961,3.88,0.000,212.8,233.1
2026-08-08T18:02:22.740079+00:00,1786212142.740,1065.88,23.62,6.2961,6.44,-0.207,247.5,233.1
2026-08-08T18:02:22.966664+00:00,1786212142.967,1066.10,23.41,6.3005,8.93,-0.231,308.6,233.1
2026-08-08T18:02:23.185453+00:00,1786212143.185,1066.32,23.41,6.3005,10.18,-0.258,359.7,244.2
2026-08-08T18:02:23.414467+00:00,1786212143.414,1066.55,23.42,6.3005,12.67,-0.257,440.6,244.2
2026-08-08T18:02:23.646986+00:00,1786212143.647,1066.78,23.42,6.3027,15.16,-0.288,535.7,255.3
2026-08-08T18:02:23.868662+00:00,1786212143.869,1067.01,22.96,6.3027,17.65,-0.082,654.2,255.3
2026-08-08T18:02:24.489646+00:00,1786212144.490,1067.63,22.59,6.3071,17.61,-0.108,754.7,255.3
2026-08-08T18:02:24.696296+00:00,1786212144.696,1067.83,22.59,6.3093,17.51,-0.083,871.1,255.3
2026-08-08T18:02:24.921476+00:00,1786212144.921,1068.06,20.94,6.3093,17.40,-0.270,968.5,255.3
2026-08-08T18:02:25.158158+00:00,1786212145.158,1068.29,21.16,6.3137,17.29,-0.245,1058.5,255.3
2026-08-08T18:02:25.384373+00:00,1786212145.384,1068.52,21.16,6.3137,17.23,-0.258,1143.3,255.3
2026-08-08T18:02:25.604393+00:00,1786212145.604,1068.74,21.36,6.3137,17.18,-0.216,1220.7,255.3
2026-08-08T18:02:25.839386+00:00,1786212145.839,1068.98,21.61,6.3159,17.06,-0.189,1289.5,255.3
2026-08-08T18:02:26.077739+00:00,1786212146.078,1069.21,21.61,6.3159,17.01,-0.189,1340.8,255.3
2026-08-08T18:02:26.511655+00:00,1786212146.512,1069.65,22.92,6.3203,17.01,0.000,1399.9,255.3
2026-08-08T18:02:26.779568+00:00,1786212146.780,1069.92,22.55,6.3225,14.37,0.000,1419.4,255.3
2026-08-08T18:02:27.008516+00:00,1786212147.008,1070.15,20.96,6.3225,13.08,-0.180,1397.8,255.3
2026-08-08T18:02:27.235494+00:00,1786212147.235,1070.37,20.96,6.3225,10.50,-0.179,1334.6,255.3
2026-08-08T18:02:27.481360+00:00,1786212147.481,1070.62,20.92,6.3269,7.92,0.000,1264.7,244.2
2026-08-08T18:02:27.690779+00:00,1786212147.691,1070.83,21.33,6.3269,6.62,0.000,1186.8,244.2
2026-08-08T18:02:27.921457+00:00,1786212147.921,1071.06,21.33,6.3291,4.04,0.000,1109.4,244.2
2026-08-08T18:02:28.349488+00:00,1786212148.349,1071.49,20.29,6.3291,2.77,-0.108,1015.9,233.1
2026-08-08T18:02:28.546952+00:00,1786212148.547,1071.68,22.18,6.3313,1.49,0.058,923.6,233.1
2026-08-08T18:02:28.752710+00:00,1786212148.753,1071.89,22.18,6.3313,1.49,0.059,828.9,233.1
2026-08-08T18:02:28.955544+00:00,1786212148.956,1072.09,21.45,6.3356,1.49,-0.167,722.2,222.0
2026-08-08T18:02:29.157963+00:00,1786212149.158,1072.29,21.45,6.3356,1.51,-0.128,617.6,222.0
2026-08-08T18:02:29.432784+00:00,1786212149.433,1072.57,20.63,6.3378,1.65,0.000,502.5,222.0
2026-08-08T18:02:29.657996+00:00,1786212149.658,1072.79,20.63,6.3378,1.89,0.000,409.9,222.0
2026-08-08T18:02:29.888956+00:00,1786212149.889,1073.03,20.63,6.3378,2.13,0.000,343.0,222.0
2026-08-08T18:02:30.119235+00:00,1786212150.119,1073.26,18.97,6.3400,2.36,-0.271,282.7,233.1
2026-08-08T18:02:30.337494+00:00,1786212150.337,1073.47,18.97,6.3400,2.59,-0.272,234.0,233.1
2026-08-08T18:02:30.555593+00:00,1786212150.556,1073.69,18.31,6.3444,2.70,-0.250,193.8,233.1
2026-08-08T18:02:30.776543+00:00,1786212150.777,1073.91,18.31,6.3444,2.82,-0.482,164.0,233.1
2026-08-08T18:02:30.976061+00:00,1786212150.976,1074.11,18.66,6.3444,2.82,-0.440,150.4,233.1
2026-08-08T18:02:31.230726+00:00,1786212151.231,1074.37,18.66,6.3466,2.71,-0.341,139.3,233.1
2026-08-08T18:02:31.455170+00:00,1786212151.455,1074.59,18.78,6.3466,2.62,-0.323,128.4,233.1
2026-08-08T18:02:31.676609+00:00,1786212151.677,1074.81,18.78,6.3488,2.52,-0.229,130.5,233.1
2026-08-08T18:02:31.907027+00:00,1786212151.907,1075.04,18.82,6.3488,2.45,-0.224,130.7,233.1
2026-08-08T18:02:32.124150+00:00,1786212152.124,1075.26,18.82,6.3488,2.41,-0.225,125.2,233.1
2026-08-08T18:02:32.342110+00:00,1786212152.342,1075.48,18.85,6.3532,2.33,0.000,125.8,233.1
2026-08-08T18:02:32.542450+00:00,1786212152.542,1075.68,18.85,6.3532,2.33,0.000,124.8,233.1
2026-08-08T18:02:32.795882+00:00,1786212152.796,1075.93,19.16,6.3554,2.23,0.106,138.0,233.1
2026-08-08T18:02:33.034344+00:00,1786212153.034,1076.17,18.77,6.3554,2.02,0.057,146.3,233.1
2026-08-08T18:02:33.257213+00:00,1786212153.257,1076.39,18.77,6.3554,1.81,0.000,150.3,233.1
2026-08-08T18:02:33.486807+00:00,1786212153.487,1076.62,19.73,6.3576,1.60,0.132,166.6,222.0
2026-08-08T18:02:33.709130+00:00,1786212153.709,1076.85,19.73,6.3576,1.40,0.117,179.2,222.0
2026-08-08T18:02:33.946574+00:00,1786212153.947,1077.08,19.85,6.3620,1.19,0.131,188.3,222.0
2026-08-08T18:02:34.148945+00:00,1786212154.149,1077.29,19.85,6.3620,1.19,0.128,197.2,222.0
2026-08-08T18:02:34.393842+00:00,1786212154.394,1077.53,18.52,6.3620,1.40,0.000,198.4,222.0
2026-08-08T18:02:34.611885+00:00,1786212154.612,1077.75,20.07,6.3642,1.47,0.149,207.6,222.0
2026-08-08T18:02:34.842926+00:00,1786212154.843,1077.98,20.07,6.3642,1.61,0.147,217.9,222.0
2026-08-08T18:02:35.059821+00:00,1786212155.060,1078.20,18.95,6.3686,1.75,0.000,214.4,222.0
2026-08-08T18:02:35.276290+00:00,1786212155.276,1078.41,18.95,6.3686,1.82,0.000,211.4,222.0
2026-08-08T18:02:35.492716+00:00,1786212155.493,1078.63,20.33,6.3686,1.96,0.193,214.8,222.0
2026-08-08T18:02:35.921349+00:00,1786212155.921,1079.06,21.78,6.3708,2.08,0.234,226.7,233.1
2026-08-08T18:02:36.126175+00:00,1786212156.126,1079.26,21.16,6.3752,2.12,0.164,238.2,233.1
2026-08-08T18:02:36.330932+00:00,1786212156.331,1079.47,21.16,6.3752,2.16,0.152,244.8,233.1
2026-08-08T18:02:36.535528+00:00,1786212156.536,1079.67,21.89,6.3752,2.19,0.237,258.2,233.1
2026-08-08T18:02:36.747576+00:00,1786212156.748,1079.88,21.89,6.3774,2.22,0.398,279.3,233.1
2026-08-08T18:02:36.977266+00:00,1786212156.977,1080.11,21.49,6.3774,2.25,0.167,290.3,233.1
2026-08-08T18:02:37.194727+00:00,1786212157.195,1080.33,21.49,6.3796,2.27,0.168,306.3,233.1
2026-08-08T18:02:37.427486+00:00,1786212157.427,1080.56,20.08,6.3796,2.26,0.133,310.8,233.1
2026-08-08T18:02:37.648481+00:00,1786212157.648,1080.79,20.59,6.3796,2.24,0.192,317.5,233.1
2026-08-08T18:02:37.850191+00:00,1786212157.850,1080.99,20.59,6.3840,2.24,0.000,322.5,233.1
2026-08-08T18:02:38.107845+00:00,1786212158.108,1081.24,21.35,6.3840,2.18,-0.055,325.5,233.1
2026-08-08T18:02:38.328430+00:00,1786212158.328,1081.47,21.54,6.3884,2.14,0.000,320.7,233.1
2026-08-08T18:02:38.546409+00:00,1786212158.546,1081.68,21.54,6.3884,2.12,0.000,310.8,233.1
2026-08-08T18:02:38.779888+00:00,1786212158.780,1081.92,21.63,6.3884,2.08,0.000,304.4,233.1
2026-08-08T18:02:39.013252+00:00,1786212159.013,1082.15,21.63,6.3906,2.04,0.000,297.9,233.1
2026-08-08T18:02:39.228454+00:00,1786212159.228,1082.37,21.42,6.3906,2.02,0.000,286.1,233.1
2026-08-08T18:02:39.619952+00:00,1786212159.620,1082.76,22.34,6.3928,2.01,0.098,272.7,233.1
2026-08-08T18:02:39.918391+00:00,1786212159.918,1083.06,21.51,6.3972,1.97,0.159,270.4,233.1
2026-08-08T18:02:40.153447+00:00,1786212160.153,1083.29,23.06,6.3972,1.94,0.274,275.4,222.0
2026-08-08T18:02:40.386083+00:00,1786212160.386,1083.52,23.06,6.3972,1.92,0.271,283.8,222.0
2026-08-08T18:02:40.613891+00:00,1786212160.614,1083.75,23.07,6.4016,1.89,0.191,285.4,222.0
2026-08-08T18:02:40.849436+00:00,1786212160.849,1083.99,22.04,6.4016,1.87,0.055,287.1,222.0
2026-08-08T18:02:41.065543+00:00,1786212161.066,1084.20,22.04,6.4038,1.86,0.055,290.3,222.0
2026-08-08T18:02:41.261992+00:00,1786212161.262,1084.40,22.92,6.4038,1.86,0.145,296.5,222.0
2026-08-08T18:02:41.516726+00:00,1786212161.517,1084.65,23.22,6.4038,1.81,0.177,304.3,222.0
2026-08-08T18:02:41.753236+00:00,1786212161.753,1084.89,23.22,6.4082,1.78,0.198,313.1,222.0
2026-08-08T18:02:41.981488+00:00,1786212161.981,1085.12,23.16,6.4082,1.76,0.096,317.3,222.0
2026-08-08T18:02:42.216820+00:00,1786212162.217,1085.35,23.16,6.4126,1.73,0.200,326.3,222.0
2026-08-08T18:02:42.448650+00:00,1786212162.449,1085.59,23.16,6.4126,1.71,0.000,321.0,222.0
2026-08-08T18:02:42.666821+00:00,1786212162.667,1085.80,23.05,6.4126,1.70,0.000,314.4,222.0
2026-08-08T18:02:42.864757+00:00,1786212162.865,1086.00,23.05,6.4148,1.70,0.000,300.4,222.0
2026-08-08T18:02:43.135214+00:00,1786212163.135,1086.27,22.78,6.4148,1.68,0.091,290.2,222.0
2026-08-08T18:02:43.350626+00:00,1786212163.351,1086.49,22.77,6.4192,1.67,0.090,283.7,222.0
2026-08-08T18:02:43.550245+00:00,1786212163.550,1086.69,22.77,6.4192,1.67,0.000,280.8,222.0
2026-08-08T18:02:43.751104+00:00,1786212163.751,1086.89,23.17,6.4192,1.66,0.000,278.4,222.0
2026-08-08T18:02:44.028156+00:00,1786212164.028,1087.16,21.51,6.4214,1.64,-0.208,260.1,222.0
2026-08-08T18:02:44.250262+00:00,1786212164.250,1087.39,21.51,6.4214,1.63,-0.201,240.5,222.0
2026-08-08T18:02:44.471128+00:00,1786212164.471,1087.61,23.24,6.4258,1.62,0.000,230.5,222.0
2026-08-08T18:02:44.690134+00:00,1786212164.690,1087.83,22.29,6.4258,1.63,-0.109,219.5,222.0
2026-08-08T18:02:44.885907+00:00,1786212164.886,1088.02,22.29,6.4280,1.63,-0.095,204.7,222.0
2026-08-08T18:02:45.081543+00:00,1786212165.082,1088.22,23.15,6.4280,1.64,0.000,204.1,222.0
2026-08-08T18:02:45.364704+00:00,1786212165.365,1088.50,23.78,6.4280,1.66,0.125,210.5,222.0
2026-08-08T18:02:45.585003+00:00,1786212165.585,1088.72,23.78,6.4324,1.68,0.126,217.1,222.0
2026-08-08T18:02:45.807874+00:00,1786212165.808,1088.94,20.63,6.4324,1.69,-0.264,200.1,222.0
2026-08-08T18:02:46.020012+00:00,1786212166.020,1089.16,23.58,6.4368,1.70,0.050,199.7,222.0
2026-08-08T18:02:46.221582+00:00,1786212166.222,1089.36,23.58,6.4368,1.70,0.261,212.8,222.0
2026-08-08T18:02:46.422389+00:00,1786212166.422,1089.56,23.17,6.4368,1.69,0.212,222.5,222.0
2026-08-08T18:02:46.709113+00:00,1786212166.709,1089.85,23.44,6.4390,1.65,0.000,233.6,222.0
2026-08-08T18:02:46.940164+00:00,1786212166.940,1090.08,23.44,6.4390,1.63,0.143,250.7,222.0
2026-08-08T18:02:47.156735+00:00,1786212167.157,1090.29,23.64,6.4434,1.62,0.166,258.7,222.0
2026-08-08T18:02:47.353606+00:00,1786212167.354,1090.49,23.87,6.4434,1.57,0.088,269.0,222.0
2026-08-08T18:02:47.559383+00:00,1786212167.559,1090.70,23.87,6.4434,1.52,0.000,274.2,222.0
2026-08-08T18:02:47.755885+00:00,1786212167.756,1090.89,22.81,6.4456,1.48,-0.125,267.1,222.0
2026-08-08T18:02:47.961794+00:00,1786212167.962,1091.10,22.81,6.4456,1.44,0.281,270.7,222.0
2026-08-08T18:02:48.166733+00:00,1786212168.167,1091.30,23.71,6.4500,1.39,0.000,262.6,222.0
2026-08-08T18:02:48.371907+00:00,1786212168.372,1091.51,25.65,6.4500,1.36,0.268,290.0,222.0
2026-08-08T18:02:48.589121+00:00,1786212168.589,1091.73,25.65,6.4500,1.34,0.318,303.2,222.0
2026-08-08T18:02:48.823994+00:00,1786212168.824,1091.96,23.32,6.4544,1.30,0.000,288.0,222.0
2026-08-08T18:02:49.054674+00:00,1786212169.055,1092.19,23.41,6.4544,1.25,0.000,275.5,222.0
2026-08-08T18:02:49.271867+00:00,1786212169.272,1092.41,23.41,6.4566,1.23,0.000,272.2,222.0
2026-08-08T18:02:49.488399+00:00,1786212169.488,1092.63,23.73,6.4566,1.20,0.000,262.8,222.0
2026-08-08T18:02:50.146767+00:00,1786212170.147,1093.28,23.70,6.4610,1.19,0.000,251.9,222.0
2026-08-08T18:02:50.347769+00:00,1786212170.348,1093.48,23.70,6.4632,1.16,0.096,248.9,222.0
2026-08-08T18:02:50.552154+00:00,1786212170.552,1093.69,23.99,6.4632,1.15,0.127,252.0,222.0
2026-08-08T18:02:50.753825+00:00,1786212170.754,1093.89,23.86,6.4632,1.15,0.000,256.3,222.0
2026-08-08T18:02:50.952238+00:00,1786212170.952,1094.09,23.86,6.4676,1.17,-0.193,234.3,222.0
2026-08-08T18:02:51.148776+00:00,1786212171.149,1094.29,23.71,6.4676,1.16,-0.211,222.9,222.0
2026-08-08T18:02:51.352167+00:00,1786212171.352,1094.49,23.71,6.4698,1.17,0.000,205.7,222.0
2026-08-08T18:02:51.552793+00:00,1786212171.553,1094.69,23.67,6.4698,1.16,0.000,186.2,222.0
2026-08-08T18:02:51.753402+00:00,1786212171.753,1094.89,23.96,6.4698,1.15,0.062,188.7,222.0
2026-08-08T18:02:51.950521+00:00,1786212171.951,1095.09,23.96,6.4742,1.12,0.000,188.3,222.0
2026-08-08T18:02:52.146811+00:00,1786212172.147,1095.28,24.18,6.4742,1.09,0.066,191.2,222.0
2026-08-08T18:02:52.385641+00:00,1786212172.386,1095.52,24.43,6.4786,1.06,0.099,195.5,222.0
2026-08-08T18:02:52.609151+00:00,1786212172.609,1095.75,24.43,6.4786,1.04,0.059,197.9,222.0
2026-08-08T18:02:52.843664+00:00,1786212172.844,1095.98,23.41,6.4808,1.01,-0.060,189.3,222.0
2026-08-08T18:02:53.060583+00:00,1786212173.061,1096.20,24.78,6.4808,1.00,0.121,188.9,222.0
2026-08-08T18:02:53.276257+00:00,1786212173.276,1096.41,24.78,6.4808,0.98,0.140,195.3,222.0
2026-08-08T18:02:53.497051+00:00,1786212173.497,1096.63,23.19,6.4852,0.96,-0.067,198.8,222.0
2026-08-08T18:02:53.727394+00:00,1786212173.727,1096.86,24.79,6.4852,0.94,0.144,214.8,222.0
2026-08-08T18:02:54.175200+00:00,1786212174.175,1097.31,25.44,6.4874,0.94,0.169,223.2,222.0
2026-08-08T18:02:54.435746+00:00,1786212174.436,1097.57,23.45,6.4918,1.02,-0.057,219.3,222.0
2026-08-08T18:02:54.671352+00:00,1786212174.671,1097.81,26.94,6.4918,1.08,0.303,235.2,222.0
2026-08-08T18:02:54.895519+00:00,1786212174.895,1098.03,24.77,6.4918,1.13,0.000,236.2,222.0
2026-08-08T18:02:55.115500+00:00,1786212175.115,1098.25,24.77,6.4962,1.19,0.000,234.6,222.0
2026-08-08T18:02:55.343570+00:00,1786212175.344,1098.48,25.34,6.4962,1.27,0.214,243.2,222.0
2026-08-08T18:02:55.561451+00:00,1786212175.561,1098.70,25.69,6.5006,1.31,0.100,249.1,222.0
2026-08-08T18:02:55.762801+00:00,1786212175.763,1098.90,25.69,6.5006,1.31,0.101,261.9,222.0
2026-08-08T18:02:56.029025+00:00,1786212176.029,1099.17,23.34,6.5006,1.39,0.000,257.6,222.0
2026-08-08T18:02:56.247717+00:00,1786212176.248,1099.38,25.24,6.5050,1.41,0.000,254.9,222.0
2026-08-08T18:02:56.461354+00:00,1786212176.461,1099.60,25.62,6.5050,1.43,0.000,264.5,222.0
2026-08-08T18:02:56.680722+00:00,1786212176.681,1099.82,25.62,6.5072,1.48,0.268,276.2,222.0
2026-08-08T18:02:56.913208+00:00,1786212176.913,1100.05,25.52,6.5072,1.53,-0.176,264.3,222.0
2026-08-08T18:02:57.128506+00:00,1786212177.128,1100.27,26.18,6.5072,1.55,0.175,283.2,222.0
2026-08-08T18:02:57.573672+00:00,1786212177.574,1100.71,25.91,6.5116,1.55,0.128,276.6,222.0
2026-08-08T18:02:57.852846+00:00,1786212177.853,1100.99,24.76,6.5160,1.53,-0.064,276.7,222.0
2026-08-08T18:02:58.086718+00:00,1786212178.087,1101.22,24.67,6.5160,1.44,-0.112,273.2,222.0
2026-08-08T18:02:58.313626+00:00,1786212178.314,1101.45,26.76,6.5204,1.35,0.117,271.3,222.0
2026-08-08T18:02:58.531887+00:00,1786212178.532,1101.67,26.76,6.5204,1.30,0.379,287.2,222.0
2026-08-08T18:02:58.750179+00:00,1786212178.750,1101.89,23.16,6.5204,1.26,-0.231,268.4,222.0
2026-08-08T18:02:58.968284+00:00,1786212178.968,1102.11,25.87,6.5226,1.17,0.000,269.7,222.0
2026-08-08T18:02:59.196886+00:00,1786212179.197,1102.33,25.87,6.5226,1.08,0.000,267.7,222.0
2026-08-08T18:02:59.824627+00:00,1786212179.825,1102.96,29.60,6.5270,1.02,0.389,291.7,222.0
2026-08-08T18:03:00.118609+00:00,1786212180.119,1103.26,27.37,6.5314,0.88,0.111,281.4,222.0
2026-08-08T18:03:00.347808+00:00,1786212180.348,1103.48,27.37,6.5314,0.79,0.147,293.8,222.0
2026-08-08T18:03:00.570744+00:00,1786212180.571,1103.71,25.34,6.5358,0.70,0.059,279.8,222.0
2026-08-08T18:03:00.803255+00:00,1786212180.803,1103.94,27.19,6.5358,0.62,0.258,280.5,222.0
2026-08-08T18:03:01.033641+00:00,1786212181.034,1104.17,25.89,6.5402,0.53,-0.088,272.2,222.0
2026-08-08T18:03:01.249459+00:00,1786212181.249,1104.39,25.89,6.5402,0.51,-0.089,267.0,222.0
2026-08-08T18:03:01.640951+00:00,1786212181.641,1104.78,27.99,6.5424,0.57,0.464,280.6,222.0
2026-08-08T18:03:01.937758+00:00,1786212181.938,1105.07,25.56,6.5424,0.77,0.000,255.1,222.0
2026-08-08T18:03:02.172681+00:00,1786212182.173,1105.31,25.56,6.5468,0.90,0.000,265.3,222.0
2026-08-08T18:03:02.400288+00:00,1786212182.400,1105.54,27.33,6.5468,1.03,-0.245,253.1,222.0
2026-08-08T18:03:02.620896+00:00,1786212182.621,1105.76,27.55,6.5512,1.10,0.000,255.4,222.0
2026-08-08T18:03:02.852189+00:00,1786212182.852,1105.99,25.14,6.5512,1.23,-0.247,217.1,222.0
2026-08-08T18:03:03.069199+00:00,1786212183.069,1106.21,25.14,6.5512,1.29,0.000,212.0,222.0
2026-08-08T18:03:03.496902+00:00,1786212183.497,1106.63,26.12,6.5556,1.29,-0.110,201.5,222.0
2026-08-08T18:03:03.760587+00:00,1786212183.761,1106.90,25.31,6.5600,1.37,-0.059,201.2,222.0
2026-08-08T18:03:03.989579+00:00,1786212183.990,1107.13,27.67,6.5600,1.42,0.180,205.0,222.0
2026-08-08T18:03:04.217641+00:00,1786212184.218,1107.35,27.67,6.5600,1.47,0.000,219.8,222.0
2026-08-08T18:03:04.437041+00:00,1786212184.437,1107.57,27.30,6.5644,1.52,0.193,244.8,222.0
2026-08-08T18:03:04.654452+00:00,1786212184.654,1107.79,25.32,6.5644,1.54,0.000,224.8,222.0
2026-08-08T18:03:04.887011+00:00,1786212184.887,1108.02,25.32,6.5666,1.59,-0.224,220.4,222.0
2026-08-08T18:03:05.288407+00:00,1786212185.288,1108.43,26.35,6.5666,1.62,-0.125,221.2,222.0
2026-08-08T18:03:05.587481+00:00,1786212185.587,1108.72,25.40,6.5710,1.47,0.000,235.3,222.0
2026-08-08T18:03:05.828091+00:00,1786212185.828,1108.96,26.99,6.5710,1.37,0.187,246.7,222.0
2026-08-08T18:03:06.056140+00:00,1786212186.056,1109.19,26.99,6.5754,1.26,0.095,266.3,222.0
2026-08-08T18:03:06.295691+00:00,1786212186.296,1109.43,24.84,6.5754,1.16,-0.051,262.4,222.0
2026-08-08T18:03:06.524722+00:00,1786212186.525,1109.66,25.97,6.5754,1.06,-0.186,256.5,222.0
2026-08-08T18:03:06.727798+00:00,1786212186.728,1109.86,28.70,6.5798,1.06,0.114,267.6,222.0
2026-08-08T18:03:06.997844+00:00,1786212186.998,1110.13,27.19,6.5798,1.06,0.000,254.1,222.0
2026-08-08T18:03:07.225710+00:00,1786212187.226,1110.36,27.19,6.5841,1.09,0.202,260.7,222.0
2026-08-08T18:03:07.456792+00:00,1786212187.457,1110.59,27.39,6.5841,1.12,0.224,259.0,222.0
2026-08-08T18:03:07.675992+00:00,1786212187.676,1110.81,27.06,6.5841,1.14,0.082,262.1,222.0
2026-08-08T18:03:07.910522+00:00,1786212187.910,1111.05,26.04,6.5885,1.17,0.076,274.3,222.0
2026-08-08T18:03:08.137874+00:00,1786212188.138,1111.27,26.04,6.5885,1.20,-0.115,270.9,222.0
2026-08-08T18:03:08.334638+00:00,1786212188.335,1111.47,25.17,6.5929,1.20,-0.222,257.7,222.0
2026-08-08T18:03:08.594358+00:00,1786212188.594,1111.73,25.22,6.5929,1.31,0.000,245.2,222.0
2026-08-08T18:03:08.825662+00:00,1786212188.826,1111.96,25.49,6.5973,1.38,-0.059,236.4,222.0
2026-08-08T18:03:09.058829+00:00,1786212189.059,1112.20,25.49,6.5973,1.42,-0.383,223.0,222.0
2026-08-08T18:03:09.273368+00:00,1786212189.273,1112.41,24.84,6.5973,1.46,-0.287,220.4,222.0
2026-08-08T18:03:09.489543+00:00,1786212189.490,1112.63,27.68,6.6017,1.49,0.060,219.7,222.0
2026-08-08T18:03:09.710368+00:00,1786212189.710,1112.85,28.61,6.6017,1.53,0.150,234.3,222.0
2026-08-08T18:03:09.931773+00:00,1786212189.932,1113.07,28.61,6.6039,1.55,0.191,240.4,222.0
2026-08-08T18:03:10.167217+00:00,1786212190.167,1113.30,26.06,6.6039,1.61,0.000,231.0,222.0
2026-08-08T18:03:10.393957+00:00,1786212190.394,1113.53,26.12,6.6083,1.64,0.000,229.7,222.0
2026-08-08T18:03:10.609627+00:00,1786212190.610,1113.75,26.12,6.6083,1.65,0.116,236.0,222.0
2026-08-08T18:03:10.845570+00:00,1786212190.846,1113.98,25.76,6.6083,1.67,0.066,248.5,222.0
2026-08-08T18:03:11.078737+00:00,1786212191.079,1114.22,25.17,6.6127,1.69,0.000,263.3,222.0
2026-08-08T18:03:11.356885+00:00,1786212191.357,1114.49,24.72,6.6127,1.71,-0.093,261.5,222.0
2026-08-08T18:03:11.536848+00:00,1786212191.537,1114.67,24.72,6.6149,1.71,0.000,266.0,222.0
2026-08-08T18:03:11.736082+00:00,1786212191.736,1114.87,26.55,6.6149,1.71,-0.139,281.6,222.0
2026-08-08T18:03:11.936597+00:00,1786212191.937,1115.07,25.32,6.6149,1.71,-0.410,278.1,222.0
2026-08-08T18:03:12.147237+00:00,1786212192.147,1115.28,25.32,6.6193,1.67,-0.412,253.0,222.0
2026-08-08T18:03:12.375573+00:00,1786212192.376,1115.51,24.18,6.6193,1.63,-0.236,228.4,222.0
2026-08-08T18:03:12.596766+00:00,1786212192.597,1115.73,24.98,6.6237,1.61,-0.144,206.2,222.0
2026-08-08T18:03:12.826999+00:00,1786212192.827,1115.96,24.98,6.6237,1.57,-0.143,197.6,222.0
2026-08-08T18:03:13.059173+00:00,1786212193.059,1116.20,25.25,6.6237,1.53,-0.064,192.3,222.0
2026-08-08T18:03:13.281817+00:00,1786212193.282,1116.42,24.42,6.6281,1.50,-0.095,178.6,222.0
2026-08-08T18:03:13.480248+00:00,1786212193.480,1116.62,26.10,6.6281,1.50,0.179,183.3,222.0
2026-08-08T18:03:13.749193+00:00,1786212193.749,1116.89,26.10,6.6303,1.43,0.173,191.1,222.0
2026-08-08T18:03:13.976638+00:00,1786212193.977,1117.11,25.01,6.6303,1.39,-0.192,184.0,222.0
2026-08-08T18:03:14.194315+00:00,1786212194.194,1117.33,23.37,6.6303,1.36,-0.239,168.9,222.0
2026-08-08T18:03:14.413925+00:00,1786212194.414,1117.55,23.37,6.6347,1.34,-0.238,158.1,222.0
2026-08-08T18:03:14.628725+00:00,1786212194.629,1117.77,23.26,6.6347,1.29,-0.113,167.1,222.0
2026-08-08T18:03:14.862404+00:00,1786212194.862,1118.00,22.91,6.6391,1.26,-0.254,169.8,222.0
2026-08-08T18:03:15.055910+00:00,1786212195.056,1118.19,22.91,6.6391,1.26,-0.258,165.1,222.0
2026-08-08T18:03:15.314952+00:00,1786212195.315,1118.45,25.63,6.6391,1.30,0.000,170.3,222.0
2026-08-08T18:03:15.533500+00:00,1786212195.533,1118.67,23.76,6.6435,1.31,-0.081,169.9,222.0
2026-08-08T18:03:15.729302+00:00,1786212195.729,1118.87,23.76,6.6435,1.34,-0.288,156.5,222.0
2026-08-08T18:03:15.925433+00:00,1786212195.925,1119.06,25.82,6.6435,1.39,0.000,161.8,222.0
2026-08-08T18:03:16.208379+00:00,1786212196.208,1119.35,25.68,6.6479,1.43,0.084,155.8,222.0
2026-08-08T18:03:16.429778+00:00,1786212196.430,1119.57,23.73,6.6479,1.47,0.000,144.3,222.0
2026-08-08T18:03:16.648409+00:00,1786212196.648,1119.79,23.73,6.6501,1.49,0.000,152.8,222.0
2026-08-08T18:03:16.878402+00:00,1786212196.878,1120.02,25.66,6.6501,1.54,0.296,182.5,222.0
2026-08-08T18:03:17.096525+00:00,1786212197.096,1120.23,23.60,6.6501,1.58,0.086,199.1,222.0
2026-08-08T18:03:17.316488+00:00,1786212197.316,1120.45,23.60,6.6545,1.61,0.085,210.8,222.0
2026-08-08T18:03:18.091113+00:00,1786212198.091,1121.23,24.88,6.6589,1.65,-0.076,223.9,222.0
2026-08-08T18:03:18.369022+00:00,1786212198.369,1121.51,25.02,6.6611,1.68,0.123,247.0,222.0
2026-08-08T18:03:18.602712+00:00,1786212198.603,1121.74,25.02,6.6611,1.70,0.121,255.4,222.0
2026-08-08T18:03:18.834147+00:00,1786212198.834,1121.97,24.83,6.6655,1.70,-0.094,259.0,222.0
2026-08-08T18:03:19.065843+00:00,1786212199.066,1122.20,23.29,6.6655,1.66,-0.232,263.7,222.0
2026-08-08T18:03:19.281955+00:00,1786212199.282,1122.42,23.29,6.6655,1.64,0.000,262.5,222.0
2026-08-08T18:03:19.497298+00:00,1786212199.497,1122.63,23.29,6.6699,1.61,0.000,256.7,222.0
2026-08-08T18:03:19.697223+00:00,1786212199.697,1122.83,24.78,6.6699,1.61,-0.087,255.0,222.0
2026-08-08T18:03:19.968870+00:00,1786212199.969,1123.11,25.21,6.6743,1.50,0.156,264.5,222.0
2026-08-08T18:03:20.189065+00:00,1786212200.189,1123.33,25.21,6.6743,1.46,0.156,256.2,222.0
2026-08-08T18:03:20.390129+00:00,1786212200.390,1123.53,26.06,6.6743,1.44,0.143,261.5,222.0
2026-08-08T18:03:20.629155+00:00,1786212200.629,1123.77,25.63,6.6765,1.43,0.076,262.6,222.0
2026-08-08T18:03:20.833041+00:00,1786212200.833,1123.97,25.63,6.6765,1.43,0.077,269.2,222.0
2026-08-08T18:03:21.028549+00:00,1786212201.029,1124.17,25.01,6.6809,1.43,0.000,261.2,222.0
2026-08-08T18:03:21.230146+00:00,1786212201.230,1124.37,25.19,6.6809,1.45,0.244,265.3,222.0
2026-08-08T18:03:21.433749+00:00,1786212201.434,1124.57,25.19,6.6809,1.48,0.245,280.4,222.0
2026-08-08T18:03:21.657817+00:00,1786212201.658,1124.79,24.78,6.6853,1.51,0.192,300.7,222.0
2026-08-08T18:03:21.887632+00:00,1786212201.888,1125.02,25.19,6.6853,1.55,0.051,304.9,222.0
2026-08-08T18:03:22.107863+00:00,1786212202.108,1125.24,25.19,6.6875,1.56,0.000,307.0,222.0
2026-08-08T18:03:22.303323+00:00,1786212202.303,1125.44,25.33,6.6875,1.52,0.000,311.1,222.0
2026-08-08T18:03:22.507105+00:00,1786212202.507,1125.64,25.51,6.6875,1.48,-0.073,300.2,222.0
2026-08-08T18:03:22.701827+00:00,1786212202.702,1125.84,25.51,6.6919,1.47,0.000,293.1,222.0
2026-08-08T18:03:22.898809+00:00,1786212202.899,1126.04,25.99,6.6919,1.47,0.000,286.1,222.0
2026-08-08T18:03:23.116573+00:00,1786212203.117,1126.25,25.77,6.6963,1.50,0.101,288.1,222.0
2026-08-08T18:03:23.335185+00:00,1786212203.335,1126.47,25.77,6.6963,1.47,0.076,288.7,222.0
2026-08-08T18:03:23.553358+00:00,1786212203.553,1126.69,24.61,6.6963,1.43,-0.077,284.6,222.0
2026-08-08T18:03:23.778946+00:00,1786212203.779,1126.92,24.45,6.7007,1.41,0.000,271.5,222.0
2026-08-08T18:03:23.988126+00:00,1786212203.988,1127.12,26.07,6.7007,1.36,0.117,265.6,222.0
2026-08-08T18:03:24.203391+00:00,1786212204.203,1127.34,26.07,6.7007,1.34,0.117,262.6,222.0
2026-08-08T18:03:24.424206+00:00,1786212204.424,1127.56,26.20,6.7051,1.30,0.114,265.2,222.0
2026-08-08T18:03:24.624276+00:00,1786212204.624,1127.76,28.25,6.7051,1.30,0.360,286.7,222.0
2026-08-08T18:03:24.893764+00:00,1786212204.894,1128.03,28.01,6.7095,1.26,0.317,305.2,222.0
2026-08-08T18:03:25.121666+00:00,1786212205.122,1128.26,28.01,6.7095,1.23,0.252,323.7,222.0
2026-08-08T18:03:25.338993+00:00,1786212205.339,1128.48,25.50,6.7095,1.22,0.000,321.6,222.0
2026-08-08T18:03:25.555195+00:00,1786212205.555,1128.69,27.86,6.7139,1.25,0.261,336.2,222.0
2026-08-08T18:03:25.789097+00:00,1786212205.789,1128.93,25.87,6.7139,1.29,0.157,337.4,222.0
2026-08-08T18:03:26.020778+00:00,1786212206.021,1129.16,25.87,6.7161,1.33,0.176,341.3,222.0
2026-08-08T18:03:26.214377+00:00,1786212206.214,1129.35,27.64,6.7161,1.33,0.195,358.5,222.0
2026-08-08T18:03:26.474369+00:00,1786212206.474,1129.61,27.99,6.7161,1.39,0.235,375.7,222.0
2026-08-08T18:03:26.708178+00:00,1786212206.708,1129.84,25.39,6.7205,1.41,-0.099,364.5,222.0
2026-08-08T18:03:26.940144+00:00,1786212206.940,1130.08,27.59,6.7205,1.44,-0.079,357.4,222.0
2026-08-08T18:03:27.156999+00:00,1786212207.157,1130.29,27.59,6.7249,1.45,-0.051,352.1,222.0
2026-08-08T18:03:27.371901+00:00,1786212207.372,1130.51,25.76,6.7249,1.46,-0.278,316.8,222.0
2026-08-08T18:03:27.589993+00:00,1786212207.590,1130.73,28.00,6.7249,1.47,0.309,318.2,222.0
2026-08-08T18:03:28.034471+00:00,1786212208.034,1131.17,28.26,6.7293,1.47,0.000,307.1,222.0
2026-08-08T18:03:28.296557+00:00,1786212208.297,1131.43,27.92,6.7337,1.50,0.227,325.1,222.0
2026-08-08T18:03:28.532039+00:00,1786212208.532,1131.67,27.74,6.7337,1.51,0.207,324.3,222.0
2026-08-08T18:03:28.757899+00:00,1786212208.758,1131.89,27.33,6.7337,1.53,0.000,320.5,222.0
2026-08-08T18:03:28.992898+00:00,1786212208.993,1132.13,27.24,6.7381,1.54,-0.082,311.1,222.0
2026-08-08T18:03:29.211998+00:00,1786212209.212,1132.35,27.24,6.7381,1.54,0.206,312.9,222.0
2026-08-08T18:03:29.416910+00:00,1786212209.417,1132.55,27.14,6.7425,1.55,-0.050,297.8,222.0
2026-08-08T18:03:29.622712+00:00,1786212209.623,1132.76,28.13,6.7425,1.56,0.061,311.1,222.0
2026-08-08T18:03:29.825421+00:00,1786212209.825,1132.96,26.93,6.7425,1.54,0.132,322.1,222.0
2026-08-08T18:03:30.026065+00:00,1786212210.026,1133.16,26.93,6.7469,1.53,-0.122,318.3,222.0
2026-08-08T18:03:30.229243+00:00,1786212210.229,1133.37,27.86,6.7469,1.52,0.000,335.5,222.0
2026-08-08T18:03:30.431141+00:00,1786212210.431,1133.57,26.74,6.7491,1.51,-0.153,309.5,222.0
2026-08-08T18:03:30.628339+00:00,1786212210.628,1133.77,26.74,6.7491,1.48,-0.133,300.5,222.0
2026-08-08T18:03:30.823626+00:00,1786212210.824,1133.96,26.67,6.7491,1.43,-0.088,281.4,222.0
2026-08-08T18:03:31.028090+00:00,1786212211.028,1134.16,26.57,6.7535,1.40,-0.092,263.0,222.0
2026-08-08T18:03:31.321165+00:00,1786212211.321,1134.46,26.47,6.7535,1.30,-0.102,254.7,222.0
2026-08-08T18:03:31.542177+00:00,1786212211.542,1134.68,26.47,6.7579,1.23,-0.087,250.8,222.0
2026-08-08T18:03:31.762159+00:00,1786212211.762,1134.90,25.74,6.7579,1.20,-0.310,219.6,222.0
2026-08-08T18:03:31.992695+00:00,1786212211.993,1135.13,24.94,6.7579,1.13,-0.256,203.5,222.0
2026-08-08T18:03:32.213358+00:00,1786212212.213,1135.35,26.57,6.7623,1.10,0.000,193.9,222.0
2026-08-08T18:03:32.451386+00:00,1786212212.451,1135.59,26.57,6.7623,1.03,-0.161,173.8,222.0
2026-08-08T18:03:32.884118+00:00,1786212212.884,1136.02,27.58,6.7667,1.03,0.095,181.7,222.0
2026-08-08T18:03:33.152274+00:00,1786212213.152,1136.29,27.35,6.7711,0.99,0.067,179.7,222.0
2026-08-08T18:03:33.384140+00:00,1786212213.384,1136.52,27.35,6.7711,0.97,0.074,187.5,222.0
2026-08-08T18:03:33.612394+00:00,1786212213.612,1136.75,24.75,6.7711,0.93,-0.195,178.0,222.0
2026-08-08T18:03:33.848036+00:00,1786212213.848,1136.98,27.05,6.7755,0.90,0.063,181.7,222.0
2026-08-08T18:03:34.066688+00:00,1786212214.067,1137.20,25.37,6.7755,0.89,-0.121,174.7,222.0
2026-08-08T18:03:34.288951+00:00,1786212214.289,1137.43,25.37,6.7777,0.94,0.000,175.5,222.0
2026-08-08T18:03:34.511338+00:00,1786212214.511,1137.65,27.49,6.7777,1.00,0.282,194.2,222.0
2026-08-08T18:03:34.732322+00:00,1786212214.732,1137.87,27.96,6.7777,1.04,0.153,219.3,222.0
2026-08-08T18:03:34.964784+00:00,1786212214.965,1138.10,25.71,6.7821,1.12,-0.095,227.7,222.0
2026-08-08T18:03:35.179518+00:00,1786212215.179,1138.32,25.71,6.7821,1.16,-0.226,216.0,222.0
2026-08-08T18:03:35.395386+00:00,1786212215.395,1138.53,25.55,6.7865,1.20,-0.223,213.5,222.0
2026-08-08T18:03:35.615129+00:00,1786212215.615,1138.75,25.84,6.7865,1.24,-0.188,198.7,222.0
2026-08-08T18:03:35.814990+00:00,1786212215.815,1138.95,25.84,6.7865,1.24,0.137,202.2,222.0
2026-08-08T18:03:36.083834+00:00,1786212216.084,1139.22,25.76,6.7909,1.44,-0.160,192.4,222.0
2026-08-08T18:03:36.312559+00:00,1786212216.313,1139.45,25.77,6.7909,1.57,0.000,208.2,222.0
2026-08-08T18:03:36.531039+00:00,1786212216.531,1139.67,25.55,6.7953,1.61,0.000,209.1,222.0
2026-08-08T18:03:36.764353+00:00,1786212216.764,1139.90,25.55,6.7953,1.71,-0.239,210.2,222.0
2026-08-08T18:03:36.996169+00:00,1786212216.996,1140.13,23.44,6.7953,1.81,-0.555,189.7,222.0
2026-08-08T18:03:37.216902+00:00,1786212217.217,1140.35,25.26,6.7997,1.86,-0.056,176.3,222.0
2026-08-08T18:03:37.628622+00:00,1786212217.629,1140.77,25.64,6.8019,1.86,0.000,172.0,222.0
2026-08-08T18:03:37.824060+00:00,1786212217.824,1140.96,25.96,6.8019,1.88,0.000,183.4,222.0
2026-08-08T18:03:38.021928+00:00,1786212218.022,1141.16,25.96,6.8019,1.89,0.000,201.1,222.0
2026-08-08T18:03:38.219168+00:00,1786212218.219,1141.36,26.53,6.8063,1.89,0.079,223.3,222.0
2026-08-08T18:03:38.424475+00:00,1786212218.424,1141.56,24.62,6.8063,1.91,-0.136,230.0,222.0
2026-08-08T18:03:38.630940+00:00,1786212218.631,1141.77,24.62,6.8085,1.88,-0.138,220.3,222.0
2026-08-08T18:03:38.900482+00:00,1786212218.900,1142.04,23.10,6.8085,1.85,-0.287,215.3,222.0
2026-08-08T18:03:39.116637+00:00,1786212219.117,1142.25,23.19,6.8085,1.84,-0.279,201.5,222.0
2026-08-08T18:03:39.334271+00:00,1786212219.334,1142.47,23.19,6.8129,1.76,0.000,199.6,222.0
2026-08-08T18:03:39.549259+00:00,1786212219.549,1142.69,23.07,6.8129,1.72,-0.261,196.6,222.0
2026-08-08T18:03:39.785192+00:00,1786212219.785,1142.92,22.73,6.8173,1.65,-0.375,203.1,222.0
2026-08-08T18:03:40.007136+00:00,1786212220.007,1143.14,26.23,6.8173,1.61,0.000,205.1,222.0
2026-08-08T18:03:40.201231+00:00,1786212220.201,1143.34,26.23,6.8173,1.53,0.000,203.1,222.0
2026-08-08T18:03:40.444153+00:00,1786212220.444,1143.58,26.04,6.8195,1.46,-0.061,196.7,222.0
2026-08-08T18:03:40.667832+00:00,1786212220.668,1143.80,25.90,6.8195,1.43,0.159,200.6,222.0
2026-08-08T18:03:40.891674+00:00,1786212220.892,1144.03,25.90,6.8239,1.44,0.158,199.7,222.0
2026-08-08T18:03:41.085075+00:00,1786212221.085,1144.22,27.05,6.8239,1.43,0.502,231.7,222.0
2026-08-08T18:03:41.286885+00:00,1786212221.287,1144.42,24.97,6.8239,1.39,0.228,245.8,222.0
2026-08-08T18:03:41.486941+00:00,1786212221.487,1144.62,24.97,6.8283,1.35,0.230,268.0,222.0
2026-08-08T18:03:41.687969+00:00,1786212221.688,1144.82,25.18,6.8283,1.31,0.274,292.2,222.0
2026-08-08T18:03:41.888024+00:00,1786212221.888,1145.02,25.18,6.8283,1.31,0.323,306.7,222.0
2026-08-08T18:03:42.092825+00:00,1786212222.093,1145.23,25.45,6.8326,1.30,-0.105,312.9,222.0
2026-08-08T18:03:42.292211+00:00,1786212222.292,1145.43,25.06,6.8326,1.30,-0.156,322.0,222.0
2026-08-08T18:03:42.547452+00:00,1786212222.547,1145.68,24.92,6.8348,1.32,-0.148,310.7,222.0
2026-08-08T18:03:42.769771+00:00,1786212222.770,1145.91,24.92,6.8348,1.33,-0.130,301.1,222.0
2026-08-08T18:03:43.001466+00:00,1786212223.001,1146.14,24.49,6.8392,1.35,-0.187,292.5,222.0
2026-08-08T18:03:43.220270+00:00,1786212223.220,1146.36,24.20,6.8392,1.36,-0.371,264.5,222.0
2026-08-08T18:03:43.418067+00:00,1786212223.418,1146.55,24.20,6.8392,1.36,-0.101,249.2,222.0
2026-08-08T18:03:43.665859+00:00,1786212223.666,1146.80,23.76,6.8436,1.32,-0.155,210.8,222.0
2026-08-08T18:03:43.889032+00:00,1786212223.889,1147.03,23.60,6.8436,1.30,-0.199,188.4,222.0
2026-08-08T18:03:44.104278+00:00,1786212224.104,1147.24,23.60,6.8458,1.29,-0.197,166.3,222.0
2026-08-08T18:03:44.300314+00:00,1786212224.300,1147.44,23.78,6.8458,1.29,-0.210,141.6,222.0
2026-08-08T18:03:44.502256+00:00,1786212224.502,1147.64,25.86,6.8458,1.28,0.101,131.6,222.0
2026-08-08T18:03:44.785227+00:00,1786212224.785,1147.92,25.77,6.8502,1.25,0.105,141.9,222.0
2026-08-08T18:03:44.988412+00:00,1786212224.988,1148.13,25.77,6.8502,1.25,0.106,155.1,222.0
2026-08-08T18:03:45.232598+00:00,1786212225.233,1148.37,25.71,6.8546,1.20,0.152,169.7,222.0
2026-08-08T18:03:45.456692+00:00,1786212225.457,1148.59,25.54,6.8546,1.14,0.167,183.3,222.0
2026-08-08T18:03:45.675281+00:00,1786212225.675,1148.81,25.54,6.8546,1.12,0.165,199.6,222.0
2026-08-08T18:03:45.910658+00:00,1786212225.911,1149.05,23.60,6.8590,1.07,0.000,213.9,222.0
2026-08-08T18:03:46.138847+00:00,1786212226.139,1149.28,25.45,6.8590,1.02,0.228,228.5,222.0
2026-08-08T18:03:46.357333+00:00,1786212226.357,1149.49,25.61,6.8634,0.99,0.247,247.2,222.0
2026-08-08T18:03:46.555903+00:00,1786212226.556,1149.69,25.61,6.8634,0.99,0.225,267.2,222.0
2026-08-08T18:03:46.811711+00:00,1786212226.812,1149.95,25.51,6.8634,0.92,0.000,275.4,222.0
2026-08-08T18:03:47.044188+00:00,1786212227.044,1150.18,25.29,6.8656,0.88,-0.058,280.6,222.0
2026-08-08T18:03:47.274968+00:00,1786212227.275,1150.41,25.29,6.8656,0.84,-0.058,268.5,222.0
2026-08-08T18:03:47.489846+00:00,1786212227.490,1150.63,23.34,6.8700,0.82,-0.292,244.0,222.0
2026-08-08T18:03:47.708726+00:00,1786212227.709,1150.85,25.11,6.8700,0.81,-0.053,231.8,222.0
2026-08-08T18:03:47.940524+00:00,1786212227.940,1151.08,25.45,6.8700,0.78,0.000,220.6,222.0
2026-08-08T18:03:48.359697+00:00,1786212228.360,1151.50,26.08,6.8744,0.76,0.281,223.9,222.0
2026-08-08T18:03:48.559343+00:00,1786212228.559,1151.70,26.08,6.8744,0.76,0.073,217.1,222.0
2026-08-08T18:03:48.753859+00:00,1786212228.754,1151.89,26.46,6.8788,0.77,0.098,222.8,222.0
2026-08-08T18:03:48.953654+00:00,1786212228.954,1152.09,24.66,6.8788,0.77,-0.109,203.6,222.0
2026-08-08T18:03:49.203395+00:00,1786212229.203,1152.34,24.66,6.8810,0.78,-0.098,184.0,222.0
2026-08-08T18:03:49.433695+00:00,1786212229.434,1152.57,23.15,6.8810,0.79,-0.248,157.7,222.0
2026-08-08T18:03:49.658993+00:00,1786212229.659,1152.80,24.38,6.8854,0.83,-0.106,150.7,222.0
2026-08-08T18:03:49.893546+00:00,1786212229.894,1153.03,24.16,6.8854,0.93,0.095,157.2,222.0
2026-08-08T18:03:50.109747+00:00,1786212230.110,1153.25,24.16,6.8876,0.98,-0.110,154.7,222.0
2026-08-08T18:03:50.326159+00:00,1786212230.326,1153.46,23.98,6.8876,1.03,-0.171,162.1,222.0
2026-08-08T18:03:50.545328+00:00,1786212230.545,1153.68,25.55,6.8876,1.12,-0.067,164.5,222.0
2026-08-08T18:03:50.777487+00:00,1786212230.777,1153.91,25.55,6.8920,1.22,-0.066,165.0,222.0
2026-08-08T18:03:51.007982+00:00,1786212231.008,1154.14,23.67,6.8920,1.32,-0.344,136.9,222.0
2026-08-08T18:03:51.428876+00:00,1786212231.429,1154.57,23.63,6.8942,1.32,-0.116,129.7,222.0
2026-08-08T18:03:51.711394+00:00,1786212231.711,1154.85,23.16,6.8986,1.59,-0.167,119.9,222.0
2026-08-08T18:03:51.952186+00:00,1786212231.952,1155.09,22.58,6.8986,1.75,-0.064,127.4,222.0
2026-08-08T18:03:52.177991+00:00,1786212232.178,1155.31,22.58,6.8986,1.91,-0.199,129.7,222.0
2026-08-08T18:03:52.398762+00:00,1786212232.399,1155.54,22.65,6.9030,2.07,-0.167,142.4,222.0
2026-08-08T18:03:52.614500+00:00,1786212232.614,1155.75,22.65,6.9030,2.15,-0.167,148.0,222.0
2026-08-08T18:03:52.844899+00:00,1786212232.845,1155.98,21.09,6.9052,2.31,-0.318,137.1,222.0
2026-08-08T18:03:53.243112+00:00,1786212233.243,1156.38,22.61,6.9052,2.67,-0.303,139.8,233.1
2026-08-08T18:03:53.532051+00:00,1786212233.532,1156.67,21.59,6.9096,3.71,-0.400,147.4,233.1
2026-08-08T18:03:53.752539+00:00,1786212233.753,1156.89,21.84,6.9096,4.04,-0.184,159.5,233.1
2026-08-08T18:03:53.962717+00:00,1786212233.963,1157.10,21.84,6.9118,4.71,-0.195,175.1,233.1
2026-08-08T18:03:54.179737+00:00,1786212234.180,1157.32,21.87,6.9118,5.04,-0.145,209.1,233.1
2026-08-08T18:03:54.396484+00:00,1786212234.396,1157.53,21.87,6.9118,5.37,-0.080,237.8,233.1
2026-08-08T18:03:54.626580+00:00,1786212234.627,1157.76,20.85,6.9162,6.04,-0.196,264.8,244.2
2026-08-08T18:03:54.820477+00:00,1786212234.820,1157.96,20.85,6.9162,6.04,-0.207,286.1,244.2
2026-08-08T18:03:55.082724+00:00,1786212235.083,1158.22,21.79,6.9184,6.93,-0.097,325.1,244.2
2026-08-08T18:03:55.298922+00:00,1786212235.299,1158.44,20.30,6.9184,7.20,-0.090,359.5,244.2
2026-08-08T18:03:55.513598+00:00,1786212235.514,1158.65,20.30,6.9184,7.46,-0.283,387.6,244.2
2026-08-08T18:03:55.748628+00:00,1786212235.749,1158.89,21.92,6.9228,8.00,0.000,442.0,244.2
2026-08-08T18:03:55.972720+00:00,1786212235.973,1159.11,21.92,6.9228,8.26,0.000,493.7,244.2
2026-08-08T18:03:56.183257+00:00,1786212236.183,1159.32,21.36,6.9250,8.63,-0.061,541.4,244.2
2026-08-08T18:03:56.399804+00:00,1786212236.400,1159.54,20.72,6.9250,8.82,-0.144,573.2,244.2
2026-08-08T18:03:56.619657+00:00,1786212236.620,1159.76,20.72,6.9250,9.00,-0.144,601.9,244.2
2026-08-08T18:03:56.849445+00:00,1786212236.849,1159.99,21.92,6.9294,9.37,0.134,644.3,244.2
2026-08-08T18:03:57.065610+00:00,1786212237.066,1160.20,21.92,6.9294,9.27,0.132,680.9,244.2
2026-08-08T18:03:57.281522+00:00,1786212237.282,1160.42,20.44,6.9316,9.16,-0.171,701.5,244.2
2026-08-08T18:03:57.517051+00:00,1786212237.517,1160.65,20.78,6.9316,9.06,0.060,732.2,244.2
2026-08-08T18:03:57.945148+00:00,1786212237.945,1161.08,22.33,6.9338,8.29,0.232,757.5,244.2
2026-08-08T18:03:58.144948+00:00,1786212238.145,1161.28,22.33,6.9338,7.45,0.000,768.8,244.2
2026-08-08T18:03:58.415650+00:00,1786212238.416,1161.55,21.77,6.9382,6.64,0.000,778.5,244.2
2026-08-08T18:03:58.635540+00:00,1786212238.636,1161.77,21.71,6.9382,5.83,0.000,762.7,244.2
2026-08-08T18:03:58.869300+00:00,1786212238.869,1162.01,21.71,6.9404,5.06,0.111,744.2,244.2
2026-08-08T18:03:59.093866+00:00,1786212239.094,1162.23,20.15,6.9404,4.68,-0.064,714.4,244.2
2026-08-08T18:03:59.293638+00:00,1786212239.294,1162.43,20.15,6.9404,4.04,-0.201,679.4,244.2
2026-08-08T18:03:59.533056+00:00,1786212239.533,1162.67,20.98,6.9448,3.49,-0.106,644.4,233.1
2026-08-08T18:03:59.770143+00:00,1786212239.770,1162.91,20.10,6.9448,3.02,0.000,591.0,233.1
2026-08-08T18:04:00.006348+00:00,1786212240.006,1163.14,20.10,6.9470,2.64,-0.076,532.9,233.1
2026-08-08T18:04:00.234840+00:00,1786212240.235,1163.37,21.18,6.9470,2.25,-0.140,489.3,233.1
2026-08-08T18:04:00.456789+00:00,1786212240.457,1163.59,23.19,6.9514,2.06,0.103,447.7,233.1
2026-08-08T18:04:00.677556+00:00,1786212240.678,1163.81,23.19,6.9514,1.86,0.174,400.2,233.1
2026-08-08T18:04:00.874680+00:00,1786212240.875,1164.01,21.79,6.9514,1.84,0.000,359.0,233.1
2026-08-08T18:04:01.073457+00:00,1786212241.073,1164.21,21.79,6.9536,2.07,0.000,326.9,222.0
2026-08-08T18:04:01.346418+00:00,1786212241.346,1164.48,23.34,6.9536,2.88,0.393,326.5,222.0
2026-08-08T18:04:01.581422+00:00,1786212241.581,1164.72,23.51,6.9558,3.41,0.407,331.9,233.1
2026-08-08T18:04:01.808097+00:00,1786212241.808,1164.94,23.31,6.9558,3.93,0.286,348.3,233.1
2026-08-08T18:04:02.036155+00:00,1786212242.036,1165.17,23.31,6.9602,4.46,0.394,383.1,233.1
2026-08-08T18:04:02.253465+00:00,1786212242.253,1165.39,23.14,6.9602,4.72,0.377,417.3,233.1
2026-08-08T18:04:02.470735+00:00,1786212242.471,1165.61,23.52,6.9602,4.94,0.291,450.6,233.1
2026-08-08T18:04:02.673547+00:00,1786212242.674,1165.81,23.52,6.9646,4.94,0.000,476.2,233.1
2026-08-08T18:04:02.928478+00:00,1786212242.928,1166.07,23.73,6.9646,5.46,0.068,513.2,233.1
2026-08-08T18:04:03.154284+00:00,1786212243.154,1166.29,23.59,6.9690,5.78,0.219,547.6,233.1
2026-08-08T18:04:03.373594+00:00,1786212243.374,1166.51,23.59,6.9690,5.95,0.217,581.4,244.2
2026-08-08T18:04:03.589944+00:00,1786212243.590,1166.73,22.15,6.9690,6.11,-0.147,606.2,244.2
2026-08-08T18:04:03.788615+00:00,1786212243.789,1166.93,24.22,6.9712,6.22,0.089,646.2,244.2
2026-08-08T18:04:03.988663+00:00,1786212243.989,1167.13,24.22,6.9712,6.26,0.115,661.9,244.2
2026-08-08T18:04:04.278620+00:00,1786212244.279,1167.42,23.51,6.9756,6.03,0.000,663.5,244.2
2026-08-08T18:04:04.506164+00:00,1786212244.506,1167.64,23.43,6.9756,5.80,0.000,665.0,244.2
2026-08-08T18:04:04.731656+00:00,1786212244.732,1167.87,23.43,6.9778,5.69,0.000,657.0,244.2
2026-08-08T18:04:04.939865+00:00,1786212244.940,1168.08,27.14,6.9778,5.47,0.444,679.3,244.2
2026-08-08T18:04:05.156609+00:00,1786212245.157,1168.29,24.72,6.9778,5.36,0.123,678.2,244.2
2026-08-08T18:04:05.581404+00:00,1786212245.581,1168.72,25.90,6.9822,5.36,0.264,700.6,244.2
2026-08-08T18:04:05.846248+00:00,1786212245.846,1168.98,25.83,6.9866,4.90,0.252,710.9,244.2
2026-08-08T18:04:06.074487+00:00,1786212246.074,1169.21,23.80,6.9866,4.75,0.184,702.0,233.1
2026-08-08T18:04:06.289729+00:00,1786212246.290,1169.43,23.80,6.9866,4.60,0.000,682.4,233.1
2026-08-08T18:04:06.506891+00:00,1786212246.507,1169.64,23.68,6.9910,4.45,-0.059,677.3,233.1
2026-08-08T18:04:06.744740+00:00,1786212246.745,1169.88,23.27,6.9910,4.13,0.000,654.9,233.1
2026-08-08T18:04:06.975146+00:00,1786212246.975,1170.11,25.47,6.9954,3.81,0.230,644.2,233.1
2026-08-08T18:04:07.176659+00:00,1786212247.177,1170.31,25.47,6.9954,3.81,0.233,642.6,233.1
2026-08-08T18:04:07.431658+00:00,1786212247.432,1170.57,25.58,6.9954,3.25,-0.174,618.7,233.1
2026-08-08T18:04:07.655308+00:00,1786212247.655,1170.79,25.73,6.9998,3.17,0.112,609.2,233.1
2026-08-08T18:04:07.854702+00:00,1786212247.855,1170.99,25.73,6.9998,3.04,0.000,562.0,233.1
2026-08-08T18:04:08.052502+00:00,1786212248.052,1171.19,26.86,6.9998,2.92,0.129,547.2,233.1
2026-08-08T18:04:08.247162+00:00,1786212248.247,1171.38,24.94,7.0020,2.86,0.145,518.3,233.1
2026-08-08T18:04:08.552447+00:00,1786212248.552,1171.69,24.94,7.0020,2.64,0.139,492.0,233.1
2026-08-08T18:04:08.780170+00:00,1786212248.780,1171.92,23.51,7.0064,2.50,0.000,465.7,233.1
2026-08-08T18:04:09.009094+00:00,1786212249.009,1172.15,25.18,7.0064,2.39,0.235,462.2,233.1
2026-08-08T18:04:09.227147+00:00,1786212249.227,1172.36,24.21,7.0108,2.36,-0.157,442.3,233.1
2026-08-08T18:04:09.443633+00:00,1786212249.444,1172.58,24.21,7.0108,2.33,-0.156,422.9,233.1
2026-08-08T18:04:09.661766+00:00,1786212249.662,1172.80,24.14,7.0108,2.26,-0.180,388.4,233.1
2026-08-08T18:04:09.856035+00:00,1786212249.856,1172.99,26.61,7.0130,2.26,0.112,371.8,233.1
2026-08-08T18:04:10.128978+00:00,1786212250.129,1173.27,26.61,7.0130,2.02,0.108,377.2,233.1
2026-08-08T18:04:10.343730+00:00,1786212250.344,1173.48,23.47,7.0174,1.94,-0.411,339.7,233.1
2026-08-08T18:04:10.561916+00:00,1786212250.562,1173.70,23.78,7.0174,1.86,-0.139,320.7,222.0
2026-08-08T18:04:10.795137+00:00,1786212250.795,1173.93,23.78,7.0174,1.75,-0.143,293.0,222.0
2026-08-08T18:04:11.028550+00:00,1786212251.029,1174.17,25.30,7.0218,1.64,0.221,287.4,222.0
2026-08-08T18:04:11.245162+00:00,1786212251.245,1174.38,24.36,7.0218,1.58,-0.103,266.6,222.0
2026-08-08T18:04:11.648140+00:00,1786212251.648,1174.78,26.45,7.0240,1.56,0.257,276.4,222.0
2026-08-08T18:04:11.949997+00:00,1786212251.950,1175.09,24.88,7.0284,1.52,0.074,261.1,222.0
2026-08-08T18:04:12.153981+00:00,1786212252.154,1175.29,25.30,7.0284,1.52,0.130,269.5,222.0
2026-08-08T18:04:12.406863+00:00,1786212252.407,1175.54,25.20,7.0284,1.44,-0.154,263.6,222.0
2026-08-08T18:04:12.631807+00:00,1786212252.632,1175.77,25.20,7.0328,1.39,-0.156,258.8,222.0
2026-08-08T18:04:12.865072+00:00,1786212252.865,1176.00,24.24,7.0328,1.34,0.085,246.1,222.0
2026-08-08T18:04:13.081133+00:00,1786212253.081,1176.22,27.31,7.0372,1.31,0.390,255.9,222.0
2026-08-08T18:04:13.297850+00:00,1786212253.298,1176.43,25.52,7.0372,1.29,0.193,281.4,222.0
2026-08-08T18:04:13.512830+00:00,1786212253.513,1176.65,25.52,7.0372,1.26,0.000,285.3,222.0
2026-08-08T18:04:13.933569+00:00,1786212253.934,1177.07,26.98,7.0416,1.41,0.271,307.5,222.0
2026-08-08T18:04:14.132309+00:00,1786212254.132,1177.27,26.98,7.0416,1.50,0.060,301.0,222.0
2026-08-08T18:04:14.428221+00:00,1786212254.428,1177.56,24.06,7.0460,1.82,-0.091,303.0,222.0
2026-08-08T18:04:14.648399+00:00,1786212254.648,1177.79,25.53,7.0460,2.03,0.000,292.5,222.0
2026-08-08T18:04:14.882957+00:00,1786212254.883,1178.02,27.31,7.0504,2.23,0.236,311.0,222.0
2026-08-08T18:04:15.098548+00:00,1786212255.099,1178.24,27.31,7.0504,2.30,0.237,326.8,233.1
2026-08-08T18:04:15.313688+00:00,1786212255.314,1178.45,24.51,7.0504,2.36,0.000,340.6,233.1
2026-08-08T18:04:15.531908+00:00,1786212255.532,1178.67,25.88,7.0526,2.41,-0.163,349.6,233.1
2026-08-08T18:04:15.734781+00:00,1786212255.735,1178.87,25.88,7.0526,2.41,0.000,356.7,233.1
2026-08-08T18:04:16.001523+00:00,1786212256.002,1179.14,23.50,7.0570,2.49,-0.225,330.2,233.1
2026-08-08T18:04:16.218349+00:00,1786212256.218,1179.36,25.74,7.0570,2.53,-0.151,323.8,233.1
2026-08-08T18:04:16.431718+00:00,1786212256.432,1179.57,25.91,7.0570,2.57,-0.129,328.9,233.1
2026-08-08T18:04:16.650561+00:00,1786212256.651,1179.79,25.91,7.0614,2.61,0.231,335.0,233.1
2026-08-08T18:04:16.883820+00:00,1786212256.884,1180.02,25.57,7.0614,2.69,0.000,339.9,233.1
2026-08-08T18:04:17.100624+00:00,1786212257.101,1180.24,26.14,7.0658,2.73,-0.147,347.5,233.1
2026-08-08T18:04:17.304581+00:00,1786212257.305,1180.44,26.14,7.0658,2.73,-0.147,347.0,233.1
2026-08-08T18:04:17.552447+00:00,1786212257.552,1180.69,23.87,7.0658,2.76,-0.079,329.6,233.1
2026-08-08T18:04:17.785716+00:00,1786212257.786,1180.92,25.45,7.0702,2.67,-0.052,314.6,233.1
2026-08-08T18:04:18.016917+00:00,1786212258.017,1181.15,25.35,7.0702,2.54,-0.064,314.4,233.1
2026-08-08T18:04:18.234419+00:00,1786212258.234,1181.37,25.35,7.0724,2.47,0.230,333.3,233.1
2026-08-08T18:04:18.450358+00:00,1786212258.450,1181.59,25.40,7.0724,2.39,0.000,332.4,233.1
2026-08-08T18:04:18.669319+00:00,1786212258.669,1181.81,25.73,7.0724,2.32,0.000,344.7,233.1
2026-08-08T18:04:19.106568+00:00,1786212259.107,1182.24,25.78,7.0768,2.25,0.000,349.9,233.1
2026-08-08T18:04:19.372518+00:00,1786212259.372,1182.51,25.65,7.0811,2.02,0.000,351.3,233.1
2026-08-08T18:04:19.605444+00:00,1786212259.605,1182.74,27.32,7.0811,1.86,0.132,342.5,233.1
2026-08-08T18:04:19.839586+00:00,1786212259.840,1182.98,27.06,7.0811,1.79,0.101,342.5,233.1
2026-08-08T18:04:20.085402+00:00,1786212260.085,1183.22,27.06,7.0855,1.72,0.350,360.8,222.0
2026-08-08T18:04:20.302287+00:00,1786212260.302,1183.44,26.52,7.0855,1.65,0.118,365.7,222.0
2026-08-08T18:04:20.520925+00:00,1786212260.521,1183.66,27.36,7.0899,1.62,0.223,377.0,222.0
2026-08-08T18:04:20.723266+00:00,1786212260.723,1183.86,26.74,7.0899,1.62,0.155,380.6,222.0
2026-08-08T18:04:20.991703+00:00,1786212260.992,1184.13,27.55,7.0899,1.79,0.235,393.3,222.0
2026-08-08T18:04:21.223095+00:00,1786212261.223,1184.36,27.55,7.0943,1.95,0.199,391.7,222.0
2026-08-08T18:04:21.442510+00:00,1786212261.442,1184.58,23.81,7.0943,2.03,-0.234,375.6,222.0
2026-08-08T18:04:21.665799+00:00,1786212261.666,1184.80,27.54,7.0987,2.28,0.228,390.4,233.1
2026-08-08T18:04:21.889893+00:00,1786212261.890,1185.03,26.38,7.0987,2.55,-0.114,388.1,233.1
2026-08-08T18:04:22.112046+00:00,1786212262.112,1185.25,26.38,7.0987,2.68,-0.082,390.8,233.1
2026-08-08T18:04:22.321295+00:00,1786212262.321,1185.46,27.30,7.1031,2.95,0.000,393.4,233.1
2026-08-08T18:04:22.539085+00:00,1786212262.539,1185.68,31.18,7.1031,3.09,0.578,442.8,233.1
2026-08-08T18:04:22.778374+00:00,1786212262.778,1185.92,26.01,7.1053,3.37,-0.165,428.6,233.1
2026-08-08T18:04:23.004574+00:00,1786212263.005,1186.14,26.01,7.1053,3.64,-0.089,434.2,233.1
2026-08-08T18:04:23.228360+00:00,1786212263.228,1186.37,25.82,7.1097,3.80,-0.215,427.9,233.1
2026-08-08T18:04:23.461125+00:00,1786212263.461,1186.60,26.57,7.1097,4.13,-0.122,435.1,233.1
2026-08-08T18:04:23.690322+00:00,1786212263.690,1186.83,25.31,7.1141,4.46,0.186,450.3,233.1
2026-08-08T18:04:23.925214+00:00,1786212263.925,1187.06,25.31,7.1141,4.78,-0.273,446.2,233.1
2026-08-08T18:04:24.139566+00:00,1786212264.140,1187.28,27.25,7.1141,4.86,0.107,492.8,233.1
2026-08-08T18:04:24.363660+00:00,1786212264.364,1187.50,27.91,7.1185,4.94,0.188,515.6,233.1
2026-08-08T18:04:24.603191+00:00,1786212264.603,1187.74,25.20,7.1185,5.10,-0.256,527.9,233.1
2026-08-08T18:04:25.041862+00:00,1786212265.042,1188.18,27.37,7.1207,5.07,-0.423,532.8,244.2
2026-08-08T18:04:25.237019+00:00,1786212265.237,1188.37,26.09,7.1207,4.98,0.000,547.7,244.2
2026-08-08T18:04:25.447378+00:00,1786212265.447,1188.58,26.09,7.1251,4.82,0.000,517.2,233.1
2026-08-08T18:04:25.676599+00:00,1786212265.677,1188.81,26.07,7.1251,4.66,0.000,536.5,233.1
2026-08-08T18:04:25.911935+00:00,1786212265.912,1189.05,26.32,7.1295,4.49,0.000,548.8,233.1
2026-08-08T18:04:26.141398+00:00,1786212266.141,1189.28,24.52,7.1295,4.33,-0.090,556.8,233.1
2026-08-08T18:04:26.359601+00:00,1786212266.360,1189.50,24.52,7.1317,4.25,-0.091,555.2,233.1
2026-08-08T18:04:26.575247+00:00,1786212266.575,1189.71,24.10,7.1317,4.17,-0.360,524.5,233.1
2026-08-08T18:04:26.998537+00:00,1786212266.999,1190.14,26.94,7.1361,4.17,-0.102,531.1,233.1
2026-08-08T18:04:27.264450+00:00,1786212267.264,1190.40,26.94,7.1361,3.90,0.182,525.7,233.1
2026-08-08T18:04:27.498372+00:00,1786212267.498,1190.64,27.83,7.1405,3.71,0.052,507.0,233.1
2026-08-08T18:04:27.730245+00:00,1786212267.730,1190.87,27.83,7.1405,3.51,0.194,522.3,233.1
2026-08-08T18:04:27.961419+00:00,1786212267.961,1191.10,26.83,7.1449,3.32,0.082,532.1,233.1
2026-08-08T18:04:28.178323+00:00,1786212268.178,1191.32,26.37,7.1449,3.22,0.000,517.8,233.1
2026-08-08T18:04:28.410192+00:00,1786212268.410,1191.55,26.37,7.1449,3.03,0.000,503.2,233.1
2026-08-08T18:04:28.828045+00:00,1786212268.828,1191.96,26.81,7.1493,3.03,0.237,503.1,233.1
2026-08-08T18:04:29.100949+00:00,1786212269.101,1192.24,27.79,7.1537,3.71,0.332,517.3,233.1
2026-08-08T18:04:29.333078+00:00,1786212269.333,1192.47,27.79,7.1537,4.15,0.372,547.3,233.1
2026-08-08T18:04:29.570388+00:00,1786212269.570,1192.71,25.03,7.1537,4.60,-0.206,545.6,233.1
2026-08-08T18:04:29.800799+00:00,1786212269.801,1192.94,25.05,7.1559,5.04,-0.206,561.4,233.1
2026-08-08T18:04:30.027738+00:00,1786212270.028,1193.16,25.52,7.1559,5.49,-0.253,562.0,233.1
2026-08-08T18:04:30.247497+00:00,1786212270.247,1193.38,25.52,7.1603,5.71,-0.254,552.0,233.1
2026-08-08T18:04:30.664036+00:00,1786212270.664,1193.80,26.29,7.1603,6.44,-0.056,566.3,244.2
2026-08-08T18:04:30.867877+00:00,1786212270.868,1194.00,26.29,7.1647,7.16,0.000,583.7,244.2
2026-08-08T18:04:31.068116+00:00,1786212271.068,1194.20,27.16,7.1647,7.87,0.083,624.4,244.2
2026-08-08T18:04:31.376804+00:00,1786212271.377,1194.51,23.46,7.1669,8.57,-0.365,643.0,244.2
2026-08-08T18:04:31.602667+00:00,1786212271.603,1194.74,27.49,7.1669,9.28,0.000,700.6,244.2
2026-08-08T18:04:31.832342+00:00,1786212271.832,1194.97,27.49,7.1713,9.98,0.000,751.3,244.2
2026-08-08T18:04:32.065277+00:00,1786212272.065,1195.20,24.42,7.1713,10.47,-0.067,776.6,244.2
2026-08-08T18:04:32.293084+00:00,1786212272.293,1195.43,24.24,7.1713,10.61,-0.091,795.0,244.2
2026-08-08T18:04:32.709918+00:00,1786212272.710,1195.85,26.46,7.1757,10.74,0.097,865.5,255.3
2026-08-08T18:04:32.981844+00:00,1786212272.982,1196.12,22.95,7.1779,10.70,-0.262,900.6,255.3
2026-08-08T18:04:33.197303+00:00,1786212273.197,1196.33,22.95,7.1779,10.68,-0.366,928.6,255.3
2026-08-08T18:04:33.414136+00:00,1786212273.414,1196.55,22.92,7.1823,10.67,-0.367,954.6,255.3
2026-08-08T18:04:33.634513+00:00,1786212273.634,1196.77,23.24,7.1823,10.65,-0.425,961.0,255.3
2026-08-08T18:04:33.865811+00:00,1786212273.866,1197.00,23.24,7.1823,10.62,0.000,977.3,255.3
2026-08-08T18:04:34.086674+00:00,1786212274.087,1197.22,22.62,7.1867,10.46,-0.544,952.8,255.3
2026-08-08T18:04:34.290505+00:00,1786212274.290,1197.43,24.62,7.1867,10.46,-0.324,972.9,255.3
2026-08-08T18:04:34.553938+00:00,1786212274.554,1197.69,24.62,7.1889,9.51,0.000,963.7,255.3
2026-08-08T18:04:34.785098+00:00,1786212274.785,1197.92,23.57,7.1889,8.90,-0.074,936.2,244.2
2026-08-08T18:04:35.015787+00:00,1786212275.016,1198.15,22.90,7.1889,8.29,-0.429,898.1,244.2
2026-08-08T18:04:35.235476+00:00,1786212275.235,1198.37,22.90,7.1933,7.98,0.000,877.5,244.2
2026-08-08T18:04:35.455195+00:00,1786212275.455,1198.59,21.67,7.1933,7.67,-0.158,824.3,244.2
2026-08-08T18:04:35.649739+00:00,1786212275.650,1198.79,21.67,7.1955,6.94,-0.156,798.0,244.2
2026-08-08T18:04:35.846531+00:00,1786212275.847,1198.98,22.33,7.1955,6.19,-0.114,774.5,244.2
2026-08-08T18:04:36.127980+00:00,1786212276.128,1199.26,21.70,7.1955,5.39,-0.189,740.9,244.2
2026-08-08T18:04:36.352407+00:00,1786212276.352,1199.49,21.70,7.1999,4.89,-0.113,708.6,244.2
2026-08-08T18:04:36.577177+00:00,1786212276.577,1199.71,20.54,7.1999,4.64,-0.496,638.4,244.2
2026-08-08T18:04:36.817407+00:00,1786212276.817,1199.95,23.14,7.2021,4.13,-0.182,608.9,233.1
2026-08-08T18:04:37.035497+00:00,1786212277.035,1200.17,23.14,7.2021,3.86,-0.054,566.6,233.1
2026-08-08T18:04:37.251595+00:00,1786212277.252,1200.39,21.50,7.2065,3.60,-0.174,506.6,233.1
2026-08-08T18:04:37.469117+00:00,1786212277.469,1200.61,21.50,7.2065,3.34,-0.174,456.8,233.1
2026-08-08T18:04:37.687549+00:00,1786212277.688,1200.82,21.80,7.2065,2.82,0.000,433.6,233.1
2026-08-08T18:04:37.923810+00:00,1786212277.924,1201.06,23.18,7.2087,2.60,0.185,402.4,233.1
2026-08-08T18:04:38.153395+00:00,1786212278.153,1201.29,23.18,7.2087,2.38,0.102,378.6,233.1
2026-08-08T18:04:38.352668+00:00,1786212278.353,1201.49,21.74,7.2131,2.38,0.000,353.3,233.1
2026-08-08T18:04:38.715219+00:00,1786212278.715,1201.85,20.33,7.2131,2.02,-0.160,319.3,233.1
2026-08-08T18:04:38.919754+00:00,1786212278.920,1202.06,20.33,7.2153,1.85,0.000,300.7,222.0
2026-08-08T18:04:39.116263+00:00,1786212279.116,1202.25,22.94,7.2153,1.84,0.000,285.6,222.0
2026-08-08T18:04:39.398593+00:00,1786212279.399,1202.54,21.43,7.2197,1.80,-0.200,279.1,222.0
2026-08-08T18:04:39.622095+00:00,1786212279.622,1202.76,21.43,7.2197,1.82,0.000,267.8,222.0
2026-08-08T18:04:39.854666+00:00,1786212279.855,1202.99,21.37,7.2197,1.85,0.000,252.9,222.0
2026-08-08T18:04:40.072456+00:00,1786212280.072,1203.21,23.41,7.2219,1.87,0.187,258.8,222.0
2026-08-08T18:04:40.286822+00:00,1786212280.287,1203.42,23.41,7.2219,1.88,0.000,258.3,222.0
2026-08-08T18:04:40.504579+00:00,1786212280.505,1203.64,20.54,7.2263,1.94,-0.312,238.2,222.0
2026-08-08T18:04:40.935351+00:00,1786212280.935,1204.07,22.88,7.2263,1.98,0.123,230.3,222.0
2026-08-08T18:04:41.168351+00:00,1786212281.168,1204.31,22.28,7.2285,1.99,0.220,231.0,222.0
2026-08-08T18:04:41.388243+00:00,1786212281.388,1204.52,22.28,7.2285,2.01,0.219,238.5,222.0
2026-08-08T18:04:41.617981+00:00,1786212281.618,1204.75,21.70,7.2307,2.03,-0.138,240.7,233.1
2026-08-08T18:04:41.841459+00:00,1786212281.841,1204.98,21.70,7.2307,2.07,0.000,243.9,233.1
2026-08-08T18:04:42.081839+00:00,1786212282.082,1205.22,21.72,7.2351,2.08,0.000,244.0,233.1
2026-08-08T18:04:42.305133+00:00,1786212282.305,1205.44,20.84,7.2351,2.03,-0.059,250.7,233.1
2026-08-08T18:04:42.734727+00:00,1786212282.735,1205.87,21.39,7.2373,2.00,-0.210,243.2,233.1
2026-08-08T18:04:43.022555+00:00,1786212283.023,1206.16,21.17,7.2373,1.95,-0.227,234.4,233.1
2026-08-08T18:04:43.253817+00:00,1786212283.254,1206.39,21.17,7.2417,1.92,0.064,226.1,222.0
2026-08-08T18:04:43.473458+00:00,1786212283.473,1206.61,20.96,7.2417,1.89,-0.210,214.6,222.0
2026-08-08T18:04:43.694481+00:00,1786212283.694,1206.83,20.96,7.2439,1.88,-0.145,221.1,222.0
2026-08-08T18:04:43.924211+00:00,1786212283.924,1207.06,21.09,7.2439,1.85,-0.130,207.3,222.0
2026-08-08T18:04:44.124442+00:00,1786212284.124,1207.26,21.09,7.2439,1.85,-0.067,192.6,222.0
2026-08-08T18:04:44.372326+00:00,1786212284.372,1207.51,21.05,7.2483,1.82,-0.071,177.5,222.0
2026-08-08T18:04:44.591830+00:00,1786212284.592,1207.73,20.25,7.2483,1.80,-0.162,173.6,222.0
2026-08-08T18:04:44.825174+00:00,1786212284.825,1207.96,20.25,7.2505,1.78,-0.065,167.3,222.0
2026-08-08T18:04:45.042424+00:00,1786212285.042,1208.18,21.50,7.2505,1.77,0.000,164.8,222.0
2026-08-08T18:04:45.257157+00:00,1786212285.257,1208.39,21.50,7.2505,1.76,0.000,166.1,222.0
2026-08-08T18:04:45.474217+00:00,1786212285.474,1208.61,20.26,7.2549,1.74,-0.114,167.2,222.0
2026-08-08T18:04:45.672557+00:00,1786212285.673,1208.81,20.96,7.2549,1.74,0.000,174.7,222.0
2026-08-08T18:04:45.930339+00:00,1786212285.930,1209.07,20.96,7.2571,1.70,0.000,170.3,222.0
2026-08-08T18:04:46.157594+00:00,1786212286.158,1209.29,21.72,7.2571,1.67,0.078,181.4,222.0
2026-08-08T18:04:46.375465+00:00,1786212286.375,1209.51,21.72,7.2571,1.65,0.078,189.9,222.0
2026-08-08T18:04:46.602714+00:00,1786212286.603,1209.74,20.54,7.2615,1.62,-0.063,190.5,222.0
2026-08-08T18:04:46.834905+00:00,1786212286.835,1209.97,21.63,7.2615,1.59,0.171,199.2,222.0
2026-08-08T18:04:47.059629+00:00,1786212287.060,1210.20,21.63,7.2637,1.56,0.171,208.2,222.0
2026-08-08T18:04:47.255071+00:00,1786212287.255,1210.39,20.64,7.2637,1.56,-0.107,209.1,222.0
2026-08-08T18:04:47.511077+00:00,1786212287.511,1210.65,20.64,7.2637,1.53,-0.105,206.3,222.0
2026-08-08T18:04:47.726404+00:00,1786212287.726,1210.86,18.94,7.2681,1.53,-0.162,196.0,222.0
2026-08-08T18:04:47.929291+00:00,1786212287.929,1211.07,18.94,7.2681,1.53,-0.248,182.7,222.0
2026-08-08T18:04:48.132911+00:00,1786212288.133,1211.27,20.07,7.2681,1.52,-0.112,181.2,222.0
2026-08-08T18:04:48.388728+00:00,1786212288.389,1211.53,20.32,7.2703,1.49,-0.174,172.1,222.0
2026-08-08T18:04:48.611752+00:00,1786212288.612,1211.75,20.32,7.2703,1.46,-0.174,163.0,222.0
2026-08-08T18:04:48.844833+00:00,1786212288.845,1211.98,19.24,7.2747,1.43,-0.162,149.5,222.0
2026-08-08T18:04:49.062301+00:00,1786212289.062,1212.20,19.24,7.2747,1.42,-0.299,130.9,222.0
2026-08-08T18:04:49.277571+00:00,1786212289.278,1212.41,21.77,7.2747,1.40,0.000,133.3,222.0
2026-08-08T18:04:49.497801+00:00,1786212289.498,1212.63,21.77,7.2769,1.38,0.140,130.7,222.0
2026-08-08T18:04:49.696773+00:00,1786212289.697,1212.83,20.40,7.2769,1.38,0.000,120.9,222.0
2026-08-08T18:04:49.967326+00:00,1786212289.967,1213.10,20.40,7.2791,1.51,0.181,131.7,222.0
2026-08-08T18:04:50.196268+00:00,1786212290.196,1213.33,18.80,7.2791,1.60,0.000,134.3,222.0
2026-08-08T18:04:50.412161+00:00,1786212290.412,1213.55,18.80,7.2791,1.64,-0.155,135.2,222.0
2026-08-08T18:04:50.630692+00:00,1786212290.631,1213.77,18.85,7.2835,1.73,-0.182,138.8,222.0
2026-08-08T18:04:50.863914+00:00,1786212290.864,1214.00,18.67,7.2835,1.82,-0.203,136.2,222.0
2026-08-08T18:04:51.080538+00:00,1786212291.081,1214.22,18.67,7.2857,1.87,-0.070,141.1,222.0
2026-08-08T18:04:51.273627+00:00,1786212291.274,1214.41,18.67,7.2857,1.87,-0.071,146.2,222.0
2026-08-08T18:04:51.536791+00:00,1786212291.537,1214.67,18.78,7.2857,2.36,-0.368,144.1,222.0
2026-08-08T18:04:51.786650+00:00,1786212291.787,1214.92,18.60,7.2879,2.71,-0.385,148.6,233.1
2026-08-08T18:04:51.998399+00:00,1786212291.998,1215.14,18.60,7.2879,3.06,-0.217,147.6,233.1
2026-08-08T18:04:52.217430+00:00,1786212292.217,1215.35,19.97,7.2923,3.42,-0.053,151.1,233.1
2026-08-08T18:04:52.433100+00:00,1786212292.433,1215.57,19.97,7.2923,3.60,0.145,170.6,233.1
2026-08-08T18:04:52.665346+00:00,1786212292.665,1215.80,18.85,7.2923,3.95,0.000,176.8,233.1
2026-08-08T18:04:52.867685+00:00,1786212292.868,1216.00,18.85,7.2945,3.95,0.000,191.3,233.1
2026-08-08T18:04:53.134596+00:00,1786212293.135,1216.27,19.61,7.2945,4.82,0.114,222.2,233.1
2026-08-08T18:04:53.365746+00:00,1786212293.366,1216.50,19.92,7.2989,5.32,0.152,258.9,233.1
2026-08-08T18:04:53.585347+00:00,1786212293.585,1216.72,19.92,7.2989,5.57,0.150,297.6,244.2
2026-08-08T18:04:53.818102+00:00,1786212293.818,1216.95,19.96,7.2989,6.07,0.143,334.3,244.2
2026-08-08T18:04:54.052611+00:00,1786212294.053,1217.19,21.10,7.3011,6.58,0.306,384.2,244.2
2026-08-08T18:04:54.272179+00:00,1786212294.272,1217.41,21.10,7.3011,6.83,0.305,443.4,244.2
2026-08-08T18:04:54.481273+00:00,1786212294.481,1217.62,20.98,7.3055,7.18,0.124,496.0,244.2
2026-08-08T18:04:54.702453+00:00,1786212294.702,1217.84,20.98,7.3055,7.24,0.124,540.8,244.2
2026-08-08T18:04:54.934278+00:00,1786212294.934,1218.07,21.90,7.3055,7.36,0.372,589.7,244.2
2026-08-08T18:04:55.154779+00:00,1786212295.155,1218.29,21.90,7.3077,7.42,0.370,630.1,244.2
2026-08-08T18:04:55.382547+00:00,1786212295.383,1218.52,20.02,7.3077,7.53,0.051,657.4,244.2
2026-08-08T18:04:55.606375+00:00,1786212295.606,1218.74,20.37,7.3121,7.59,0.056,686.3,244.2
2026-08-08T18:04:55.835500+00:00,1786212295.835,1218.97,20.37,7.3121,7.71,0.056,704.8,244.2
2026-08-08T18:04:56.038590+00:00,1786212296.039,1219.18,20.85,7.3121,7.71,0.111,721.6,244.2
2026-08-08T18:04:56.289450+00:00,1786212296.289,1219.43,20.85,7.3143,7.50,0.000,731.1,244.2
2026-08-08T18:04:56.519126+00:00,1786212296.519,1219.66,21.21,7.3143,7.10,0.000,735.8,244.2
2026-08-08T18:04:56.753663+00:00,1786212296.754,1219.89,21.46,7.3187,6.70,0.058,727.6,244.2
2026-08-08T18:04:56.985901+00:00,1786212296.986,1220.12,21.46,7.3187,6.30,0.058,715.0,244.2
2026-08-08T18:04:57.201244+00:00,1786212297.201,1220.34,21.21,7.3187,6.10,-0.084,699.8,244.2
2026-08-08T18:04:57.422117+00:00,1786212297.422,1220.56,21.21,7.3209,5.90,-0.084,682.8,244.2
2026-08-08T18:04:57.839719+00:00,1786212297.840,1220.98,18.85,7.3231,5.31,-0.132,640.9,244.2
2026-08-08T18:04:58.039811+00:00,1786212298.040,1221.18,20.08,7.3231,4.79,0.000,602.8,244.2
2026-08-08T18:04:58.241661+00:00,1786212298.242,1221.38,20.08,7.3231,4.33,0.000,580.2,244.2
2026-08-08T18:04:58.451866+00:00,1786212298.452,1221.59,20.07,7.3275,3.86,-0.089,549.4,233.1
2026-08-08T18:04:58.673092+00:00,1786212298.673,1221.81,20.11,7.3275,3.39,-0.086,515.1,233.1
2026-08-08T18:04:58.905186+00:00,1786212298.905,1222.04,20.11,7.3296,2.92,-0.128,472.3,233.1
2026-08-08T18:04:59.121745+00:00,1786212299.122,1222.26,21.19,7.3296,2.69,0.000,440.3,233.1
2026-08-08T18:04:59.343639+00:00,1786212299.344,1222.48,21.19,7.3296,2.46,0.000,408.4,233.1
2026-08-08T18:04:59.545720+00:00,1786212299.546,1222.68,19.91,7.3318,2.23,-0.154,367.0,233.1
2026-08-08T18:04:59.747263+00:00,1786212299.747,1222.88,19.91,7.3318,2.00,-0.155,326.9,233.1
2026-08-08T18:05:00.029010+00:00,1786212300.029,1223.17,20.12,7.3362,1.75,0.162,305.5,222.0
2026-08-08T18:05:00.237533+00:00,1786212300.238,1223.37,20.12,7.3362,1.51,0.000,277.6,222.0
2026-08-08T18:05:00.455369+00:00,1786212300.455,1223.59,18.87,7.3384,1.39,-0.151,253.0,222.0
2026-08-08T18:05:00.676115+00:00,1786212300.676,1223.81,20.34,7.3384,1.15,0.000,229.5,222.0
2026-08-08T18:05:00.906441+00:00,1786212300.906,1224.04,20.34,7.3384,1.10,0.000,208.8,222.0
2026-08-08T18:05:01.125234+00:00,1786212301.125,1224.26,19.22,7.3406,1.04,-0.111,189.0,222.0
2026-08-08T18:05:01.551239+00:00,1786212301.551,1224.69,20.13,7.3450,1.00,-0.120,172.1,222.0
2026-08-08T18:05:01.753905+00:00,1786212301.754,1224.89,20.13,7.3450,0.98,-0.121,159.7,222.0
2026-08-08T18:05:01.956679+00:00,1786212301.957,1225.09,19.84,7.3450,0.97,0.000,146.6,222.0
2026-08-08T18:05:02.171325+00:00,1786212302.171,1225.31,19.84,7.3472,0.97,0.000,135.2,222.0
2026-08-08T18:05:02.375534+00:00,1786212302.376,1225.51,19.72,7.3472,0.97,0.000,132.7,222.0
2026-08-08T18:05:02.580773+00:00,1786212302.581,1225.72,19.72,7.3494,0.98,0.000,131.9,222.0
2026-08-08T18:05:02.852462+00:00,1786212302.852,1225.99,19.59,7.3494,1.02,0.083,123.5,222.0
2026-08-08T18:05:03.073058+00:00,1786212303.073,1226.21,19.59,7.3516,1.05,-0.087,116.7,222.0
2026-08-08T18:05:03.318470+00:00,1786212303.318,1226.46,19.63,7.3516,1.09,-0.083,117.9,222.0
2026-08-08T18:05:03.547653+00:00,1786212303.548,1226.68,19.78,7.3516,1.12,0.064,119.6,222.0
2026-08-08T18:05:03.780266+00:00,1786212303.780,1226.92,19.78,7.3560,1.15,0.000,119.4,222.0
2026-08-08T18:05:04.007999+00:00,1786212304.008,1227.14,18.38,7.3560,1.19,-0.217,116.0,222.0
2026-08-08T18:05:04.437891+00:00,1786212304.438,1227.57,19.93,7.3582,1.16,0.000,121.6,222.0
2026-08-08T18:05:04.641704+00:00,1786212304.642,1227.78,19.93,7.3582,1.08,0.000,126.7,222.0
2026-08-08T18:05:04.924576+00:00,1786212304.925,1228.06,19.11,7.3604,0.98,-0.066,123.8,222.0
2026-08-08T18:05:05.163479+00:00,1786212305.163,1228.30,19.52,7.3604,0.87,0.000,122.9,222.0
2026-08-08T18:05:05.393071+00:00,1786212305.393,1228.53,19.52,7.3648,0.76,0.000,121.4,222.0
2026-08-08T18:05:05.616540+00:00,1786212305.617,1228.75,19.64,7.3648,0.64,0.000,119.2,222.0
2026-08-08T18:05:05.851805+00:00,1786212305.852,1228.99,19.64,7.3670,0.52,0.000,112.9,222.0
2026-08-08T18:05:06.076953+00:00,1786212306.077,1229.21,18.12,7.3670,0.40,-0.183,104.8,222.0
2026-08-08T18:05:06.513558+00:00,1786212306.514,1229.65,19.15,7.3692,0.37,-0.064,100.7,222.0
2026-08-08T18:05:06.714281+00:00,1786212306.714,1229.85,19.15,7.3692,0.37,0.079,96.0,222.0
2026-08-08T18:05:07.006875+00:00,1786212307.007,1230.14,19.24,7.3736,0.34,-0.075,87.6,222.0
2026-08-08T18:05:07.227828+00:00,1786212307.228,1230.36,19.70,7.3736,0.31,0.000,90.8,222.0
2026-08-08T18:05:07.445299+00:00,1786212307.445,1230.58,19.70,7.3758,0.32,0.065,87.6,222.0
2026-08-08T18:05:07.663851+00:00,1786212307.664,1230.80,19.90,7.3758,0.38,0.000,83.1,222.0
2026-08-08T18:05:07.895831+00:00,1786212307.896,1231.03,19.90,7.3758,0.48,0.000,83.0,222.0
2026-08-08T18:05:08.117145+00:00,1786212308.117,1231.25,19.73,7.3802,0.57,0.000,81.2,222.0
2026-08-08T18:05:08.547839+00:00,1786212308.548,1231.68,20.70,7.3824,0.61,0.109,85.5,222.0
2026-08-08T18:05:08.820298+00:00,1786212308.820,1231.96,21.33,7.3824,1.39,0.326,105.4,222.0
2026-08-08T18:05:09.048975+00:00,1786212309.049,1232.19,22.96,7.3868,1.92,0.419,136.9,222.0
2026-08-08T18:05:09.265638+00:00,1786212309.266,1232.40,22.96,7.3868,2.18,0.416,178.3,222.0
2026-08-08T18:05:09.476975+00:00,1786212309.477,1232.61,21.66,7.3868,2.44,0.273,208.3,222.0
2026-08-08T18:05:09.698774+00:00,1786212309.699,1232.84,23.33,7.3890,2.99,0.407,246.6,233.1
2026-08-08T18:05:09.931354+00:00,1786212309.931,1233.07,23.33,7.3890,3.40,0.405,293.7,233.1
2026-08-08T18:05:10.168034+00:00,1786212310.168,1233.30,23.74,7.3934,3.84,0.427,343.5,233.1
2026-08-08T18:05:10.397660+00:00,1786212310.398,1233.53,23.45,7.3934,4.31,0.395,391.9,233.1
2026-08-08T18:05:10.616704+00:00,1786212310.617,1233.75,23.45,7.3956,4.54,0.414,444.9,233.1
2026-08-08T18:05:10.849413+00:00,1786212310.849,1233.99,25.14,7.3956,5.01,0.536,512.2,233.1
2026-08-08T18:05:11.501818+00:00,1786212311.502,1234.64,24.11,7.4000,5.55,0.287,568.2,244.2
2026-08-08T18:05:11.702252+00:00,1786212311.702,1234.84,24.51,7.4022,5.81,0.162,616.1,244.2
2026-08-08T18:05:11.904434+00:00,1786212311.904,1235.04,24.51,7.4022,6.05,0.163,651.1,244.2
2026-08-08T18:05:12.109109+00:00,1786212312.109,1235.25,24.66,7.4022,5.84,0.316,681.2,244.2
2026-08-08T18:05:12.370411+00:00,1786212312.370,1235.51,24.38,7.4066,5.61,0.109,697.1,244.2
2026-08-08T18:05:12.603220+00:00,1786212312.603,1235.74,24.38,7.4066,5.37,0.109,718.1,244.2
2026-08-08T18:05:12.834398+00:00,1786212312.834,1235.97,23.10,7.4110,5.13,-0.067,712.4,244.2
2026-08-08T18:05:13.051000+00:00,1786212313.051,1236.19,23.14,7.4110,4.99,0.000,705.8,244.2
2026-08-08T18:05:13.267807+00:00,1786212313.268,1236.40,23.14,7.4110,4.86,0.000,692.8,244.2
2026-08-08T18:05:13.503007+00:00,1786212313.503,1236.64,23.18,7.4154,4.60,-0.205,667.4,233.1
2026-08-08T18:05:13.699127+00:00,1786212313.699,1236.84,25.09,7.4154,4.60,0.124,658.8,233.1
2026-08-08T18:05:13.955714+00:00,1786212313.956,1237.09,25.81,7.4198,3.91,0.161,633.3,233.1
2026-08-08T18:05:14.185265+00:00,1786212314.185,1237.32,25.81,7.4198,3.45,0.159,614.7,233.1
2026-08-08T18:05:14.400637+00:00,1786212314.401,1237.54,25.55,7.4198,3.22,0.109,593.8,233.1
2026-08-08T18:05:14.620137+00:00,1786212314.620,1237.76,25.54,7.4220,2.98,0.143,570.6,233.1
2026-08-08T18:05:14.851966+00:00,1786212314.852,1237.99,25.72,7.4220,2.69,0.166,540.4,233.1
2026-08-08T18:05:15.069379+00:00,1786212315.069,1238.21,25.72,7.4264,2.55,0.326,529.6,233.1
2026-08-08T18:05:15.274497+00:00,1786212315.274,1238.41,25.88,7.4264,2.55,0.342,521.7,233.1
2026-08-08T18:05:15.520915+00:00,1786212315.521,1238.66,25.79,7.4264,2.14,0.326,522.5,233.1
2026-08-08T18:05:15.754417+00:00,1786212315.754,1238.89,27.91,7.4308,1.89,0.583,537.5,233.1
2026-08-08T18:05:15.984747+00:00,1786212315.985,1239.12,27.91,7.4308,1.65,0.343,538.5,233.1
2026-08-08T18:05:16.204112+00:00,1786212316.204,1239.34,25.54,7.4352,1.54,0.000,527.7,233.1
2026-08-08T18:05:16.441550+00:00,1786212316.442,1239.58,27.57,7.4352,1.30,0.216,509.6,222.0
2026-08-08T18:05:16.672410+00:00,1786212316.672,1239.81,27.60,7.4352,1.06,0.251,493.4,222.0
2026-08-08T18:05:17.113727+00:00,1786212317.114,1240.25,27.39,7.4396,1.06,0.206,478.5,222.0
2026-08-08T18:05:17.378451+00:00,1786212317.378,1240.52,26.98,7.4440,0.72,0.139,461.3,222.0
2026-08-08T18:05:17.611292+00:00,1786212317.611,1240.75,26.99,7.4440,0.69,0.139,444.1,222.0
2026-08-08T18:05:17.838839+00:00,1786212317.839,1240.98,29.84,7.4440,0.66,0.429,448.6,222.0
2026-08-08T18:05:18.059947+00:00,1786212318.060,1241.20,27.67,7.4484,0.65,0.206,429.7,222.0
2026-08-08T18:05:18.286629+00:00,1786212318.287,1241.42,31.19,7.4484,0.62,0.360,424.5,222.0
2026-08-08T18:05:18.505247+00:00,1786212318.505,1241.64,31.19,7.4528,0.60,0.361,423.8,222.0
2026-08-08T18:05:18.704504+00:00,1786212318.704,1241.84,28.37,7.4528,0.60,0.314,398.5,222.0
2026-08-08T18:05:18.974262+00:00,1786212318.974,1242.11,27.95,7.4528,0.56,0.000,370.1,222.0
2026-08-08T18:05:19.191509+00:00,1786212319.191,1242.33,30.40,7.4594,0.56,0.308,385.7,222.0
2026-08-08T18:05:19.420710+00:00,1786212319.421,1242.56,27.93,7.4594,0.55,0.065,371.5,222.0
2026-08-08T18:05:19.620531+00:00,1786212319.621,1242.76,31.74,7.4616,0.55,0.589,394.8,222.0
2026-08-08T18:05:19.870335+00:00,1786212319.870,1243.01,31.74,7.4616,0.60,0.583,421.1,222.0
2026-08-08T18:05:20.089443+00:00,1786212320.089,1243.23,31.14,7.4616,0.62,0.160,427.9,222.0
2026-08-08T18:05:20.311343+00:00,1786212320.311,1243.45,28.67,7.4682,0.65,0.124,429.1,222.0
2026-08-08T18:05:20.549988+00:00,1786212320.550,1243.69,31.00,7.4682,0.68,0.000,406.2,222.0
2026-08-08T18:05:20.775407+00:00,1786212320.775,1243.91,30.05,7.4726,0.70,-0.139,390.8,222.0
2026-08-08T18:05:21.005520+00:00,1786212321.006,1244.14,28.20,7.4726,0.72,0.000,366.2,222.0
2026-08-08T18:05:21.208567+00:00,1786212321.209,1244.35,32.08,7.4726,0.72,0.513,378.8,222.0
2026-08-08T18:05:21.467669+00:00,1786212321.468,1244.60,31.16,7.4770,0.79,0.093,372.8,222.0
2026-08-08T18:05:21.698308+00:00,1786212321.698,1244.84,31.16,7.4770,0.83,0.394,403.3,222.0
2026-08-08T18:05:21.928941+00:00,1786212321.929,1245.07,30.26,7.4814,0.88,-0.178,377.9,222.0
2026-08-08T18:05:22.152123+00:00,1786212322.152,1245.29,28.16,7.4814,0.91,-0.436,354.4,222.0
2026-08-08T18:05:22.355134+00:00,1786212322.355,1245.49,30.50,7.4814,0.94,-0.078,316.0,222.0
2026-08-08T18:05:22.589622+00:00,1786212322.590,1245.73,28.02,7.4858,0.98,-0.080,274.6,222.0
2026-08-08T18:05:22.809706+00:00,1786212322.810,1245.95,28.97,7.4858,1.00,-0.249,251.8,222.0
2026-08-08T18:05:23.041881+00:00,1786212323.042,1246.18,34.74,7.4902,1.01,0.575,296.4,222.0
2026-08-08T18:05:23.244075+00:00,1786212323.244,1246.38,34.74,7.4902,1.01,0.812,360.3,222.0
2026-08-08T18:05:23.447825+00:00,1786212323.448,1246.58,30.19,7.4946,1.01,-0.234,358.0,222.0
2026-08-08T18:05:23.647737+00:00,1786212323.648,1246.78,34.07,7.4946,1.09,0.370,395.0,222.0
2026-08-08T18:05:23.848614+00:00,1786212323.849,1246.99,30.59,7.4946,1.14,-0.074,360.9,222.0
2026-08-08T18:05:24.057529+00:00,1786212324.058,1247.19,31.16,7.4990,1.27,0.117,367.2,222.0
2026-08-08T18:05:24.275403+00:00,1786212324.275,1247.41,31.16,7.4990,1.33,0.392,372.1,222.0
2026-08-08T18:05:24.492246+00:00,1786212324.492,1247.63,28.48,7.5034,1.38,-0.263,370.3,222.0
2026-08-08T18:05:24.709964+00:00,1786212324.710,1247.85,28.84,7.5034,1.43,0.108,405.7,222.0
2026-08-08T18:05:24.944031+00:00,1786212324.944,1248.08,32.32,7.5034,1.54,0.436,446.5,222.0
2026-08-08T18:05:25.165847+00:00,1786212325.166,1248.30,30.75,7.5078,1.59,-0.522,429.8,222.0
2026-08-08T18:05:25.595055+00:00,1786212325.595,1248.73,31.39,7.5122,1.69,-0.397,430.4,222.0
2026-08-08T18:05:25.851641+00:00,1786212325.852,1248.99,31.52,7.5122,1.76,0.154,403.5,222.0
2026-08-08T18:05:26.076833+00:00,1786212326.077,1249.21,27.90,7.5166,1.80,-0.705,307.8,222.0
2026-08-08T18:05:26.296554+00:00,1786212326.297,1249.43,28.77,7.5166,1.82,-0.207,315.6,222.0
2026-08-08T18:05:26.510813+00:00,1786212326.511,1249.65,30.74,7.5166,1.85,0.000,293.2,222.0
2026-08-08T18:05:26.733222+00:00,1786212326.733,1249.87,28.80,7.5232,1.87,-0.266,287.0,222.0
2026-08-08T18:05:26.930311+00:00,1786212326.930,1250.07,28.80,7.5232,1.92,0.000,282.5,222.0
2026-08-08T18:05:27.134992+00:00,1786212327.135,1250.27,31.27,7.5232,1.99,0.279,282.6,222.0
2026-08-08T18:05:27.332276+00:00,1786212327.332,1250.47,28.62,7.5254,1.99,-0.431,279.1,222.0
2026-08-08T18:05:27.721594+00:00,1786212327.722,1250.86,28.89,7.5254,1.92,-0.202,266.6,222.0
2026-08-08T18:05:27.944130+00:00,1786212327.944,1251.08,29.29,7.5298,1.86,-0.248,223.4,222.0
2026-08-08T18:05:28.163311+00:00,1786212328.163,1251.30,26.58,7.5298,1.83,-0.593,219.5,222.0
2026-08-08T18:05:28.382183+00:00,1786212328.382,1251.52,29.18,7.5342,1.76,0.154,249.0,222.0
2026-08-08T18:05:28.607663+00:00,1786212328.608,1251.74,29.18,7.5342,1.73,0.000,235.3,222.0
2026-08-08T18:05:28.826195+00:00,1786212328.826,1251.96,28.17,7.5386,1.68,-0.307,255.8,222.0
2026-08-08T18:05:29.047744+00:00,1786212329.048,1252.18,27.77,7.5386,1.65,-0.124,257.4,222.0
2026-08-08T18:05:29.245378+00:00,1786212329.245,1252.38,30.16,7.5386,1.65,0.163,263.9,222.0
2026-08-08T18:05:29.494611+00:00,1786212329.495,1252.63,28.32,7.5430,1.62,-0.347,256.7,222.0
2026-08-08T18:05:29.688409+00:00,1786212329.688,1252.83,28.32,7.5430,1.62,0.000,253.1,222.0
2026-08-08T18:05:29.887048+00:00,1786212329.887,1253.02,27.91,7.5474,1.62,-0.126,220.3,222.0
2026-08-08T18:05:30.083840+00:00,1786212330.084,1253.22,28.14,7.5474,1.62,-0.149,231.8,222.0
2026-08-08T18:05:30.293228+00:00,1786212330.293,1253.43,28.14,7.5474,1.59,0.203,249.7,222.0
2026-08-08T18:05:30.513813+00:00,1786212330.514,1253.65,26.53,7.5518,1.56,-0.345,239.0,222.0
2026-08-08T18:05:30.749273+00:00,1786212330.749,1253.89,27.58,7.5518,1.54,-0.208,257.3,222.0
2026-08-08T18:05:30.982671+00:00,1786212330.983,1254.12,26.30,7.5562,1.52,-0.241,229.9,222.0
2026-08-08T18:05:31.201138+00:00,1786212331.201,1254.34,26.30,7.5562,1.51,-0.190,213.9,222.0
2026-08-08T18:05:31.414462+00:00,1786212331.414,1254.55,25.44,7.5562,1.50,-0.605,195.4,222.0
2026-08-08T18:05:31.634370+00:00,1786212331.634,1254.77,28.27,7.5606,1.49,0.000,201.4,222.0
2026-08-08T18:05:31.834259+00:00,1786212331.834,1254.97,27.34,7.5606,1.49,-0.127,179.3,222.0
2026-08-08T18:05:32.102211+00:00,1786212332.102,1255.24,28.38,7.5650,1.45,0.059,199.9,222.0
2026-08-08T18:05:32.317712+00:00,1786212332.318,1255.45,28.38,7.5650,1.43,0.000,198.3,222.0
2026-08-08T18:05:32.533709+00:00,1786212332.534,1255.67,28.34,7.5650,1.41,0.000,203.8,222.0
2026-08-08T18:05:32.754930+00:00,1786212332.755,1255.89,26.05,7.5694,1.41,-0.060,204.1,222.0
2026-08-08T18:05:32.949073+00:00,1786212332.949,1256.09,26.05,7.5694,1.46,-0.193,179.2,222.0
2026-08-08T18:05:33.144604+00:00,1786212333.145,1256.28,26.70,7.5694,1.48,0.051,199.0,222.0
2026-08-08T18:05:33.348650+00:00,1786212333.349,1256.49,26.40,7.5716,1.48,0.000,207.9,222.0
2026-08-08T18:05:33.631495+00:00,1786212333.631,1256.77,26.35,7.5716,1.52,0.114,226.0,222.0
2026-08-08T18:05:33.855265+00:00,1786212333.855,1256.99,26.35,7.5760,1.54,-0.239,223.8,222.0
2026-08-08T18:05:34.084256+00:00,1786212334.084,1257.22,25.89,7.5760,1.57,-0.179,245.7,222.0
2026-08-08T18:05:34.302668+00:00,1786212334.303,1257.44,26.23,7.5803,1.58,-0.272,229.8,222.0
2026-08-08T18:05:34.518961+00:00,1786212334.519,1257.66,25.99,7.5803,1.59,-0.301,220.4,222.0
2026-08-08T18:05:34.752889+00:00,1786212334.753,1257.89,25.99,7.5803,1.62,-0.294,200.5,222.0
2026-08-08T18:05:34.988641+00:00,1786212334.989,1258.13,25.64,7.5847,1.64,-0.051,195.9,222.0
2026-08-08T18:05:35.190804+00:00,1786212335.191,1258.33,27.55,7.5847,1.64,0.187,206.7,222.0
2026-08-08T18:05:35.439492+00:00,1786212335.439,1258.58,25.53,7.5891,1.67,-0.142,204.2,222.0
2026-08-08T18:05:35.661505+00:00,1786212335.661,1258.80,25.53,7.5891,1.67,-0.105,209.9,222.0
2026-08-08T18:05:35.862203+00:00,1786212335.862,1259.00,26.27,7.5891,1.69,0.000,208.4,222.0
2026-08-08T18:05:36.085230+00:00,1786212336.085,1259.22,25.97,7.5913,1.67,0.000,209.4,222.0
2026-08-08T18:05:36.318921+00:00,1786212336.319,1259.46,25.97,7.5913,1.65,0.000,204.2,222.0
2026-08-08T18:05:36.539531+00:00,1786212336.540,1259.68,25.91,7.5957,1.66,0.000,216.7,222.0
2026-08-08T18:05:36.734862+00:00,1786212336.735,1259.87,25.93,7.5957,1.66,0.000,226.4,222.0
2026-08-08T18:05:36.938865+00:00,1786212336.939,1260.08,25.92,7.6001,1.65,0.000,240.4,222.0
2026-08-08T18:05:37.135152+00:00,1786212337.135,1260.27,25.92,7.6001,1.65,0.000,255.8,222.0
2026-08-08T18:05:37.336140+00:00,1786212337.336,1260.47,27.15,7.6001,1.64,-0.052,269.6,222.0
2026-08-08T18:05:37.565245+00:00,1786212337.565,1260.70,25.77,7.6023,1.62,0.000,272.1,222.0
2026-08-08T18:05:37.768986+00:00,1786212337.769,1260.91,25.77,7.6023,1.62,0.000,259.4,222.0
2026-08-08T18:05:38.016165+00:00,1786212338.016,1261.15,25.33,7.6067,1.60,-0.121,259.6,222.0
2026-08-08T18:05:38.209692+00:00,1786212338.210,1261.35,26.08,7.6067,1.60,0.000,264.9,222.0
2026-08-08T18:05:38.465625+00:00,1786212338.466,1261.60,26.01,7.6067,1.57,0.000,263.5,222.0
2026-08-08T18:05:38.688769+00:00,1786212338.689,1261.83,26.01,7.6111,1.56,0.000,262.6,222.0
2026-08-08T18:05:38.905147+00:00,1786212338.905,1262.04,23.80,7.6111,1.55,-0.273,246.4,222.0
2026-08-08T18:05:39.121762+00:00,1786212339.122,1262.26,27.40,7.6155,1.57,0.189,257.7,222.0
2026-08-08T18:05:39.338733+00:00,1786212339.339,1262.48,27.40,7.6155,1.58,0.187,269.0,222.0
2026-08-08T18:05:39.532667+00:00,1786212339.533,1262.67,24.54,7.6155,1.58,-0.330,250.9,222.0
2026-08-08T18:05:39.786739+00:00,1786212339.787,1262.92,26.29,7.6199,1.66,0.065,254.8,222.0
2026-08-08T18:05:40.006355+00:00,1786212340.006,1263.14,28.54,7.6199,1.71,0.344,279.3,222.0
2026-08-08T18:05:40.223749+00:00,1786212340.224,1263.36,28.54,7.6221,1.74,0.404,306.6,222.0
2026-08-08T18:05:40.440025+00:00,1786212340.440,1263.58,24.95,7.6221,1.77,-0.141,300.0,222.0
2026-08-08T18:05:40.659376+00:00,1786212340.659,1263.80,28.52,7.6221,1.79,0.318,329.8,222.0
2026-08-08T18:05:40.893004+00:00,1786212340.893,1264.03,26.01,7.6265,1.85,0.000,331.9,222.0
2026-08-08T18:05:41.094583+00:00,1786212341.095,1264.23,26.01,7.6265,1.85,0.281,348.3,222.0
2026-08-08T18:05:41.342495+00:00,1786212341.342,1264.48,25.82,7.6309,2.00,-0.198,342.0,222.0
2026-08-08T18:05:41.558183+00:00,1786212341.558,1264.69,28.03,7.6309,2.05,0.079,369.1,222.0
2026-08-08T18:05:41.780129+00:00,1786212341.780,1264.92,26.28,7.6309,2.10,0.215,372.9,222.0
2026-08-08T18:05:42.007438+00:00,1786212342.007,1265.14,26.28,7.6353,2.17,0.000,366.5,233.1
2026-08-08T18:05:42.225031+00:00,1786212342.225,1265.36,25.77,7.6353,2.21,-0.347,371.8,233.1
2026-08-08T18:05:42.442307+00:00,1786212342.442,1265.58,28.35,7.6397,2.25,0.000,377.0,233.1
2026-08-08T18:05:42.662531+00:00,1786212342.663,1265.80,26.46,7.6397,2.28,0.188,369.4,233.1
2026-08-08T18:05:42.893693+00:00,1786212342.894,1266.03,26.46,7.6419,2.33,-0.257,335.9,233.1
2026-08-08T18:05:43.110360+00:00,1786212343.110,1266.25,25.55,7.6419,2.35,-0.058,345.5,233.1
2026-08-08T18:05:43.326530+00:00,1786212343.327,1266.46,26.24,7.6419,2.37,0.000,329.5,233.1
2026-08-08T18:05:43.762252+00:00,1786212343.762,1266.90,26.07,7.6463,2.37,0.000,334.0,233.1
2026-08-08T18:05:43.963271+00:00,1786212343.963,1267.10,26.29,7.6507,2.35,-0.202,314.4,233.1
2026-08-08T18:05:44.268766+00:00,1786212344.269,1267.41,25.09,7.6507,2.28,-0.133,318.9,233.1
2026-08-08T18:05:44.501104+00:00,1786212344.501,1267.64,26.99,7.6551,2.23,0.079,318.7,233.1
2026-08-08T18:05:44.729420+00:00,1786212344.729,1267.87,26.99,7.6551,2.19,0.135,316.7,233.1
2026-08-08T18:05:44.966226+00:00,1786212344.966,1268.10,24.57,7.6551,2.14,-0.416,294.2,233.1
2026-08-08T18:05:45.183401+00:00,1786212345.183,1268.32,24.17,7.6595,2.10,-0.252,296.4,233.1
2026-08-08T18:05:45.380669+00:00,1786212345.381,1268.52,24.17,7.6595,1.96,-0.255,275.4,233.1
2026-08-08T18:05:45.623547+00:00,1786212345.624,1268.76,27.38,7.6595,1.82,0.202,273.9,233.1
2026-08-08T18:05:45.856503+00:00,1786212345.856,1268.99,25.55,7.6639,1.72,-0.075,276.8,222.0
2026-08-08T18:05:46.089242+00:00,1786212346.089,1269.23,25.55,7.6639,1.63,-0.062,270.6,222.0
2026-08-08T18:05:46.312190+00:00,1786212346.312,1269.45,25.55,7.6661,1.54,-0.087,258.3,222.0
2026-08-08T18:05:46.529995+00:00,1786212346.530,1269.67,25.40,7.6661,1.49,0.000,249.9,222.0
2026-08-08T18:05:46.763927+00:00,1786212346.764,1269.90,23.66,7.6661,1.40,-0.409,230.0,222.0
2026-08-08T18:05:46.986940+00:00,1786212346.987,1270.12,25.46,7.6727,1.37,-0.188,220.4,222.0
2026-08-08T18:05:47.185123+00:00,1786212347.185,1270.32,25.46,7.6727,1.31,0.112,211.6,222.0
2026-08-08T18:05:47.385992+00:00,1786212347.386,1270.52,26.42,7.6727,1.23,0.284,209.9,222.0
2026-08-08T18:05:47.592443+00:00,1786212347.592,1270.73,26.96,7.6749,1.14,0.351,242.8,222.0
2026-08-08T18:05:47.788055+00:00,1786212347.788,1270.92,26.96,7.6749,1.10,-0.053,247.3,222.0
2026-08-08T18:05:47.996956+00:00,1786212347.997,1271.13,25.70,7.6793,1.02,0.000,253.6,222.0
2026-08-08T18:05:48.216653+00:00,1786212348.217,1271.35,25.67,7.6793,0.98,0.000,233.5,222.0
2026-08-08T18:05:48.446559+00:00,1786212348.447,1271.58,25.67,7.6793,0.94,0.000,230.8,222.0
2026-08-08T18:05:48.665343+00:00,1786212348.665,1271.80,24.97,7.6837,0.91,-0.056,224.5,222.0
2026-08-08T18:05:48.910590+00:00,1786212348.911,1272.05,24.15,7.6837,0.88,0.063,224.8,222.0
2026-08-08T18:05:49.139668+00:00,1786212349.140,1272.28,27.78,7.6881,0.85,0.300,238.4,222.0
2026-08-08T18:05:49.575438+00:00,1786212349.575,1272.71,26.24,7.6881,0.80,0.091,259.8,222.0
2026-08-08T18:05:49.770154+00:00,1786212349.770,1272.91,27.15,7.6903,0.79,0.085,270.5,222.0
2026-08-08T18:05:50.060952+00:00,1786212350.061,1273.20,27.53,7.6903,0.74,0.064,266.1,222.0
2026-08-08T18:05:50.280916+00:00,1786212350.281,1273.42,27.53,7.6947,0.74,0.063,252.1,222.0
2026-08-08T18:05:50.486272+00:00,1786212350.486,1273.62,25.00,7.6947,0.74,-0.079,224.4,222.0
2026-08-08T18:05:50.824184+00:00,1786212350.824,1273.96,26.46,7.6991,0.72,0.085,227.5,222.0
2026-08-08T18:05:51.047971+00:00,1786212351.048,1274.18,26.71,7.6991,0.67,0.111,231.4,222.0
2026-08-08T18:05:51.272064+00:00,1786212351.272,1274.41,26.23,7.7013,0.64,0.135,235.9,222.0
2026-08-08T18:05:51.500869+00:00,1786212351.501,1274.64,28.71,7.7013,0.61,0.490,263.7,222.0
2026-08-08T18:05:51.735030+00:00,1786212351.735,1274.87,28.71,7.7057,0.58,0.099,273.3,222.0
2026-08-08T18:05:51.967873+00:00,1786212351.968,1275.10,25.79,7.7057,0.54,-0.052,266.8,222.0
2026-08-08T18:05:52.184888+00:00,1786212352.185,1275.32,27.11,7.7057,0.53,0.000,247.0,222.0
2026-08-08T18:05:52.403794+00:00,1786212352.404,1275.54,27.84,7.7101,0.50,0.000,241.6,222.0
2026-08-08T18:05:52.824800+00:00,1786212352.825,1275.96,27.26,7.7145,0.49,0.000,234.6,222.0
2026-08-08T18:05:53.175448+00:00,1786212353.175,1276.31,28.20,7.7145,0.43,0.331,247.2,222.0
2026-08-08T18:05:53.399980+00:00,1786212353.400,1276.54,26.92,7.7189,0.40,0.000,240.2,222.0
2026-08-08T18:05:53.621102+00:00,1786212353.621,1276.76,26.04,7.7189,0.39,-0.072,238.5,222.0
2026-08-08T18:05:53.852781+00:00,1786212353.853,1276.99,26.60,7.7233,0.37,0.000,231.4,222.0
2026-08-08T18:05:54.069092+00:00,1786212354.069,1277.21,26.60,7.7233,0.36,-0.228,211.2,222.0
2026-08-08T18:05:54.285605+00:00,1786212354.286,1277.42,26.17,7.7233,0.38,-0.276,188.2,222.0
2026-08-08T18:05:54.505893+00:00,1786212354.506,1277.64,25.30,7.7255,0.39,-0.053,152.8,222.0
2026-08-08T18:05:54.704627+00:00,1786212354.705,1277.84,25.30,7.7255,0.39,-0.199,132.3,222.0
2026-08-08T18:05:54.965590+00:00,1786212354.966,1278.10,28.12,7.7299,0.35,0.000,135.7,222.0
2026-08-08T18:05:55.186285+00:00,1786212355.186,1278.32,25.95,7.7299,0.33,-0.155,125.0,222.0
2026-08-08T18:05:55.404208+00:00,1786212355.404,1278.54,25.82,7.7299,0.31,-0.297,106.5,222.0
2026-08-08T18:05:55.622733+00:00,1786212355.623,1278.76,25.82,7.7343,0.29,-0.138,96.5,222.0
2026-08-08T18:05:55.855181+00:00,1786212355.855,1278.99,27.93,7.7343,0.26,0.235,89.3,222.0
2026-08-08T18:05:56.071573+00:00,1786212356.072,1279.21,25.97,7.7387,0.24,-0.080,83.0,222.0
2026-08-08T18:05:56.272986+00:00,1786212356.273,1279.41,27.30,7.7387,0.24,0.088,91.2,222.0
2026-08-08T18:05:56.470772+00:00,1786212356.471,1279.61,27.30,7.7387,0.23,0.143,98.3,222.0
2026-08-08T18:05:56.668264+00:00,1786212356.668,1279.81,28.09,7.7431,0.23,0.357,129.7,222.0
2026-08-08T18:05:56.865692+00:00,1786212356.866,1280.00,26.66,7.7431,0.24,0.174,151.9,222.0
2026-08-08T18:05:57.100051+00:00,1786212357.100,1280.24,26.66,7.7453,0.27,-0.189,145.1,222.0
2026-08-08T18:05:57.322664+00:00,1786212357.323,1280.46,25.57,7.7453,0.29,0.000,154.2,222.0
2026-08-08T18:05:57.539070+00:00,1786212357.539,1280.68,26.45,7.7453,0.30,0.083,156.2,222.0
2026-08-08T18:05:57.760551+00:00,1786212357.761,1280.90,26.09,7.7519,0.32,0.000,164.0,222.0
2026-08-08T18:05:57.972556+00:00,1786212357.973,1281.11,26.09,7.7519,0.34,-0.241,167.2,222.0
2026-08-08T18:05:58.189448+00:00,1786212358.189,1281.33,25.23,7.7519,0.37,-0.097,169.4,222.0
2026-08-08T18:05:58.410773+00:00,1786212358.411,1281.55,28.88,7.7563,0.40,0.205,170.5,222.0
2026-08-08T18:05:58.608909+00:00,1786212358.609,1281.75,27.71,7.7563,0.40,0.053,180.5,222.0
2026-08-08T18:05:58.880439+00:00,1786212358.880,1282.02,28.03,7.7607,0.52,0.000,179.2,222.0
2026-08-08T18:05:59.106722+00:00,1786212359.107,1282.24,28.03,7.7607,0.60,0.171,185.0,222.0
2026-08-08T18:05:59.323994+00:00,1786212359.324,1282.46,27.92,7.7607,0.64,0.157,177.6,222.0
2026-08-08T18:05:59.543786+00:00,1786212359.544,1282.68,27.68,7.7651,0.72,0.264,188.1,222.0
2026-08-08T18:05:59.775474+00:00,1786212359.775,1282.91,26.42,7.7651,0.79,0.000,202.0,222.0
2026-08-08T18:06:00.007149+00:00,1786212360.007,1283.14,26.42,7.7673,0.85,0.000,207.6,222.0
2026-08-08T18:06:00.206690+00:00,1786212360.207,1283.34,27.74,7.7673,0.85,0.205,220.6,222.0
2026-08-08T18:06:00.463032+00:00,1786212360.463,1283.60,27.98,7.7673,1.06,0.336,247.3,222.0
2026-08-08T18:06:00.694738+00:00,1786212360.695,1283.83,27.51,7.7739,1.18,-0.166,259.6,222.0
2026-08-08T18:06:00.927466+00:00,1786212360.927,1284.06,27.50,7.7739,1.30,0.000,275.0,222.0
2026-08-08T18:06:01.142693+00:00,1786212361.143,1284.28,27.50,7.7761,1.36,-0.066,267.1,222.0
2026-08-08T18:06:01.359682+00:00,1786212361.360,1284.50,25.46,7.7761,1.43,-0.317,254.9,222.0
2026-08-08T18:06:01.575805+00:00,1786212361.576,1284.71,27.87,7.7761,1.49,0.000,263.5,222.0
2026-08-08T18:06:02.004418+00:00,1786212362.004,1285.14,26.63,7.7827,1.54,-0.119,254.7,222.0
2026-08-08T18:06:02.246342+00:00,1786212362.246,1285.38,27.38,7.7827,1.64,0.109,260.2,222.0
2026-08-08T18:06:02.475980+00:00,1786212362.476,1285.61,26.04,7.7849,1.71,0.000,252.6,222.0
2026-08-08T18:06:02.697520+00:00,1786212362.697,1285.83,26.17,7.7849,1.74,-0.176,251.6,222.0
2026-08-08T18:06:02.928237+00:00,1786212362.928,1286.06,26.17,7.7893,1.81,-0.204,249.3,222.0
2026-08-08T18:06:03.143885+00:00,1786212363.144,1286.28,25.27,7.7893,1.85,-0.254,231.2,222.0
2026-08-08T18:06:03.360963+00:00,1786212363.361,1286.50,24.72,7.7893,1.88,-0.318,200.6,222.0
2026-08-08T18:06:03.576369+00:00,1786212363.576,1286.71,24.72,7.7937,1.91,-0.318,196.7,222.0
2026-08-08T18:06:03.976588+00:00,1786212363.977,1287.11,26.15,7.7937,1.95,0.073,204.0,222.0
2026-08-08T18:06:04.267336+00:00,1786212364.267,1287.40,25.72,7.7981,2.10,-0.222,200.2,222.0
2026-08-08T18:06:04.464560+00:00,1786212364.465,1287.60,25.72,7.7981,2.10,-0.103,216.6,222.0
2026-08-08T18:06:04.736301+00:00,1786212364.736,1287.87,25.28,7.8025,2.19,-0.234,207.4,233.1
2026-08-08T18:06:04.962384+00:00,1786212364.962,1288.10,27.22,7.8025,2.24,0.132,227.4,233.1
2026-08-08T18:06:05.179920+00:00,1786212365.180,1288.32,24.92,7.8069,2.27,-0.140,216.6,233.1
2026-08-08T18:06:05.395964+00:00,1786212365.396,1288.53,24.92,7.8069,2.30,-0.141,213.1,233.1
2026-08-08T18:06:05.614377+00:00,1786212365.614,1288.75,25.42,7.8069,2.36,0.000,225.9,233.1
2026-08-08T18:06:05.848423+00:00,1786212365.848,1288.99,25.63,7.8091,2.43,0.102,245.6,233.1
2026-08-08T18:06:06.049977+00:00,1786212366.050,1289.19,25.63,7.8091,2.43,0.103,268.4,233.1
2026-08-08T18:06:06.298956+00:00,1786212366.299,1289.44,25.79,7.8135,2.33,0.000,288.8,233.1
2026-08-08T18:06:06.514780+00:00,1786212366.515,1289.65,25.75,7.8135,2.30,0.000,308.7,233.1
2026-08-08T18:06:06.747724+00:00,1786212366.748,1289.88,25.64,7.8135,2.24,0.000,306.7,233.1
2026-08-08T18:06:06.984480+00:00,1786212366.984,1290.12,25.64,7.8179,2.18,0.000,318.2,233.1
2026-08-08T18:06:07.198892+00:00,1786212367.199,1290.34,23.73,7.8179,2.14,-0.433,300.9,233.1
2026-08-08T18:06:07.396057+00:00,1786212367.396,1290.53,26.17,7.8223,2.18,0.157,321.5,233.1
2026-08-08T18:06:07.594566+00:00,1786212367.595,1290.73,26.78,7.8223,2.21,0.236,325.7,233.1
2026-08-08T18:06:07.795253+00:00,1786212367.795,1290.93,26.78,7.8223,2.20,0.174,343.7,233.1
2026-08-08T18:06:07.995319+00:00,1786212367.995,1291.13,27.82,7.8245,2.16,0.283,369.1,233.1
2026-08-08T18:06:08.214724+00:00,1786212368.215,1291.35,30.83,7.8245,2.13,0.667,416.1,233.1
2026-08-08T18:06:08.432758+00:00,1786212368.433,1291.57,30.83,7.8288,2.11,0.656,456.2,233.1
2026-08-08T18:06:08.651572+00:00,1786212368.652,1291.79,25.28,7.8288,2.09,-0.061,444.8,233.1
2026-08-08T18:06:08.883477+00:00,1786212368.883,1292.02,24.52,7.8288,2.06,-0.145,433.8,233.1
2026-08-08T18:06:09.102107+00:00,1786212369.102,1292.24,26.03,7.8332,2.04,0.052,434.6,233.1
2026-08-08T18:06:09.565047+00:00,1786212369.565,1292.70,26.94,7.8376,2.17,0.376,455.6,233.1
2026-08-08T18:06:09.802222+00:00,1786212369.802,1292.94,27.53,7.8376,2.31,0.157,468.2,233.1
2026-08-08T18:06:10.033537+00:00,1786212370.034,1293.17,27.55,7.8420,2.45,0.087,501.3,233.1
2026-08-08T18:06:10.252024+00:00,1786212370.252,1293.39,27.55,7.8420,2.52,0.087,503.4,233.1
2026-08-08T18:06:10.466481+00:00,1786212370.466,1293.60,25.21,7.8420,2.67,-0.293,478.2,233.1
2026-08-08T18:06:10.691163+00:00,1786212370.691,1293.83,26.10,7.8464,2.69,-0.530,445.7,233.1
2026-08-08T18:06:10.920148+00:00,1786212370.920,1294.06,25.85,7.8464,2.71,-0.556,404.2,233.1
2026-08-08T18:06:11.344071+00:00,1786212371.344,1294.48,26.76,7.8486,2.70,0.153,370.3,233.1
2026-08-08T18:06:11.548591+00:00,1786212371.549,1294.69,27.23,7.8486,2.69,0.283,345.0,233.1
2026-08-08T18:06:11.848965+00:00,1786212371.849,1294.99,25.45,7.8530,2.65,-0.059,349.9,233.1
2026-08-08T18:06:12.067593+00:00,1786212372.068,1295.20,25.45,7.8530,2.63,-0.166,354.8,233.1
2026-08-08T18:06:12.288959+00:00,1786212372.289,1295.43,25.13,7.8574,2.61,-0.268,342.4,233.1
2026-08-08T18:06:12.528387+00:00,1786212372.528,1295.67,24.14,7.8574,2.58,-0.380,304.2,233.1
2026-08-08T18:06:12.754118+00:00,1786212372.754,1295.89,24.14,7.8596,2.55,-0.379,274.6,233.1
2026-08-08T18:06:12.984205+00:00,1786212372.984,1296.12,23.62,7.8596,2.50,-0.175,255.9,233.1
2026-08-08T18:06:13.186670+00:00,1786212373.187,1296.32,25.37,7.8596,2.50,-0.081,243.3,233.1
2026-08-08T18:06:13.440413+00:00,1786212373.440,1296.58,25.19,7.8640,2.35,-0.072,251.4,233.1
2026-08-08T18:06:13.660352+00:00,1786212373.660,1296.80,25.19,7.8640,2.30,-0.188,264.1,233.1
2026-08-08T18:06:13.862930+00:00,1786212373.863,1297.00,26.57,7.8684,2.17,-0.079,284.5,233.1
2026-08-08T18:06:14.066110+00:00,1786212374.066,1297.20,27.14,7.8684,2.06,0.212,282.8,233.1
2026-08-08T18:06:14.262908+00:00,1786212374.263,1297.40,27.14,7.8684,2.01,0.214,273.0,233.1
2026-08-08T18:06:14.464665+00:00,1786212374.465,1297.60,25.28,7.8728,1.98,0.000,270.1,222.0
2026-08-08T18:06:14.665731+00:00,1786212374.666,1297.80,25.78,7.8728,1.95,0.213,283.6,222.0
2026-08-08T18:06:14.877951+00:00,1786212374.878,1298.01,25.78,7.8750,1.93,0.215,302.7,222.0
2026-08-08T18:06:15.074114+00:00,1786212375.074,1298.21,25.10,7.8750,1.95,0.197,326.2,222.0
2026-08-08T18:06:15.276439+00:00,1786212375.276,1298.41,25.10,7.8750,2.01,0.000,341.0,222.0
2026-08-08T18:06:15.474909+00:00,1786212375.475,1298.61,24.95,7.8794,2.03,0.000,347.2,233.1
2026-08-08T18:06:15.674254+00:00,1786212375.674,1298.81,24.94,7.8794,2.06,0.000,347.0,233.1
2026-08-08T18:06:15.877644+00:00,1786212375.878,1299.01,24.94,7.8816,2.10,-0.226,337.2,233.1
2026-08-08T18:06:16.080665+00:00,1786212376.081,1299.22,24.78,7.8816,2.20,-0.325,329.5,233.1
2026-08-08T18:06:16.282369+00:00,1786212376.282,1299.42,24.67,7.8816,2.30,-0.339,315.5,233.1
2026-08-08T18:06:16.550527+00:00,1786212376.551,1299.69,24.67,7.8860,2.42,-0.081,299.6,233.1
2026-08-08T18:06:16.774484+00:00,1786212376.774,1299.91,23.39,7.8860,2.52,-0.315,272.6,233.1
2026-08-08T18:06:17.008052+00:00,1786212377.008,1300.14,22.83,7.8882,2.59,-0.384,256.7,233.1
2026-08-08T18:06:17.240843+00:00,1786212377.241,1300.38,22.83,7.8882,2.65,-0.291,234.4,233.1
2026-08-08T18:06:17.458653+00:00,1786212377.459,1300.60,24.17,7.8926,2.69,-0.119,221.9,233.1
2026-08-08T18:06:17.676642+00:00,1786212377.677,1300.81,24.10,7.8926,2.73,-0.107,212.1,233.1
2026-08-08T18:06:18.350397+00:00,1786212378.350,1301.49,26.24,7.8970,2.62,0.136,225.9,233.1
2026-08-08T18:06:18.545994+00:00,1786212378.546,1301.68,24.89,7.9014,2.54,0.000,230.0,233.1
2026-08-08T18:06:18.841947+00:00,1786212378.842,1301.98,25.00,7.9014,2.34,0.000,232.4,233.1
2026-08-08T18:06:19.069149+00:00,1786212379.069,1302.21,25.00,7.9036,2.21,0.000,244.1,233.1
2026-08-08T18:06:19.292863+00:00,1786212379.293,1302.43,24.79,7.9036,2.06,0.000,258.5,233.1
2026-08-08T18:06:19.509089+00:00,1786212379.509,1302.65,24.36,7.9036,1.98,0.099,276.3,233.1
2026-08-08T18:06:19.731319+00:00,1786212379.731,1302.87,24.36,7.9080,1.90,0.156,282.9,233.1
2026-08-08T18:06:19.942683+00:00,1786212379.943,1303.08,24.32,7.9080,1.75,0.153,299.7,222.0
2026-08-08T18:06:20.145077+00:00,1786212380.145,1303.28,25.61,7.9080,1.75,0.149,321.4,222.0
2026-08-08T18:06:20.397227+00:00,1786212380.397,1303.53,26.19,7.9124,1.61,0.214,341.7,222.0
2026-08-08T18:06:20.626994+00:00,1786212380.627,1303.76,26.19,7.9124,1.51,0.000,340.6,222.0
2026-08-08T18:06:20.860519+00:00,1786212380.860,1304.00,25.77,7.9168,1.41,0.106,342.7,222.0
2026-08-08T18:06:21.079004+00:00,1786212381.079,1304.22,27.11,7.9168,1.36,0.262,339.9,222.0
2026-08-08T18:06:21.292874+00:00,1786212381.293,1304.43,27.11,7.9168,1.31,0.263,346.6,222.0
2026-08-08T18:06:21.509286+00:00,1786212381.509,1304.65,23.95,7.9212,1.21,-0.105,331.4,222.0
2026-08-08T18:06:21.703278+00:00,1786212381.703,1304.84,25.76,7.9212,1.21,0.176,333.0,222.0
2026-08-08T18:06:21.964386+00:00,1786212381.964,1305.10,25.90,7.9256,1.34,0.191,338.1,222.0
2026-08-08T18:06:22.189222+00:00,1786212382.189,1305.33,25.90,7.9256,1.38,0.195,340.3,222.0
2026-08-08T18:06:22.393451+00:00,1786212382.393,1305.53,26.28,7.9256,1.50,0.083,336.5,222.0
2026-08-08T18:06:22.612447+00:00,1786212382.612,1305.75,28.74,7.9300,1.56,0.319,351.7,222.0
2026-08-08T18:06:22.845355+00:00,1786212382.845,1305.98,25.93,7.9300,1.68,0.000,344.1,222.0
2026-08-08T18:06:23.062183+00:00,1786212383.062,1306.20,25.93,7.9322,1.74,0.000,334.1,222.0
2026-08-08T18:06:23.279320+00:00,1786212383.279,1306.42,26.15,7.9322,1.86,-0.120,331.0,222.0
2026-08-08T18:06:23.495440+00:00,1786212383.495,1306.63,26.28,7.9322,1.92,-0.104,325.4,222.0
2026-08-08T18:06:23.732363+00:00,1786212383.732,1306.87,25.75,7.9366,2.01,0.225,326.5,222.0
2026-08-08T18:06:23.936188+00:00,1786212383.936,1307.07,25.75,7.9366,2.01,0.000,316.9,222.0
2026-08-08T18:06:24.199234+00:00,1786212384.199,1307.34,25.49,7.9410,1.89,-0.051,326.7,222.0
2026-08-08T18:06:24.420776+00:00,1786212384.421,1307.56,25.78,7.9410,1.85,0.000,323.4,222.0
2026-08-08T18:06:24.617577+00:00,1786212384.618,1307.75,26.87,7.9410,1.81,0.074,323.0,222.0
2026-08-08T18:06:24.953338+00:00,1786212384.953,1308.09,26.02,7.9454,1.76,-0.323,300.5,222.0
2026-08-08T18:06:25.158086+00:00,1786212385.158,1308.29,26.02,7.9454,1.71,0.000,297.8,222.0
2026-08-08T18:06:25.407190+00:00,1786212385.407,1308.54,29.20,7.9498,1.64,0.388,303.5,222.0
2026-08-08T18:06:25.631617+00:00,1786212385.632,1308.77,28.52,7.9498,1.57,0.279,321.8,222.0
2026-08-08T18:06:25.865779+00:00,1786212385.866,1309.00,27.30,7.9542,1.45,0.120,327.5,222.0
2026-08-08T18:06:26.081344+00:00,1786212386.081,1309.22,28.07,7.9542,1.39,0.274,347.1,222.0
2026-08-08T18:06:26.297191+00:00,1786212386.297,1309.43,28.07,7.9564,1.33,0.273,364.5,222.0
2026-08-08T18:06:26.514668+00:00,1786212386.515,1309.65,25.59,7.9564,1.26,0.000,346.9,222.0
2026-08-08T18:06:26.911194+00:00,1786212386.911,1310.05,27.73,7.9608,1.24,0.218,354.7,222.0
2026-08-08T18:06:27.216466+00:00,1786212387.216,1310.35,27.90,7.9608,1.16,0.110,360.1,222.0
2026-08-08T18:06:27.436712+00:00,1786212387.437,1310.57,27.90,7.9652,1.13,0.211,368.1,222.0
2026-08-08T18:06:27.666177+00:00,1786212387.666,1310.80,27.60,7.9652,1.16,0.175,368.9,222.0
2026-08-08T18:06:27.889893+00:00,1786212387.890,1311.03,25.41,7.9696,1.21,-0.424,358.9,222.0
2026-08-08T18:06:28.089293+00:00,1786212388.089,1311.23,27.76,7.9696,1.29,-0.086,353.1,222.0
2026-08-08T18:06:28.289179+00:00,1786212388.289,1311.43,27.76,7.9696,1.34,0.052,329.1,222.0
2026-08-08T18:06:28.493576+00:00,1786212388.494,1311.63,28.48,7.9740,1.39,0.000,312.0,222.0
2026-08-08T18:06:28.688310+00:00,1786212388.688,1311.83,30.44,7.9740,1.40,0.275,326.1,222.0
2026-08-08T18:06:28.885878+00:00,1786212388.886,1312.02,31.34,7.9784,1.43,0.674,357.5,222.0
2026-08-08T18:06:29.100510+00:00,1786212389.100,1312.24,31.34,7.9784,1.44,0.458,376.7,222.0
2026-08-08T18:06:29.316567+00:00,1786212389.317,1312.45,26.73,7.9784,1.45,-0.154,371.9,222.0
2026-08-08T18:06:29.534121+00:00,1786212389.534,1312.67,28.40,7.9828,1.47,0.066,367.0,222.0
2026-08-08T18:06:29.769439+00:00,1786212389.769,1312.91,27.04,7.9828,1.50,-0.074,359.0,222.0
2026-08-08T18:06:30.001292+00:00,1786212390.001,1313.14,28.28,7.9872,1.53,0.377,372.3,222.0
2026-08-08T18:06:30.199524+00:00,1786212390.200,1313.34,28.28,7.9872,1.53,0.068,371.0,222.0
2026-08-08T18:06:30.453845+00:00,1786212390.454,1313.59,27.93,7.9872,1.55,0.000,398.1,222.0
2026-08-08T18:06:30.671886+00:00,1786212390.672,1313.81,27.96,7.9916,1.54,-0.067,401.7,222.0
2026-08-08T18:06:30.870945+00:00,1786212390.871,1314.01,29.05,7.9916,1.54,-0.176,392.8,222.0
2026-08-08T18:06:31.129682+00:00,1786212391.130,1314.27,29.05,7.9938,1.44,-0.283,378.3,222.0
2026-08-08T18:06:31.351531+00:00,1786212391.352,1314.49,27.70,7.9938,1.38,-0.450,333.9,222.0
2026-08-08T18:06:31.569062+00:00,1786212391.569,1314.71,28.31,7.9938,1.35,0.194,298.3,222.0
2026-08-08T18:06:31.795308+00:00,1786212391.795,1314.93,26.33,8.0004,1.32,-0.255,249.1,222.0
2026-08-08T18:06:32.004842+00:00,1786212392.005,1315.14,27.66,8.0004,1.26,0.077,260.7,222.0
2026-08-08T18:06:32.219854+00:00,1786212392.220,1315.36,27.66,8.0004,1.25,-0.078,249.8,222.0
2026-08-08T18:06:32.622661+00:00,1786212392.623,1315.76,28.86,8.0048,1.27,0.067,258.0,222.0
2026-08-08T18:06:32.912075+00:00,1786212392.912,1316.05,28.04,8.0092,1.35,0.000,235.5,222.0
2026-08-08T18:06:33.137524+00:00,1786212393.137,1316.27,27.94,8.0092,1.41,0.000,230.2,222.0
2026-08-08T18:06:33.352983+00:00,1786212393.353,1316.49,27.94,8.0092,1.44,-0.125,222.5,222.0
2026-08-08T18:06:33.570615+00:00,1786212393.571,1316.71,27.95,8.0136,1.49,-0.126,218.9,222.0
2026-08-08T18:06:33.792303+00:00,1786212393.792,1316.93,25.77,8.0136,1.52,-0.219,212.9,222.0
2026-08-08T18:06:34.020044+00:00,1786212394.020,1317.16,28.50,8.0180,1.54,0.000,228.9,222.0
2026-08-08T18:06:34.212669+00:00,1786212394.213,1317.35,28.50,8.0180,1.54,0.250,269.2,222.0
2026-08-08T18:06:34.472361+00:00,1786212394.472,1317.61,25.91,8.0180,1.50,-0.197,246.8,222.0
2026-08-08T18:06:34.692946+00:00,1786212394.693,1317.83,28.09,8.0224,1.52,0.000,263.9,222.0
2026-08-08T18:06:34.922386+00:00,1786212394.922,1318.06,27.89,8.0224,1.55,-0.117,256.4,222.0
2026-08-08T18:06:35.139108+00:00,1786212395.139,1318.28,27.89,8.0246,1.57,0.000,263.8,222.0
2026-08-08T18:06:35.355765+00:00,1786212395.356,1318.49,25.73,8.0246,1.58,-0.277,244.7,222.0
2026-08-08T18:06:35.572834+00:00,1786212395.573,1318.71,28.59,8.0246,1.60,0.082,252.3,222.0
2026-08-08T18:06:36.000021+00:00,1786212396.000,1319.14,26.27,8.0290,1.60,-0.192,241.8,222.0
2026-08-08T18:06:36.263259+00:00,1786212396.263,1319.40,28.28,8.0334,1.70,0.283,266.9,222.0
2026-08-08T18:06:36.506365+00:00,1786212396.506,1319.64,27.85,8.0334,1.74,-0.072,271.8,222.0
2026-08-08T18:06:36.728056+00:00,1786212396.728,1319.86,27.11,8.0334,1.72,-0.154,278.3,222.0
2026-08-08T18:06:36.969090+00:00,1786212396.969,1320.11,27.12,8.0378,1.71,0.134,284.8,222.0
2026-08-08T18:06:37.163708+00:00,1786212397.164,1320.30,27.12,8.0378,1.71,-0.109,264.8,222.0
2026-08-08T18:06:37.418778+00:00,1786212397.419,1320.56,25.13,8.0422,1.49,-0.307,258.6,222.0
2026-08-08T18:06:37.642497+00:00,1786212397.642,1320.78,27.64,8.0422,1.34,0.000,256.3,222.0
2026-08-08T18:06:37.875095+00:00,1786212397.875,1321.01,25.54,8.0422,1.22,0.000,256.5,222.0
2026-08-08T18:06:38.096535+00:00,1786212398.097,1321.23,28.13,8.0466,1.12,-0.051,250.0,222.0
2026-08-08T18:06:38.323859+00:00,1786212398.324,1321.46,28.13,8.0466,1.03,0.222,274.2,222.0
2026-08-08T18:06:38.542685+00:00,1786212398.543,1321.68,28.03,8.0510,0.98,0.000,263.2,222.0
2026-08-08T18:06:38.745376+00:00,1786212398.745,1321.88,27.98,8.0510,0.98,0.000,269.8,222.0
2026-08-08T18:06:39.011640+00:00,1786212399.012,1322.15,27.79,8.0510,1.02,0.083,251.9,222.0
2026-08-08T18:06:39.232503+00:00,1786212399.232,1322.37,27.73,8.0554,1.00,0.075,253.0,222.0
2026-08-08T18:06:39.425990+00:00,1786212399.426,1322.56,27.73,8.0554,1.00,0.075,259.4,222.0
2026-08-08T18:06:39.692192+00:00,1786212399.692,1322.83,27.80,8.0598,0.97,0.325,264.1,222.0
2026-08-08T18:06:39.913188+00:00,1786212399.913,1323.05,28.01,8.0598,0.95,0.000,264.2,222.0
2026-08-08T18:06:40.126690+00:00,1786212400.127,1323.26,28.48,8.0598,0.93,0.362,298.5,222.0
2026-08-08T18:06:40.347575+00:00,1786212400.348,1323.48,28.52,8.0642,0.92,0.000,295.9,222.0
2026-08-08T18:06:40.560873+00:00,1786212400.561,1323.70,28.52,8.0642,0.98,0.000,297.7,222.0
2026-08-08T18:06:40.779526+00:00,1786212400.779,1323.92,28.54,8.0686,1.10,0.064,304.3,222.0
2026-08-08T18:06:40.974228+00:00,1786212400.974,1324.11,28.48,8.0686,1.10,0.063,296.9,222.0
2026-08-08T18:06:41.245910+00:00,1786212401.246,1324.38,28.20,8.0686,1.28,0.051,302.7,222.0
2026-08-08T18:06:41.465253+00:00,1786212401.465,1324.60,28.19,8.0730,1.34,0.057,309.4,222.0
2026-08-08T18:06:41.695581+00:00,1786212401.696,1324.83,28.19,8.0730,1.46,0.057,312.7,222.0
2026-08-08T18:06:41.929021+00:00,1786212401.929,1325.07,28.16,8.0773,1.58,0.000,314.5,222.0
2026-08-08T18:06:42.146417+00:00,1786212402.146,1325.28,27.94,8.0773,1.65,0.000,316.7,222.0
2026-08-08T18:06:42.343041+00:00,1786212402.343,1325.48,29.98,8.0773,1.65,0.189,319.8,222.0
2026-08-08T18:06:42.547786+00:00,1786212402.548,1325.68,29.98,8.0817,1.65,0.184,340.0,222.0
2026-08-08T18:06:42.748658+00:00,1786212402.749,1325.89,28.33,8.0817,1.65,0.000,326.5,222.0
2026-08-08T18:06:42.950430+00:00,1786212402.950,1326.09,30.02,8.0861,1.67,0.189,346.7,222.0
2026-08-08T18:06:43.156666+00:00,1786212403.157,1326.29,28.73,8.0861,1.69,0.000,353.6,222.0
2026-08-08T18:06:43.353025+00:00,1786212403.353,1326.49,28.73,8.0861,1.70,0.070,359.9,222.0
2026-08-08T18:06:43.550575+00:00,1786212403.551,1326.69,28.33,8.0905,1.71,0.000,361.9,222.0
2026-08-08T18:06:43.754833+00:00,1786212403.755,1326.89,28.25,8.0905,1.72,0.000,363.2,222.0
2026-08-08T18:06:43.964413+00:00,1786212403.964,1327.10,28.25,8.0927,1.72,0.000,363.7,222.0
2026-08-08T18:06:44.158743+00:00,1786212404.159,1327.30,26.12,8.0927,1.72,-0.251,347.3,222.0
2026-08-08T18:06:44.353299+00:00,1786212404.353,1327.49,28.13,8.0927,1.72,-0.256,334.6,222.0
2026-08-08T18:06:44.633874+00:00,1786212404.634,1327.77,26.21,8.0971,1.67,-0.502,306.9,222.0
2026-08-08T18:06:44.866222+00:00,1786212404.866,1328.00,27.21,8.0971,1.65,-0.146,284.1,222.0
2026-08-08T18:06:45.083999+00:00,1786212405.084,1328.22,27.21,8.1015,1.64,-0.366,249.8,222.0
2026-08-08T18:06:45.300555+00:00,1786212405.301,1328.44,26.14,8.1015,1.62,-0.336,229.4,222.0
2026-08-08T18:06:45.497714+00:00,1786212405.498,1328.63,28.16,8.1059,1.64,-0.074,211.3,222.0
2026-08-08T18:06:45.692243+00:00,1786212405.692,1328.83,30.34,8.1059,1.65,0.261,228.7,222.0
2026-08-08T18:06:45.893305+00:00,1786212405.893,1329.03,30.34,8.1059,1.67,0.271,243.0,222.0
2026-08-08T18:06:46.099455+00:00,1786212406.099,1329.24,29.09,8.1103,1.65,0.108,249.7,222.0
2026-08-08T18:06:46.301502+00:00,1786212406.301,1329.44,33.10,8.1103,1.65,0.904,315.0,222.0
2026-08-08T18:06:46.544070+00:00,1786212406.544,1329.68,27.52,8.1147,1.61,-0.077,308.7,222.0
2026-08-08T18:06:46.768381+00:00,1786212406.768,1329.91,27.52,8.1147,1.59,0.170,331.3,222.0
2026-08-08T18:06:46.998561+00:00,1786212406.999,1330.14,26.27,8.1147,1.58,-0.123,335.0,222.0
2026-08-08T18:06:47.221800+00:00,1786212407.222,1330.36,27.46,8.1191,1.56,0.000,361.1,222.0
2026-08-08T18:06:47.449466+00:00,1786212407.449,1330.59,26.28,8.1191,1.57,0.000,366.7,222.0
2026-08-08T18:06:47.646534+00:00,1786212407.647,1330.78,26.28,8.1213,1.57,-0.243,371.7,222.0
2026-08-08T18:06:47.991410+00:00,1786212407.991,1331.13,28.44,8.1213,1.59,-0.229,379.2,222.0
2026-08-08T18:06:48.217493+00:00,1786212408.217,1331.35,28.44,8.1257,1.58,-0.226,370.7,222.0
2026-08-08T18:06:48.433178+00:00,1786212408.433,1331.57,25.75,8.1257,1.56,-0.397,327.9,222.0
2026-08-08T18:06:48.651980+00:00,1786212408.652,1331.79,28.90,8.1301,1.54,-0.496,280.9,222.0
2026-08-08T18:06:48.895547+00:00,1786212408.896,1332.03,25.84,8.1301,1.48,-0.198,258.7,222.0
2026-08-08T18:06:49.117051+00:00,1786212409.117,1332.25,28.20,8.1301,1.45,0.080,195.2,222.0
2026-08-08T18:06:49.337598+00:00,1786212409.338,1332.47,28.20,8.1345,1.44,0.229,211.2,222.0
2026-08-08T18:06:49.776061+00:00,1786212409.776,1332.91,27.57,8.1389,1.44,0.000,200.9,222.0
2026-08-08T18:06:50.007405+00:00,1786212410.007,1333.14,28.50,8.1389,1.47,0.241,222.6,222.0
2026-08-08T18:06:50.234390+00:00,1786212410.234,1333.37,28.50,8.1389,1.49,0.238,236.6,222.0
2026-08-08T18:06:50.455195+00:00,1786212410.455,1333.59,25.58,8.1433,1.52,-0.323,219.3,222.0
2026-08-08T18:06:50.671331+00:00,1786212410.671,1333.81,28.12,8.1433,1.53,0.000,234.0,222.0
2026-08-08T18:06:50.906880+00:00,1786212410.907,1334.04,25.99,8.1477,1.56,0.000,242.6,222.0
2026-08-08T18:06:51.135237+00:00,1786212411.135,1334.27,25.99,8.1477,1.58,-0.326,235.1,222.0
2026-08-08T18:06:51.335318+00:00,1786212411.335,1334.47,27.61,8.1477,1.58,0.201,268.4,222.0
2026-08-08T18:06:51.536083+00:00,1786212411.536,1334.67,28.14,8.1521,1.59,0.000,295.3,222.0
2026-08-08T18:06:51.738854+00:00,1786212411.739,1334.88,27.18,8.1521,1.60,-0.117,301.9,222.0
2026-08-08T18:06:51.944202+00:00,1786212411.944,1335.08,27.18,8.1521,1.61,0.000,297.5,222.0
2026-08-08T18:06:52.171166+00:00,1786212412.171,1335.31,27.54,8.1565,1.62,-0.123,279.2,222.0
2026-08-08T18:06:52.404626+00:00,1786212412.405,1335.54,25.33,8.1565,1.63,-0.405,257.9,222.0
2026-08-08T18:06:52.624120+00:00,1786212412.624,1335.76,25.33,8.1587,1.65,0.000,241.7,222.0
2026-08-08T18:06:52.823149+00:00,1786212412.823,1335.96,27.39,8.1587,1.65,-0.095,223.4,222.0
2026-08-08T18:06:53.028049+00:00,1786212413.028,1336.16,26.64,8.1587,1.64,0.085,246.2,222.0
2026-08-08T18:06:53.318144+00:00,1786212413.318,1336.45,25.27,8.1631,1.61,-0.092,238.3,222.0
2026-08-08T18:06:53.522127+00:00,1786212413.522,1336.66,28.19,8.1631,1.61,0.073,246.0,222.0
2026-08-08T18:06:53.771632+00:00,1786212413.772,1336.91,28.19,8.1675,1.59,0.000,265.5,222.0
2026-08-08T18:06:53.989558+00:00,1786212413.990,1337.13,25.18,8.1675,1.58,-0.247,239.4,222.0
2026-08-08T18:06:54.207188+00:00,1786212414.207,1337.34,24.77,8.1675,1.57,-0.297,220.3,222.0
2026-08-08T18:06:54.422761+00:00,1786212414.423,1337.56,24.77,8.1719,1.57,-0.343,206.5,222.0
2026-08-08T18:06:54.621822+00:00,1786212414.622,1337.76,28.26,8.1719,1.57,0.366,227.7,222.0
2026-08-08T18:06:54.818898+00:00,1786212414.819,1337.96,25.73,8.1719,1.56,0.000,231.0,222.0
2026-08-08T18:06:55.103467+00:00,1786212415.103,1338.24,26.08,8.1763,1.54,-0.159,243.0,222.0
2026-08-08T18:06:55.321778+00:00,1786212415.322,1338.46,26.08,8.1763,1.52,-0.067,239.6,222.0
2026-08-08T18:06:55.543834+00:00,1786212415.544,1338.68,25.52,8.1807,1.51,0.000,240.8,222.0
2026-08-08T18:06:55.788810+00:00,1786212415.789,1338.93,25.77,8.1807,1.50,-0.297,219.2,222.0
2026-08-08T18:06:56.007974+00:00,1786212416.008,1339.14,25.36,8.1851,1.48,-0.352,205.6,222.0
2026-08-08T18:06:56.224399+00:00,1786212416.224,1339.36,25.36,8.1851,1.47,0.000,196.4,222.0
2026-08-08T18:06:56.626150+00:00,1786212416.626,1339.76,28.12,8.1873,1.46,0.385,216.0,222.0
2026-08-08T18:06:56.911741+00:00,1786212416.912,1340.05,25.29,8.1873,1.43,0.058,229.6,222.0
2026-08-08T18:06:57.130748+00:00,1786212417.131,1340.27,25.29,8.1917,1.42,-0.329,227.1,222.0
2026-08-08T18:06:57.325755+00:00,1786212417.326,1340.46,26.68,8.1917,1.38,0.106,249.9,222.0
2026-08-08T18:06:57.531480+00:00,1786212417.531,1340.67,27.56,8.1917,1.36,0.169,236.0,222.0
2026-08-08T18:06:57.728405+00:00,1786212417.728,1340.87,27.56,8.1961,1.34,0.170,245.7,222.0
2026-08-08T18:06:58.020731+00:00,1786212418.021,1341.16,25.69,8.1961,1.31,0.000,251.2,222.0
2026-08-08T18:06:58.244889+00:00,1786212418.245,1341.38,26.02,8.2005,1.30,0.000,252.6,222.0
2026-08-08T18:06:58.476122+00:00,1786212418.476,1341.61,24.64,8.2005,1.29,-0.081,245.8,222.0
2026-08-08T18:06:58.696218+00:00,1786212418.696,1341.83,24.64,8.2027,1.28,-0.080,253.5,222.0
2026-08-08T18:06:58.900896+00:00,1786212418.901,1342.04,24.14,8.2027,1.28,-0.487,244.9,222.0
2026-08-08T18:06:59.103822+00:00,1786212419.104,1342.24,25.61,8.2027,1.29,0.000,243.7,222.0
2026-08-08T18:06:59.397781+00:00,1786212419.398,1342.53,25.07,8.2071,1.32,0.000,217.5,222.0
2026-08-08T18:06:59.629455+00:00,1786212419.629,1342.77,25.07,8.2071,1.35,-0.194,204.5,222.0
2026-08-08T18:06:59.862911+00:00,1786212419.863,1343.00,27.23,8.2115,1.38,0.000,222.8,222.0
2026-08-08T18:07:00.077932+00:00,1786212420.078,1343.21,27.18,8.2115,1.39,0.000,218.2,222.0
2026-08-08T18:07:00.295083+00:00,1786212420.295,1343.43,25.29,8.2115,1.44,0.000,206.9,222.0
2026-08-08T18:07:00.515077+00:00,1786212420.515,1343.65,25.29,8.2159,1.46,-0.089,191.4,222.0
2026-08-08T18:07:00.920510+00:00,1786212420.920,1344.06,26.10,8.2203,1.45,0.166,201.6,222.0
2026-08-08T18:07:01.120714+00:00,1786212421.121,1344.26,26.10,8.2203,1.45,0.168,211.4,222.0
2026-08-08T18:07:01.327301+00:00,1786212421.327,1344.46,26.76,8.2203,1.45,0.300,234.8,222.0
2026-08-08T18:07:01.522935+00:00,1786212421.523,1344.66,27.31,8.2225,1.48,0.195,254.1,222.0
2026-08-08T18:07:01.775865+00:00,1786212421.776,1344.91,27.54,8.2225,1.52,0.288,298.5,222.0
2026-08-08T18:07:01.995900+00:00,1786212421.996,1345.13,27.54,8.2269,1.54,0.289,318.6,222.0
2026-08-08T18:07:02.215421+00:00,1786212422.215,1345.35,25.27,8.2269,1.56,-0.231,309.6,222.0
2026-08-08T18:07:02.412305+00:00,1786212422.412,1345.55,26.46,8.2269,1.56,-0.086,318.2,222.0
2026-08-08T18:07:02.616493+00:00,1786212422.616,1345.75,26.46,8.2313,1.56,0.140,325.9,222.0
2026-08-08T18:07:02.814800+00:00,1786212422.815,1345.95,26.12,8.2313,1.58,0.100,331.0,222.0
2026-08-08T18:07:03.110557+00:00,1786212423.111,1346.25,25.88,8.2357,1.61,0.000,333.2,222.0
2026-08-08T18:07:03.330642+00:00,1786212423.331,1346.47,25.82,8.2357,1.63,0.000,339.7,222.0
2026-08-08T18:07:03.549688+00:00,1786212423.550,1346.69,26.49,8.2401,1.65,0.000,333.6,222.0
2026-08-08T18:07:03.782494+00:00,1786212423.782,1346.92,26.49,8.2401,1.67,-0.100,322.5,222.0
2026-08-08T18:07:04.014133+00:00,1786212424.014,1347.15,25.78,8.2401,1.72,-0.218,297.1,222.0
2026-08-08T18:07:04.235281+00:00,1786212424.235,1347.37,27.67,8.2445,1.74,0.000,289.7,222.0
2026-08-08T18:07:04.684574+00:00,1786212424.685,1347.82,28.43,8.2467,1.83,0.355,298.1,222.0
2026-08-08T18:07:04.917046+00:00,1786212424.917,1348.05,25.10,8.2467,1.92,-0.150,275.1,222.0
2026-08-08T18:07:05.134777+00:00,1786212425.135,1348.27,25.47,8.2467,1.95,-0.109,284.5,222.0
2026-08-08T18:07:05.352951+00:00,1786212425.353,1348.49,26.10,8.2533,1.98,0.000,291.8,222.0
2026-08-08T18:07:05.551252+00:00,1786212425.551,1348.69,26.10,8.2533,2.02,0.000,288.1,222.0
2026-08-08T18:07:05.795501+00:00,1786212425.795,1348.93,25.63,8.2533,2.08,0.000,286.7,222.0
2026-08-08T18:07:06.031297+00:00,1786212426.031,1349.17,26.28,8.2555,2.15,0.000,291.9,233.1
2026-08-08T18:07:06.249616+00:00,1786212426.250,1349.39,26.28,8.2555,2.21,0.000,297.4,233.1
2026-08-08T18:07:06.466410+00:00,1786212426.466,1349.60,25.66,8.2599,2.23,0.000,301.2,233.1
2026-08-08T18:07:06.685224+00:00,1786212426.685,1349.82,25.94,8.2599,2.25,-0.196,300.6,233.1
2026-08-08T18:07:06.916978+00:00,1786212426.917,1350.05,25.67,8.2599,2.29,-0.343,299.1,233.1
2026-08-08T18:07:07.136336+00:00,1786212427.136,1350.27,25.67,8.2643,2.31,0.071,304.4,233.1
2026-08-08T18:07:07.332709+00:00,1786212427.333,1350.47,25.72,8.2643,2.31,0.000,284.8,233.1
2026-08-08T18:07:07.530076+00:00,1786212427.530,1350.67,28.12,8.2643,2.31,0.258,314.2,233.1
2026-08-08T18:07:07.814316+00:00,1786212427.814,1350.95,25.52,8.2687,2.29,-0.071,319.0,233.1
2026-08-08T18:07:08.034697+00:00,1786212428.035,1351.17,25.52,8.2687,2.26,0.000,320.4,233.1
2026-08-08T18:07:08.255354+00:00,1786212428.255,1351.39,25.76,8.2731,2.23,-0.064,318.4,233.1
2026-08-08T18:07:08.472708+00:00,1786212428.473,1351.61,26.14,8.2731,2.20,0.000,320.2,233.1
2026-08-08T18:07:08.685391+00:00,1786212428.685,1351.82,26.14,8.2753,2.14,0.060,322.9,233.1
2026-08-08T18:07:08.919367+00:00,1786212428.919,1352.06,24.16,8.2753,2.08,-0.222,308.3,233.1
2026-08-08T18:07:09.136199+00:00,1786212429.136,1352.27,25.71,8.2753,2.05,0.000,306.8,233.1
2026-08-08T18:07:09.356057+00:00,1786212429.356,1352.49,26.12,8.2797,1.98,0.056,317.3,233.1
2026-08-08T18:07:09.575493+00:00,1786212429.575,1352.71,26.12,8.2797,1.95,0.000,332.1,233.1
2026-08-08T18:07:09.814312+00:00,1786212429.814,1352.95,26.25,8.2841,1.89,-0.228,314.4,222.0
2026-08-08T18:07:10.036761+00:00,1786212430.037,1353.17,25.71,8.2841,1.87,0.000,310.7,222.0
2026-08-08T18:07:10.252421+00:00,1786212430.252,1353.39,25.71,8.2841,1.85,0.000,288.9,222.0
2026-08-08T18:07:10.474115+00:00,1786212430.474,1353.61,24.10,8.2885,1.81,-0.208,276.8,222.0
2026-08-08T18:07:10.709000+00:00,1786212430.709,1353.85,25.54,8.2885,1.77,-0.075,269.1,222.0
2026-08-08T18:07:10.940567+00:00,1786212430.941,1354.08,24.85,8.2907,1.79,-0.160,259.7,222.0
2026-08-08T18:07:11.159490+00:00,1786212431.159,1354.30,24.85,8.2907,1.82,0.085,258.7,222.0
2026-08-08T18:07:11.387491+00:00,1786212431.387,1354.52,25.77,8.2951,1.88,0.000,253.0,222.0
2026-08-08T18:07:11.607811+00:00,1786212431.608,1354.74,27.36,8.2951,1.91,0.153,274.8,222.0
2026-08-08T18:07:11.840007+00:00,1786212431.840,1354.98,25.44,8.2951,1.98,-0.083,269.7,222.0
2026-08-08T18:07:12.068405+00:00,1786212432.068,1355.21,25.44,8.2995,2.03,-0.099,261.4,233.1
2026-08-08T18:07:12.288294+00:00,1786212432.288,1355.43,25.70,8.2995,2.11,0.000,262.1,233.1
2026-08-08T18:07:12.493484+00:00,1786212432.493,1355.63,26.76,8.3039,2.11,0.131,283.1,233.1
2026-08-08T18:07:12.747933+00:00,1786212432.748,1355.88,26.76,8.3039,2.14,0.325,303.7,233.1
2026-08-08T18:07:12.975080+00:00,1786212432.975,1356.11,25.55,8.3061,2.16,0.000,306.0,233.1
2026-08-08T18:07:13.191264+00:00,1786212433.191,1356.33,25.47,8.3061,2.17,0.077,324.3,233.1
2026-08-08T18:07:13.433637+00:00,1786212433.434,1356.57,26.27,8.3061,2.16,0.174,341.2,233.1
2026-08-08T18:07:13.638995+00:00,1786212433.639,1356.78,26.27,8.3105,2.16,0.062,357.1,233.1
2026-08-08T18:07:13.841995+00:00,1786212433.842,1356.98,25.81,8.3105,2.16,-0.192,347.7,233.1
2026-08-08T18:07:14.041800+00:00,1786212434.042,1357.18,25.89,8.3105,2.15,0.056,352.9,233.1
2026-08-08T18:07:14.238537+00:00,1786212434.239,1357.38,25.89,8.3149,2.18,0.057,347.6,233.1
2026-08-08T18:07:14.457212+00:00,1786212434.457,1357.59,25.05,8.3149,2.15,-0.084,348.5,233.1
2026-08-08T18:07:14.679951+00:00,1786212434.680,1357.82,26.08,8.3193,2.14,-0.086,350.9,233.1
2026-08-08T18:07:14.910428+00:00,1786212434.910,1358.05,25.75,8.3193,2.11,-0.130,344.6,233.1
2026-08-08T18:07:15.125404+00:00,1786212435.125,1358.26,25.75,8.3215,2.10,0.000,336.2,233.1
2026-08-08T18:07:15.341142+00:00,1786212435.341,1358.48,25.29,8.3215,2.09,0.000,316.7,233.1
2026-08-08T18:07:15.558234+00:00,1786212435.558,1358.69,26.23,8.3215,2.06,0.000,317.0,233.1
2026-08-08T18:07:15.997271+00:00,1786212435.997,1359.13,26.06,8.3258,2.05,0.000,313.2,233.1
2026-08-08T18:07:16.195987+00:00,1786212436.196,1359.33,26.81,8.3302,2.10,0.118,310.8,233.1
2026-08-08T18:07:16.487162+00:00,1786212436.487,1359.62,27.44,8.3302,2.19,0.177,319.1,233.1
2026-08-08T18:07:16.712058+00:00,1786212436.712,1359.85,27.38,8.3346,2.25,0.167,340.8,233.1
2026-08-08T18:07:16.942518+00:00,1786212436.942,1360.08,27.38,8.3346,2.30,0.261,355.5,233.1
2026-08-08T18:07:17.158475+00:00,1786212437.158,1360.30,25.37,8.3346,2.33,-0.080,349.2,233.1
2026-08-08T18:07:17.381608+00:00,1786212437.382,1360.52,26.40,8.3390,2.39,0.073,361.1,233.1
2026-08-08T18:07:17.611003+00:00,1786212437.611,1360.75,25.97,8.3390,2.42,0.000,367.6,233.1
2026-08-08T18:07:18.047007+00:00,1786212438.047,1361.18,25.36,8.3412,2.43,0.000,376.1,233.1
2026-08-08T18:07:18.248750+00:00,1786212438.249,1361.39,27.90,8.3412,2.42,0.172,391.7,233.1
2026-08-08T18:07:18.454082+00:00,1786212438.454,1361.59,27.90,8.3456,2.42,0.208,410.0,233.1
2026-08-08T18:07:18.650616+00:00,1786212438.651,1361.79,23.30,8.3456,2.42,-0.397,390.6,233.1
2026-08-08T18:07:18.853585+00:00,1786212438.854,1361.99,25.37,8.3500,2.41,-0.243,380.6,233.1
2026-08-08T18:07:19.056347+00:00,1786212439.056,1362.19,25.37,8.3500,2.38,-0.238,363.0,233.1
2026-08-08T18:07:19.259909+00:00,1786212439.260,1362.40,28.09,8.3500,2.36,0.086,361.0,233.1
2026-08-08T18:07:19.462779+00:00,1786212439.463,1362.60,26.40,8.3522,2.33,0.124,357.5,233.1
2026-08-08T18:07:19.665784+00:00,1786212439.666,1362.80,26.40,8.3522,2.29,0.000,342.0,233.1
2026-08-08T18:07:19.894945+00:00,1786212439.895,1363.03,30.35,8.3566,2.24,0.532,384.8,233.1
2026-08-08T18:07:20.111948+00:00,1786212440.112,1363.25,27.33,8.3566,2.21,0.265,395.1,233.1
2026-08-08T18:07:20.329361+00:00,1786212440.329,1363.47,25.56,8.3566,2.18,-0.312,377.1,233.1
2026-08-08T18:07:20.545524+00:00,1786212440.545,1363.68,25.56,8.3610,2.15,-0.310,359.9,233.1
2026-08-08T18:07:20.764079+00:00,1786212440.764,1363.90,23.00,8.3610,2.13,0.000,340.5,233.1
2026-08-08T18:07:20.990469+00:00,1786212440.990,1364.13,26.22,8.3654,2.04,0.110,328.7,233.1
2026-08-08T18:07:21.212672+00:00,1786212441.213,1364.35,26.41,8.3654,1.95,0.133,354.2,233.1
2026-08-08T18:07:21.430259+00:00,1786212441.430,1364.57,26.41,8.3654,1.92,-0.216,352.6,233.1
2026-08-08T18:07:21.660340+00:00,1786212441.660,1364.80,26.10,8.3698,1.87,0.000,361.0,222.0
2026-08-08T18:07:21.883887+00:00,1786212441.884,1365.02,28.35,8.3698,1.81,0.245,365.1,222.0
2026-08-08T18:07:22.103526+00:00,1786212442.103,1365.24,28.35,8.3720,1.78,-0.251,343.5,222.0
2026-08-08T18:07:22.301461+00:00,1786212442.301,1365.44,26.06,8.3720,1.67,-0.161,329.7,222.0
2026-08-08T18:07:22.504772+00:00,1786212442.505,1365.64,26.07,8.3720,1.57,0.064,288.7,222.0
2026-08-08T18:07:22.700130+00:00,1786212442.700,1365.84,26.07,8.3764,1.52,0.065,270.0,222.0
2026-08-08T18:07:22.992892+00:00,1786212442.993,1366.13,25.93,8.3764,1.37,0.365,297.3,222.0
2026-08-08T18:07:23.217005+00:00,1786212443.217,1366.35,25.87,8.3808,1.27,0.000,305.6,222.0
2026-08-08T18:07:23.432208+00:00,1786212443.432,1366.57,25.94,8.3808,1.22,-0.058,299.5,222.0
2026-08-08T18:07:23.651991+00:00,1786212443.652,1366.79,25.87,8.3852,1.14,-0.067,282.5,222.0
2026-08-08T18:07:23.884019+00:00,1786212443.884,1367.02,25.87,8.3852,1.06,0.000,267.5,222.0
2026-08-08T18:07:24.098780+00:00,1786212444.099,1367.24,25.72,8.3852,1.03,-0.330,253.7,222.0
2026-08-08T18:07:24.729593+00:00,1786212444.730,1367.87,26.46,8.3918,0.98,-0.200,236.5,222.0
2026-08-08T18:07:24.940478+00:00,1786212444.940,1368.08,26.87,8.3918,0.89,0.085,217.2,222.0
2026-08-08T18:07:25.168038+00:00,1786212445.168,1368.30,27.02,8.3918,0.80,0.100,225.4,222.0
2026-08-08T18:07:25.389678+00:00,1786212445.390,1368.53,27.02,8.3962,0.71,0.099,231.6,222.0
2026-08-08T18:07:25.617835+00:00,1786212445.618,1368.75,26.96,8.3962,0.62,0.109,227.0,222.0
2026-08-08T18:07:25.852224+00:00,1786212445.852,1368.99,26.41,8.4006,0.63,0.057,219.5,222.0
2026-08-08T18:07:26.052532+00:00,1786212446.053,1369.19,26.98,8.4006,0.63,0.110,202.0,222.0
2026-08-08T18:07:26.256030+00:00,1786212446.256,1369.39,26.98,8.4006,0.64,0.118,204.0,222.0
2026-08-08T18:07:26.512663+00:00,1786212446.513,1369.65,27.83,8.4050,0.66,0.207,215.4,222.0
2026-08-08T18:07:26.737225+00:00,1786212446.737,1369.87,28.46,8.4050,0.67,0.288,233.6,222.0
2026-08-08T18:07:26.970169+00:00,1786212446.970,1370.11,25.64,8.4072,0.69,-0.101,225.2,222.0
2026-08-08T18:07:27.169344+00:00,1786212447.169,1370.31,27.14,8.4072,0.69,0.000,240.4,222.0
2026-08-08T18:07:27.412806+00:00,1786212447.413,1370.55,27.14,8.4116,0.71,0.000,249.0,222.0
2026-08-08T18:07:27.635824+00:00,1786212447.636,1370.77,26.11,8.4116,0.77,-0.113,237.0,222.0
2026-08-08T18:07:27.860353+00:00,1786212447.860,1371.00,25.86,8.4116,0.79,-0.136,223.5,222.0
2026-08-08T18:07:28.068850+00:00,1786212448.069,1371.21,28.74,8.4160,0.85,0.292,237.9,222.0
2026-08-08T18:07:28.290903+00:00,1786212448.291,1371.43,28.74,8.4160,0.87,0.219,248.8,222.0
2026-08-08T18:07:28.519303+00:00,1786212448.519,1371.66,25.64,8.4204,0.93,-0.165,239.4,222.0
2026-08-08T18:07:28.980236+00:00,1786212448.980,1372.12,29.71,8.4248,0.98,0.212,252.5,222.0
2026-08-08T18:07:29.210566+00:00,1786212449.211,1372.35,27.78,8.4248,1.06,-0.076,247.0,222.0
2026-08-08T18:07:29.439184+00:00,1786212449.439,1372.58,27.78,8.4270,1.12,0.240,252.9,222.0
2026-08-08T18:07:29.657206+00:00,1786212449.657,1372.79,27.57,8.4270,1.16,0.000,240.4,222.0
2026-08-08T18:07:29.889588+00:00,1786212449.890,1373.03,30.05,8.4270,1.21,0.326,274.8,222.0
2026-08-08T18:07:30.108744+00:00,1786212450.109,1373.25,26.41,8.4314,1.24,0.000,278.6,222.0
2026-08-08T18:07:30.337220+00:00,1786212450.337,1373.47,26.41,8.4314,1.30,0.062,286.0,222.0
2026-08-08T18:07:30.773186+00:00,1786212450.773,1373.91,27.77,8.4358,1.30,-0.100,293.1,222.0
2026-08-08T18:07:31.046936+00:00,1786212451.047,1374.18,27.49,8.4402,1.34,-0.126,299.9,222.0
2026-08-08T18:07:31.277612+00:00,1786212451.278,1374.41,27.11,8.4402,1.36,0.149,294.0,222.0
2026-08-08T18:07:31.504624+00:00,1786212451.505,1374.64,27.11,8.4402,1.39,-0.286,269.5,222.0
2026-08-08T18:07:31.728219+00:00,1786212451.728,1374.86,27.26,8.4446,1.40,-0.058,280.8,222.0
2026-08-08T18:07:31.923626+00:00,1786212451.924,1375.06,28.61,8.4446,1.42,0.093,276.4,222.0
2026-08-08T18:07:32.124646+00:00,1786212452.125,1375.26,27.32,8.4446,1.44,0.000,283.2,222.0
2026-08-08T18:07:32.328065+00:00,1786212452.328,1375.46,27.32,8.4490,1.45,-0.311,256.3,222.0
2026-08-08T18:07:32.533222+00:00,1786212452.533,1375.67,28.58,8.4490,1.41,0.249,273.7,222.0
2026-08-08T18:07:32.737960+00:00,1786212452.738,1375.87,27.37,8.4534,1.37,0.111,258.2,222.0
2026-08-08T18:07:32.934578+00:00,1786212452.935,1376.07,27.37,8.4534,1.35,-0.051,257.8,222.0
2026-08-08T18:07:33.200764+00:00,1786212453.201,1376.34,26.83,8.4534,1.29,-0.085,250.6,222.0
2026-08-08T18:07:33.427891+00:00,1786212453.428,1376.56,26.11,8.4578,1.25,-0.129,246.8,222.0
2026-08-08T18:07:33.658223+00:00,1786212453.658,1376.79,27.26,8.4578,1.22,0.000,252.2,222.0
2026-08-08T18:07:33.891892+00:00,1786212453.892,1377.03,25.99,8.4600,1.22,-0.162,233.6,222.0
2026-08-08T18:07:34.092918+00:00,1786212454.093,1377.23,25.99,8.4600,1.22,-0.335,228.8,222.0
2026-08-08T18:07:34.288810+00:00,1786212454.289,1377.43,27.69,8.4600,1.23,0.000,230.8,222.0
2026-08-08T18:07:34.569161+00:00,1786212454.569,1377.71,27.53,8.4644,1.26,0.000,222.7,222.0
2026-08-08T18:07:34.794352+00:00,1786212454.794,1377.93,25.40,8.4644,1.30,-0.392,199.8,222.0
2026-08-08T18:07:35.030403+00:00,1786212455.030,1378.17,27.95,8.4688,1.32,0.070,219.7,222.0
2026-08-08T18:07:35.258169+00:00,1786212455.258,1378.39,27.95,8.4688,1.35,0.069,208.2,222.0
2026-08-08T18:07:35.475850+00:00,1786212455.476,1378.61,25.52,8.4732,1.38,-0.159,192.1,222.0
2026-08-08T18:07:35.697144+00:00,1786212455.697,1378.83,27.61,8.4732,1.39,0.183,205.2,222.0
2026-08-08T18:07:35.897909+00:00,1786212455.898,1379.03,28.72,8.4732,1.39,0.181,223.3,222.0
2026-08-08T18:07:36.165290+00:00,1786212456.165,1379.30,28.72,8.4776,1.41,0.334,253.3,222.0
2026-08-08T18:07:36.391548+00:00,1786212456.392,1379.53,25.17,8.4776,1.43,-0.100,247.5,222.0
2026-08-08T18:07:36.612376+00:00,1786212456.612,1379.75,27.92,8.4820,1.44,0.000,260.1,222.0
2026-08-08T18:07:36.811508+00:00,1786212456.811,1379.95,26.93,8.4820,1.44,-0.075,276.1,222.0
2026-08-08T18:07:37.170402+00:00,1786212457.170,1380.31,24.83,8.4864,1.48,-0.067,271.3,222.0
2026-08-08T18:07:37.373453+00:00,1786212457.373,1380.51,29.11,8.4864,1.50,0.138,283.6,222.0
2026-08-08T18:07:37.570478+00:00,1786212457.570,1380.71,29.11,8.4864,1.54,0.139,317.9,222.0
2026-08-08T18:07:37.765837+00:00,1786212457.766,1380.90,27.33,8.4908,1.56,0.219,327.0,222.0
2026-08-08T18:07:37.970918+00:00,1786212457.971,1381.11,26.74,8.4908,1.64,-0.106,318.6,222.0
2026-08-08T18:07:38.178374+00:00,1786212458.178,1381.32,26.74,8.4930,1.68,-0.242,318.2,222.0
2026-08-08T18:07:38.393846+00:00,1786212458.394,1381.53,28.33,8.4930,1.71,0.000,312.5,222.0
2026-08-08T18:07:38.613769+00:00,1786212458.614,1381.75,25.50,8.4930,1.79,0.000,301.2,222.0
2026-08-08T18:07:38.849532+00:00,1786212458.850,1381.99,25.50,8.4974,1.86,-0.299,267.2,222.0
2026-08-08T18:07:39.064207+00:00,1786212459.064,1382.20,26.29,8.4974,1.90,-0.078,273.6,222.0
2026-08-08T18:07:39.294243+00:00,1786212459.294,1382.43,26.46,8.5018,1.94,0.214,286.8,222.0
2026-08-08T18:07:39.534507+00:00,1786212459.534,1382.67,25.38,8.5018,1.96,-0.480,269.3,222.0
2026-08-08T18:07:39.733864+00:00,1786212459.734,1382.87,25.38,8.5040,1.96,-0.479,253.8,222.0
2026-08-08T18:07:39.992250+00:00,1786212459.992,1383.13,27.51,8.5040,2.02,0.000,248.2,222.0
2026-08-08T18:07:40.215438+00:00,1786212460.215,1383.35,25.61,8.5040,2.05,-0.140,232.7,222.0
2026-08-08T18:07:40.448420+00:00,1786212460.448,1383.59,26.60,8.5106,2.08,0.000,224.6,233.1
2026-08-08T18:07:40.648409+00:00,1786212460.648,1383.79,28.65,8.5106,2.08,0.000,237.1,233.1
2026-08-08T18:07:40.844754+00:00,1786212460.845,1383.98,28.65,8.5128,2.07,0.392,277.7,233.1
2026-08-08T18:07:41.125289+00:00,1786212461.125,1384.26,25.29,8.5128,2.03,0.000,275.8,233.1
2026-08-08T18:07:41.347418+00:00,1786212461.347,1384.48,28.09,8.5172,1.98,0.219,293.3,233.1
2026-08-08T18:07:41.565636+00:00,1786212461.566,1384.70,26.06,8.5172,1.96,-0.050,307.2,222.0
2026-08-08T18:07:41.799687+00:00,1786212461.800,1384.94,26.06,8.5172,1.91,0.083,315.1,222.0
2026-08-08T18:07:42.034202+00:00,1786212462.034,1385.17,26.94,8.5216,1.86,0.189,314.0,222.0
2026-08-08T18:07:42.249985+00:00,1786212462.250,1385.39,28.08,8.5216,1.84,0.070,344.3,222.0
2026-08-08T18:07:42.665915+00:00,1786212462.666,1385.80,26.84,8.5260,1.84,0.140,376.1,222.0
2026-08-08T18:07:42.941589+00:00,1786212462.942,1386.08,27.71,8.5282,1.89,0.123,381.9,222.0
2026-08-08T18:07:43.172386+00:00,1786212463.172,1386.31,25.42,8.5282,1.91,-0.356,369.9,222.0
2026-08-08T18:07:43.369302+00:00,1786212463.369,1386.51,27.31,8.5282,1.91,-0.148,361.8,222.0
2026-08-08T18:07:43.631501+00:00,1786212463.631,1386.77,25.97,8.5326,1.82,0.075,358.9,222.0
2026-08-08T18:07:43.851741+00:00,1786212463.852,1386.99,25.97,8.5326,1.76,-0.236,318.5,222.0
2026-08-08T18:07:44.067349+00:00,1786212464.067,1387.20,25.25,8.5370,1.73,-0.090,311.7,222.0
2026-08-08T18:07:44.284795+00:00,1786212464.285,1387.42,25.85,8.5370,1.71,0.000,294.0,222.0
2026-08-08T18:07:44.501083+00:00,1786212464.501,1387.64,26.35,8.5370,1.68,-0.066,291.2,222.0
2026-08-08T18:07:44.722600+00:00,1786212464.723,1387.86,26.35,8.5414,1.65,-0.194,275.4,222.0
2026-08-08T18:07:44.915960+00:00,1786212464.916,1388.05,26.62,8.5414,1.65,0.000,263.3,222.0
2026-08-08T18:07:45.172858+00:00,1786212465.173,1388.31,26.21,8.5414,1.43,-0.186,243.8,222.0
2026-08-08T18:07:45.406805+00:00,1786212465.407,1388.54,28.48,8.5458,1.29,0.380,254.8,222.0
2026-08-08T18:07:45.637560+00:00,1786212465.638,1388.77,28.48,8.5458,1.14,0.143,250.4,222.0
2026-08-08T18:07:45.871926+00:00,1786212465.872,1389.01,25.45,8.5502,0.99,-0.064,257.2,222.0
2026-08-08T18:07:46.088290+00:00,1786212466.088,1389.23,27.23,8.5502,0.92,0.157,264.3,222.0
2026-08-08T18:07:46.303601+00:00,1786212466.304,1389.44,27.23,8.5502,0.84,0.247,266.7,222.0
2026-08-08T18:07:46.498638+00:00,1786212466.499,1389.64,27.67,8.5546,0.84,0.229,285.0,222.0
2026-08-08T18:07:46.759301+00:00,1786212466.759,1389.90,25.40,8.5546,0.76,-0.118,275.8,222.0
2026-08-08T18:07:46.985938+00:00,1786212466.986,1390.12,28.28,8.5590,0.70,0.236,283.1,222.0
2026-08-08T18:07:47.203972+00:00,1786212467.204,1390.34,25.94,8.5590,0.71,-0.082,273.6,222.0
2026-08-08T18:07:47.401423+00:00,1786212467.401,1390.54,25.94,8.5590,0.71,0.000,274.9,222.0
2026-08-08T18:07:47.649143+00:00,1786212467.649,1390.79,25.85,8.5634,0.79,-0.325,250.4,222.0
2026-08-08T18:07:47.872925+00:00,1786212467.873,1391.01,28.57,8.5634,0.84,0.000,257.6,222.0
2026-08-08T18:07:48.088699+00:00,1786212468.089,1391.23,26.01,8.5678,0.86,0.070,233.3,222.0
2026-08-08T18:07:48.305432+00:00,1786212468.305,1391.44,26.01,8.5678,0.89,-0.154,212.4,222.0
2026-08-08T18:07:48.520572+00:00,1786212468.521,1391.66,24.24,8.5678,0.96,-0.374,196.4,222.0
2026-08-08T18:07:48.722954+00:00,1786212468.723,1391.86,29.41,8.5700,1.13,0.217,205.3,222.0
2026-08-08T18:07:48.919368+00:00,1786212468.919,1392.06,27.44,8.5700,1.22,0.263,209.9,222.0
2026-08-08T18:07:49.184761+00:00,1786212469.185,1392.32,27.44,8.5743,1.47,-0.105,197.4,222.0
2026-08-08T18:07:49.404849+00:00,1786212469.405,1392.54,28.42,8.5743,1.64,0.313,232.0,222.0
2026-08-08T18:07:49.624314+00:00,1786212469.624,1392.76,31.45,8.5743,1.73,0.689,275.7,222.0
2026-08-08T18:07:49.859898+00:00,1786212469.860,1393.00,25.54,8.5787,1.86,0.000,288.9,222.0
2026-08-08T18:07:50.097276+00:00,1786212470.097,1393.23,26.67,8.5787,1.93,-0.238,288.1,222.0
2026-08-08T18:07:50.321588+00:00,1786212470.322,1393.46,26.67,8.5831,2.01,0.082,320.0,222.0
2026-08-08T18:07:50.539476+00:00,1786212470.539,1393.68,25.73,8.5831,2.04,0.000,326.6,233.1
2026-08-08T18:07:50.738067+00:00,1786212470.738,1393.87,27.29,8.5831,2.04,0.381,355.1,233.1
2026-08-08T18:07:51.026125+00:00,1786212471.026,1394.16,27.11,8.5875,1.99,-0.276,359.4,233.1
2026-08-08T18:07:51.256042+00:00,1786212471.256,1394.39,27.11,8.5875,1.95,0.000,389.0,233.1
2026-08-08T18:07:51.484574+00:00,1786212471.485,1394.62,24.90,8.5919,1.90,-0.307,362.3,222.0
2026-08-08T18:07:51.715928+00:00,1786212471.716,1394.85,27.13,8.5919,1.85,-0.155,345.5,222.0
2026-08-08T18:07:51.943520+00:00,1786212471.943,1395.08,25.05,8.5963,1.78,-0.766,313.3,222.0
2026-08-08T18:07:52.168188+00:00,1786212472.168,1395.30,25.05,8.5963,1.74,-0.060,289.2,222.0
2026-08-08T18:07:52.373111+00:00,1786212472.373,1395.51,26.63,8.5963,1.68,0.000,239.2,222.0
2026-08-08T18:07:52.592291+00:00,1786212472.592,1395.73,25.91,8.5985,1.65,-0.093,233.3,222.0
2026-08-08T18:07:52.825070+00:00,1786212472.825,1395.96,25.91,8.5985,1.58,0.000,241.4,222.0
2026-08-08T18:07:53.057339+00:00,1786212473.057,1396.19,25.48,8.6029,1.51,-0.217,220.6,222.0
2026-08-08T18:07:53.277741+00:00,1786212473.278,1396.41,25.62,8.6029,1.48,-0.185,206.7,222.0
2026-08-08T18:07:53.494958+00:00,1786212473.495,1396.63,24.98,8.6029,1.45,-0.265,165.5,222.0
2026-08-08T18:07:53.699228+00:00,1786212473.699,1396.84,24.98,8.6073,1.41,0.000,171.9,222.0
2026-08-08T18:07:54.365679+00:00,1786212474.366,1397.50,24.02,8.6095,1.38,-0.325,147.9,222.0
2026-08-08T18:07:54.633436+00:00,1786212474.633,1397.77,23.66,8.6139,1.52,-0.143,151.4,222.0
2026-08-08T18:07:54.863367+00:00,1786212474.863,1398.00,22.94,8.6139,1.67,-0.217,142.6,222.0
2026-08-08T18:07:55.080786+00:00,1786212475.081,1398.22,22.94,8.6139,1.74,-0.378,159.7,222.0
2026-08-08T18:07:55.293302+00:00,1786212475.293,1398.43,24.02,8.6183,2.18,-0.194,155.7,222.0
2026-08-08T18:07:55.511005+00:00,1786212475.511,1398.65,23.48,8.6183,2.40,-0.251,145.5,222.0
2026-08-08T18:07:55.759152+00:00,1786212475.759,1398.90,23.48,8.6205,2.84,-0.206,146.7,233.1
2026-08-08T18:07:55.983486+00:00,1786212475.983,1399.12,23.20,8.6205,3.29,-0.248,145.0,233.1
2026-08-08T18:07:56.219464+00:00,1786212476.219,1399.36,23.28,8.6249,3.72,-0.173,161.8,233.1
2026-08-08T18:07:56.443636+00:00,1786212476.444,1399.58,23.28,8.6249,4.15,-0.171,180.4,233.1
2026-08-08T18:07:57.105550+00:00,1786212477.106,1400.24,22.75,8.6271,4.36,-0.129,206.3,233.1
2026-08-08T18:07:57.371967+00:00,1786212477.372,1400.51,23.11,8.6315,5.29,-0.057,230.6,233.1
2026-08-08T18:07:57.603838+00:00,1786212477.604,1400.74,22.97,8.6315,5.92,0.000,278.2,244.2
2026-08-08T18:07:57.830818+00:00,1786212477.831,1400.97,22.97,8.6315,6.54,0.000,321.2,244.2
2026-08-08T18:07:58.068459+00:00,1786212478.068,1401.21,22.83,8.6359,7.02,-0.119,364.9,244.2
2026-08-08T18:07:58.295550+00:00,1786212478.296,1401.43,24.66,8.6359,7.51,0.118,435.6,244.2
2026-08-08T18:07:58.515186+00:00,1786212478.515,1401.65,25.08,8.6403,7.75,0.161,499.1,244.2
2026-08-08T18:07:58.902789+00:00,1786212478.903,1402.04,25.51,8.6403,7.87,0.220,569.5,244.2
2026-08-08T18:07:59.116613+00:00,1786212479.117,1402.25,25.51,8.6425,7.84,0.214,634.0,244.2
2026-08-08T18:07:59.340090+00:00,1786212479.340,1402.48,23.00,8.6425,7.82,0.000,678.4,244.2
2026-08-08T18:07:59.545527+00:00,1786212479.545,1402.68,24.23,8.6469,7.74,0.169,727.3,244.2
2026-08-08T18:07:59.768120+00:00,1786212479.768,1402.90,24.23,8.6469,7.70,0.131,770.9,244.2
2026-08-08T18:07:59.997519+00:00,1786212479.998,1403.13,23.19,8.6469,7.63,0.000,801.9,244.2
2026-08-08T18:08:00.217915+00:00,1786212480.218,1403.35,23.06,8.6491,7.59,0.000,821.4,244.2
2026-08-08T18:08:00.447065+00:00,1786212480.447,1403.58,23.06,8.6491,7.51,0.000,833.5,244.2
2026-08-08T18:08:00.669439+00:00,1786212480.669,1403.81,25.19,8.6535,7.38,0.062,849.7,244.2
2026-08-08T18:08:00.900742+00:00,1786212480.901,1404.04,24.20,8.6535,7.25,-0.102,856.1,244.2
2026-08-08T18:08:01.099997+00:00,1786212481.100,1404.24,24.20,8.6535,7.25,-0.166,839.2,244.2
2026-08-08T18:08:01.372532+00:00,1786212481.373,1404.51,25.15,8.6579,6.46,0.000,821.2,244.2
2026-08-08T18:08:01.605204+00:00,1786212481.605,1404.74,24.72,8.6579,5.93,0.211,802.3,244.2
2026-08-08T18:08:01.835599+00:00,1786212481.836,1404.97,25.19,8.6623,5.41,0.116,776.6,244.2
2026-08-08T18:08:02.049695+00:00,1786212482.050,1405.19,25.19,8.6623,5.14,0.116,767.7,244.2
2026-08-08T18:08:02.264947+00:00,1786212482.265,1405.40,25.11,8.6623,4.88,0.234,750.9,244.2
2026-08-08T18:08:02.501635+00:00,1786212482.502,1405.64,25.57,8.6667,4.46,0.305,737.5,233.1
2026-08-08T18:08:02.954883+00:00,1786212482.955,1406.09,26.94,8.6689,4.18,0.429,742.1,233.1
2026-08-08T18:08:03.192464+00:00,1786212483.192,1406.33,25.67,8.6689,3.90,0.052,722.6,233.1
2026-08-08T18:08:03.418239+00:00,1786212483.418,1406.55,25.63,8.6733,3.79,0.157,707.8,233.1
2026-08-08T18:08:03.636335+00:00,1786212483.636,1406.77,25.17,8.6733,3.68,0.106,679.7,233.1
2026-08-08T18:08:03.868914+00:00,1786212483.869,1407.01,25.17,8.6733,3.44,0.000,656.5,233.1
2026-08-08T18:08:04.089280+00:00,1786212484.089,1407.23,26.18,8.6777,3.32,0.163,645.5,233.1
2026-08-08T18:08:04.317586+00:00,1786212484.318,1407.45,28.01,8.6777,3.08,0.315,640.5,233.1
2026-08-08T18:08:04.515114+00:00,1786212484.515,1407.65,26.91,8.6821,3.08,0.194,621.7,233.1
2026-08-08T18:08:04.774289+00:00,1786212484.774,1407.91,27.84,8.6821,2.68,0.302,614.7,233.1
2026-08-08T18:08:05.001823+00:00,1786212485.002,1408.14,27.84,8.6843,2.67,0.252,607.1,233.1
2026-08-08T18:08:05.218958+00:00,1786212485.219,1408.36,25.70,8.6843,2.66,-0.151,571.2,233.1
2026-08-08T18:08:05.422654+00:00,1786212485.423,1408.56,27.15,8.6843,2.66,0.184,553.6,233.1
2026-08-08T18:08:05.765224+00:00,1786212485.765,1408.90,24.63,8.6887,2.75,-0.118,509.2,233.1
2026-08-08T18:08:05.968545+00:00,1786212485.969,1409.11,26.78,8.6887,2.77,0.192,509.1,233.1
2026-08-08T18:08:06.163173+00:00,1786212486.163,1409.30,26.78,8.6931,2.77,0.196,505.0,233.1
2026-08-08T18:08:06.360137+00:00,1786212486.360,1409.50,27.71,8.6931,2.76,0.187,506.9,233.1
2026-08-08T18:08:06.669626+00:00,1786212486.670,1409.81,26.57,8.6975,2.69,-0.170,494.5,233.1
2026-08-08T18:08:06.897958+00:00,1786212486.898,1410.03,28.33,8.6975,2.66,0.166,493.7,233.1
2026-08-08T18:08:07.118170+00:00,1786212487.118,1410.25,28.33,8.6997,2.59,0.058,476.0,233.1
2026-08-08T18:08:07.337657+00:00,1786212487.338,1410.47,24.83,8.6997,2.55,-0.357,440.8,233.1
2026-08-08T18:08:07.554162+00:00,1786212487.554,1410.69,26.28,8.6997,2.52,0.069,423.9,233.1
2026-08-08T18:08:07.788678+00:00,1786212487.789,1410.93,25.64,8.7041,2.44,-0.177,395.8,233.1
2026-08-08T18:08:08.021322+00:00,1786212488.021,1411.16,25.64,8.7041,2.40,0.124,407.2,233.1
2026-08-08T18:08:08.238474+00:00,1786212488.238,1411.38,25.25,8.7085,2.38,-0.188,382.8,233.1
2026-08-08T18:08:08.455889+00:00,1786212488.456,1411.59,28.01,8.7085,2.36,0.149,398.9,233.1
2026-08-08T18:08:08.652493+00:00,1786212488.652,1411.79,26.48,8.7085,2.36,-0.149,377.3,233.1
2026-08-08T18:08:08.913123+00:00,1786212488.913,1412.05,26.48,8.7129,2.26,0.000,362.2,233.1
2026-08-08T18:08:09.139904+00:00,1786212489.140,1412.28,25.78,8.7129,2.12,-0.316,327.7,233.1
2026-08-08T18:08:09.356859+00:00,1786212489.357,1412.49,27.95,8.7173,2.05,0.000,333.2,233.1
2026-08-08T18:08:09.573589+00:00,1786212489.574,1412.71,26.14,8.7173,2.00,0.162,322.8,233.1
2026-08-08T18:08:09.807386+00:00,1786212489.807,1412.94,26.14,8.7173,1.91,0.000,309.9,233.1
2026-08-08T18:08:10.052347+00:00,1786212490.052,1413.19,25.07,8.7217,1.84,-0.070,318.2,222.0
2026-08-08T18:08:10.249619+00:00,1786212490.250,1413.39,27.43,8.7217,1.84,0.223,322.6,222.0
2026-08-08T18:08:10.508831+00:00,1786212490.509,1413.65,25.50,8.7261,1.77,0.000,325.5,222.0
2026-08-08T18:08:10.741864+00:00,1786212490.742,1413.88,25.50,8.7261,1.73,-0.305,298.6,222.0
2026-08-08T18:08:10.973263+00:00,1786212490.973,1414.11,24.71,8.7261,1.70,-0.212,291.4,222.0
2026-08-08T18:08:11.194711+00:00,1786212491.195,1414.33,27.20,8.7305,1.69,0.088,280.7,222.0
2026-08-08T18:08:11.424617+00:00,1786212491.425,1414.56,25.36,8.7305,1.67,-0.051,278.4,222.0
2026-08-08T18:08:11.645117+00:00,1786212491.645,1414.78,25.36,8.7327,1.66,-0.315,256.3,222.0
2026-08-08T18:08:11.843853+00:00,1786212491.844,1414.98,25.36,8.7327,1.66,-0.095,262.8,222.0
2026-08-08T18:08:12.049774+00:00,1786212492.050,1415.19,27.94,8.7327,1.65,0.224,271.2,222.0
2026-08-08T18:08:12.337053+00:00,1786212492.337,1415.47,25.30,8.7371,1.67,0.000,259.0,222.0
2026-08-08T18:08:12.557616+00:00,1786212492.558,1415.69,25.30,8.7371,1.69,-0.257,243.4,222.0
2026-08-08T18:08:12.805346+00:00,1786212492.805,1415.94,25.18,8.7415,1.71,0.000,245.9,222.0
2026-08-08T18:08:13.025038+00:00,1786212493.025,1416.16,27.26,8.7415,1.73,0.214,244.0,222.0
2026-08-08T18:08:13.243009+00:00,1786212493.243,1416.38,25.25,8.7459,1.74,0.066,246.7,222.0
2026-08-08T18:08:13.458816+00:00,1786212493.459,1416.60,25.25,8.7459,1.75,-0.240,249.8,222.0
2026-08-08T18:08:14.318779+00:00,1786212494.319,1417.46,26.40,8.7525,1.78,0.100,268.0,222.0
2026-08-08T18:08:14.616296+00:00,1786212494.616,1417.75,25.17,8.7525,1.82,0.000,261.5,222.0
2026-08-08T18:08:14.847793+00:00,1786212494.848,1417.98,27.29,8.7569,1.85,0.179,277.8,222.0
2026-08-08T18:08:15.071518+00:00,1786212495.071,1418.21,28.28,8.7569,1.87,0.000,299.4,222.0
2026-08-08T18:08:15.271802+00:00,1786212495.272,1418.41,28.28,8.7569,1.87,0.282,325.6,222.0
2026-08-08T18:08:15.473204+00:00,1786212495.473,1418.61,25.83,8.7613,1.87,0.050,314.8,222.0
2026-08-08T18:08:15.677830+00:00,1786212495.678,1418.81,27.45,8.7613,1.81,0.220,330.8,222.0
2026-08-08T18:08:15.878554+00:00,1786212495.879,1419.02,27.45,8.7635,1.81,0.000,347.4,222.0
2026-08-08T18:08:16.074639+00:00,1786212496.075,1419.21,25.52,8.7635,1.79,0.000,348.6,222.0
2026-08-08T18:08:16.271576+00:00,1786212496.272,1419.41,26.08,8.7635,1.78,0.083,340.2,222.0
2026-08-08T18:08:16.542517+00:00,1786212496.542,1419.68,26.08,8.7679,1.73,0.000,338.1,222.0
2026-08-08T18:08:16.763827+00:00,1786212496.764,1419.90,24.31,8.7679,1.70,-0.110,342.9,222.0
2026-08-08T18:08:16.995398+00:00,1786212496.995,1420.13,25.67,8.7723,1.67,-0.210,325.5,222.0
2026-08-08T18:08:17.213151+00:00,1786212497.213,1420.35,25.51,8.7723,1.65,-0.358,307.0,222.0
2026-08-08T18:08:17.428865+00:00,1786212497.429,1420.57,25.51,8.7723,1.63,-0.356,275.6,222.0
2026-08-08T18:08:17.650269+00:00,1786212497.650,1420.79,24.82,8.7767,1.59,-0.128,262.1,222.0
2026-08-08T18:08:17.852515+00:00,1786212497.853,1420.99,26.68,8.7767,1.59,-0.098,236.7,222.0
2026-08-08T18:08:18.115704+00:00,1786212498.116,1421.25,26.68,8.7789,1.51,-0.096,227.6,222.0
2026-08-08T18:08:18.329514+00:00,1786212498.329,1421.47,23.66,8.7789,1.50,-0.229,197.6,222.0
2026-08-08T18:08:18.547441+00:00,1786212498.547,1421.68,23.74,8.7789,1.49,-0.286,176.8,222.0
2026-08-08T18:08:18.746243+00:00,1786212498.746,1421.88,23.74,8.7833,1.49,-0.295,158.6,222.0
2026-08-08T18:08:19.008372+00:00,1786212499.008,1422.15,25.33,8.7833,1.45,0.126,156.8,222.0
2026-08-08T18:08:19.230976+00:00,1786212499.231,1422.37,24.59,8.7877,1.40,-0.134,145.7,222.0
2026-08-08T18:08:19.448204+00:00,1786212499.448,1422.58,25.90,8.7877,1.36,0.000,150.1,222.0
2026-08-08T18:08:19.667678+00:00,1786212499.668,1422.80,25.90,8.7877,1.32,0.000,157.9,222.0
2026-08-08T18:08:19.897496+00:00,1786212499.897,1423.03,25.69,8.7921,1.28,0.107,177.9,222.0
2026-08-08T18:08:20.115277+00:00,1786212500.115,1423.25,23.91,8.7921,1.27,-0.341,174.8,222.0
2026-08-08T18:08:20.338336+00:00,1786212500.338,1423.48,23.91,8.7943,1.27,-0.347,161.3,222.0
2026-08-08T18:08:20.569236+00:00,1786212500.569,1423.71,23.68,8.7943,1.28,0.000,159.9,222.0
2026-08-08T18:08:20.800021+00:00,1786212500.800,1423.94,25.71,8.7987,1.30,0.242,173.6,222.0
2026-08-08T18:08:20.992562+00:00,1786212500.993,1424.13,26.06,8.7987,1.30,0.286,199.9,222.0
2026-08-08T18:08:21.243281+00:00,1786212501.243,1424.38,26.06,8.7987,1.38,0.090,219.5,222.0
2026-08-08T18:08:21.465349+00:00,1786212501.465,1424.60,25.67,8.8031,1.44,0.135,241.7,222.0
2026-08-08T18:08:21.688082+00:00,1786212501.688,1424.82,25.79,8.8031,1.50,0.000,236.6,222.0
2026-08-08T18:08:21.917707+00:00,1786212501.918,1425.05,25.79,8.8053,1.57,0.000,246.0,222.0
2026-08-08T18:08:22.134358+00:00,1786212502.134,1425.27,23.48,8.8053,1.62,-0.274,232.5,222.0
2026-08-08T18:08:22.350436+00:00,1786212502.350,1425.49,25.00,8.8053,1.66,0.135,240.6,222.0
2026-08-08T18:08:22.553068+00:00,1786212502.553,1425.69,25.00,8.8097,1.66,0.136,244.0,222.0
2026-08-08T18:08:22.805080+00:00,1786212502.805,1425.94,25.62,8.8097,1.74,0.241,277.6,222.0
2026-08-08T18:08:23.042772+00:00,1786212503.043,1426.18,25.63,8.8141,1.79,0.000,300.0,222.0
2026-08-08T18:08:23.269141+00:00,1786212503.269,1426.41,25.54,8.8141,1.85,-0.063,303.8,222.0
2026-08-08T18:08:23.485569+00:00,1786212503.486,1426.62,25.54,8.8141,1.88,-0.064,293.3,222.0
2026-08-08T18:08:23.705832+00:00,1786212503.706,1426.84,23.70,8.8185,1.88,-0.244,269.3,222.0
2026-08-08T18:08:23.935945+00:00,1786212503.936,1427.07,23.37,8.8185,1.89,-0.299,251.9,222.0
2026-08-08T18:08:24.159379+00:00,1786212504.159,1427.30,23.37,8.8206,1.90,-0.300,232.3,222.0
2026-08-08T18:08:24.389908+00:00,1786212504.390,1427.53,23.47,8.8206,1.90,0.000,232.3,222.0
2026-08-08T18:08:24.619352+00:00,1786212504.619,1427.76,25.72,8.8250,1.88,0.088,239.1,222.0
2026-08-08T18:08:24.845067+00:00,1786212504.845,1427.98,25.74,8.8250,1.87,0.090,261.1,222.0
2026-08-08T18:08:25.051143+00:00,1786212505.051,1428.19,25.74,8.8250,1.85,0.000,257.2,222.0
2026-08-08T18:08:25.268080+00:00,1786212505.268,1428.40,25.66,8.8294,1.85,0.000,253.2,222.0
2026-08-08T18:08:25.486698+00:00,1786212505.487,1428.62,26.07,8.8294,1.83,0.067,246.0,222.0
2026-08-08T18:08:25.706614+00:00,1786212505.707,1428.84,26.07,8.8316,1.82,0.067,250.2,222.0
2026-08-08T18:08:25.936161+00:00,1786212505.936,1429.07,24.02,8.8316,1.81,0.000,250.9,222.0
2026-08-08T18:08:26.155298+00:00,1786212506.155,1429.29,23.86,8.8316,1.83,0.062,254.1,222.0
2026-08-08T18:08:26.372731+00:00,1786212506.373,1429.51,23.86,8.8360,1.83,0.062,267.9,222.0
2026-08-08T18:08:26.791851+00:00,1786212506.792,1429.93,24.99,8.8404,1.84,0.177,291.7,222.0
2026-08-08T18:08:26.994347+00:00,1786212506.994,1430.13,24.99,8.8404,1.84,-0.085,302.9,222.0
2026-08-08T18:08:27.197897+00:00,1786212507.198,1430.33,25.17,8.8404,1.84,-0.067,301.6,222.0
2026-08-08T18:08:27.397799+00:00,1786212507.398,1430.53,25.39,8.8426,1.83,0.000,296.3,222.0
2026-08-08T18:08:27.618124+00:00,1786212507.618,1430.75,25.39,8.8426,1.80,0.000,290.7,222.0
2026-08-08T18:08:27.840818+00:00,1786212507.841,1430.98,25.33,8.8470,1.77,-0.087,285.2,222.0
2026-08-08T18:08:28.057890+00:00,1786212508.058,1431.19,24.28,8.8470,1.75,-0.212,272.6,222.0
2026-08-08T18:08:28.273509+00:00,1786212508.273,1431.41,24.28,8.8470,1.73,0.000,265.9,222.0
2026-08-08T18:08:28.489583+00:00,1786212508.490,1431.63,24.21,8.8514,1.72,0.000,259.2,222.0
2026-08-08T18:08:28.708491+00:00,1786212508.708,1431.85,24.26,8.8514,1.70,0.000,258.6,222.0
2026-08-08T18:08:28.940742+00:00,1786212508.941,1432.08,24.26,8.8536,1.67,-0.095,250.6,222.0
2026-08-08T18:08:29.142600+00:00,1786212509.143,1432.28,24.02,8.8536,1.67,-0.126,240.9,222.0
2026-08-08T18:08:29.392047+00:00,1786212509.392,1432.53,23.75,8.8536,1.70,-0.180,221.4,222.0
2026-08-08T18:08:29.614955+00:00,1786212509.615,1432.75,23.75,8.8580,1.71,-0.206,213.4,222.0
2026-08-08T18:08:29.842781+00:00,1786212509.843,1432.98,23.64,8.8580,1.73,-0.218,203.8,222.0
2026-08-08T18:08:30.058847+00:00,1786212510.059,1433.20,23.45,8.8624,1.74,-0.236,189.8,222.0
2026-08-08T18:08:30.274756+00:00,1786212510.275,1433.41,23.45,8.8624,1.75,-0.103,182.2,222.0
2026-08-08T18:08:30.490728+00:00,1786212510.491,1433.63,23.58,8.8624,1.78,-0.088,180.2,222.0
2026-08-08T18:08:31.118426+00:00,1786212511.118,1434.26,24.55,8.8690,1.77,0.000,190.6,222.0
2026-08-08T18:08:31.311084+00:00,1786212511.311,1434.45,24.55,8.8690,1.76,0.000,191.2,222.0
2026-08-08T18:08:31.517429+00:00,1786212511.517,1434.65,24.51,8.8690,1.75,0.000,191.8,222.0
2026-08-08T18:08:31.723792+00:00,1786212511.724,1434.86,24.52,8.8712,1.73,0.054,194.9,222.0
2026-08-08T18:08:31.942485+00:00,1786212511.942,1435.08,24.52,8.8712,1.72,0.085,204.2,222.0
2026-08-08T18:08:32.160065+00:00,1786212512.160,1435.30,23.41,8.8756,1.70,0.000,209.5,222.0
2026-08-08T18:08:32.376638+00:00,1786212512.377,1435.51,23.25,8.8756,1.69,0.000,217.0,222.0
2026-08-08T18:08:32.594429+00:00,1786212512.594,1435.73,23.25,8.8756,1.63,0.000,225.2,222.0
2026-08-08T18:08:32.811233+00:00,1786212512.811,1435.95,23.35,8.8800,1.56,0.000,233.4,222.0
2026-08-08T18:08:33.041562+00:00,1786212513.042,1436.18,23.31,8.8800,1.48,0.000,241.8,222.0
2026-08-08T18:08:33.260081+00:00,1786212513.260,1436.40,23.31,8.8822,1.44,-0.161,236.7,222.0
2026-08-08T18:08:33.477443+00:00,1786212513.477,1436.61,23.86,8.8822,1.40,-0.088,234.0,222.0
2026-08-08T18:08:33.932678+00:00,1786212513.933,1437.07,23.39,8.8866,1.28,-0.129,223.0,222.0
2026-08-08T18:08:34.160803+00:00,1786212514.161,1437.30,21.78,8.8866,1.21,-0.313,202.4,222.0
2026-08-08T18:08:34.381073+00:00,1786212514.381,1437.52,21.78,8.8888,1.20,-0.313,181.9,222.0
2026-08-08T18:08:34.592655+00:00,1786212514.593,1437.73,20.58,8.8888,1.19,-0.323,158.1,222.0
2026-08-08T18:08:34.794198+00:00,1786212514.794,1437.93,22.58,8.8910,1.17,-0.076,144.2,222.0
2026-08-08T18:08:34.991414+00:00,1786212514.991,1438.13,22.58,8.8910,1.13,-0.077,135.6,222.0
2026-08-08T18:08:35.197025+00:00,1786212515.197,1438.33,22.19,8.8910,1.11,-0.135,124.3,222.0
2026-08-08T18:08:35.398970+00:00,1786212515.399,1438.54,22.19,8.8954,1.11,-0.131,113.6,222.0
2026-08-08T18:08:35.605425+00:00,1786212515.605,1438.74,22.28,8.8954,1.09,-0.122,103.7,222.0
2026-08-08T18:08:35.802830+00:00,1786212515.803,1438.94,22.28,8.8976,1.10,-0.189,91.7,222.0
2026-08-08T18:08:36.004726+00:00,1786212516.005,1439.14,24.29,8.8976,1.12,0.121,103.2,222.0
2026-08-08T18:08:36.204383+00:00,1786212516.204,1439.34,24.29,8.8976,1.12,0.342,121.6,222.0
2026-08-08T18:08:36.402104+00:00,1786212516.402,1439.54,21.50,8.9020,1.10,0.000,124.0,222.0
2026-08-08T18:08:36.603014+00:00,1786212516.603,1439.74,21.50,8.9020,1.05,0.128,141.0,222.0
2026-08-08T18:08:36.832752+00:00,1786212516.833,1439.97,20.22,8.9042,1.00,-0.321,138.8,222.0
2026-08-08T18:08:37.049910+00:00,1786212517.050,1440.19,21.58,8.9042,0.98,-0.136,145.5,222.0
2026-08-08T18:08:37.266857+00:00,1786212517.267,1440.40,21.58,8.9042,0.93,-0.083,142.7,222.0
2026-08-08T18:08:37.484565+00:00,1786212517.485,1440.62,21.03,8.9086,0.88,-0.155,136.4,222.0
2026-08-08T18:08:37.705596+00:00,1786212517.706,1440.84,21.03,8.9086,0.86,-0.165,132.7,222.0
2026-08-08T18:08:37.925783+00:00,1786212517.926,1441.06,21.09,8.9108,1.04,-0.155,130.5,222.0
2026-08-08T18:08:38.146408+00:00,1786212518.146,1441.28,21.09,8.9108,1.25,-0.415,118.8,222.0
2026-08-08T18:08:38.366688+00:00,1786212518.367,1441.50,22.05,8.9108,1.42,-0.289,116.6,222.0
2026-08-08T18:08:38.583346+00:00,1786212518.583,1441.72,20.66,8.9130,1.51,-0.107,105.6,222.0
2026-08-08T18:08:38.801899+00:00,1786212518.802,1441.94,20.66,8.9130,1.61,-0.106,85.0,222.0
2026-08-08T18:08:39.014466+00:00,1786212519.014,1442.15,19.55,8.9174,1.78,-0.086,84.2,222.0
2026-08-08T18:08:39.233120+00:00,1786212519.233,1442.37,19.55,8.9174,1.85,-0.258,72.5,222.0
2026-08-08T18:08:39.651003+00:00,1786212519.651,1442.79,18.82,8.9196,1.94,-0.321,77.9,222.0
2026-08-08T18:08:39.922716+00:00,1786212519.923,1443.06,17.97,8.9196,1.78,-0.349,73.1,222.0
2026-08-08T18:08:40.149042+00:00,1786212520.149,1443.29,17.97,8.9218,1.71,-0.348,66.1,222.0
2026-08-08T18:08:40.367329+00:00,1786212520.367,1443.50,17.75,8.9218,1.64,-0.381,61.1,222.0
2026-08-08T18:08:40.583548+00:00,1786212520.584,1443.72,17.75,8.9218,1.60,-0.381,56.4,222.0
2026-08-08T18:08:40.801625+00:00,1786212520.802,1443.94,17.71,8.9240,1.53,-0.494,45.7,222.0
2026-08-08T18:08:41.019432+00:00,1786212521.019,1444.16,17.71,8.9240,1.50,-0.336,49.4,222.0
2026-08-08T18:08:41.234138+00:00,1786212521.234,1444.37,18.28,8.9284,1.64,-0.272,49.5,222.0
2026-08-08T18:08:41.467155+00:00,1786212521.467,1444.60,18.28,8.9284,1.60,-0.143,46.8,222.0
2026-08-08T18:08:41.689447+00:00,1786212521.689,1444.83,17.94,8.9284,1.55,-0.182,41.6,222.0
2026-08-08T18:08:41.922100+00:00,1786212521.922,1445.06,17.94,8.9306,1.50,-0.109,37.7,222.0
2026-08-08T18:08:42.137807+00:00,1786212522.138,1445.27,17.99,8.9306,1.47,0.000,43.5,222.0
2026-08-08T18:08:42.332187+00:00,1786212522.332,1445.47,17.99,8.9328,1.31,0.000,50.5,222.0
2026-08-08T18:08:42.576970+00:00,1786212522.577,1445.71,17.82,8.9328,1.16,0.000,58.8,222.0
2026-08-08T18:08:42.801378+00:00,1786212522.801,1445.94,17.82,8.9328,1.16,0.000,67.5,222.0
2026-08-08T18:08:43.022502+00:00,1786212523.022,1446.16,17.82,8.9350,1.30,0.000,78.6,222.0
2026-08-08T18:08:43.233679+00:00,1786212523.234,1446.37,15.42,8.9350,1.38,-0.287,79.8,222.0
2026-08-08T18:08:43.431691+00:00,1786212523.432,1446.57,15.42,8.9372,1.56,-0.361,84.0,222.0
2026-08-08T18:08:43.629120+00:00,1786212523.629,1446.77,17.19,8.9372,1.74,-0.140,91.8,222.0
2026-08-08T18:08:43.824525+00:00,1786212523.825,1446.96,17.19,8.9372,1.98,-0.097,99.0,222.0
2026-08-08T18:08:44.028824+00:00,1786212524.029,1447.17,16.74,8.9394,2.12,-0.158,100.3,233.1
2026-08-08T18:08:44.222586+00:00,1786212524.223,1447.36,16.74,8.9394,2.12,-0.166,103.2,233.1
2026-08-08T18:08:44.480287+00:00,1786212524.480,1447.62,16.74,8.9416,2.01,-0.161,103.5,233.1
2026-08-08T18:08:44.704655+00:00,1786212524.705,1447.84,16.49,8.9416,1.94,-0.174,99.1,233.1
2026-08-08T18:08:44.923338+00:00,1786212524.923,1448.06,16.49,8.9416,1.90,-0.174,95.5,233.1
2026-08-08T18:08:45.152549+00:00,1786212525.153,1448.29,17.60,8.9460,1.89,0.000,99.5,222.0
2026-08-08T18:08:45.371375+00:00,1786212525.371,1448.51,17.60,8.9460,1.92,0.282,113.3,222.0
2026-08-08T18:08:45.611277+00:00,1786212525.611,1448.75,16.17,8.9482,1.95,0.095,118.2,222.0
2026-08-08T18:08:45.805207+00:00,1786212525.805,1448.94,16.17,8.9482,1.95,-0.131,126.2,222.0
2026-08-08T18:08:46.072795+00:00,1786212526.073,1449.21,16.31,8.9482,2.14,-0.109,137.4,222.0
2026-08-08T18:08:46.300243+00:00,1786212526.300,1449.44,16.31,8.9504,2.25,-0.053,142.2,233.1
2026-08-08T18:08:46.521373+00:00,1786212526.521,1449.66,16.53,8.9504,2.36,0.000,146.7,233.1
2026-08-08T18:08:46.758446+00:00,1786212526.758,1449.90,16.53,8.9526,2.41,0.000,153.1,233.1
2026-08-08T18:08:46.987629+00:00,1786212526.988,1450.12,17.15,8.9526,2.45,0.080,163.4,233.1
2026-08-08T18:08:47.207689+00:00,1786212527.208,1450.34,17.15,8.9526,2.47,0.080,174.2,233.1
2026-08-08T18:08:47.624779+00:00,1786212527.625,1450.76,17.30,8.9570,2.47,0.000,183.6,233.1
2026-08-08T18:08:47.900474+00:00,1786212527.900,1451.04,18.47,8.9592,2.57,0.096,198.5,233.1
2026-08-08T18:08:48.129551+00:00,1786212528.130,1451.27,18.42,8.9592,2.65,0.248,212.8,233.1
2026-08-08T18:08:48.356789+00:00,1786212528.357,1451.49,18.42,8.9592,2.74,0.245,217.7,233.1
2026-08-08T18:08:48.573842+00:00,1786212528.574,1451.71,18.65,8.9614,2.82,0.260,232.0,233.1
2026-08-08T18:08:48.793829+00:00,1786212528.794,1451.93,18.65,8.9614,2.86,0.261,253.7,233.1
2026-08-08T18:08:49.024041+00:00,1786212529.024,1452.16,18.54,8.9658,2.95,0.223,272.5,233.1
2026-08-08T18:08:49.418108+00:00,1786212529.418,1452.55,18.50,8.9658,3.06,0.205,288.8,233.1
2026-08-08T18:08:49.613822+00:00,1786212529.614,1452.75,18.50,8.9680,3.19,0.142,301.3,233.1
2026-08-08T18:08:49.828991+00:00,1786212529.829,1452.97,18.63,8.9680,3.37,0.157,315.3,233.1
2026-08-08T18:08:50.059198+00:00,1786212530.059,1453.20,18.63,8.9702,3.54,0.152,326.5,233.1
2026-08-08T18:08:50.276274+00:00,1786212530.276,1453.41,18.60,8.9702,3.62,0.000,332.7,233.1
2026-08-08T18:08:50.491669+00:00,1786212530.492,1453.63,18.60,8.9702,3.71,0.000,341.8,233.1
2026-08-08T18:08:50.711319+00:00,1786212530.711,1453.85,18.80,8.9724,3.88,0.000,346.8,233.1
2026-08-08T18:08:50.944480+00:00,1786212530.944,1454.08,18.80,8.9724,4.05,0.000,347.1,233.1
2026-08-08T18:08:51.561490+00:00,1786212531.561,1454.70,16.81,8.9746,4.21,-0.185,338.3,233.1
2026-08-08T18:08:51.854205+00:00,1786212531.854,1454.99,16.65,8.9790,4.43,-0.186,328.9,233.1
2026-08-08T18:08:52.079187+00:00,1786212532.079,1455.22,16.65,8.9790,4.58,-0.193,319.8,233.1
2026-08-08T18:08:52.297163+00:00,1786212532.297,1455.43,16.58,8.9812,4.72,-0.198,312.3,233.1
2026-08-08T18:08:52.517572+00:00,1786212532.518,1455.65,16.58,8.9812,4.79,-0.212,304.9,233.1
2026-08-08T18:08:52.714576+00:00,1786212532.715,1455.85,16.07,8.9812,4.79,-0.267,296.3,233.1
2026-08-08T18:08:52.913272+00:00,1786212532.913,1456.05,16.07,8.9834,4.64,-0.266,285.1,233.1
2026-08-08T18:08:53.118470+00:00,1786212533.118,1456.26,16.07,8.9834,4.36,-0.267,271.7,233.1
2026-08-08T18:08:53.423183+00:00,1786212533.423,1456.56,16.29,8.9856,4.03,-0.257,262.0,233.1
2026-08-08T18:08:53.645390+00:00,1786212533.645,1456.78,16.29,8.9856,3.70,-0.258,250.1,233.1
2026-08-08T18:08:53.864530+00:00,1786212533.865,1457.00,14.94,8.9878,3.53,-0.226,235.4,233.1
2026-08-08T18:08:54.065040+00:00,1786212534.065,1457.20,14.94,8.9878,3.19,-0.216,218.3,233.1
2026-08-08T18:08:54.267844+00:00,1786212534.268,1457.40,15.28,8.9878,2.87,-0.175,209.9,233.1
2026-08-08T18:08:54.472559+00:00,1786212534.473,1457.61,15.28,8.9900,2.65,-0.167,199.6,233.1
2026-08-08T18:08:54.837845+00:00,1786212534.838,1457.97,14.65,8.9900,2.36,-0.231,185.1,233.1
2026-08-08T18:08:55.061399+00:00,1786212535.061,1458.20,14.65,8.9922,2.16,-0.168,170.8,233.1
2026-08-08T18:08:55.281096+00:00,1786212535.281,1458.42,14.65,8.9922,1.96,-0.167,155.7,233.1
2026-08-08T18:08:55.505966+00:00,1786212535.506,1458.64,15.23,8.9944,1.83,-0.098,144.9,222.0
2026-08-08T18:08:55.732583+00:00,1786212535.733,1458.87,15.23,8.9944,1.79,-0.128,133.8,222.0
2026-08-08T18:08:55.964442+00:00,1786212535.964,1459.10,15.91,8.9966,1.79,0.000,128.5,222.0
2026-08-08T18:08:56.387576+00:00,1786212536.388,1459.52,15.60,8.9966,1.84,0.073,126.5,222.0
2026-08-08T18:08:56.583317+00:00,1786212536.583,1459.72,15.60,8.9988,1.86,0.073,126.4,222.0
2026-08-08T18:08:56.787756+00:00,1786212536.788,1459.92,15.60,8.9988,1.91,0.000,125.6,222.0
2026-08-08T18:08:57.092626+00:00,1786212537.093,1460.23,15.49,9.0010,1.95,0.000,126.4,222.0
2026-08-08T18:08:57.313794+00:00,1786212537.314,1460.45,15.49,9.0010,1.96,0.094,130.1,222.0
2026-08-08T18:08:57.532505+00:00,1786212537.532,1460.67,14.80,9.0032,1.90,0.000,130.8,222.0
2026-08-08T18:08:57.768997+00:00,1786212537.769,1460.91,14.80,9.0032,1.86,0.000,135.0,222.0
2026-08-08T18:08:57.998383+00:00,1786212537.998,1461.14,15.50,9.0032,1.81,0.000,138.9,222.0
2026-08-08T18:08:58.235922+00:00,1786212538.236,1461.37,15.50,9.0054,1.77,0.000,143.5,222.0
2026-08-08T18:08:58.683763+00:00,1786212538.684,1461.82,14.75,9.0076,1.73,-0.118,142.0,222.0
2026-08-08T18:08:58.926418+00:00,1786212538.926,1462.06,15.50,9.0076,1.71,0.000,145.6,222.0
2026-08-08T18:08:59.149297+00:00,1786212539.149,1462.29,15.50,9.0098,1.70,0.000,144.8,222.0
2026-08-08T18:08:59.366446+00:00,1786212539.366,1462.50,15.50,9.0098,1.71,0.000,141.8,222.0
2026-08-08T18:08:59.588647+00:00,1786212539.589,1462.73,15.49,9.0098,1.77,0.000,139.1,222.0
2026-08-08T18:08:59.819186+00:00,1786212539.819,1462.96,15.49,9.0120,1.81,0.000,138.5,222.0
2026-08-08T18:09:00.049878+00:00,1786212540.050,1463.19,15.50,9.0120,1.84,0.077,140.2,222.0
2026-08-08T18:09:00.478130+00:00,1786212540.478,1463.61,16.14,9.0142,1.94,0.138,142.2,222.0
2026-08-08T18:09:00.673018+00:00,1786212540.673,1463.81,16.14,9.0142,1.98,0.067,146.0,222.0
2026-08-08T18:09:00.967259+00:00,1786212540.967,1464.10,16.30,9.0164,2.06,0.081,151.1,233.1
2026-08-08T18:09:01.185759+00:00,1786212541.186,1464.32,16.30,9.0164,2.09,0.172,158.7,233.1
2026-08-08T18:09:01.405390+00:00,1786212541.405,1464.54,16.43,9.0186,2.14,0.104,164.9,233.1
2026-08-08T18:09:01.620539+00:00,1786212541.621,1464.76,16.43,9.0186,2.16,0.105,175.4,233.1
2026-08-08T18:09:01.852961+00:00,1786212541.853,1464.99,16.51,9.0230,2.23,0.112,182.7,233.1
2026-08-08T18:09:02.069019+00:00,1786212542.069,1465.21,16.51,9.0230,2.24,0.114,190.2,233.1
2026-08-08T18:09:02.263181+00:00,1786212542.263,1465.40,17.63,9.0230,2.24,0.243,203.5,233.1
2026-08-08T18:09:02.522821+00:00,1786212542.523,1465.66,17.63,9.0252,2.01,0.240,215.1,233.1
2026-08-08T18:09:02.752936+00:00,1786212542.753,1465.89,17.87,9.0252,1.86,0.212,225.1,233.1
2026-08-08T18:09:02.987751+00:00,1786212542.988,1466.12,17.87,9.0274,1.71,0.208,231.6,233.1
2026-08-08T18:09:03.220298+00:00,1786212543.220,1466.36,18.63,9.0274,1.56,0.288,238.0,222.0
2026-08-08T18:09:03.436226+00:00,1786212543.436,1466.57,18.63,9.0274,1.48,0.289,245.9,222.0
2026-08-08T18:09:03.654434+00:00,1786212543.654,1466.79,19.80,9.0318,1.33,0.416,258.5,222.0
2026-08-08T18:09:04.104095+00:00,1786212544.104,1467.24,19.03,9.0340,1.21,0.290,261.4,222.0
2026-08-08T18:09:04.336633+00:00,1786212544.337,1467.47,18.66,9.0340,1.12,0.241,263.1,222.0
2026-08-08T18:09:04.555853+00:00,1786212544.556,1467.69,18.66,9.0362,1.09,0.241,264.5,222.0
2026-08-08T18:09:04.788859+00:00,1786212544.789,1467.93,20.25,9.0362,1.02,0.289,268.7,222.0
2026-08-08T18:09:05.005121+00:00,1786212545.005,1468.14,20.25,9.0362,0.98,0.294,272.8,222.0
2026-08-08T18:09:05.239827+00:00,1786212545.240,1468.38,20.18,9.0406,0.91,0.258,269.0,222.0
2026-08-08T18:09:05.462819+00:00,1786212545.463,1468.60,19.99,9.0406,0.87,0.238,265.3,222.0
2026-08-08T18:09:05.674803+00:00,1786212545.675,1468.81,19.99,9.0428,0.71,0.154,258.8,222.0
2026-08-08T18:09:05.866635+00:00,1786212545.867,1469.00,22.38,9.0428,0.72,0.428,267.9,222.0
2026-08-08T18:09:06.070927+00:00,1786212546.071,1469.21,22.38,9.0428,0.72,0.296,268.2,222.0
2026-08-08T18:09:06.267811+00:00,1786212546.268,1469.40,21.77,9.0472,0.73,0.353,270.5,222.0
2026-08-08T18:09:06.471241+00:00,1786212546.471,1469.61,21.77,9.0472,0.73,0.405,269.4,222.0
2026-08-08T18:09:06.672964+00:00,1786212546.673,1469.81,21.45,9.0494,0.72,0.365,272.7,222.0
2026-08-08T18:09:06.875207+00:00,1786212546.875,1470.01,22.50,9.0494,0.68,0.298,277.3,222.0
2026-08-08T18:09:07.076763+00:00,1786212547.077,1470.21,22.50,9.0494,0.48,0.301,280.8,222.0
2026-08-08T18:09:07.279838+00:00,1786212547.280,1470.42,21.10,9.0516,0.30,0.125,270.5,222.0
2026-08-08T18:09:07.484826+00:00,1786212547.485,1470.62,21.10,9.0516,0.19,0.153,260.7,222.0
2026-08-08T18:09:07.692131+00:00,1786212547.692,1470.83,21.27,9.0560,0.10,0.175,253.2,222.0
2026-08-08T18:09:07.925537+00:00,1786212547.926,1471.06,21.27,9.0560,-0.08,-0.150,232.4,222.0
2026-08-08T18:09:08.141471+00:00,1786212548.141,1471.28,20.54,9.0560,-0.18,-0.246,211.3,222.0
2026-08-08T18:09:08.370698+00:00,1786212548.371,1471.51,20.54,9.0582,-0.31,-0.163,178.0,188.7
2026-08-08T18:09:08.600672+00:00,1786212548.601,1471.74,20.61,9.0582,-0.41,-0.152,150.1,188.7
2026-08-08T18:09:08.837392+00:00,1786212548.837,1471.97,20.22,9.0626,-0.45,-0.158,120.2,188.7
2026-08-08T18:09:09.032278+00:00,1786212549.032,1472.17,20.22,9.0626,-0.60,-0.294,81.8,188.7
2026-08-08T18:09:09.285591+00:00,1786212549.286,1472.42,20.26,9.0626,-0.79,-0.282,44.9,188.7
2026-08-08T18:09:09.507387+00:00,1786212549.507,1472.64,20.26,9.0648,-0.96,-0.105,15.2,188.7
2026-08-08T18:09:09.729545+00:00,1786212549.730,1472.87,19.90,9.0648,-1.13,-0.149,0.0,188.7
2026-08-08T18:09:09.957166+00:00,1786212549.957,1473.09,20.19,9.0691,-1.26,-0.132,0.0,188.7
2026-08-08T18:09:10.173824+00:00,1786212550.174,1473.31,20.19,9.0691,-1.35,-0.133,0.0,188.7
2026-08-08T18:09:10.392914+00:00,1786212550.393,1473.53,20.12,9.0691,-1.46,-0.052,0.0,188.7
2026-08-08T18:09:10.610309+00:00,1786212550.610,1473.75,20.12,9.0713,-1.63,-0.053,0.0,188.7
2026-08-08T18:09:11.012930+00:00,1786212551.013,1474.15,19.44,9.0735,-1.70,-0.134,0.0,188.7
2026-08-08T18:09:11.309410+00:00,1786212551.309,1474.45,18.83,9.0735,-2.00,-0.156,0.0,188.7
2026-08-08T18:09:11.532196+00:00,1786212551.532,1474.67,18.83,9.0757,-2.20,-0.154,0.0,188.7
2026-08-08T18:09:11.764951+00:00,1786212551.765,1474.90,18.83,9.0757,-2.41,-0.160,0.0,188.7
2026-08-08T18:09:11.990821+00:00,1786212551.991,1475.13,16.51,9.0757,-2.57,-0.419,0.0,188.7
2026-08-08T18:09:12.209447+00:00,1786212552.209,1475.35,16.51,9.0779,-2.69,-0.379,0.0,188.7
2026-08-08T18:09:12.425227+00:00,1786212552.425,1475.56,15.59,9.0779,-2.79,-0.517,0.0,188.7
2026-08-08T18:09:12.620651+00:00,1786212552.621,1475.76,15.59,9.0801,-2.79,-0.521,0.0,188.7
2026-08-08T18:09:12.827316+00:00,1786212552.827,1475.96,15.59,9.0801,-2.94,-0.516,0.0,188.7
2026-08-08T18:09:13.025612+00:00,1786212553.026,1476.16,15.06,9.0801,-3.08,-0.582,0.0,188.7
2026-08-08T18:09:13.309358+00:00,1786212553.309,1476.45,15.06,9.0823,-3.20,-0.531,0.0,188.7
2026-08-08T18:09:13.526691+00:00,1786212553.527,1476.66,14.27,9.0823,-3.29,-0.570,0.0,188.7
2026-08-08T18:09:13.749221+00:00,1786212553.749,1476.89,14.27,9.0845,-3.37,-0.570,0.0,188.7
2026-08-08T18:09:13.971533+00:00,1786212553.972,1477.11,14.27,9.0845,-3.38,-0.573,0.0,188.7
2026-08-08T18:09:14.190392+00:00,1786212554.190,1477.33,13.69,9.0867,-3.35,-0.356,0.0,188.7
2026-08-08T18:09:14.442694+00:00,1786212554.443,1477.58,13.69,9.0867,-3.34,-0.351,0.0,188.7
2026-08-08T18:09:14.648306+00:00,1786212554.648,1477.79,14.28,9.0867,-3.34,-0.164,0.0,188.7
2026-08-08T18:09:14.900381+00:00,1786212554.900,1478.04,14.28,9.0889,-2.79,-0.160,0.0,188.7
2026-08-08T18:09:15.101874+00:00,1786212555.102,1478.24,14.28,9.0889,-2.61,-0.160,0.0,188.7
2026-08-08T18:09:15.326266+00:00,1786212555.326,1478.46,14.03,9.0911,-2.32,-0.124,0.0,188.7
2026-08-08T18:09:15.544758+00:00,1786212555.545,1478.68,14.03,9.0911,-2.02,-0.127,0.0,188.7
2026-08-08T18:09:15.765675+00:00,1786212555.766,1478.90,14.86,9.0911,-1.69,0.072,0.0,188.7
2026-08-08T18:09:15.995492+00:00,1786212555.995,1479.13,14.86,9.0933,-1.34,0.072,0.0,188.7
2026-08-08T18:09:16.207550+00:00,1786212556.208,1479.34,16.57,9.0933,-1.05,0.285,0.0,188.7
2026-08-08T18:09:16.427412+00:00,1786212556.427,1479.56,16.57,9.0955,-0.77,0.357,0.0,188.7
2026-08-08T18:09:16.649815+00:00,1786212556.650,1479.79,16.68,9.0955,-0.49,0.376,0.0,188.7
2026-08-08T18:09:16.854835+00:00,1786212556.855,1479.99,16.68,9.0955,-0.49,0.302,0.0,188.7
2026-08-08T18:09:17.128165+00:00,1786212557.128,1480.26,17.23,9.0999,0.66,0.368,0.0,222.0
2026-08-08T18:09:17.347654+00:00,1786212557.348,1480.48,18.73,9.0999,1.42,0.550,34.0,222.0
2026-08-08T18:09:17.567061+00:00,1786212557.567,1480.70,18.73,9.1021,1.80,0.583,85.1,222.0
2026-08-08T18:09:17.800098+00:00,1786212557.800,1480.94,18.65,9.1021,2.40,0.569,138.4,222.0
2026-08-08T18:09:18.023746+00:00,1786212558.024,1481.16,18.65,9.1021,2.61,0.467,186.7,222.0
2026-08-08T18:09:18.233406+00:00,1786212558.233,1481.37,19.96,9.1043,3.03,0.634,245.8,233.1
2026-08-08T18:09:18.435765+00:00,1786212558.436,1481.57,19.96,9.1043,3.03,0.423,290.0,233.1
2026-08-08T18:09:18.690644+00:00,1786212558.691,1481.83,20.15,9.1087,3.91,0.440,339.4,233.1
2026-08-08T18:09:18.920331+00:00,1786212558.920,1482.06,20.12,9.1087,4.49,0.421,383.2,233.1
2026-08-08T18:09:19.153421+00:00,1786212559.153,1482.29,20.12,9.1109,5.07,0.416,426.9,233.1
2026-08-08T18:09:19.369124+00:00,1786212559.369,1482.51,21.63,9.1109,5.36,0.545,480.2,244.2
2026-08-08T18:09:19.586703+00:00,1786212559.587,1482.72,21.63,9.1109,5.64,0.360,530.3,244.2
2026-08-08T18:09:19.822697+00:00,1786212559.823,1482.96,20.17,9.1153,6.22,0.177,563.4,244.2
2026-08-08T18:09:20.018551+00:00,1786212560.019,1483.16,22.38,9.1153,6.22,0.467,602.3,244.2
2026-08-08T18:09:20.289396+00:00,1786212560.289,1483.43,22.38,9.1175,6.91,0.457,642.2,244.2
2026-08-08T18:09:20.519610+00:00,1786212560.520,1483.66,21.48,9.1175,6.89,0.184,664.4,244.2
2026-08-08T18:09:20.755676+00:00,1786212560.756,1483.89,21.24,9.1175,6.86,0.153,686.7,244.2
2026-08-08T18:09:20.988550+00:00,1786212560.989,1484.13,21.24,9.1219,6.84,0.132,695.9,244.2
2026-08-08T18:09:21.210243+00:00,1786212561.210,1484.35,21.21,9.1219,6.83,0.132,713.0,244.2
2026-08-08T18:09:21.406343+00:00,1786212561.406,1484.54,21.21,9.1241,6.74,0.134,722.8,244.2
2026-08-08T18:09:21.610191+00:00,1786212561.610,1484.75,21.86,9.1241,6.59,0.000,725.0,244.2
2026-08-08T18:09:21.808980+00:00,1786212561.809,1484.95,22.93,9.1241,6.34,0.163,731.9,244.2
2026-08-08T18:09:22.008926+00:00,1786212562.009,1485.15,22.93,9.1285,6.09,0.351,733.3,244.2
2026-08-08T18:09:22.237778+00:00,1786212562.238,1485.37,22.99,9.1285,5.84,0.077,726.6,244.2
2026-08-08T18:09:22.457153+00:00,1786212562.457,1485.59,24.96,9.1329,5.71,0.330,744.4,244.2
2026-08-08T18:09:22.680313+00:00,1786212562.680,1485.82,24.96,9.1329,5.59,0.448,747.8,244.2
2026-08-08T18:09:22.877555+00:00,1786212562.878,1486.01,23.30,9.1329,5.33,0.270,731.0,244.2
2026-08-08T18:09:23.135356+00:00,1786212563.135,1486.27,23.38,9.1351,5.14,0.277,728.2,244.2
2026-08-08T18:09:23.356104+00:00,1786212563.356,1486.49,23.38,9.1351,5.01,0.281,726.7,244.2
2026-08-08T18:09:23.588775+00:00,1786212563.589,1486.73,23.71,9.1395,4.88,0.319,728.1,233.1
2026-08-08T18:09:23.809013+00:00,1786212563.809,1486.95,23.52,9.1395,4.75,0.209,723.0,233.1
2026-08-08T18:09:24.039953+00:00,1786212564.040,1487.18,23.52,9.1417,4.62,0.073,711.3,233.1
2026-08-08T18:09:24.256035+00:00,1786212564.256,1487.39,23.34,9.1417,4.55,0.051,702.4,233.1
2026-08-08T18:09:24.891843+00:00,1786212564.892,1488.03,25.79,9.1461,4.49,0.293,702.3,233.1
2026-08-08T18:09:25.163365+00:00,1786212565.163,1488.30,25.59,9.1505,4.44,0.065,683.7,233.1
2026-08-08T18:09:25.395891+00:00,1786212565.396,1488.53,27.66,9.1505,4.42,0.276,695.0,233.1
2026-08-08T18:09:25.626464+00:00,1786212565.626,1488.76,25.45,9.1505,4.40,0.217,680.2,233.1
2026-08-08T18:09:25.859261+00:00,1786212565.859,1489.00,25.45,9.1549,4.38,0.211,660.3,233.1
2026-08-08T18:09:26.079910+00:00,1786212566.080,1489.22,23.15,9.1549,4.37,0.000,640.6,233.1
2026-08-08T18:09:26.293087+00:00,1786212566.293,1489.43,27.14,9.1593,4.30,0.351,648.5,233.1
2026-08-08T18:09:26.507966+00:00,1786212566.508,1489.64,27.14,9.1593,4.27,0.372,658.1,233.1
2026-08-08T18:09:26.742836+00:00,1786212566.743,1489.88,25.86,9.1593,4.20,0.241,654.9,233.1
2026-08-08T18:09:26.976711+00:00,1786212566.977,1490.11,25.75,9.1637,4.13,0.246,657.7,233.1
2026-08-08T18:09:27.192302+00:00,1786212567.192,1490.33,28.05,9.1637,4.09,0.273,675.1,233.1
2026-08-08T18:09:27.408787+00:00,1786212567.409,1490.55,28.05,9.1659,4.05,0.304,695.7,233.1
2026-08-08T18:09:27.628082+00:00,1786212567.628,1490.76,24.19,9.1659,4.02,-0.431,653.7,233.1
2026-08-08T18:09:27.826909+00:00,1786212567.827,1490.96,25.00,9.1659,4.02,-0.056,643.0,233.1
2026-08-08T18:09:28.108704+00:00,1786212568.109,1491.25,25.20,9.1703,4.13,0.000,620.2,233.1
2026-08-08T18:09:28.325744+00:00,1786212568.326,1491.46,25.20,9.1703,4.17,0.254,619.5,233.1
2026-08-08T18:09:28.541874+00:00,1786212568.542,1491.68,25.42,9.1747,4.20,-0.211,597.3,233.1
2026-08-08T18:09:28.778454+00:00,1786212568.778,1491.92,25.13,9.1747,4.30,-0.245,589.3,233.1
2026-08-08T18:09:29.008642+00:00,1786212569.009,1492.15,25.13,9.1747,4.40,-0.090,562.8,233.1
2026-08-08T18:09:29.233439+00:00,1786212569.233,1492.37,23.76,9.1791,4.50,-0.246,526.3,233.1
2026-08-08T18:09:29.434474+00:00,1786212569.434,1492.57,23.76,9.1791,4.50,-0.532,487.7,233.1
2026-08-08T18:09:29.696935+00:00,1786212569.697,1492.83,23.15,9.1813,5.39,-0.595,452.9,233.1
2026-08-08T18:09:30.041086+00:00,1786212570.041,1493.18,22.42,9.1813,6.00,-0.204,431.2,244.2
2026-08-08T18:09:30.279826+00:00,1786212570.280,1493.42,21.11,9.1835,6.85,-0.441,401.2,244.2
2026-08-08T18:09:30.520480+00:00,1786212570.520,1493.66,21.11,9.1835,7.69,-0.471,421.1,244.2
2026-08-08T18:09:30.755577+00:00,1786212570.756,1493.89,20.89,9.1879,8.53,-0.493,426.1,244.2
2026-08-08T18:09:30.988814+00:00,1786212570.989,1494.13,20.89,9.1879,8.95,-0.515,429.1,244.2
2026-08-08T18:09:31.218305+00:00,1786212571.218,1494.36,19.57,9.1879,9.79,-0.633,417.0,244.2
2026-08-08T18:09:31.495090+00:00,1786212571.495,1494.63,19.61,9.1901,10.48,-0.618,431.7,255.3
2026-08-08T18:09:31.919931+00:00,1786212571.920,1495.06,19.87,9.1923,10.69,-0.402,458.1,255.3
2026-08-08T18:09:32.123699+00:00,1786212572.124,1495.26,19.87,9.1923,11.06,-0.402,478.6,255.3
2026-08-08T18:09:32.324726+00:00,1786212572.325,1495.46,18.87,9.1923,11.37,-0.452,505.0,255.3
2026-08-08T18:09:32.540704+00:00,1786212572.541,1495.68,18.87,9.1967,11.51,-0.394,547.4,255.3
2026-08-08T18:09:32.795260+00:00,1786212572.795,1495.93,18.69,9.1967,11.83,-0.267,592.4,255.3
2026-08-08T18:09:33.041114+00:00,1786212573.041,1496.18,18.69,9.1989,11.50,-0.267,615.2,255.3
2026-08-08T18:09:33.270473+00:00,1786212573.270,1496.41,17.56,9.1989,11.18,-0.368,635.4,255.3
2026-08-08T18:09:33.500273+00:00,1786212573.500,1496.64,17.56,9.2011,10.76,-0.368,648.7,255.3
2026-08-08T18:09:33.749303+00:00,1786212573.749,1496.89,18.07,9.2011,10.24,-0.164,663.4,255.3
2026-08-08T18:09:33.967658+00:00,1786212573.968,1497.10,18.07,9.2011,9.98,-0.172,674.4,255.3
2026-08-08T18:09:34.405437+00:00,1786212574.405,1497.54,17.80,9.2055,9.36,-0.231,681.5,244.2
2026-08-08T18:09:34.601103+00:00,1786212574.601,1497.74,19.25,9.2077,8.66,-0.069,689.6,244.2
2026-08-08T18:09:34.796405+00:00,1786212574.796,1497.93,19.25,9.2077,7.95,0.000,685.7,244.2
2026-08-08T18:09:34.997721+00:00,1786212574.998,1498.13,19.63,9.2077,7.40,0.085,680.3,244.2
2026-08-08T18:09:35.219399+00:00,1786212575.219,1498.36,19.63,9.2099,7.21,0.108,677.8,244.2
2026-08-08T18:09:35.448307+00:00,1786212575.448,1498.59,18.62,9.2099,6.86,0.000,663.3,244.2
2026-08-08T18:09:35.669168+00:00,1786212575.669,1498.81,20.11,9.2143,6.72,0.295,657.6,244.2
2026-08-08T18:09:35.900402+00:00,1786212575.900,1499.04,20.11,9.2143,6.45,0.295,652.1,244.2
2026-08-08T18:09:36.115327+00:00,1786212576.115,1499.25,18.88,9.2143,6.36,0.095,644.1,244.2
2026-08-08T18:09:36.534955+00:00,1786212576.535,1499.67,20.40,9.2165,6.12,0.252,647.4,244.2
2026-08-08T18:09:36.800085+00:00,1786212576.800,1499.94,20.40,9.2187,5.61,0.302,643.5,244.2
2026-08-08T18:09:37.033499+00:00,1786212577.033,1500.17,19.83,9.2187,5.27,0.065,628.6,244.2
2026-08-08T18:09:37.252096+00:00,1786212577.252,1500.39,19.99,9.2187,5.10,0.083,620.0,244.2
2026-08-08T18:09:37.498430+00:00,1786212577.498,1500.64,19.99,9.2231,4.77,0.000,599.9,233.1
2026-08-08T18:09:37.720620+00:00,1786212577.721,1500.86,19.74,9.2231,4.53,0.000,579.6,233.1
2026-08-08T18:09:37.951098+00:00,1786212577.951,1501.09,19.74,9.2253,4.37,0.125,562.1,233.1
2026-08-08T18:09:38.354408+00:00,1786212578.354,1501.49,19.28,9.2253,4.29,-0.086,535.7,233.1
2026-08-08T18:09:38.642308+00:00,1786212578.642,1501.78,19.83,9.2297,3.96,0.000,520.4,233.1
2026-08-08T18:09:38.872392+00:00,1786212578.872,1502.01,19.83,9.2297,3.74,0.095,492.7,233.1
2026-08-08T18:09:39.101427+00:00,1786212579.101,1502.24,18.30,9.2319,3.52,-0.228,451.2,233.1
2026-08-08T18:09:39.319429+00:00,1786212579.319,1502.46,18.30,9.2319,3.42,-0.232,420.7,233.1
2026-08-08T18:09:39.535869+00:00,1786212579.536,1502.67,18.50,9.2319,3.20,-0.147,383.2,233.1
2026-08-08T18:09:39.762316+00:00,1786212579.762,1502.90,18.50,9.2341,3.09,-0.164,345.9,233.1
2026-08-08T18:09:40.172416+00:00,1786212580.172,1503.31,16.73,9.2341,3.05,-0.339,313.7,233.1
2026-08-08T18:09:40.368347+00:00,1786212580.368,1503.51,17.14,9.2363,3.05,-0.273,283.9,233.1
2026-08-08T18:09:40.675253+00:00,1786212580.675,1503.81,17.14,9.2363,2.68,-0.265,257.8,233.1
2026-08-08T18:09:40.908403+00:00,1786212580.908,1504.05,16.47,9.2385,2.43,-0.306,230.6,233.1
2026-08-08T18:09:41.137049+00:00,1786212581.137,1504.27,16.47,9.2385,2.19,-0.374,196.2,233.1
2026-08-08T18:09:41.355069+00:00,1786212581.355,1504.49,16.44,9.2429,2.06,-0.379,170.3,233.1
2026-08-08T18:09:41.570302+00:00,1786212581.570,1504.71,16.44,9.2429,1.94,-0.209,147.0,233.1
2026-08-08T18:09:41.797535+00:00,1786212581.798,1504.93,16.44,9.2429,1.82,-0.208,120.8,233.1
2026-08-08T18:09:42.006190+00:00,1786212582.006,1505.14,16.81,9.2451,1.69,-0.190,110.3,222.0
2026-08-08T18:09:42.202868+00:00,1786212582.203,1505.34,16.81,9.2451,1.49,-0.193,99.4,222.0
2026-08-08T18:09:42.398635+00:00,1786212582.399,1505.54,16.08,9.2473,1.32,-0.081,88.9,222.0
2026-08-08T18:09:42.604175+00:00,1786212582.604,1505.74,16.08,9.2473,1.16,-0.131,77.1,222.0
2026-08-08T18:09:42.874424+00:00,1786212582.874,1506.01,16.09,9.2495,0.99,-0.132,72.3,222.0
2026-08-08T18:09:43.089629+00:00,1786212583.090,1506.23,16.09,9.2495,0.90,0.000,68.6,222.0
2026-08-08T18:09:43.306397+00:00,1786212583.306,1506.44,16.26,9.2495,0.73,0.000,66.0,222.0
2026-08-08T18:09:43.523074+00:00,1786212583.523,1506.66,16.26,9.2517,0.54,0.000,65.4,222.0
2026-08-08T18:09:43.753799+00:00,1786212583.754,1506.89,16.26,9.2517,0.44,0.000,67.8,222.0
2026-08-08T18:09:43.972590+00:00,1786212583.973,1507.11,16.55,9.2539,0.46,0.000,71.3,222.0
2026-08-08T18:09:44.175784+00:00,1786212584.176,1507.31,16.55,9.2539,0.46,0.000,70.1,222.0
2026-08-08T18:09:44.424733+00:00,1786212584.425,1507.56,16.08,9.2539,0.53,-0.092,66.7,222.0
2026-08-08T18:09:44.647274+00:00,1786212584.647,1507.78,16.08,9.2561,0.57,0.000,66.3,222.0
2026-08-08T18:09:44.875047+00:00,1786212584.875,1508.01,16.75,9.2561,0.61,0.081,70.4,222.0
2026-08-08T18:09:45.091172+00:00,1786212585.091,1508.23,16.75,9.2583,0.64,0.083,72.4,222.0
2026-08-08T18:09:45.308116+00:00,1786212585.308,1508.44,16.70,9.2583,0.69,0.076,76.8,222.0
2026-08-08T18:09:45.523409+00:00,1786212585.523,1508.66,16.70,9.2583,0.70,0.055,81.5,222.0
2026-08-08T18:09:45.719915+00:00,1786212585.720,1508.86,16.93,9.2627,0.70,0.085,83.8,222.0
2026-08-08T18:09:45.924872+00:00,1786212585.925,1509.06,16.93,9.2627,0.71,0.086,86.9,222.0
2026-08-08T18:09:46.126806+00:00,1786212586.127,1509.26,17.81,9.2627,0.72,0.163,94.5,222.0
2026-08-08T18:09:46.420530+00:00,1786212586.421,1509.56,17.81,9.2649,0.82,0.156,102.9,222.0
2026-08-08T18:09:46.642216+00:00,1786212586.642,1509.78,16.83,9.2649,0.91,0.095,108.6,222.0
2026-08-08T18:09:46.880009+00:00,1786212586.880,1510.02,16.83,9.2671,1.01,0.094,114.8,222.0
2026-08-08T18:09:47.108627+00:00,1786212587.109,1510.25,16.62,9.2671,1.11,0.000,121.1,222.0
2026-08-08T18:09:47.325519+00:00,1786212587.325,1510.46,16.62,9.2693,1.15,0.000,124.5,222.0
2026-08-08T18:09:47.542155+00:00,1786212587.542,1510.68,16.58,9.2693,1.23,0.000,125.1,222.0
2026-08-08T18:09:47.764724+00:00,1786212587.765,1510.90,16.58,9.2693,1.31,0.000,126.0,222.0
2026-08-08T18:09:48.192021+00:00,1786212588.192,1511.33,16.03,9.2715,1.39,-0.101,123.6,222.0
2026-08-08T18:09:48.396994+00:00,1786212588.397,1511.53,16.03,9.2737,1.53,-0.101,122.7,222.0
2026-08-08T18:09:48.689768+00:00,1786212588.690,1511.83,15.49,9.2737,1.66,-0.251,116.4,222.0
2026-08-08T18:09:48.912701+00:00,1786212588.913,1512.05,15.49,9.2759,1.74,-0.258,110.2,222.0
2026-08-08T18:09:49.127845+00:00,1786212589.128,1512.26,15.49,9.2759,1.77,-0.149,103.9,222.0
2026-08-08T18:09:49.344274+00:00,1786212589.344,1512.48,14.14,9.2759,1.85,-0.303,92.7,222.0
2026-08-08T18:09:49.543199+00:00,1786212589.543,1512.68,14.14,9.2781,1.85,-0.283,84.5,222.0
2026-08-08T18:09:49.790906+00:00,1786212589.791,1512.93,14.14,9.2781,2.35,-0.280,78.1,222.0
2026-08-08T18:09:50.010767+00:00,1786212590.011,1513.15,12.86,9.2803,2.68,-0.419,71.7,222.0
2026-08-08T18:09:50.228748+00:00,1786212590.229,1513.37,12.86,9.2803,2.85,-0.420,65.7,233.1
2026-08-08T18:09:50.444658+00:00,1786212590.445,1513.58,12.86,9.2803,3.18,-0.391,61.4,233.1
2026-08-08T18:09:50.664590+00:00,1786212590.665,1513.80,12.18,9.2803,3.51,-0.471,55.8,233.1
2026-08-08T18:09:50.896354+00:00,1786212590.896,1514.03,12.18,9.2803,3.85,-0.417,55.9,233.1
2026-08-08T18:09:51.324595+00:00,1786212591.325,1514.46,12.49,9.2825,4.85,-0.346,61.3,233.1
2026-08-08T18:09:51.520676+00:00,1786212591.521,1514.66,12.49,9.2825,5.32,-0.349,72.6,233.1
2026-08-08T18:09:51.813829+00:00,1786212591.814,1514.95,12.49,9.2847,6.82,-0.186,93.8,244.2
2026-08-08T18:09:52.052639+00:00,1786212592.053,1515.19,12.23,9.2847,7.85,-0.211,114.4,244.2
2026-08-08T18:09:52.285444+00:00,1786212592.285,1515.42,12.23,9.2869,8.88,-0.212,143.8,244.2
2026-08-08T18:09:52.496947+00:00,1786212592.497,1515.63,12.75,9.2869,9.40,0.000,181.3,244.2
2026-08-08T18:09:52.689557+00:00,1786212592.690,1515.83,12.75,9.2891,9.97,0.000,218.8,244.2
2026-08-08T18:09:52.960729+00:00,1786212592.961,1516.10,13.80,9.2891,11.35,0.104,271.5,244.2
2026-08-08T18:09:53.180637+00:00,1786212593.181,1516.32,13.80,9.2913,12.16,0.178,329.1,244.2
2026-08-08T18:09:53.398082+00:00,1786212593.398,1516.53,13.80,9.2913,12.56,0.179,386.3,255.3
2026-08-08T18:09:53.615883+00:00,1786212593.616,1516.75,13.86,9.2913,13.37,0.167,448.0,255.3
2026-08-08T18:09:53.851709+00:00,1786212593.852,1516.99,13.86,9.2935,14.17,0.164,510.6,255.3
2026-08-08T18:09:54.072196+00:00,1786212594.072,1517.21,14.85,9.2935,14.58,0.291,577.8,255.3
2026-08-08T18:09:54.276376+00:00,1786212594.276,1517.41,14.85,9.2957,14.68,0.327,644.7,255.3
2026-08-08T18:09:54.472222+00:00,1786212594.472,1517.61,14.85,9.2957,14.52,0.332,701.0,255.3
2026-08-08T18:09:54.667596+00:00,1786212594.668,1517.80,15.51,9.2957,14.25,0.353,757.5,255.3
2026-08-08T18:09:54.885408+00:00,1786212594.885,1518.02,15.51,9.2979,13.69,0.350,807.1,255.3
2026-08-08T18:09:55.099643+00:00,1786212595.100,1518.24,15.42,9.2979,13.41,0.211,842.0,255.3
2026-08-08T18:09:55.316625+00:00,1786212595.317,1518.45,15.42,9.3001,13.13,0.211,873.1,255.3
2026-08-08T18:09:55.533985+00:00,1786212595.534,1518.67,15.62,9.3001,12.85,0.237,892.2,255.3
2026-08-08T18:09:55.768912+00:00,1786212595.769,1518.91,15.62,9.3001,12.28,0.227,902.7,255.3
2026-08-08T18:09:56.005013+00:00,1786212596.005,1519.14,16.38,9.3023,11.72,0.325,915.2,255.3
2026-08-08T18:09:56.200144+00:00,1786212596.200,1519.34,16.38,9.3023,11.72,0.200,920.2,255.3
2026-08-08T18:09:56.485732+00:00,1786212596.486,1519.62,16.25,9.3067,10.23,0.176,912.7,255.3
2026-08-08T18:09:56.704954+00:00,1786212596.705,1519.84,16.25,9.3067,9.73,0.174,891.9,255.3
2026-08-08T18:09:56.935784+00:00,1786212596.936,1520.07,16.44,9.3067,8.74,0.114,863.2,255.3
2026-08-08T18:09:57.169625+00:00,1786212597.170,1520.31,16.44,9.3089,7.75,0.113,829.9,244.2
2026-08-08T18:09:57.384173+00:00,1786212597.384,1520.52,17.15,9.3089,6.75,0.211,793.4,244.2
2026-08-08T18:09:57.604768+00:00,1786212597.605,1520.74,17.15,9.3111,6.26,0.210,757.1,244.2
2026-08-08T18:09:57.805218+00:00,1786212597.805,1520.94,17.15,9.3111,6.26,0.187,725.9,244.2
2026-08-08T18:09:58.069443+00:00,1786212598.069,1521.21,17.20,9.3111,5.22,0.190,690.7,244.2
2026-08-08T18:09:58.303593+00:00,1786212598.304,1521.44,17.59,9.3133,4.78,0.145,651.9,233.1
2026-08-08T18:09:58.519376+00:00,1786212598.519,1521.66,17.59,9.3133,4.36,0.144,613.8,233.1
2026-08-08T18:09:58.756077+00:00,1786212598.756,1521.89,17.45,9.3176,3.94,0.148,569.3,233.1
2026-08-08T18:09:58.986858+00:00,1786212598.987,1522.12,17.45,9.3176,3.52,0.147,526.4,233.1
2026-08-08T18:09:59.204515+00:00,1786212599.204,1522.34,17.39,9.3176,3.31,0.117,490.2,233.1
2026-08-08T18:09:59.624493+00:00,1786212599.624,1522.76,18.14,9.3198,3.07,0.192,459.3,233.1
2026-08-08T18:09:59.893184+00:00,1786212599.893,1523.03,18.14,9.3220,2.66,0.109,429.4,233.1
2026-08-08T18:10:00.120573+00:00,1786212600.121,1523.26,18.33,9.3220,2.49,0.131,404.9,233.1
2026-08-08T18:10:00.336966+00:00,1786212600.337,1523.47,18.33,9.3220,2.41,0.130,379.9,233.1
2026-08-08T18:10:00.555433+00:00,1786212600.555,1523.69,18.69,9.3264,2.24,0.166,358.4,233.1
2026-08-08T18:10:00.791466+00:00,1786212600.791,1523.93,19.96,9.3264,2.08,0.265,342.5,233.1
2026-08-08T18:10:01.021625+00:00,1786212601.022,1524.16,19.96,9.3286,1.91,0.263,330.9,233.1
2026-08-08T18:10:01.224742+00:00,1786212601.225,1524.36,20.50,9.3286,1.91,0.343,326.4,222.0
2026-08-08T18:10:01.472945+00:00,1786212601.473,1524.61,21.71,9.3286,1.82,0.475,331.5,222.0
2026-08-08T18:10:01.692204+00:00,1786212601.692,1524.83,21.71,9.3330,1.79,0.482,339.2,222.0
2026-08-08T18:10:01.920710+00:00,1786212601.921,1525.06,23.36,9.3330,1.72,0.632,359.3,222.0
2026-08-08T18:10:02.139355+00:00,1786212602.139,1525.28,25.28,9.3374,1.69,0.883,398.4,222.0
2026-08-08T18:10:02.356166+00:00,1786212602.356,1525.49,25.89,9.3374,1.66,0.939,439.5,222.0
2026-08-08T18:10:02.571284+00:00,1786212602.571,1525.71,25.89,9.3374,1.63,0.940,485.6,222.0
2026-08-08T18:10:02.996814+00:00,1786212602.997,1526.13,26.79,9.3418,1.60,0.922,533.4,222.0
2026-08-08T18:10:03.260563+00:00,1786212603.261,1526.40,26.79,9.3440,2.54,0.768,581.9,222.0
2026-08-08T18:10:03.491690+00:00,1786212603.492,1526.63,23.72,9.3440,2.87,0.423,606.9,233.1
2026-08-08T18:10:03.717283+00:00,1786212603.717,1526.85,23.58,9.3440,3.21,0.343,625.7,233.1
2026-08-08T18:10:03.931714+00:00,1786212603.932,1527.07,23.58,9.3484,3.87,0.212,644.7,233.1
2026-08-08T18:10:04.158920+00:00,1786212604.159,1527.30,23.09,9.3484,4.54,0.156,661.1,233.1
2026-08-08T18:10:04.375496+00:00,1786212604.375,1527.51,22.80,9.3528,4.87,-0.064,662.4,233.1
2026-08-08T18:10:04.593093+00:00,1786212604.593,1527.73,22.80,9.3528,5.21,-0.281,656.6,233.1
2026-08-08T18:10:04.797006+00:00,1786212604.797,1527.93,23.86,9.3528,5.21,-0.232,645.1,233.1
2026-08-08T18:10:05.081643+00:00,1786212605.082,1528.22,23.22,9.3550,5.96,-0.296,618.3,244.2
2026-08-08T18:10:05.292637+00:00,1786212605.293,1528.43,23.22,9.3550,6.46,-0.432,584.8,244.2
2026-08-08T18:10:05.508696+00:00,1786212605.509,1528.65,23.48,9.3594,6.72,-0.409,555.0,244.2
2026-08-08T18:10:05.745374+00:00,1786212605.745,1528.88,23.03,9.3594,7.22,-0.086,540.5,244.2
2026-08-08T18:10:05.975822+00:00,1786212605.976,1529.11,23.03,9.3594,7.73,-0.068,530.4,244.2
2026-08-08T18:10:06.194450+00:00,1786212606.194,1529.33,22.48,9.3616,7.98,-0.135,540.3,244.2
2026-08-08T18:10:06.398539+00:00,1786212606.399,1529.54,22.48,9.3616,7.98,-0.076,554.2,244.2
2026-08-08T18:10:06.655288+00:00,1786212606.655,1529.79,21.56,9.3660,8.55,-0.151,567.0,244.2
2026-08-08T18:10:06.878966+00:00,1786212606.879,1530.02,21.43,9.3660,8.26,-0.166,575.3,244.2
2026-08-08T18:10:07.093768+00:00,1786212607.094,1530.23,21.43,9.3660,8.11,-0.293,585.3,244.2
2026-08-08T18:10:07.312413+00:00,1786212607.312,1530.45,20.25,9.3682,7.96,-0.369,595.3,244.2
2026-08-08T18:10:07.527113+00:00,1786212607.527,1530.66,20.25,9.3682,7.81,-0.368,600.2,244.2
2026-08-08T18:10:07.748629+00:00,1786212607.749,1530.89,19.36,9.3726,7.66,-0.511,595.1,244.2
2026-08-08T18:10:07.962656+00:00,1786212607.963,1531.10,19.36,9.3726,7.36,-0.459,592.4,244.2
2026-08-08T18:10:08.166171+00:00,1786212608.166,1531.30,20.38,9.3726,7.36,-0.335,593.2,244.2
2026-08-08T18:10:08.415950+00:00,1786212608.416,1531.55,20.63,9.3748,6.83,-0.231,578.0,244.2
2026-08-08T18:10:08.648400+00:00,1786212608.648,1531.79,20.63,9.3748,6.64,-0.229,557.3,244.2
2026-08-08T18:10:08.879865+00:00,1786212608.880,1532.02,20.24,9.3792,6.45,-0.165,539.5,244.2
2026-08-08T18:10:09.099226+00:00,1786212609.099,1532.24,20.24,9.3792,6.36,-0.150,519.2,244.2
2026-08-08T18:10:09.313650+00:00,1786212609.314,1532.45,21.72,9.3792,6.27,0.000,510.1,244.2
2026-08-08T18:10:09.529681+00:00,1786212609.530,1532.67,21.72,9.3814,6.17,0.184,510.9,244.2
2026-08-08T18:10:09.992155+00:00,1786212609.992,1533.13,20.81,9.3858,5.92,0.063,508.9,244.2
2026-08-08T18:10:10.219636+00:00,1786212610.220,1533.36,20.81,9.3858,5.61,0.163,515.8,244.2
2026-08-08T18:10:10.447666+00:00,1786212610.448,1533.58,21.80,9.3880,5.40,0.273,529.5,244.2
2026-08-08T18:10:10.666269+00:00,1786212610.666,1533.80,21.80,9.3880,5.31,0.158,546.1,244.2
2026-08-08T18:10:10.905636+00:00,1786212610.906,1534.04,20.17,9.3880,5.13,-0.052,549.1,244.2
2026-08-08T18:10:11.135074+00:00,1786212611.135,1534.27,21.28,9.3902,4.95,0.072,551.3,244.2
2026-08-08T18:10:11.363234+00:00,1786212611.363,1534.50,21.28,9.3902,4.77,0.117,552.9,244.2
2026-08-08T18:10:11.801589+00:00,1786212611.802,1534.94,20.61,9.3946,4.77,0.000,549.5,233.1
2026-08-08T18:10:12.060691+00:00,1786212612.061,1535.20,21.03,9.3968,4.43,-0.070,541.5,233.1
2026-08-08T18:10:12.287558+00:00,1786212612.288,1535.42,20.98,9.3968,4.34,-0.074,532.6,233.1
2026-08-08T18:10:12.514377+00:00,1786212612.514,1535.65,20.98,9.3968,4.15,0.000,516.3,233.1
2026-08-08T18:10:12.741245+00:00,1786212612.741,1535.88,19.69,9.4012,4.06,-0.123,485.2,233.1
2026-08-08T18:10:12.938514+00:00,1786212612.939,1536.08,19.69,9.4012,3.97,-0.235,458.6,233.1
2026-08-08T18:10:13.139808+00:00,1786212613.140,1536.28,21.09,9.4012,3.87,-0.080,437.6,233.1
2026-08-08T18:10:13.340764+00:00,1786212613.341,1536.48,20.96,9.4034,3.73,0.091,416.5,233.1
2026-08-08T18:10:13.544431+00:00,1786212613.544,1536.68,20.96,9.4034,3.72,0.000,397.1,233.1
2026-08-08T18:10:13.753872+00:00,1786212613.754,1536.89,21.78,9.4078,3.72,0.058,395.2,233.1
2026-08-08T18:10:13.968959+00:00,1786212613.969,1537.11,21.78,9.4078,3.71,0.149,390.9,233.1
2026-08-08T18:10:14.164088+00:00,1786212614.164,1537.30,22.95,9.4078,3.71,0.254,393.1,233.1
2026-08-08T18:10:14.413583+00:00,1786212614.414,1537.55,22.95,9.4100,3.66,0.257,401.4,233.1
2026-08-08T18:10:14.636354+00:00,1786212614.636,1537.77,20.43,9.4100,3.63,-0.072,394.8,233.1
2026-08-08T18:10:14.868931+00:00,1786212614.869,1538.01,20.43,9.4122,3.63,0.097,395.9,233.1
2026-08-08T18:10:15.084074+00:00,1786212615.084,1538.22,19.40,9.4122,3.65,0.000,389.7,233.1
2026-08-08T18:10:15.301349+00:00,1786212615.301,1538.44,20.31,9.4122,3.66,-0.099,389.0,233.1
2026-08-08T18:10:15.519932+00:00,1786212615.520,1538.66,20.31,9.4166,3.68,-0.083,393.9,233.1
2026-08-08T18:10:15.718744+00:00,1786212615.719,1538.86,20.26,9.4166,3.68,-0.090,390.9,233.1
2026-08-08T18:10:15.988407+00:00,1786212615.988,1539.13,20.26,9.4188,3.62,-0.189,377.9,233.1
2026-08-08T18:10:16.207853+00:00,1786212616.208,1539.34,19.02,9.4188,3.55,-0.342,361.0,233.1
2026-08-08T18:10:16.406500+00:00,1786212616.406,1539.54,19.02,9.4188,3.53,-0.487,334.7,233.1
2026-08-08T18:10:16.608828+00:00,1786212616.609,1539.75,21.43,9.4232,3.51,-0.193,318.4,233.1
2026-08-08T18:10:16.855706+00:00,1786212616.856,1539.99,21.43,9.4232,3.49,0.125,308.0,233.1
2026-08-08T18:10:17.084881+00:00,1786212617.085,1540.22,20.20,9.4254,3.47,0.000,290.4,233.1
2026-08-08T18:10:17.305055+00:00,1786212617.305,1540.44,19.52,9.4254,3.46,0.000,290.6,233.1
2026-08-08T18:10:17.519131+00:00,1786212617.519,1540.66,19.52,9.4254,3.44,-0.099,280.3,233.1
2026-08-08T18:10:17.742588+00:00,1786212617.743,1540.88,20.48,9.4298,3.44,0.000,280.8,233.1
2026-08-08T18:10:17.943813+00:00,1786212617.944,1541.08,20.48,9.4298,3.41,0.000,283.3,233.1
2026-08-08T18:10:18.147924+00:00,1786212618.148,1541.28,19.08,9.4298,3.36,-0.152,276.9,233.1
2026-08-08T18:10:18.348783+00:00,1786212618.349,1541.49,19.08,9.4320,3.31,0.000,276.0,233.1
2026-08-08T18:10:18.552004+00:00,1786212618.552,1541.69,18.77,9.4320,3.25,0.000,278.6,233.1
2026-08-08T18:10:18.823476+00:00,1786212618.823,1541.96,18.77,9.4342,3.22,-0.333,276.6,233.1
2026-08-08T18:10:19.040898+00:00,1786212619.041,1542.18,18.27,9.4342,3.22,-0.401,277.2,233.1
2026-08-08T18:10:19.234698+00:00,1786212619.235,1542.37,18.27,9.4342,3.17,-0.249,269.1,233.1
2026-08-08T18:10:19.487473+00:00,1786212619.487,1542.62,18.16,9.4364,3.00,-0.174,249.5,233.1
2026-08-08T18:10:19.716036+00:00,1786212619.716,1542.85,18.16,9.4364,2.87,-0.172,236.6,233.1
2026-08-08T18:10:19.943027+00:00,1786212619.943,1543.08,17.39,9.4386,2.74,-0.390,216.1,233.1
2026-08-08T18:10:20.172077+00:00,1786212620.172,1543.31,17.39,9.4386,2.61,-0.385,198.8,233.1
2026-08-08T18:10:20.389333+00:00,1786212620.389,1543.53,17.28,9.4430,2.48,-0.223,180.8,233.1
2026-08-08T18:10:20.609498+00:00,1786212620.609,1543.75,17.28,9.4430,2.41,-0.221,162.7,233.1
2026-08-08T18:10:21.284146+00:00,1786212621.284,1544.42,18.30,9.4452,2.36,0.000,161.1,233.1
2026-08-08T18:10:21.478549+00:00,1786212621.479,1544.62,18.30,9.4474,2.39,0.000,154.5,233.1
2026-08-08T18:10:21.674140+00:00,1786212621.674,1544.81,18.31,9.4474,2.45,0.000,149.0,233.1
2026-08-08T18:10:21.872761+00:00,1786212621.873,1545.01,18.31,9.4474,2.46,0.000,155.9,233.1
2026-08-08T18:10:22.072590+00:00,1786212622.073,1545.21,18.31,9.4496,2.47,0.000,165.6,233.1
2026-08-08T18:10:22.275572+00:00,1786212622.276,1545.41,18.13,9.4496,2.48,0.000,170.1,233.1
2026-08-08T18:10:22.472420+00:00,1786212622.472,1545.61,18.13,9.4518,2.56,0.082,176.4,233.1
2026-08-08T18:10:22.677005+00:00,1786212622.677,1545.81,18.02,9.4518,2.62,0.070,183.2,233.1
2026-08-08T18:10:22.872652+00:00,1786212622.873,1546.01,18.02,9.4518,2.66,0.083,199.5,233.1
2026-08-08T18:10:23.154984+00:00,1786212623.155,1546.29,16.33,9.4540,2.80,-0.104,208.9,233.1
2026-08-08T18:10:23.374180+00:00,1786212623.374,1546.51,16.33,9.4540,2.89,-0.263,209.1,233.1
2026-08-08T18:10:23.593856+00:00,1786212623.594,1546.73,16.44,9.4584,2.94,-0.244,210.5,233.1
2026-08-08T18:10:23.829161+00:00,1786212623.828,1546.96,16.44,9.4584,3.03,-0.241,204.2,233.1
2026-08-08T18:10:24.057869+00:00,1786212624.058,1547.19,16.48,9.4584,3.01,-0.233,198.0,233.1
2026-08-08T18:10:24.274998+00:00,1786212624.275,1547.41,16.48,9.4606,3.01,-0.231,191.4,233.1
2026-08-08T18:10:24.474632+00:00,1786212624.475,1547.61,16.90,9.4606,3.01,-0.156,187.5,233.1
2026-08-08T18:10:24.675461+00:00,1786212624.675,1547.81,16.90,9.4606,2.98,-0.156,183.5,233.1
2026-08-08T18:10:24.956200+00:00,1786212624.956,1548.09,17.53,9.4628,2.97,-0.060,183.5,233.1
2026-08-08T18:10:25.184191+00:00,1786212625.184,1548.32,17.53,9.4628,2.99,-0.059,180.3,233.1
2026-08-08T18:10:25.409985+00:00,1786212625.410,1548.55,17.53,9.4650,3.03,0.148,184.6,233.1
2026-08-08T18:10:25.608013+00:00,1786212625.608,1548.74,16.44,9.4650,3.03,0.000,181.6,233.1
2026-08-08T18:10:25.805247+00:00,1786212625.805,1548.94,16.44,9.4672,3.01,0.000,186.2,233.1
2026-08-08T18:10:25.999751+00:00,1786212626.000,1549.14,16.49,9.4672,3.03,0.000,195.4,233.1
2026-08-08T18:10:26.305200+00:00,1786212626.305,1549.44,16.49,9.4694,2.99,0.000,203.5,233.1
2026-08-08T18:10:26.525795+00:00,1786212626.526,1549.66,16.36,9.4694,2.95,0.000,210.6,233.1
2026-08-08T18:10:26.747580+00:00,1786212626.748,1549.88,16.36,9.4694,2.92,-0.066,215.2,233.1
2026-08-08T18:10:26.978978+00:00,1786212626.979,1550.12,15.69,9.4716,2.89,-0.146,216.5,233.1
2026-08-08T18:10:27.194882+00:00,1786212627.195,1550.33,15.69,9.4716,2.87,-0.228,212.3,233.1
2026-08-08T18:10:27.411776+00:00,1786212627.412,1550.55,16.76,9.4760,2.83,-0.096,213.3,233.1
2026-08-08T18:10:27.608071+00:00,1786212627.608,1550.74,16.76,9.4760,2.83,-0.097,210.4,233.1
2026-08-08T18:10:27.866558+00:00,1786212627.867,1551.00,16.76,9.4760,2.69,0.000,209.7,233.1
2026-08-08T18:10:28.097688+00:00,1786212628.098,1551.23,15.83,9.4782,2.59,-0.074,197.8,233.1
2026-08-08T18:10:28.312452+00:00,1786212628.312,1551.45,15.83,9.4782,2.54,-0.079,192.0,233.1
2026-08-08T18:10:28.528203+00:00,1786212628.528,1551.66,15.73,9.4804,2.44,-0.095,185.3,233.1
2026-08-08T18:10:28.748557+00:00,1786212628.749,1551.89,15.73,9.4804,2.39,-0.079,178.5,233.1
2026-08-08T18:10:28.976978+00:00,1786212628.977,1552.11,15.83,9.4804,2.32,-0.066,172.2,233.1
2026-08-08T18:10:29.400352+00:00,1786212629.400,1552.54,15.92,9.4826,2.26,0.000,168.0,233.1
2026-08-08T18:10:29.605823+00:00,1786212629.606,1552.74,15.92,9.4848,2.15,0.000,165.6,233.1
2026-08-08T18:10:29.810604+00:00,1786212629.811,1552.95,15.92,9.4848,2.06,-0.097,163.0,233.1
2026-08-08T18:10:30.014140+00:00,1786212630.014,1553.15,16.39,9.4848,1.96,0.000,166.0,233.1
2026-08-08T18:10:30.244817+00:00,1786212630.245,1553.38,16.39,9.4870,1.87,0.000,163.5,222.0
2026-08-08T18:10:30.463442+00:00,1786212630.463,1553.60,15.52,9.4870,1.77,0.000,159.6,222.0
2026-08-08T18:10:30.683758+00:00,1786212630.684,1553.82,15.52,9.4892,1.67,0.000,152.9,222.0
2026-08-08T18:10:30.914290+00:00,1786212630.914,1554.05,15.52,9.4892,1.61,0.000,149.9,222.0
2026-08-08T18:10:31.130901+00:00,1786212631.131,1554.27,15.45,9.4892,1.58,0.000,147.0,222.0
2026-08-08T18:10:31.554635+00:00,1786212631.555,1554.69,15.27,9.4914,1.54,-0.060,143.1,222.0
2026-08-08T18:10:31.753808+00:00,1786212631.754,1554.89,15.27,9.4936,1.51,-0.078,138.4,222.0
2026-08-08T18:10:32.043508+00:00,1786212632.043,1555.18,14.83,9.4936,1.44,-0.125,131.5,222.0
2026-08-08T18:10:32.265243+00:00,1786212632.265,1555.40,14.83,9.4958,1.41,-0.124,122.7,222.0
2026-08-08T18:10:32.484619+00:00,1786212632.485,1555.62,14.83,9.4958,1.40,-0.176,112.9,222.0
2026-08-08T18:10:32.702871+00:00,1786212632.703,1555.84,14.83,9.4958,1.38,-0.177,106.4,222.0
2026-08-08T18:10:32.933415+00:00,1786212632.933,1556.07,14.83,9.4980,1.36,-0.078,99.7,222.0
2026-08-08T18:10:33.150147+00:00,1786212633.150,1556.29,14.83,9.4980,1.35,-0.078,93.5,222.0
2026-08-08T18:10:33.365681+00:00,1786212633.366,1556.50,14.82,9.5002,1.32,-0.080,88.4,222.0
2026-08-08T18:10:33.563535+00:00,1786212633.564,1556.70,14.82,9.5002,1.32,-0.073,84.0,222.0
2026-08-08T18:10:33.822581+00:00,1786212633.823,1556.96,13.47,9.5002,1.20,-0.221,74.7,222.0
2026-08-08T18:10:34.052515+00:00,1786212634.052,1557.19,13.47,9.5024,1.12,-0.218,65.4,222.0
2026-08-08T18:10:34.267168+00:00,1786212634.267,1557.40,13.47,9.5024,1.05,-0.170,59.1,222.0
2026-08-08T18:10:34.485164+00:00,1786212634.485,1557.62,13.56,9.5046,0.97,-0.159,53.5,222.0
2026-08-08T18:10:34.704395+00:00,1786212634.704,1557.84,13.56,9.5046,0.93,-0.159,49.6,222.0
2026-08-08T18:10:34.932093+00:00,1786212634.932,1558.07,13.56,9.5046,0.85,-0.159,45.6,222.0
2026-08-08T18:10:35.351744+00:00,1786212635.352,1558.49,12.94,9.5068,0.85,-0.217,41.4,222.0
2026-08-08T18:10:35.643776+00:00,1786212635.644,1558.78,12.74,9.5090,0.76,-0.233,36.6,222.0
2026-08-08T18:10:35.878209+00:00,1786212635.878,1559.01,12.74,9.5090,0.70,-0.230,28.9,222.0
2026-08-08T18:10:36.100130+00:00,1786212636.100,1559.24,12.74,9.5090,0.65,-0.227,21.2,222.0
2026-08-08T18:10:36.321088+00:00,1786212636.321,1559.46,12.68,9.5090,0.60,-0.087,16.8,222.0
2026-08-08T18:10:36.536275+00:00,1786212636.536,1559.67,12.68,9.5090,0.58,-0.088,12.2,222.0
2026-08-08T18:10:36.749270+00:00,1786212636.749,1559.89,12.68,9.5112,0.55,-0.088,12.5,222.0
2026-08-08T18:10:36.950489+00:00,1786212636.950,1560.09,12.68,9.5112,0.31,-0.099,11.9,222.0
2026-08-08T18:10:37.145887+00:00,1786212637.146,1560.28,12.68,9.5112,0.10,-0.100,9.5,222.0
2026-08-08T18:10:37.344960+00:00,1786212637.345,1560.48,12.68,9.5112,-0.13,-0.101,6.2,188.7
2026-08-08T18:10:37.545201+00:00,1786212637.545,1560.68,12.68,9.5112,-0.36,0.000,4.5,188.7
2026-08-08T18:10:37.756469+00:00,1786212637.756,1560.89,12.68,9.5112,-0.59,0.000,2.2,188.7
2026-08-08T18:10:37.984369+00:00,1786212637.984,1561.12,12.68,9.5112,-0.83,0.000,0.0,188.7
2026-08-08T18:10:38.199756+00:00,1786212638.200,1561.34,12.68,9.5112,-1.06,0.000,0.0,188.7
2026-08-08T18:10:38.419785+00:00,1786212638.420,1561.56,12.68,9.5112,-1.29,0.000,0.0,188.7
2026-08-08T18:10:38.636369+00:00,1786212638.636,1561.77,0.00,9.5112,-1.53,-1.675,0.0,188.7
2026-08-08T18:10:38.856497+00:00,1786212638.856,1561.99,0.00,9.5112,-1.76,-1.670,0.0,188.7
2026-08-08T18:10:39.060068+00:00,1786212639.060,1562.20,0.00,9.5112,-1.76,-1.669,0.0,188.7
2026-08-08T18:10:39.265476+00:00,1786212639.265,1562.40,6.63,9.5112,-2.12,-0.793,0.0,188.7
2026-08-08T18:10:39.519142+00:00,1786212639.519,1562.66,6.63,9.5134,-2.65,-0.773,0.0,188.7
2026-08-08T18:10:39.738536+00:00,1786212639.739,1562.88,6.63,9.5134,-2.81,-0.766,0.0,188.7
2026-08-08T18:10:39.945013+00:00,1786212639.945,1563.08,6.63,9.5134,-2.88,-0.768,0.0,188.7
2026-08-08T18:10:40.168263+00:00,1786212640.168,1563.30,6.63,9.5134,-2.95,-0.770,0.0,188.7
2026-08-08T18:10:40.385560+00:00,1786212640.386,1563.52,6.63,9.5134,-2.95,-0.770,0.0,188.7
2026-08-08T18:10:40.604208+00:00,1786212640.604,1563.74,6.63,9.5134,-2.91,-0.770,0.0,188.7
2026-08-08T18:10:40.833617+00:00,1786212640.834,1563.97,6.63,9.5134,-2.82,0.838,0.0,188.7
2026-08-08T18:10:41.051414+00:00,1786212641.051,1564.19,6.63,9.5134,-2.75,0.839,0.0,188.7
2026-08-08T18:10:41.268246+00:00,1786212641.268,1564.40,6.63,9.5134,-2.68,0.834,0.0,188.7
2026-08-08T18:10:41.484290+00:00,1786212641.484,1564.62,0.00,9.5134,-2.61,-0.830,0.0,188.7
2026-08-08T18:10:41.705919+00:00,1786212641.706,1564.84,0.00,9.5134,-2.54,-0.842,0.0,188.7
2026-08-08T18:10:41.917432+00:00,1786212641.917,1565.05,0.00,9.5134,-2.44,-0.845,0.0,188.7
2026-08-08T18:10:42.137063+00:00,1786212642.137,1565.27,0.00,9.5134,-2.19,-0.840,0.0,188.7
2026-08-08T18:10:42.354809+00:00,1786212642.355,1565.49,0.00,9.5134,-1.94,-0.842,0.0,188.7
2026-08-08T18:10:42.572555+00:00,1786212642.573,1565.71,0.00,9.5134,-1.69,-0.842,0.0,188.7
2026-08-08T18:10:42.792287+00:00,1786212642.792,1565.93,0.00,9.5134,-1.46,-0.841,0.0,188.7
2026-08-08T18:10:43.016251+00:00,1786212643.016,1566.15,0.00,9.5134,-1.30,-0.843,0.0,188.7
2026-08-08T18:10:43.235801+00:00,1786212643.236,1566.37,0.00,9.5134,-1.19,-0.844,16.2,188.7
2026-08-08T18:10:43.458726+00:00,1786212643.459,1566.60,0.00,9.5134,-1.10,-0.841,10.9,188.7
2026-08-08T18:10:43.652151+00:00,1786212643.652,1566.79,0.00,9.5134,-1.10,0.000,5.5,188.7
2026-08-08T18:10:43.915819+00:00,1786212643.916,1567.05,0.00,9.5134,-0.86,0.000,0.0,188.7
2026-08-08T18:10:44.138593+00:00,1786212644.139,1567.28,0.00,9.5134,-0.69,0.000,0.0,188.7
2026-08-08T18:10:44.357570+00:00,1786212644.358,1567.49,0.00,9.5134,-0.53,0.000,0.0,188.7
2026-08-08T18:10:44.575411+00:00,1786212644.575,1567.71,0.00,9.5134,-0.36,0.000,0.0,188.7
2026-08-08T18:10:44.792739+00:00,1786212644.793,1567.93,0.00,9.5134,-0.20,0.000,0.0,188.7
2026-08-08T18:10:45.009845+00:00,1786212645.010,1568.15,0.00,9.5134,-0.09,0.000,0.0,188.7
2026-08-08T18:10:45.460405+00:00,1786212645.460,1568.60,0.00,9.5134,0.07,0.000,0.0,222.0
2026-08-08T18:10:45.688134+00:00,1786212645.688,1568.82,0.00,9.5134,0.18,0.000,0.0,222.0
2026-08-08T18:10:45.905788+00:00,1786212645.906,1569.04,0.00,9.5134,0.29,0.000,0.0,222.0
2026-08-08T18:10:46.121427+00:00,1786212646.121,1569.26,0.00,9.5134,0.40,0.000,0.0,222.0
2026-08-08T18:10:46.337254+00:00,1786212646.337,1569.47,0.00,9.5134,0.51,0.000,0.0,222.0
2026-08-08T18:10:46.556142+00:00,1786212646.556,1569.69,0.00,9.5134,0.57,0.000,0.0,222.0
2026-08-08T18:10:46.760211+00:00,1786212646.760,1569.90,0.00,9.5134,0.57,0.000,0.0,222.0
2026-08-08T18:10:46.966953+00:00,1786212646.967,1570.10,0.00,9.5134,0.55,0.000,0.0,222.0
2026-08-08T18:10:47.170459+00:00,1786212647.170,1570.31,0.00,9.5134,0.54,0.000,0.0,222.0
2026-08-08T18:10:47.366337+00:00,1786212647.366,1570.50,0.00,9.5134,0.53,0.000,0.0,222.0
2026-08-08T18:10:47.565317+00:00,1786212647.565,1570.70,0.00,9.5134,0.51,0.000,0.0,222.0
2026-08-08T18:10:47.764719+00:00,1786212647.765,1570.90,0.00,9.5134,0.49,0.000,0.0,222.0
2026-08-08T18:10:47.959490+00:00,1786212647.959,1571.10,0.00,9.5134,0.47,0.000,0.0,222.0
2026-08-08T18:10:48.162836+00:00,1786212648.163,1571.30,0.00,9.5134,0.44,0.000,0.0,222.0
2026-08-08T18:10:48.357991+00:00,1786212648.358,1571.49,0.00,9.5134,0.43,0.000,0.0,222.0
2026-08-08T18:10:48.576870+00:00,1786212648.577,1571.71,0.00,9.5134,0.38,0.000,0.0,222.0
2026-08-08T18:10:48.796063+00:00,1786212648.796,1571.93,0.00,9.5134,0.35,0.000,0.0,222.0
2026-08-08T18:10:49.012568+00:00,1786212649.013,1572.15,0.00,9.5134,0.32,0.000,0.0,222.0
2026-08-08T18:10:49.228876+00:00,1786212649.229,1572.37,0.00,9.5134,0.28,0.000,0.0,222.0
2026-08-08T18:10:49.427679+00:00,1786212649.428,1572.56,0.00,9.5134,0.28,0.000,0.0,222.0
2026-08-08T18:10:49.677697+00:00,1786212649.678,1572.81,0.00,9.5134,-2.04,0.000,0.0,188.7
2026-08-08T18:10:49.896346+00:00,1786212649.896,1573.03,0.00,9.5134,-3.63,0.000,0.0,188.7
2026-08-08T18:10:50.113795+00:00,1786212650.114,1573.25,0.00,9.5134,-5.21,0.000,0.0,188.7
2026-08-08T18:10:50.334862+00:00,1786212650.335,1573.47,0.00,9.5134,-6.79,0.000,0.0,0.0
2026-08-08T18:10:50.563817+00:00,1786212650.564,1573.70,0.00,9.5134,-8.37,0.000,0.0,0.0
2026-08-08T18:10:50.781210+00:00,1786212650.781,1573.92,0.00,9.5134,-9.95,0.000,0.0,0.0
2026-08-08T18:10:51.188652+00:00,1786212651.189,1574.33,0.00,9.5134,-11.51,0.000,0.0,0.0
2026-08-08T18:10:51.383559+00:00,1786212651.384,1574.52,0.00,9.5134,-13.03,0.000,0.0,0.0
2026-08-08T18:10:51.580670+00:00,1786212651.581,1574.72,0.00,9.5134,-14.40,0.000,0.0,0.0
2026-08-08T18:10:51.873056+00:00,1786212651.873,1575.01,0.00,9.5134,-15.73,0.000,0.0,0.0
2026-08-08T18:10:52.075232+00:00,1786212652.075,1575.21,0.00,9.5134,-17.01,0.000,0.0,0.0
2026-08-08T18:10:52.276093+00:00,1786212652.276,1575.41,0.00,9.5134,-18.24,0.000,0.0,0.0
2026-08-08T18:10:52.478844+00:00,1786212652.479,1575.62,0.00,9.5134,-17.84,0.000,0.0,0.0
2026-08-08T18:10:52.760206+00:00,1786212652.760,1575.90,0.00,9.5134,-17.43,0.000,0.0,0.0
2026-08-08T18:10:52.976114+00:00,1786212652.976,1576.11,0.00,9.5134,-16.99,0.000,0.0,0.0
2026-08-08T18:10:53.193027+00:00,1786212653.193,1576.33,0.00,9.5134,-16.71,0.000,0.0,0.0
2026-08-08T18:10:53.411229+00:00,1786212653.411,1576.55,0.00,9.5134,-16.43,0.000,0.0,0.0
2026-08-08T18:10:53.628208+00:00,1786212653.628,1576.76,0.00,9.5134,-16.15,0.000,0.0,0.0
2026-08-08T18:10:53.940113+00:00,1786212653.940,1577.08,0.00,9.5134,-15.90,0.000,0.0,0.0
2026-08-08T18:10:54.143217+00:00,1786212654.143,1577.28,0.00,9.5134,-15.55,0.000,0.0,0.0
2026-08-08T18:10:54.339125+00:00,1786212654.339,1577.48,0.00,9.5134,-15.38,0.000,0.0,0.0
2026-08-08T18:10:54.534851+00:00,1786212654.535,1577.67,0.00,9.5134,-15.28,0.000,0.0,0.0
2026-08-08T18:10:54.741633+00:00,1786212654.742,1577.88,0.00,9.5134,-15.24,0.000,0.0,0.0
2026-08-08T18:10:54.947372+00:00,1786212654.947,1578.08,0.00,9.5134,-15.24,0.000,0.0,0.0
2026-08-08T18:10:55.142972+00:00,1786212655.143,1578.28,0.00,9.5134,-15.35,0.000,0.0,0.0
2026-08-08T18:10:55.380326+00:00,1786212655.380,1578.52,0.00,9.5134,-15.54,0.000,0.0,0.0
2026-08-08T18:10:55.601626+00:00,1786212655.602,1578.74,0.00,9.5134,-15.56,0.000,0.0,0.0
2026-08-08T18:10:55.829140+00:00,1786212655.829,1578.97,0.00,9.5134,-15.41,0.000,0.0,0.0
2026-08-08T18:10:56.047543+00:00,1786212656.048,1579.18,0.00,9.5134,-15.32,0.000,0.0,0.0
2026-08-08T18:10:56.263537+00:00,1786212656.264,1579.40,0.00,9.5134,-15.22,0.000,0.0,0.0
2026-08-08T18:10:56.479392+00:00,1786212656.479,1579.62,0.00,9.5134,-15.12,0.000,0.0,0.0
2026-08-08T18:10:56.700216+00:00,1786212656.700,1579.84,0.00,9.5134,-15.09,0.000,0.0,0.0
2026-08-08T18:10:56.917554+00:00,1786212656.918,1580.05,0.00,9.5134,-15.02,0.000,0.0,0.0
2026-08-08T18:10:57.135176+00:00,1786212657.135,1580.27,0.00,9.5134,-14.88,0.000,0.0,0.0
2026-08-08T18:10:57.352200+00:00,1786212657.352,1580.49,0.00,9.5134,-14.71,0.000,0.0,0.0
2026-08-08T18:10:57.568728+00:00,1786212657.569,1580.71,0.00,9.5134,-14.52,0.000,0.0,0.0
2026-08-08T18:10:57.788510+00:00,1786212657.788,1580.93,0.00,9.5134,-14.31,0.000,0.0,0.0
2026-08-08T18:10:57.993401+00:00,1786212657.993,1581.13,0.00,9.5134,-14.19,0.000,0.0,0.0
2026-08-08T18:10:58.217131+00:00,1786212658.217,1581.35,0.00,9.5134,-14.09,0.000,0.0,0.0
2026-08-08T18:10:58.414366+00:00,1786212658.414,1581.55,0.00,9.5134,-14.08,0.000,0.0,0.0
2026-08-08T18:10:58.618324+00:00,1786212658.618,1581.76,0.00,9.5134,-13.99,0.000,0.0,0.0
2026-08-08T18:10:58.814125+00:00,1786212658.814,1581.95,0.00,9.5134,-13.91,0.000,0.0,0.0
2026-08-08T18:10:59.016547+00:00,1786212659.017,1582.15,0.00,9.5134,-13.83,0.000,0.0,0.0
2026-08-08T18:10:59.230920+00:00,1786212659.231,1582.37,0.00,9.5134,-13.75,0.000,0.0,0.0
2026-08-08T18:10:59.447313+00:00,1786212659.447,1582.58,0.00,9.5134,-13.68,0.000,0.0,0.0
2026-08-08T18:10:59.666438+00:00,1786212659.666,1582.80,0.00,9.5134,-13.68,0.000,0.0,0.0
2026-08-08T18:10:59.885237+00:00,1786212659.885,1583.02,0.00,9.5134,-13.79,0.000,0.0,0.0
2026-08-08T18:11:00.102938+00:00,1786212660.103,1583.24,0.00,9.5134,-13.90,0.000,0.0,0.0
2026-08-08T18:11:00.321611+00:00,1786212660.322,1583.46,0.00,9.5134,-14.02,0.000,0.0,0.0
2026-08-08T18:11:00.536946+00:00,1786212660.537,1583.67,0.00,9.5134,-14.14,0.000,0.0,0.0
2026-08-08T18:11:00.756796+00:00,1786212660.757,1583.89,0.00,9.5134,-14.20,0.000,0.0,0.0
2026-08-08T18:11:00.970887+00:00,1786212660.971,1584.11,0.00,9.5134,-14.16,0.000,0.0,0.0
2026-08-08T18:11:01.190335+00:00,1786212661.190,1584.33,0.00,9.5134,-14.19,0.000,0.0,0.0
2026-08-08T18:11:01.610939+00:00,1786212661.611,1584.75,0.00,9.5134,-14.27,0.000,0.0,0.0
2026-08-08T18:11:01.811602+00:00,1786212661.812,1584.95,0.00,9.5134,-14.29,0.000,0.0,0.0
2026-08-08T18:11:02.011482+00:00,1786212662.011,1585.15,0.00,9.5134,-14.56,0.000,0.0,0.0
2026-08-08T18:11:02.206241+00:00,1786212662.206,1585.34,0.00,9.5134,-15.06,0.000,0.0,0.0
2026-08-08T18:11:02.408964+00:00,1786212662.409,1585.55,0.00,9.5134,-15.53,0.000,0.0,0.0
2026-08-08T18:11:02.613737+00:00,1786212662.614,1585.75,0.00,9.5134,-15.82,0.000,0.0,0.0
2026-08-08T18:11:02.866251+00:00,1786212662.866,1586.00,0.00,9.5134,-16.00,0.000,0.0,0.0
2026-08-08T18:11:03.068161+00:00,1786212663.068,1586.20,0.00,9.5134,-16.00,0.000,0.0,0.0
2026-08-08T18:11:03.306627+00:00,1786212663.307,1586.44,0.00,9.5134,-15.98,0.000,0.0,0.0
2026-08-08T18:11:03.523406+00:00,1786212663.523,1586.66,0.00,9.5134,-15.96,0.000,0.0,0.0
2026-08-08T18:11:03.742367+00:00,1786212663.742,1586.88,0.00,9.5134,-15.94,0.000,0.0,0.0
2026-08-08T18:11:03.957254+00:00,1786212663.957,1587.09,0.00,9.5134,-15.91,0.000,0.0,0.0
2026-08-08T18:11:04.174742+00:00,1786212664.175,1587.31,0.00,9.5134,-15.89,0.000,0.0,0.0
2026-08-08T18:11:04.391115+00:00,1786212664.391,1587.53,0.00,9.5134,-15.92,0.000,0.0,0.0
2026-08-08T18:11:04.594627+00:00,1786212664.595,1587.73,0.00,9.5134,-15.92,0.000,0.0,0.0
2026-08-08T18:11:04.792800+00:00,1786212664.793,1587.93,0.00,9.5134,-15.70,0.000,0.0,0.0
2026-08-08T18:11:04.991667+00:00,1786212664.992,1588.13,0.00,9.5134,-14.98,0.000,0.0,0.0
2026-08-08T18:11:05.286245+00:00,1786212665.286,1588.42,0.00,9.5134,-13.43,0.000,0.0,0.0
2026-08-08T18:11:05.512791+00:00,1786212665.513,1588.65,0.00,9.5134,-12.57,0.000,0.0,0.0
2026-08-08T18:11:05.738566+00:00,1786212665.739,1588.88,0.00,9.5134,-11.79,0.000,0.0,0.0
2026-08-08T18:11:05.963193+00:00,1786212665.963,1589.10,0.00,9.5134,-11.20,0.000,0.0,0.0
2026-08-08T18:11:06.173374+00:00,1786212666.173,1589.31,0.00,9.5134,-10.63,0.000,0.0,0.0
2026-08-08T18:11:06.396295+00:00,1786212666.396,1589.53,0.00,9.5134,-10.06,0.000,0.0,0.0
2026-08-08T18:11:06.825858+00:00,1786212666.826,1589.96,0.00,9.5134,-9.46,0.000,0.0,0.0
2026-08-08T18:11:07.024584+00:00,1786212667.025,1590.16,0.00,9.5134,-9.28,0.000,0.0,0.0
2026-08-08T18:11:07.225544+00:00,1786212667.226,1590.36,0.00,9.5134,-9.15,0.000,0.0,0.0
2026-08-08T18:11:07.504471+00:00,1786212667.504,1590.64,0.00,9.5134,-9.08,0.000,0.0,0.0
2026-08-08T18:11:07.702180+00:00,1786212667.702,1590.84,0.00,9.5134,-9.05,0.000,0.0,0.0
2026-08-08T18:11:07.902636+00:00,1786212667.903,1591.04,0.00,9.5134,-9.15,0.000,0.0,0.0
2026-08-08T18:11:08.106131+00:00,1786212668.106,1591.24,0.00,9.5134,-9.39,0.000,0.0,0.0
2026-08-08T18:11:08.376932+00:00,1786212668.377,1591.51,0.00,9.5134,-9.71,0.000,0.0,0.0
2026-08-08T18:11:08.597589+00:00,1786212668.598,1591.73,0.00,9.5134,-10.05,0.000,0.0,0.0
2026-08-08T18:11:08.824920+00:00,1786212668.825,1591.96,0.00,9.5134,-10.39,0.000,0.0,0.0
2026-08-08T18:11:09.042734+00:00,1786212669.043,1592.18,0.00,9.5134,-10.73,0.000,0.0,0.0
2026-08-08T18:11:09.257830+00:00,1786212669.258,1592.39,0.00,9.5134,-11.07,0.000,0.0,0.0
2026-08-08T18:11:09.475210+00:00,1786212669.475,1592.61,0.00,9.5134,-11.30,0.000,0.0,0.0
2026-08-08T18:11:09.693129+00:00,1786212669.693,1592.83,0.00,9.5134,-11.32,0.000,0.0,0.0
2026-08-08T18:11:10.125083+00:00,1786212670.125,1593.26,0.00,9.5134,-11.51,0.000,0.0,0.0
2026-08-08T18:11:10.381180+00:00,1786212670.381,1593.52,0.00,9.5134,-11.65,0.000,0.0,0.0
2026-08-08T18:11:10.599077+00:00,1786212670.599,1593.74,0.00,9.5134,-11.85,0.000,0.0,0.0
2026-08-08T18:11:10.826281+00:00,1786212670.826,1593.96,0.00,9.5134,-12.64,0.000,0.0,0.0
2026-08-08T18:11:11.044302+00:00,1786212671.044,1594.18,0.00,9.5134,-13.11,0.000,0.0,0.0
2026-08-08T18:11:11.258539+00:00,1786212671.259,1594.40,0.00,9.5134,-13.52,0.000,0.0,0.0
2026-08-08T18:11:11.476082+00:00,1786212671.476,1594.61,0.00,9.5134,-13.91,0.000,0.0,0.0
2026-08-08T18:11:11.694325+00:00,1786212671.694,1594.83,0.00,9.5134,-14.30,0.000,0.0,0.0
2026-08-08T18:11:11.912783+00:00,1786212671.913,1595.05,0.00,9.5134,-14.68,0.000,0.0,0.0
2026-08-08T18:11:12.323898+00:00,1786212672.324,1595.46,0.00,9.5134,-15.28,0.000,0.0,0.0
2026-08-08T18:11:12.526268+00:00,1786212672.526,1595.66,0.00,9.5134,-15.71,0.000,0.0,0.0
2026-08-08T18:11:12.732218+00:00,1786212672.732,1595.87,0.00,9.5134,-15.96,0.000,0.0,0.0
2026-08-08T18:11:12.933185+00:00,1786212672.933,1596.07,0.00,9.5134,-16.01,0.000,0.0,0.0
2026-08-08T18:11:13.228719+00:00,1786212673.229,1596.37,0.00,9.5134,-16.09,0.000,0.0,0.0
2026-08-08T18:11:13.432071+00:00,1786212673.432,1596.57,0.00,9.5134,-15.90,0.000,0.0,0.0
2026-08-08T18:11:13.635492+00:00,1786212673.635,1596.77,0.00,9.5134,-15.32,0.000,0.0,0.0
2026-08-08T18:11:13.842187+00:00,1786212673.842,1596.98,0.00,9.5134,-14.73,0.000,0.0,0.0
2026-08-08T18:11:14.099385+00:00,1786212674.099,1597.24,0.00,9.5134,-14.00,0.000,0.0,0.0
2026-08-08T18:11:14.316177+00:00,1786212674.316,1597.45,0.00,9.5134,-13.18,0.000,0.0,0.0
2026-08-08T18:11:14.533789+00:00,1786212674.534,1597.67,0.00,9.5134,-12.37,0.000,0.0,0.0
2026-08-08T18:11:14.755013+00:00,1786212674.755,1597.89,0.00,9.5134,-11.55,0.000,0.0,0.0
2026-08-08T18:11:14.981213+00:00,1786212674.981,1598.12,0.00,9.5134,-10.73,0.000,0.0,0.0
2026-08-08T18:11:15.198994+00:00,1786212675.199,1598.34,0.00,9.5134,-9.88,0.000,0.0,0.0
2026-08-08T18:11:15.433884+00:00,1786212675.434,1598.57,0.00,9.5134,-9.46,0.000,0.0,0.0
2026-08-08T18:11:15.640005+00:00,1786212675.640,1598.78,0.00,9.5134,-9.03,0.000,0.0,0.0
2026-08-08T18:11:15.838734+00:00,1786212675.839,1598.98,0.00,9.5134,-7.59,0.000,0.0,0.0
2026-08-08T18:11:16.036983+00:00,1786212676.037,1599.17,0.00,9.5134,-6.24,0.000,0.0,0.0
2026-08-08T18:11:16.333014+00:00,1786212676.333,1599.47,0.77,9.5134,-4.40,0.095,0.0,0.0
2026-08-08T18:11:16.551323+00:00,1786212676.551,1599.69,0.77,9.5134,-3.56,0.095,0.0,0.0
2026-08-08T18:11:16.799910+00:00,1786212676.800,1599.94,0.77,9.5156,-2.74,0.094,0.0,188.7
2026-08-08T18:11:17.017948+00:00,1786212677.018,1600.15,0.77,9.5156,-2.07,0.094,0.0,188.7
2026-08-08T18:11:17.236038+00:00,1786212677.236,1600.37,0.77,9.5156,-1.47,0.094,0.0,188.7
2026-08-08T18:11:17.453594+00:00,1786212677.454,1600.59,0.77,9.5156,-0.87,0.095,0.0,188.7
2026-08-08T18:11:17.654857+00:00,1786212677.655,1600.79,0.77,9.5156,-0.87,0.096,0.0,188.7
2026-08-08T18:11:17.911769+00:00,1786212677.912,1601.05,0.75,9.5156,0.18,0.092,0.0,188.7
2026-08-08T18:11:18.134527+00:00,1786212678.135,1601.27,0.75,9.5156,0.87,0.091,0.0,188.7
2026-08-08T18:11:18.353223+00:00,1786212678.353,1601.49,0.75,9.5178,1.57,0.090,0.0,188.7
2026-08-08T18:11:18.570655+00:00,1786212678.571,1601.71,0.75,9.5178,1.94,0.000,0.0,222.0
2026-08-08T18:11:18.789876+00:00,1786212678.790,1601.93,0.75,9.5178,2.00,0.000,0.0,222.0
2026-08-08T18:11:19.025070+00:00,1786212679.025,1602.16,0.75,9.5178,2.10,0.000,0.0,233.1
2026-08-08T18:11:19.432809+00:00,1786212679.433,1602.57,0.74,9.5200,2.15,0.000,2.4,233.1
2026-08-08T18:11:19.696833+00:00,1786212679.697,1602.83,0.74,9.5200,2.29,0.000,3.5,233.1
2026-08-08T18:11:19.927189+00:00,1786212679.927,1603.06,0.74,9.5200,2.39,0.000,4.4,233.1
2026-08-08T18:11:20.141512+00:00,1786212680.141,1603.28,0.74,9.5200,2.43,0.000,5.3,233.1
2026-08-08T18:11:20.359038+00:00,1786212680.359,1603.50,0.74,9.5200,2.53,0.000,5.9,233.1
2026-08-08T18:11:20.575845+00:00,1786212680.576,1603.71,0.74,9.5200,2.62,0.000,6.6,233.1
2026-08-08T18:11:20.807984+00:00,1786212680.808,1603.94,0.76,9.5200,2.67,0.000,7.1,233.1
2026-08-08T18:11:21.236033+00:00,1786212681.236,1604.37,0.76,9.5222,2.57,0.000,7.4,233.1
2026-08-08T18:11:21.440498+00:00,1786212681.440,1604.58,0.76,9.5222,2.46,0.000,7.5,233.1
2026-08-08T18:11:21.645632+00:00,1786212681.646,1604.78,0.76,9.5222,2.33,0.000,7.6,233.1
2026-08-08T18:11:21.952698+00:00,1786212681.953,1605.09,0.76,9.5222,2.13,0.000,7.7,233.1
2026-08-08T18:11:22.176306+00:00,1786212682.176,1605.31,0.76,9.5222,2.00,0.000,7.6,233.1
2026-08-08T18:11:22.392679+00:00,1786212682.393,1605.53,5.23,9.5222,1.86,0.506,15.8,233.1
2026-08-08T18:11:22.614637+00:00,1786212682.615,1605.75,5.23,9.5244,1.80,0.504,23.8,233.1
2026-08-08T18:11:22.844109+00:00,1786212682.844,1605.98,5.23,9.5244,1.67,0.502,31.5,222.0
2026-08-08T18:11:23.060442+00:00,1786212683.060,1606.20,5.23,9.5244,1.55,0.502,39.0,222.0
2026-08-08T18:11:23.483943+00:00,1786212683.484,1606.62,5.23,9.5244,1.68,0.463,46.3,222.0
2026-08-08T18:11:23.682177+00:00,1786212683.682,1606.82,5.23,9.5244,1.98,0.507,54.5,222.0
2026-08-08T18:11:23.972780+00:00,1786212683.973,1607.11,5.23,9.5244,2.59,0.490,63.6,222.0
2026-08-08T18:11:24.194228+00:00,1786212684.194,1607.33,5.04,9.5266,3.07,0.466,72.9,222.0
2026-08-08T18:11:24.414097+00:00,1786212684.414,1607.55,5.04,9.5266,3.31,0.483,82.7,233.1
2026-08-08T18:11:24.633925+00:00,1786212684.634,1607.77,5.04,9.5266,3.82,0.484,93.5,233.1
2026-08-08T18:11:24.869118+00:00,1786212684.869,1608.01,5.04,9.5266,4.32,0.000,100.4,233.1
2026-08-08T18:11:25.095018+00:00,1786212685.095,1608.23,5.04,9.5266,4.83,0.000,108.2,233.1
2026-08-08T18:11:25.312397+00:00,1786212685.312,1608.45,5.04,9.5266,5.34,0.000,108.6,233.1
2026-08-08T18:11:25.510438+00:00,1786212685.510,1608.65,5.04,9.5266,5.34,0.000,109.2,244.2
2026-08-08T18:11:25.767914+00:00,1786212685.768,1608.90,5.04,9.5266,6.39,0.000,111.7,244.2
2026-08-08T18:11:25.996990+00:00,1786212685.997,1609.13,5.04,9.5266,7.09,0.000,115.6,244.2
2026-08-08T18:11:26.216939+00:00,1786212686.217,1609.35,5.04,9.5266,7.79,0.000,120.8,244.2
2026-08-08T18:11:26.429811+00:00,1786212686.430,1609.57,5.04,9.5266,7.99,0.000,125.3,244.2
2026-08-08T18:11:26.629131+00:00,1786212686.629,1609.77,0.00,9.5266,8.12,-0.632,115.6,244.2
2026-08-08T18:11:26.825854+00:00,1786212686.826,1609.96,0.00,9.5266,8.15,-0.638,105.6,244.2
2026-08-08T18:11:27.088822+00:00,1786212687.089,1610.23,0.00,9.5266,8.02,-0.631,95.0,244.2
2026-08-08T18:11:27.312771+00:00,1786212687.313,1610.45,0.00,9.5266,7.79,-0.631,83.7,244.2
2026-08-08T18:11:27.531437+00:00,1786212687.531,1610.67,0.00,9.5266,7.56,-0.631,76.2,244.2
2026-08-08T18:11:27.753442+00:00,1786212687.753,1610.89,0.00,9.5266,7.32,-0.625,67.8,244.2
2026-08-08T18:11:27.982812+00:00,1786212687.983,1611.12,0.00,9.5266,7.09,-0.632,58.7,244.2
2026-08-08T18:11:28.198285+00:00,1786212688.198,1611.34,0.00,9.5266,6.97,-0.636,49.5,244.2
2026-08-08T18:11:28.415594+00:00,1786212688.416,1611.55,3.45,9.5266,6.73,-0.201,45.1,244.2
2026-08-08T18:11:28.634369+00:00,1786212688.634,1611.77,3.45,9.5266,6.40,-0.201,39.2,244.2
2026-08-08T18:11:28.829468+00:00,1786212688.829,1611.97,3.45,9.5288,6.40,0.435,36.4,244.2
2026-08-08T18:11:29.100543+00:00,1786212689.101,1612.24,3.45,9.5288,5.59,0.421,32.2,244.2
2026-08-08T18:11:29.317199+00:00,1786212689.317,1612.45,3.45,9.5288,5.05,0.430,41.0,244.2
2026-08-08T18:11:29.534229+00:00,1786212689.534,1612.67,3.62,9.5288,4.78,0.453,50.1,244.2
2026-08-08T18:11:29.753328+00:00,1786212689.753,1612.89,3.62,9.5288,4.51,0.453,58.8,244.2
2026-08-08T18:11:30.074117+00:00,1786212690.074,1613.21,3.62,9.5310,4.30,0.434,67.2,233.1
2026-08-08T18:11:30.279859+00:00,1786212690.280,1613.42,3.62,9.5310,4.17,0.438,75.5,233.1
2026-08-08T18:11:30.477094+00:00,1786212690.477,1613.61,3.96,9.5310,4.13,0.483,84.8,233.1
2026-08-08T18:11:30.671577+00:00,1786212690.672,1613.81,3.96,9.5310,4.16,0.063,90.9,233.1
2026-08-08T18:11:30.867860+00:00,1786212690.868,1614.00,3.96,9.5332,4.20,0.064,97.2,233.1
2026-08-08T18:11:31.084372+00:00,1786212691.084,1614.22,3.96,9.5332,4.24,0.063,96.9,233.1
2026-08-08T18:11:31.301199+00:00,1786212691.301,1614.44,4.52,9.5332,4.27,0.135,98.7,233.1
2026-08-08T18:11:31.519951+00:00,1786212691.520,1614.66,4.52,9.5354,4.29,0.135,96.2,233.1
2026-08-08T18:11:31.748999+00:00,1786212691.749,1614.89,4.52,9.5354,4.33,0.112,94.6,233.1
2026-08-08T18:11:31.968063+00:00,1786212691.968,1615.10,9.19,9.5376,4.35,0.699,112.2,233.1
2026-08-08T18:11:32.185462+00:00,1786212692.185,1615.32,9.19,9.5376,4.42,0.733,130.3,233.1
2026-08-08T18:11:32.388554+00:00,1786212692.389,1615.53,9.19,9.5376,4.42,0.734,148.7,233.1
2026-08-08T18:11:32.640143+00:00,1786212692.640,1615.78,10.23,9.5398,4.67,0.805,172.9,233.1
2026-08-08T18:11:32.871279+00:00,1786212692.871,1616.01,10.23,9.5398,4.83,0.791,197.4,233.1
2026-08-08T18:11:33.087845+00:00,1786212693.088,1616.22,12.18,9.5420,4.91,1.029,233.3,233.1
2026-08-08T18:11:33.304443+00:00,1786212693.304,1616.44,12.18,9.5420,4.92,1.029,272.3,233.1
2026-08-08T18:11:33.498331+00:00,1786212693.498,1616.64,12.18,9.5420,4.92,0.969,309.9,233.1
2026-08-08T18:11:33.760070+00:00,1786212693.760,1616.90,13.57,9.5442,4.95,1.122,356.8,233.1
2026-08-08T18:11:34.218132+00:00,1786212694.218,1617.35,14.49,9.5464,5.00,1.122,406.1,233.1
2026-08-08T18:11:34.417187+00:00,1786212694.417,1617.55,14.49,9.5464,4.98,0.600,440.7,233.1
2026-08-08T18:11:34.622613+00:00,1786212694.623,1617.76,15.68,9.5464,4.93,0.739,483.0,233.1
2026-08-08T18:11:34.819737+00:00,1786212694.820,1617.96,15.68,9.5486,4.90,0.741,506.7,233.1
2026-08-08T18:11:35.020348+00:00,1786212695.020,1618.16,15.58,9.5486,4.85,0.624,525.4,233.1
2026-08-08T18:11:35.269701+00:00,1786212695.270,1618.41,15.58,9.5508,4.79,0.620,543.7,233.1
2026-08-08T18:11:35.488848+00:00,1786212695.489,1618.63,16.23,9.5508,4.74,0.469,553.7,233.1
2026-08-08T18:11:35.709468+00:00,1786212695.709,1618.85,16.23,9.5530,4.70,0.468,563.2,233.1
2026-08-08T18:11:35.939762+00:00,1786212695.940,1619.08,16.73,9.5530,4.63,0.517,562.9,233.1
2026-08-08T18:11:36.156237+00:00,1786212696.156,1619.29,16.73,9.5530,4.60,0.367,557.6,233.1
2026-08-08T18:11:36.376675+00:00,1786212696.377,1619.51,16.73,9.5552,4.53,0.288,550.8,233.1
2026-08-08T18:11:36.596591+00:00,1786212696.597,1619.73,17.16,9.5552,4.49,0.341,537.3,233.1
2026-08-08T18:11:36.797433+00:00,1786212696.797,1619.93,17.16,9.5574,4.33,0.189,513.8,233.1
2026-08-08T18:11:37.001405+00:00,1786212697.001,1620.14,17.52,9.5574,4.18,0.234,506.5,233.1
2026-08-08T18:11:37.205085+00:00,1786212697.205,1620.34,17.52,9.5574,4.04,0.246,491.2,233.1
2026-08-08T18:11:37.483819+00:00,1786212697.484,1620.62,17.79,9.5618,3.96,0.278,477.2,233.1
2026-08-08T18:11:37.709316+00:00,1786212697.709,1620.85,17.93,9.5618,3.90,0.213,465.0,233.1
2026-08-08T18:11:37.944732+00:00,1786212697.945,1621.08,17.93,9.5640,3.83,0.211,452.7,233.1
2026-08-08T18:11:38.157197+00:00,1786212698.157,1621.29,18.90,9.5640,3.80,0.272,447.5,233.1
2026-08-08T18:11:38.373555+00:00,1786212698.374,1621.51,18.90,9.5661,3.77,0.272,442.4,233.1
2026-08-08T18:11:38.592387+00:00,1786212698.592,1621.73,19.05,9.5661,3.75,0.292,435.5,233.1
2026-08-08T18:11:39.060563+00:00,1786212699.061,1622.20,19.75,9.5705,3.63,0.292,434.5,233.1
2026-08-08T18:11:39.276211+00:00,1786212699.276,1622.41,20.20,9.5705,3.59,0.341,439.1,233.1
2026-08-08T18:11:39.491725+00:00,1786212699.492,1622.63,20.20,9.5727,3.55,0.300,439.3,233.1
2026-08-08T18:11:39.711259+00:00,1786212699.711,1622.85,19.24,9.5727,3.52,0.192,439.0,233.1
2026-08-08T18:11:39.944536+00:00,1786212699.945,1623.08,19.24,9.5749,3.44,0.164,435.7,233.1
2026-08-08T18:11:40.161830+00:00,1786212700.162,1623.30,19.89,9.5749,3.40,0.221,436.0,233.1
2026-08-08T18:11:40.611297+00:00,1786212700.611,1623.75,19.52,9.5771,3.34,0.165,431.8,233.1
2026-08-08T18:11:40.845975+00:00,1786212700.846,1623.98,19.52,9.5771,3.30,0.064,425.8,233.1
2026-08-08T18:11:41.064298+00:00,1786212701.064,1624.20,19.94,9.5815,3.26,0.108,422.5,233.1
2026-08-08T18:11:41.295369+00:00,1786212701.295,1624.43,20.00,9.5815,3.19,0.097,414.3,233.1
2026-08-08T18:11:41.526624+00:00,1786212701.527,1624.66,20.00,9.5837,3.12,0.000,402.1,233.1
2026-08-08T18:11:41.747756+00:00,1786212701.748,1624.88,20.26,9.5837,3.09,0.000,389.3,233.1
2026-08-08T18:11:42.170664+00:00,1786212702.171,1625.31,20.63,9.5881,3.05,0.000,375.8,233.1
2026-08-08T18:11:42.458252+00:00,1786212702.458,1625.59,19.87,9.5881,2.90,0.064,360.0,233.1
2026-08-08T18:11:42.681348+00:00,1786212702.681,1625.82,19.87,9.5903,2.84,0.064,345.6,233.1
2026-08-08T18:11:42.912411+00:00,1786212702.912,1626.05,20.97,9.5903,2.77,0.110,340.8,233.1
2026-08-08T18:11:43.128770+00:00,1786212703.129,1626.27,20.97,9.5925,2.73,0.160,339.3,233.1
2026-08-08T18:11:43.345090+00:00,1786212703.345,1626.48,19.80,9.5925,2.69,0.000,326.1,233.1
2026-08-08T18:11:43.561345+00:00,1786212703.561,1626.70,20.61,9.5925,2.65,0.075,320.1,233.1
2026-08-08T18:11:43.983530+00:00,1786212703.984,1627.12,21.50,9.5969,2.54,0.155,322.1,233.1
2026-08-08T18:11:44.183870+00:00,1786212704.184,1627.32,21.50,9.5991,2.46,0.156,321.4,233.1
2026-08-08T18:11:44.474442+00:00,1786212704.474,1627.61,20.32,9.5991,2.26,0.000,312.0,233.1
2026-08-08T18:11:44.699992+00:00,1786212704.700,1627.84,21.70,9.6035,2.20,0.118,313.1,233.1
2026-08-08T18:11:44.931651+00:00,1786212704.932,1628.07,21.70,9.6035,2.09,0.205,317.0,233.1
2026-08-08T18:11:45.148351+00:00,1786212705.148,1628.29,20.01,9.6035,2.04,0.000,309.4,233.1
2026-08-08T18:11:45.378864+00:00,1786212705.379,1628.52,20.01,9.6057,1.93,-0.108,296.8,222.0
2026-08-08T18:11:45.609854+00:00,1786212705.610,1628.75,20.43,9.6057,1.82,-0.061,286.0,222.0
2026-08-08T18:11:45.805405+00:00,1786212705.805,1628.94,20.43,9.6079,1.82,0.071,277.3,222.0
2026-08-08T18:11:46.001155+00:00,1786212706.001,1629.14,21.18,9.6079,1.81,0.064,267.4,222.0
2026-08-08T18:11:46.202594+00:00,1786212706.203,1629.34,21.18,9.6079,1.83,0.000,263.5,222.0
2026-08-08T18:11:46.433802+00:00,1786212706.434,1629.57,19.64,9.6123,1.85,-0.229,245.3,222.0
2026-08-08T18:11:46.652075+00:00,1786212706.652,1629.79,21.06,9.6123,1.86,0.094,237.5,222.0
2026-08-08T18:11:46.884000+00:00,1786212706.884,1630.02,21.06,9.6145,1.88,-0.081,223.1,222.0
2026-08-08T18:11:47.098940+00:00,1786212707.099,1630.24,20.79,9.6145,1.89,-0.116,216.7,222.0
2026-08-08T18:11:47.315873+00:00,1786212707.316,1630.45,20.79,9.6145,1.90,0.100,212.5,222.0
2026-08-08T18:11:47.738418+00:00,1786212707.738,1630.88,20.17,9.6189,1.93,0.000,200.9,222.0
2026-08-08T18:11:48.003931+00:00,1786212708.004,1631.14,21.70,9.6211,1.99,0.147,208.8,222.0
2026-08-08T18:11:48.233531+00:00,1786212708.234,1631.37,20.02,9.6211,2.03,0.000,213.7,222.0
2026-08-08T18:11:48.450268+00:00,1786212708.450,1631.59,20.02,9.6211,2.06,-0.131,212.0,222.0
2026-08-08T18:11:48.684006+00:00,1786212708.684,1631.82,20.27,9.6255,2.10,-0.101,206.9,233.1
2026-08-08T18:11:48.914118+00:00,1786212708.914,1632.05,21.36,9.6255,2.14,0.193,214.8,233.1
2026-08-08T18:11:49.136145+00:00,1786212709.136,1632.27,21.36,9.6277,2.19,0.000,217.5,233.1
2026-08-08T18:11:49.337413+00:00,1786212709.337,1632.47,20.80,9.6277,2.19,0.000,229.8,233.1
2026-08-08T18:11:49.588908+00:00,1786212709.589,1632.73,20.80,9.6277,2.15,0.000,227.7,233.1
2026-08-08T18:11:49.819296+00:00,1786212709.819,1632.96,21.55,9.6321,2.09,0.084,236.5,233.1
2026-08-08T18:11:50.050674+00:00,1786212710.051,1633.19,21.55,9.6321,2.03,0.166,249.9,233.1
2026-08-08T18:11:50.268416+00:00,1786212710.268,1633.41,21.14,9.6343,2.00,-0.069,244.1,233.1
2026-08-08T18:11:50.486433+00:00,1786212710.486,1633.62,20.10,9.6343,1.97,0.000,244.3,222.0
2026-08-08T18:11:50.702329+00:00,1786212710.702,1633.84,20.10,9.6343,1.93,0.000,235.8,222.0
2026-08-08T18:11:51.145547+00:00,1786212711.146,1634.28,22.12,9.6387,1.93,0.208,246.6,222.0
2026-08-08T18:11:51.411855+00:00,1786212711.412,1634.55,22.12,9.6409,1.87,0.084,256.5,222.0
2026-08-08T18:11:51.610345+00:00,1786212711.610,1634.75,21.70,9.6409,1.87,0.000,260.7,222.0
2026-08-08T18:11:51.868925+00:00,1786212711.869,1635.01,22.93,9.6409,1.99,0.234,264.1,222.0
2026-08-08T18:11:52.128201+00:00,1786212712.128,1635.26,22.93,9.6453,2.06,0.233,275.6,233.1
2026-08-08T18:11:52.337409+00:00,1786212712.337,1635.47,22.55,9.6453,2.14,0.110,282.4,233.1
2026-08-08T18:11:52.566076+00:00,1786212712.566,1635.70,22.14,9.6497,2.22,0.065,287.4,233.1
2026-08-08T18:11:52.791498+00:00,1786212712.791,1635.93,22.14,9.6497,2.26,0.110,290.5,233.1
2026-08-08T18:11:53.019346+00:00,1786212713.019,1636.16,22.78,9.6497,2.34,0.295,300.5,233.1
2026-08-08T18:11:53.444266+00:00,1786212713.444,1636.58,23.00,9.6519,2.34,0.294,321.3,233.1
2026-08-08T18:11:53.711082+00:00,1786212713.711,1636.85,24.92,9.6563,2.52,0.303,346.7,233.1
2026-08-08T18:11:53.941681+00:00,1786212713.942,1637.08,25.01,9.6563,2.64,0.318,374.1,233.1
2026-08-08T18:11:54.161089+00:00,1786212714.161,1637.30,25.71,9.6563,2.70,0.438,398.3,233.1
2026-08-08T18:11:54.370836+00:00,1786212714.371,1637.51,25.71,9.6607,2.82,0.310,422.9,233.1
2026-08-08T18:11:54.591724+00:00,1786212714.592,1637.73,25.57,9.6607,2.88,0.298,451.1,233.1
2026-08-08T18:11:54.825842+00:00,1786212714.826,1637.96,23.68,9.6629,2.99,0.127,455.3,233.1
2026-08-08T18:11:55.066540+00:00,1786212715.067,1638.20,25.65,9.6629,3.09,0.390,476.8,233.1
2026-08-08T18:11:55.506865+00:00,1786212715.507,1638.64,26.50,9.6673,3.13,0.446,509.0,233.1
2026-08-08T18:11:55.761212+00:00,1786212715.761,1638.90,27.15,9.6717,3.18,0.443,545.5,233.1
2026-08-08T18:11:55.990412+00:00,1786212715.990,1639.13,27.27,9.6717,3.23,0.465,581.7,233.1
2026-08-08T18:11:56.207570+00:00,1786212716.208,1639.34,27.27,9.6717,3.25,0.261,597.7,233.1
2026-08-08T18:11:56.428860+00:00,1786212716.429,1639.57,24.98,9.6761,3.28,0.000,595.3,233.1
2026-08-08T18:11:56.659815+00:00,1786212716.660,1639.80,26.14,9.6761,3.33,0.000,589.6,233.1
2026-08-08T18:11:56.891962+00:00,1786212716.892,1640.03,25.48,9.6805,3.38,0.000,581.2,233.1
2026-08-08T18:11:57.107409+00:00,1786212717.107,1640.24,25.48,9.6805,3.39,0.000,564.8,233.1
2026-08-08T18:11:57.305231+00:00,1786212717.305,1640.44,25.50,9.6805,3.39,0.204,563.8,233.1
2026-08-08T18:11:57.506787+00:00,1786212717.507,1640.64,29.38,9.6827,3.39,0.425,585.3,233.1
2026-08-08T18:11:57.711958+00:00,1786212717.712,1640.85,27.58,9.6827,3.37,0.136,597.3,233.1
2026-08-08T18:11:57.909135+00:00,1786212717.909,1641.05,27.58,9.6871,3.34,0.055,586.9,233.1
2026-08-08T18:11:58.125861+00:00,1786212718.126,1641.26,28.02,9.6871,3.32,0.097,574.2,233.1
2026-08-08T18:11:58.363199+00:00,1786212718.363,1641.50,28.04,9.6871,3.29,0.100,559.2,233.1
2026-08-08T18:11:58.581259+00:00,1786212718.581,1641.72,27.44,9.6937,3.28,0.318,552.4,233.1
2026-08-08T18:11:58.781116+00:00,1786212718.781,1641.92,27.44,9.6937,3.26,0.171,548.2,233.1
2026-08-08T18:11:58.983742+00:00,1786212718.984,1642.12,27.55,9.6937,3.26,0.274,567.5,233.1
2026-08-08T18:11:59.183073+00:00,1786212719.183,1642.32,27.84,9.6959,3.23,0.316,586.9,233.1
2026-08-08T18:11:59.388552+00:00,1786212719.389,1642.53,27.84,9.6959,3.21,0.312,606.8,233.1
2026-08-08T18:11:59.595790+00:00,1786212719.596,1642.73,28.07,9.7003,3.20,-0.175,600.9,233.1
2026-08-08T18:11:59.828962+00:00,1786212719.829,1642.97,27.42,9.7003,3.18,0.000,592.9,233.1
2026-08-08T18:12:00.060392+00:00,1786212720.060,1643.20,26.16,9.7003,3.16,-0.183,551.0,233.1
2026-08-08T18:12:00.280242+00:00,1786212720.280,1643.42,28.11,9.7047,3.15,0.000,542.8,233.1
2026-08-08T18:12:00.499127+00:00,1786212720.499,1643.64,28.11,9.7047,3.15,0.000,539.3,233.1
2026-08-08T18:12:00.712281+00:00,1786212720.712,1643.85,29.11,9.7091,3.08,0.218,546.3,233.1
2026-08-08T18:12:00.944266+00:00,1786212720.944,1644.08,25.89,9.7091,3.05,-0.200,524.5,233.1
2026-08-08T18:12:01.163171+00:00,1786212721.163,1644.30,28.72,9.7091,3.04,0.150,516.4,233.1
2026-08-08T18:12:01.381340+00:00,1786212721.381,1644.52,28.72,9.7135,3.02,0.111,514.0,233.1
2026-08-08T18:12:01.612548+00:00,1786212721.613,1644.75,26.26,9.7135,3.00,-0.198,484.7,233.1
2026-08-08T18:12:01.850290+00:00,1786212721.850,1644.99,27.04,9.7179,2.98,-0.127,457.3,233.1
2026-08-08T18:12:02.081823+00:00,1786212722.082,1645.22,27.86,9.7179,2.93,0.054,441.1,233.1
2026-08-08T18:12:02.284991+00:00,1786212722.285,1645.42,27.86,9.7179,2.93,0.212,459.1,233.1
2026-08-08T18:12:02.531813+00:00,1786212722.532,1645.67,25.22,9.7223,2.83,-0.356,434.7,233.1
2026-08-08T18:12:02.764665+00:00,1786212722.765,1645.90,27.49,9.7223,2.75,-0.076,438.8,233.1
2026-08-08T18:12:02.997053+00:00,1786212722.997,1646.13,25.39,9.7267,2.67,-0.452,407.5,233.1
2026-08-08T18:12:03.214502+00:00,1786212723.214,1646.35,25.39,9.7267,2.64,-0.060,395.1,233.1
2026-08-08T18:12:03.429530+00:00,1786212723.430,1646.57,25.44,9.7267,2.60,-0.402,351.9,233.1
2026-08-08T18:12:03.649561+00:00,1786212723.650,1646.79,28.18,9.7311,2.56,-0.066,358.2,233.1
2026-08-08T18:12:04.043819+00:00,1786212724.044,1647.18,26.50,9.7311,2.51,0.000,341.1,233.1
2026-08-08T18:12:04.240161+00:00,1786212724.240,1647.38,25.53,9.7333,2.38,-0.175,314.9,233.1
2026-08-08T18:12:04.466262+00:00,1786212724.466,1647.60,27.80,9.7333,2.31,0.000,321.7,233.1
2026-08-08T18:12:04.685629+00:00,1786212724.686,1647.82,27.80,9.7377,2.27,0.000,323.4,233.1
2026-08-08T18:12:04.916127+00:00,1786212724.916,1648.05,25.23,9.7377,2.20,0.000,309.6,233.1
2026-08-08T18:12:05.131155+00:00,1786212725.131,1648.27,24.51,9.7377,2.16,-0.350,269.4,233.1
2026-08-08T18:12:05.352291+00:00,1786212725.352,1648.49,24.51,9.7421,2.09,-0.105,274.7,233.1
2026-08-08T18:12:05.801411+00:00,1786212725.801,1648.94,25.93,9.7465,2.06,0.058,273.0,233.1
2026-08-08T18:12:06.033025+00:00,1786212726.033,1649.17,25.61,9.7465,2.03,0.000,290.1,233.1
2026-08-08T18:12:06.233670+00:00,1786212726.234,1649.37,25.61,9.7465,2.03,-0.276,274.8,233.1
2026-08-08T18:12:06.437250+00:00,1786212726.437,1649.57,25.61,9.7487,2.03,-0.103,285.0,233.1
2026-08-08T18:12:06.634549+00:00,1786212726.635,1649.77,25.30,9.7487,2.02,0.000,279.1,233.1
2026-08-08T18:12:06.944344+00:00,1786212726.944,1650.08,25.39,9.7531,1.99,-0.270,259.8,222.0
2026-08-08T18:12:07.177208+00:00,1786212727.177,1650.31,25.39,9.7531,1.97,-0.268,251.6,222.0
2026-08-08T18:12:07.399200+00:00,1786212727.399,1650.54,25.15,9.7575,1.97,0.000,244.4,222.0
2026-08-08T18:12:07.619330+00:00,1786212727.619,1650.76,25.31,9.7575,1.98,0.089,242.3,222.0
2026-08-08T18:12:07.851433+00:00,1786212727.851,1650.99,25.31,9.7597,2.01,0.089,245.2,222.0
2026-08-08T18:12:08.086340+00:00,1786212728.086,1651.22,25.40,9.7597,2.04,-0.065,258.9,233.1
2026-08-08T18:12:08.504540+00:00,1786212728.505,1651.64,26.74,9.7641,2.15,0.127,274.3,233.1
2026-08-08T18:12:08.709264+00:00,1786212728.709,1651.85,26.74,9.7641,2.22,0.126,280.5,233.1
2026-08-08T18:12:08.998836+00:00,1786212728.999,1652.14,27.12,9.7685,2.27,0.164,293.5,233.1
2026-08-08T18:12:09.217896+00:00,1786212729.218,1652.35,25.39,9.7685,2.32,0.000,309.1,233.1
2026-08-08T18:12:09.435919+00:00,1786212729.436,1652.57,27.67,9.7729,2.34,0.254,333.8,233.1
2026-08-08T18:12:09.655102+00:00,1786212729.655,1652.79,27.67,9.7729,2.36,0.255,354.2,233.1
2026-08-08T18:12:09.886435+00:00,1786212729.886,1653.02,24.34,9.7729,2.41,-0.091,364.9,233.1
2026-08-08T18:12:10.107702+00:00,1786212730.108,1653.24,25.78,9.7773,2.43,0.052,385.0,233.1
2026-08-08T18:12:10.538144+00:00,1786212730.538,1653.67,25.85,9.7795,2.46,0.056,393.0,233.1
2026-08-08T18:12:10.809334+00:00,1786212730.809,1653.95,25.16,9.7795,2.51,0.000,392.8,233.1
2026-08-08T18:12:11.038786+00:00,1786212731.039,1654.18,27.25,9.7839,2.55,0.056,399.1,233.1
2026-08-08T18:12:11.264163+00:00,1786212731.264,1654.40,25.56,9.7839,2.57,-0.128,400.6,233.1
2026-08-08T18:12:11.460487+00:00,1786212731.460,1654.60,25.56,9.7839,2.60,-0.176,387.3,233.1
2026-08-08T18:12:11.813580+00:00,1786212731.814,1654.95,24.96,9.7861,2.64,0.000,381.4,233.1
2026-08-08T18:12:12.017335+00:00,1786212732.017,1655.15,27.13,9.7861,2.58,-0.058,372.5,233.1
2026-08-08T18:12:12.266367+00:00,1786212732.266,1655.40,23.82,9.7905,2.52,-0.410,352.9,233.1
2026-08-08T18:12:12.488910+00:00,1786212732.489,1655.63,25.68,9.7905,2.46,0.143,344.1,233.1
2026-08-08T18:12:12.712030+00:00,1786212732.712,1655.85,25.68,9.7949,2.42,0.000,327.6,233.1
2026-08-08T18:12:12.923264+00:00,1786212732.923,1656.06,26.32,9.7949,2.35,0.055,337.4,233.1
2026-08-08T18:12:13.158627+00:00,1786212733.159,1656.30,24.34,9.7949,2.28,-0.097,326.8,233.1
2026-08-08T18:12:13.378903+00:00,1786212733.379,1656.52,24.34,9.7993,2.21,-0.346,303.4,233.1
2026-08-08T18:12:13.578999+00:00,1786212733.579,1656.72,25.73,9.7993,2.21,0.000,301.8,233.1
2026-08-08T18:12:13.843449+00:00,1786212733.843,1656.98,25.50,9.8037,13.02,0.000,381.6,233.1
2026-08-08T18:12:14.075255+00:00,1786212734.075,1657.21,25.02,9.8037,20.24,0.000,527.1,255.3
2026-08-08T18:12:14.292018+00:00,1786212734.292,1657.43,25.02,9.8037,23.85,-0.258,689.4,255.3
2026-08-08T18:12:17.665409+00:00,1786212737.665,1660.80,27.82,9.8300,19.48,0.232,855.6,255.3
2026-08-08T18:12:17.900961+00:00,1786212737.901,1661.04,25.00,9.8300,15.81,-0.095,956.2,255.3
2026-08-08T18:12:18.128007+00:00,1786212738.128,1661.26,24.91,9.8300,8.47,-0.214,1014.4,255.3
2026-08-08T18:12:18.369060+00:00,1786212738.369,1661.51,25.99,9.8344,4.81,-0.095,1022.8,233.1
2026-08-08T18:12:18.577426+00:00,1786212738.577,1661.71,25.99,9.8344,1.11,0.000,1012.2,233.1
2026-08-08T18:12:18.812204+00:00,1786212738.812,1661.95,25.14,9.8388,1.05,0.154,1004.3,233.1
2026-08-08T18:12:19.012643+00:00,1786212739.013,1662.15,27.22,9.8388,1.05,0.129,1009.4,222.0
2026-08-08T18:12:19.279668+00:00,1786212739.280,1662.42,27.47,9.8388,1.05,0.154,1028.3,222.0
2026-08-08T18:12:19.506613+00:00,1786212739.507,1662.64,27.47,9.8432,1.06,0.285,1035.9,222.0
2026-08-08T18:12:19.707423+00:00,1786212739.707,1662.84,26.43,9.8432,1.11,-0.078,935.4,222.0
2026-08-08T18:12:19.908311+00:00,1786212739.908,1663.05,27.43,9.8432,1.16,0.000,786.9,222.0
2026-08-08T18:12:20.105350+00:00,1786212740.105,1663.24,27.43,9.8476,1.21,0.306,640.3,222.0
2026-08-08T18:12:20.311183+00:00,1786212740.311,1663.45,25.38,9.8476,1.28,0.059,466.5,222.0
2026-08-08T18:12:20.534887+00:00,1786212740.535,1663.67,27.39,9.8520,1.32,0.179,367.7,222.0
2026-08-08T18:12:20.771063+00:00,1786212740.771,1663.91,25.82,9.8520,1.39,0.000,322.0,222.0
2026-08-08T18:12:20.998480+00:00,1786212740.998,1664.14,25.82,9.8520,1.46,0.087,302.7,222.0
2026-08-08T18:12:21.219212+00:00,1786212741.219,1664.36,25.10,9.8564,1.54,-0.267,292.3,222.0
2026-08-08T18:12:21.445659+00:00,1786212741.446,1664.58,27.88,9.8564,1.62,0.053,296.2,222.0
2026-08-08T18:12:22.071127+00:00,1786212742.071,1665.21,27.80,9.8608,1.68,0.000,296.0,222.0
2026-08-08T18:12:22.365355+00:00,1786212742.365,1665.50,27.74,9.8630,1.75,0.137,301.8,222.0
2026-08-08T18:12:22.580830+00:00,1786212742.581,1665.72,25.27,9.8630,1.77,-0.225,279.0,222.0
2026-08-08T18:12:22.817099+00:00,1786212742.817,1665.95,27.55,9.8674,1.81,0.000,290.6,222.0
2026-08-08T18:12:23.018762+00:00,1786212743.019,1666.16,27.55,9.8674,1.81,0.222,308.4,222.0
2026-08-08T18:12:23.283519+00:00,1786212743.283,1666.42,26.83,9.8718,1.79,-0.057,293.6,222.0
2026-08-08T18:12:23.499622+00:00,1786212743.500,1666.64,27.46,9.8718,1.80,0.167,306.9,222.0
2026-08-08T18:12:23.735432+00:00,1786212743.735,1666.87,27.50,9.8762,1.77,0.171,310.7,222.0
2026-08-08T18:12:23.966987+00:00,1786212743.967,1667.10,27.36,9.8762,1.74,0.228,327.9,222.0
2026-08-08T18:12:24.183119+00:00,1786212744.183,1667.32,27.36,9.8762,1.73,-0.054,325.3,222.0
2026-08-08T18:12:24.400313+00:00,1786212744.400,1667.54,24.36,9.8806,1.71,-0.411,319.3,222.0
2026-08-08T18:12:24.599940+00:00,1786212744.600,1667.74,27.93,9.8806,1.64,0.000,316.8,222.0
2026-08-08T18:12:24.799896+00:00,1786212744.800,1667.94,27.93,9.8806,1.58,0.333,333.9,222.0
2026-08-08T18:12:24.996370+00:00,1786212744.996,1668.13,27.98,9.8850,1.53,0.055,328.0,222.0
2026-08-08T18:12:25.205666+00:00,1786212745.206,1668.34,26.02,9.8850,1.52,-0.194,328.1,222.0
2026-08-08T18:12:25.402206+00:00,1786212745.402,1668.54,31.38,9.8894,1.51,0.596,367.6,222.0
2026-08-08T18:12:25.605706+00:00,1786212745.606,1668.74,31.38,9.8894,1.50,0.517,390.3,222.0
2026-08-08T18:12:25.807437+00:00,1786212745.807,1668.94,26.26,9.8894,1.49,-0.167,381.3,222.0
2026-08-08T18:12:26.078711+00:00,1786212746.079,1669.22,26.01,9.8916,1.47,-0.177,358.7,222.0
2026-08-08T18:12:26.277572+00:00,1786212746.278,1669.41,29.58,9.8916,1.47,0.295,366.9,222.0
2026-08-08T18:12:26.527920+00:00,1786212746.528,1669.66,29.58,9.8960,1.43,0.682,394.3,222.0
2026-08-08T18:12:26.753596+00:00,1786212746.754,1669.89,27.60,9.8960,1.41,0.000,394.6,222.0
2026-08-08T18:12:26.984031+00:00,1786212746.984,1670.12,28.22,9.8960,1.39,0.000,416.5,222.0
2026-08-08T18:12:27.205629+00:00,1786212747.206,1670.34,30.62,9.9026,1.37,0.332,437.7,222.0
2026-08-08T18:12:27.458311+00:00,1786212747.458,1670.60,26.75,9.9026,1.35,0.090,420.8,222.0
2026-08-08T18:12:27.679495+00:00,1786212747.679,1670.82,26.75,9.9048,1.37,-0.565,385.5,222.0
2026-08-08T18:12:27.882338+00:00,1786212747.882,1671.02,27.69,9.9048,1.37,-0.450,372.2,222.0
2026-08-08T18:12:28.141133+00:00,1786212748.141,1671.28,27.34,9.9048,1.41,0.129,335.7,222.0
2026-08-08T18:12:28.376419+00:00,1786212748.376,1671.51,27.79,9.9114,1.41,0.215,309.4,222.0
2026-08-08T18:12:28.604677+00:00,1786212748.605,1671.74,27.30,9.9114,1.40,-0.272,304.3,222.0
2026-08-08T18:12:28.807955+00:00,1786212748.808,1671.94,27.30,9.9136,1.40,-0.277,299.8,222.0
2026-08-08T18:12:29.065951+00:00,1786212749.066,1672.20,27.57,9.9136,1.33,0.000,278.7,222.0
2026-08-08T18:12:29.287178+00:00,1786212749.287,1672.42,27.67,9.9180,1.28,-0.066,232.0,222.0
2026-08-08T18:12:29.505658+00:00,1786212749.506,1672.64,27.71,9.9180,1.26,-0.350,212.2,222.0
2026-08-08T18:12:29.739390+00:00,1786212749.739,1672.88,27.91,9.9180,1.23,0.140,217.9,222.0
2026-08-08T18:12:29.972923+00:00,1786212749.973,1673.11,28.00,9.9224,1.20,0.151,200.9,222.0
2026-08-08T18:12:30.188373+00:00,1786212750.188,1673.33,28.00,9.9224,1.19,0.000,196.5,222.0
2026-08-08T18:12:30.615625+00:00,1786212750.616,1673.75,27.93,9.9268,1.19,0.067,229.2,222.0
2026-08-08T18:12:30.882686+00:00,1786212750.883,1674.02,27.61,9.9312,1.14,0.000,251.0,222.0
2026-08-08T18:12:31.112033+00:00,1786212751.112,1674.25,27.76,9.9312,1.11,0.051,244.9,222.0
2026-08-08T18:12:31.337468+00:00,1786212751.337,1674.47,27.76,9.9312,1.07,0.051,232.9,222.0
2026-08-08T18:12:31.557633+00:00,1786212751.558,1674.69,27.55,9.9356,1.02,0.000,244.1,222.0
2026-08-08T18:12:31.789857+00:00,1786212751.790,1674.93,27.62,9.9356,0.97,0.000,255.2,222.0
2026-08-08T18:12:32.022384+00:00,1786212752.022,1675.16,27.85,9.9400,0.92,0.000,251.9,222.0
2026-08-08T18:12:32.222935+00:00,1786212752.223,1675.36,28.24,9.9400,0.92,0.000,253.0,222.0
2026-08-08T18:12:32.473732+00:00,1786212752.474,1675.61,28.24,9.9400,0.91,0.000,269.2,222.0
2026-08-08T18:12:32.689477+00:00,1786212752.689,1675.83,25.70,9.9444,0.92,-0.255,243.5,222.0
2026-08-08T18:12:32.886761+00:00,1786212752.887,1676.02,28.21,9.9444,0.92,0.000,233.1,222.0
2026-08-08T18:12:33.088333+00:00,1786212753.088,1676.23,29.77,9.9444,0.92,0.271,248.7,222.0
2026-08-08T18:12:33.288199+00:00,1786212753.288,1676.42,29.77,9.9488,0.93,0.255,259.9,222.0
2026-08-08T18:12:33.486557+00:00,1786212753.487,1676.62,27.81,9.9488,0.95,0.000,258.4,222.0
2026-08-08T18:12:33.690396+00:00,1786212753.690,1676.83,32.52,9.9532,0.97,0.648,301.9,222.0
2026-08-08T18:12:33.884619+00:00,1786212753.885,1677.02,32.52,9.9532,1.00,0.649,346.3,222.0
2026-08-08T18:12:34.082456+00:00,1786212754.082,1677.22,27.82,9.9532,1.04,0.000,346.9,222.0
2026-08-08T18:12:34.289038+00:00,1786212754.289,1677.43,27.81,9.9554,1.07,-0.058,345.0,222.0
2026-08-08T18:12:34.493703+00:00,1786212754.494,1677.63,27.81,9.9554,1.09,-0.059,343.3,222.0
2026-08-08T18:12:34.698714+00:00,1786212754.699,1677.84,27.54,9.9598,1.08,0.254,357.3,222.0
2026-08-08T18:12:34.899904+00:00,1786212754.900,1678.04,27.77,9.9598,1.07,-0.061,354.9,222.0
2026-08-08T18:12:35.102927+00:00,1786212755.103,1678.24,27.78,9.9598,1.09,-0.275,356.9,222.0
2026-08-08T18:12:35.319225+00:00,1786212755.319,1678.46,27.78,9.9642,1.14,-0.272,343.7,222.0
2026-08-08T18:12:35.540454+00:00,1786212755.540,1678.68,26.40,9.9642,1.19,-0.191,316.3,222.0
2026-08-08T18:12:35.763168+00:00,1786212755.763,1678.90,27.90,9.9686,1.21,-0.620,268.4,222.0
2026-08-08T18:12:35.992273+00:00,1786212755.992,1679.13,26.48,9.9686,1.26,-0.796,228.8,222.0
2026-08-08T18:12:36.209833+00:00,1786212756.210,1679.35,26.48,9.9686,1.27,-0.175,173.4,222.0
2026-08-08T18:12:36.429294+00:00,1786212756.429,1679.57,27.68,9.9730,1.31,0.000,128.4,222.0
2026-08-08T18:12:36.648685+00:00,1786212756.649,1679.79,26.17,9.9730,1.32,-0.212,118.0,222.0
2026-08-08T18:12:36.872821+00:00,1786212756.873,1680.01,28.08,9.9774,1.29,0.069,127.2,222.0
2026-08-08T18:12:37.093028+00:00,1786212757.093,1680.23,28.75,9.9774,1.27,0.124,140.2,222.0
2026-08-08T18:12:37.291890+00:00,1786212757.292,1680.43,28.75,9.9774,1.27,0.124,137.0,222.0
2026-08-08T18:12:37.536800+00:00,1786212757.537,1680.67,26.36,9.9818,1.35,-0.177,131.8,222.0
2026-08-08T18:12:37.764524+00:00,1786212757.764,1680.90,31.34,9.9818,1.43,0.617,192.4,222.0
2026-08-08T18:12:37.995330+00:00,1786212757.995,1681.13,26.05,9.9862,1.51,-0.230,196.3,222.0
2026-08-08T18:12:38.212838+00:00,1786212758.213,1681.35,28.17,9.9862,1.54,0.212,223.0,222.0
2026-08-08T18:12:38.427029+00:00,1786212758.427,1681.56,28.17,9.9862,1.55,0.212,271.3,222.0
2026-08-08T18:12:38.646604+00:00,1786212758.647,1681.78,28.18,9.9906,1.57,0.063,320.5,222.0
2026-08-08T18:12:38.840378+00:00,1786212758.840,1681.98,28.38,9.9906,1.57,0.281,350.1,222.0
2026-08-08T18:12:39.116082+00:00,1786212759.116,1682.25,28.37,9.9950,1.50,0.000,352.9,222.0
2026-08-08T18:12:39.344933+00:00,1786212759.345,1682.48,28.08,9.9950,1.46,-0.083,363.0,222.0
2026-08-08T18:12:39.561079+00:00,1786212759.561,1682.70,28.08,9.9950,1.42,-0.082,356.0,222.0
2026-08-08T18:12:39.781439+00:00,1786212759.781,1682.92,25.88,9.9994,1.39,-0.060,343.2,222.0
2026-08-08T18:12:39.979295+00:00,1786212759.979,1683.12,28.26,9.9994,1.32,-0.386,315.2,222.0
2026-08-08T18:12:40.173427+00:00,1786212760.173,1683.31,30.37,9.9994,1.34,0.550,362.1,222.0
2026-08-08T18:12:40.376691+00:00,1786212760.377,1683.51,30.37,10.0038,1.34,0.281,338.8,222.0
2026-08-08T18:12:40.660921+00:00,1786212760.661,1683.80,28.86,10.0038,1.35,0.086,357.8,222.0
2026-08-08T18:12:40.884804+00:00,1786212760.885,1684.02,31.84,10.0082,1.32,0.454,377.9,222.0
2026-08-08T18:12:41.113310+00:00,1786212761.113,1684.25,28.45,10.0082,1.29,0.000,364.4,222.0
2026-08-08T18:12:41.331785+00:00,1786212761.332,1684.47,26.99,10.0126,1.27,-0.173,347.6,222.0
2026-08-08T18:12:41.548343+00:00,1786212761.548,1684.69,28.63,10.0126,1.26,0.069,333.6,222.0
2026-08-08T18:12:41.781188+00:00,1786212761.781,1684.92,28.63,10.0126,1.23,0.069,335.2,222.0
2026-08-08T18:12:42.202864+00:00,1786212762.203,1685.34,28.93,10.0170,1.20,0.349,358.0,222.0
2026-08-08T18:12:42.397705+00:00,1786212762.398,1685.53,30.51,10.0170,1.18,0.259,379.1,222.0
2026-08-08T18:12:42.592914+00:00,1786212762.593,1685.73,30.51,10.0214,1.18,0.000,386.8,222.0
2026-08-08T18:12:42.799266+00:00,1786212762.799,1685.94,28.92,10.0214,1.22,-0.166,398.6,222.0
2026-08-08T18:12:43.027853+00:00,1786212763.028,1686.16,34.06,10.0258,1.22,0.610,411.5,222.0
2026-08-08T18:12:43.226577+00:00,1786212763.227,1686.36,28.93,10.0258,1.22,-0.345,372.5,222.0
2026-08-08T18:12:43.476446+00:00,1786212763.476,1686.61,28.60,10.0258,1.27,0.000,366.5,222.0
2026-08-08T18:12:43.673404+00:00,1786212763.673,1686.81,28.60,10.0302,1.27,0.190,343.6,222.0
2026-08-08T18:12:44.023197+00:00,1786212764.023,1687.16,28.55,10.0302,1.17,0.000,342.6,222.0
2026-08-08T18:12:44.248301+00:00,1786212764.248,1687.39,28.55,10.0346,1.11,0.000,352.2,222.0
2026-08-08T18:12:44.467103+00:00,1786212764.467,1687.60,26.87,10.0346,1.07,-0.253,331.3,222.0
2026-08-08T18:12:44.690152+00:00,1786212764.690,1687.83,28.71,10.0390,1.01,-0.218,313.5,222.0
2026-08-08T18:12:44.919417+00:00,1786212764.919,1688.06,31.83,10.0390,0.94,0.158,305.6,222.0
2026-08-08T18:12:45.135112+00:00,1786212765.135,1688.27,28.58,10.0434,0.91,0.000,284.9,222.0
2026-08-08T18:12:45.351917+00:00,1786212765.352,1688.49,32.00,10.0434,0.89,-0.246,269.1,222.0
2026-08-08T18:12:45.567362+00:00,1786212765.567,1688.70,32.00,10.0434,0.90,0.365,302.3,222.0
2026-08-08T18:12:46.004066+00:00,1786212766.004,1689.14,28.48,10.0478,0.90,0.000,250.3,222.0
2026-08-08T18:12:46.199325+00:00,1786212766.199,1689.34,30.95,10.0522,0.86,0.258,284.4,222.0
2026-08-08T18:12:46.503838+00:00,1786212766.504,1689.64,27.38,10.0522,0.86,-0.131,272.2,222.0
2026-08-08T18:12:46.737657+00:00,1786212766.738,1689.87,29.95,10.0566,0.90,0.157,269.1,222.0
2026-08-08T18:12:46.968562+00:00,1786212766.969,1690.11,30.32,10.0566,0.91,0.384,291.5,222.0
2026-08-08T18:12:47.185018+00:00,1786212767.185,1690.32,30.32,10.0566,0.90,0.179,302.6,222.0
2026-08-08T18:12:47.430787+00:00,1786212767.431,1690.57,27.58,10.0610,0.88,-0.471,289.9,222.0
2026-08-08T18:12:47.655777+00:00,1786212767.656,1690.79,30.58,10.0610,0.91,0.220,316.5,222.0
2026-08-08T18:12:48.099678+00:00,1786212768.100,1691.24,30.34,10.0653,0.91,-0.168,294.4,222.0
2026-08-08T18:12:48.360885+00:00,1786212768.361,1691.50,30.08,10.0697,0.94,-0.192,285.7,222.0
2026-08-08T18:12:48.596008+00:00,1786212768.596,1691.73,30.12,10.0697,0.97,0.176,309.0,222.0
2026-08-08T18:12:48.823605+00:00,1786212768.824,1691.96,29.86,10.0697,0.99,-0.115,277.6,222.0
2026-08-08T18:12:49.055588+00:00,1786212769.056,1692.19,29.86,10.0741,1.02,0.271,296.2,222.0
2026-08-08T18:12:49.271422+00:00,1786212769.271,1692.41,29.97,10.0741,1.03,0.000,281.0,222.0
2026-08-08T18:12:49.487816+00:00,1786212769.488,1692.62,30.92,10.0785,1.04,0.065,298.4,222.0
2026-08-08T18:12:49.878256+00:00,1786212769.878,1693.01,30.62,10.0785,1.06,0.000,292.0,222.0
2026-08-08T18:12:50.174625+00:00,1786212770.175,1693.31,28.49,10.0829,1.07,0.092,273.6,222.0
2026-08-08T18:12:50.391752+00:00,1786212770.392,1693.53,31.24,10.0829,1.08,0.067,270.3,222.0
2026-08-08T18:12:50.597235+00:00,1786212770.597,1693.73,31.24,10.0873,1.08,0.100,308.3,222.0
2026-08-08T18:12:50.834977+00:00,1786212770.835,1693.97,29.90,10.0873,1.06,0.000,295.9,222.0
2026-08-08T18:12:51.055987+00:00,1786212771.056,1694.19,29.16,10.0873,1.04,-0.108,299.3,222.0
2026-08-08T18:12:51.274819+00:00,1786212771.275,1694.41,31.21,10.0917,1.03,0.153,322.2,222.0
2026-08-08T18:12:51.490392+00:00,1786212771.490,1694.63,28.97,10.0917,1.02,-0.102,305.3,222.0
2026-08-08T18:12:51.707184+00:00,1786212771.707,1694.84,28.97,10.0961,1.01,-0.114,304.4,222.0
2026-08-08T18:12:51.907371+00:00,1786212771.907,1695.04,27.07,10.0961,1.01,-0.441,262.0,222.0
2026-08-08T18:12:52.103290+00:00,1786212772.103,1695.24,28.52,10.0961,1.00,-0.262,245.3,222.0
2026-08-08T18:12:52.383995+00:00,1786212772.384,1695.52,29.36,10.1027,1.03,0.110,245.2,222.0
2026-08-08T18:12:52.612279+00:00,1786212772.612,1695.75,28.30,10.1027,1.06,-0.368,221.8,222.0
2026-08-08T18:12:52.843387+00:00,1786212772.843,1695.98,31.30,10.1071,1.09,0.000,221.1,222.0
2026-08-08T18:12:53.059016+00:00,1786212773.059,1696.20,31.56,10.1071,1.11,0.208,230.5,222.0
2026-08-08T18:12:53.273392+00:00,1786212773.273,1696.41,31.56,10.1071,1.12,0.300,243.6,222.0
2026-08-08T18:12:53.492779+00:00,1786212773.493,1696.63,28.48,10.1115,1.14,-0.342,223.6,222.0
2026-08-08T18:12:53.888747+00:00,1786212773.889,1697.03,30.87,10.1159,1.13,0.220,246.1,222.0
2026-08-08T18:12:54.194439+00:00,1786212774.194,1697.33,27.97,10.1159,1.07,-0.112,226.6,222.0
2026-08-08T18:12:54.409340+00:00,1786212774.409,1697.55,30.92,10.1203,1.06,0.427,260.9,222.0
2026-08-08T18:12:54.629530+00:00,1786212774.630,1697.77,30.92,10.1203,1.04,0.263,286.0,222.0
2026-08-08T18:12:54.827883+00:00,1786212774.828,1697.96,27.91,10.1203,1.04,-0.165,301.5,222.0
2026-08-08T18:12:55.088532+00:00,1786212775.089,1698.23,28.58,10.1247,1.03,0.000,316.3,222.0
2026-08-08T18:12:55.291005+00:00,1786212775.291,1698.43,30.94,10.1247,1.03,0.000,312.4,222.0
2026-08-08T18:12:55.489779+00:00,1786212775.490,1698.63,29.20,10.1269,1.03,-0.269,318.3,222.0
2026-08-08T18:12:55.690772+00:00,1786212775.691,1698.83,29.20,10.1269,1.00,-0.271,299.1,222.0
2026-08-08T18:12:55.894300+00:00,1786212775.894,1699.03,30.59,10.1269,0.96,0.244,297.8,222.0
2026-08-08T18:12:56.113032+00:00,1786212776.113,1699.25,30.14,10.1335,0.93,-0.091,270.2,222.0
2026-08-08T18:12:56.348739+00:00,1786212776.349,1699.49,28.03,10.1335,0.89,0.000,286.1,222.0
2026-08-08T18:12:56.576890+00:00,1786212776.577,1699.71,29.23,10.1379,0.85,-0.216,255.7,222.0
2026-08-08T18:12:56.812916+00:00,1786212776.813,1699.95,29.23,10.1379,0.80,-0.214,248.9,222.0
2026-08-08T18:12:57.014123+00:00,1786212777.014,1700.15,27.58,10.1379,0.80,0.000,216.4,222.0
2026-08-08T18:12:57.275301+00:00,1786212777.275,1700.41,27.93,10.1423,0.84,-0.082,190.2,222.0
2026-08-08T18:12:57.493731+00:00,1786212777.494,1700.63,30.39,10.1423,0.86,-0.069,196.7,222.0
2026-08-08T18:12:57.716320+00:00,1786212777.716,1700.85,27.82,10.1467,0.87,-0.173,185.0,222.0
2026-08-08T18:12:57.944826+00:00,1786212777.945,1701.08,30.95,10.1467,0.88,0.215,196.3,222.0
2026-08-08T18:12:58.161966+00:00,1786212778.162,1701.30,30.95,10.1467,0.89,0.000,212.7,222.0
2026-08-08T18:12:58.381648+00:00,1786212778.382,1701.52,28.46,10.1511,0.90,-0.206,214.7,222.0
2026-08-08T18:12:58.578093+00:00,1786212778.578,1701.71,28.75,10.1511,0.90,0.090,202.1,222.0
2026-08-08T18:12:58.833354+00:00,1786212778.833,1701.97,28.32,10.1555,1.01,-0.112,199.5,222.0
2026-08-08T18:12:59.064019+00:00,1786212779.064,1702.20,28.41,10.1555,1.08,-0.102,196.1,222.0
2026-08-08T18:12:59.280052+00:00,1786212779.280,1702.42,31.32,10.1555,1.11,0.459,241.6,222.0
2026-08-08T18:12:59.495846+00:00,1786212779.496,1702.63,31.32,10.1599,1.14,0.425,285.6,222.0
2026-08-08T18:12:59.731895+00:00,1786212779.732,1702.87,28.28,10.1599,1.21,-0.261,276.0,222.0
2026-08-08T18:12:59.963691+00:00,1786212779.964,1703.10,31.32,10.1643,1.28,0.432,315.7,222.0
2026-08-08T18:13:00.167495+00:00,1786212780.167,1703.30,30.52,10.1643,1.28,-0.054,320.9,222.0
2026-08-08T18:13:00.373688+00:00,1786212780.374,1703.51,29.05,10.1643,1.29,-0.239,322.3,222.0
2026-08-08T18:13:00.647009+00:00,1786212780.647,1703.78,30.45,10.1687,1.25,0.245,326.7,222.0
2026-08-08T18:13:00.873250+00:00,1786212780.873,1704.01,30.45,10.1687,1.23,0.207,341.5,222.0
2026-08-08T18:13:01.079723+00:00,1786212781.080,1704.22,29.38,10.1731,1.22,0.131,364.4,222.0
2026-08-08T18:13:01.298783+00:00,1786212781.299,1704.44,28.74,10.1731,1.21,0.000,362.2,222.0
2026-08-08T18:13:01.514683+00:00,1786212781.515,1704.65,27.76,10.1731,1.20,-0.443,345.6,222.0
2026-08-08T18:13:01.753921+00:00,1786212781.754,1704.89,28.81,10.1775,1.17,-0.309,335.5,222.0
2026-08-08T18:13:01.982252+00:00,1786212781.982,1705.12,28.81,10.1775,1.15,0.065,308.1,222.0
2026-08-08T18:13:02.199127+00:00,1786212782.199,1705.34,27.02,10.1819,1.12,-0.533,248.3,222.0
2026-08-08T18:13:02.416973+00:00,1786212782.417,1705.55,28.56,10.1819,1.09,-0.242,248.5,222.0
2026-08-08T18:13:02.618292+00:00,1786212782.618,1705.76,29.79,10.1819,1.09,0.092,223.5,222.0
2026-08-08T18:13:02.880363+00:00,1786212782.880,1706.02,28.23,10.1863,1.01,-0.277,205.7,222.0
2026-08-08T18:13:03.099405+00:00,1786212783.099,1706.24,28.23,10.1863,0.96,-0.278,199.8,222.0
2026-08-08T18:13:03.317090+00:00,1786212783.317,1706.45,28.32,10.1907,0.91,-0.132,171.9,222.0
2026-08-08T18:13:03.534269+00:00,1786212783.534,1706.67,28.34,10.1907,0.89,0.000,153.5,222.0
2026-08-08T18:13:03.769530+00:00,1786212783.770,1706.91,26.59,10.1907,0.87,-0.144,131.8,222.0
2026-08-08T18:13:04.003136+00:00,1786212784.003,1707.14,28.07,10.1951,0.88,-0.091,123.0,222.0
2026-08-08T18:13:04.201297+00:00,1786212784.201,1707.34,28.07,10.1951,0.88,-0.092,139.3,222.0
2026-08-08T18:13:04.455414+00:00,1786212784.455,1707.59,28.12,10.1995,0.97,0.135,161.0,222.0
2026-08-08T18:13:04.687320+00:00,1786212784.687,1707.82,27.83,10.1995,1.02,-0.090,150.0,222.0
2026-08-08T18:13:04.920136+00:00,1786212784.920,1708.06,30.41,10.1995,1.08,0.074,186.5,222.0
2026-08-08T18:13:05.140661+00:00,1786212785.141,1708.28,27.87,10.2039,1.13,0.000,199.3,222.0
2026-08-08T18:13:05.369041+00:00,1786212785.369,1708.51,30.73,10.2039,1.19,0.306,214.5,222.0
2026-08-08T18:13:05.586747+00:00,1786212785.587,1708.72,30.73,10.2083,1.22,0.296,252.7,222.0
2026-08-08T18:13:05.779299+00:00,1786212785.779,1708.92,27.94,10.2083,1.22,0.000,269.7,222.0
2026-08-08T18:13:06.055812+00:00,1786212786.056,1709.19,27.87,10.2083,1.24,0.156,287.7,222.0
2026-08-08T18:13:06.274216+00:00,1786212786.274,1709.41,28.20,10.2149,1.25,0.000,290.8,222.0
2026-08-08T18:13:06.473574+00:00,1786212786.474,1709.61,28.57,10.2149,1.28,0.061,307.9,222.0
2026-08-08T18:13:06.677789+00:00,1786212786.678,1709.81,28.57,10.2149,1.28,0.056,320.2,222.0
2026-08-08T18:13:06.874985+00:00,1786212786.875,1710.01,29.86,10.2193,1.31,0.258,346.6,222.0
2026-08-08T18:13:07.080302+00:00,1786212787.080,1710.22,28.87,10.2193,1.33,-0.198,332.6,222.0
2026-08-08T18:13:07.284967+00:00,1786212787.285,1710.42,28.87,10.2215,1.36,0.129,349.2,222.0
2026-08-08T18:13:07.477535+00:00,1786212787.478,1710.61,28.05,10.2215,1.36,-0.353,324.9,222.0
2026-08-08T18:13:07.739169+00:00,1786212787.739,1710.88,27.53,10.2215,1.34,-0.414,304.3,222.0
2026-08-08T18:13:07.974999+00:00,1786212787.975,1711.11,26.19,10.2259,1.32,-0.221,269.8,222.0
2026-08-08T18:13:08.173067+00:00,1786212788.173,1711.31,27.87,10.2259,1.32,0.000,248.9,222.0
2026-08-08T18:13:08.432175+00:00,1786212788.432,1711.57,27.87,10.2303,1.28,0.000,249.4,222.0
2026-08-08T18:13:08.655206+00:00,1786212788.655,1711.79,27.56,10.2303,1.26,-0.129,233.9,222.0
2026-08-08T18:13:08.854396+00:00,1786212788.854,1711.99,27.75,10.2303,1.26,-0.105,227.8,222.0
2026-08-08T18:13:09.051884+00:00,1786212789.052,1712.19,29.64,10.2347,1.26,0.000,225.9,222.0
2026-08-08T18:13:09.249504+00:00,1786212789.249,1712.39,29.64,10.2347,1.24,0.099,229.6,222.0
2026-08-08T18:13:09.453101+00:00,1786212789.453,1712.59,27.34,10.2391,1.23,-0.195,200.2,222.0
2026-08-08T18:13:09.676683+00:00,1786212789.677,1712.81,27.81,10.2391,1.24,0.000,208.8,222.0
2026-08-08T18:13:09.907107+00:00,1786212789.907,1713.04,27.83,10.2391,1.22,0.000,198.9,222.0
2026-08-08T18:13:10.125488+00:00,1786212790.125,1713.26,27.83,10.2435,1.20,0.211,227.6,222.0
2026-08-08T18:13:10.339638+00:00,1786212790.340,1713.48,26.44,10.2435,1.19,-0.183,237.5,222.0
2026-08-08T18:13:10.555377+00:00,1786212790.555,1713.69,27.73,10.2479,1.19,0.000,249.5,222.0
2026-08-08T18:13:10.775920+00:00,1786212790.776,1713.91,28.77,10.2479,1.18,0.157,258.2,222.0
2026-08-08T18:13:11.005262+00:00,1786212791.005,1714.14,28.77,10.2479,1.16,0.131,265.6,222.0
2026-08-08T18:13:11.227406+00:00,1786212791.227,1714.36,26.14,10.2523,1.14,-0.447,247.0,222.0
2026-08-08T18:13:11.446574+00:00,1786212791.447,1714.58,26.51,10.2523,1.13,-0.396,229.6,222.0
2026-08-08T18:13:11.657430+00:00,1786212791.657,1714.79,27.46,10.2567,1.12,0.000,225.2,222.0
2026-08-08T18:13:11.856683+00:00,1786212791.857,1714.99,27.46,10.2567,1.12,0.000,215.3,222.0
2026-08-08T18:13:12.056757+00:00,1786212792.057,1715.19,27.77,10.2567,1.13,0.000,225.1,222.0
2026-08-08T18:13:12.337800+00:00,1786212792.338,1715.47,28.62,10.2589,1.18,0.100,231.2,222.0
2026-08-08T18:13:12.557933+00:00,1786212792.558,1715.69,28.08,10.2589,1.21,0.206,242.6,222.0
2026-08-08T18:13:12.782314+00:00,1786212792.782,1715.92,27.71,10.2655,1.23,0.000,231.4,222.0
2026-08-08T18:13:12.979476+00:00,1786212792.979,1716.12,27.71,10.2655,1.24,-0.132,235.8,222.0
2026-08-08T18:13:13.174708+00:00,1786212793.175,1716.31,27.65,10.2655,1.25,-0.142,228.6,222.0
2026-08-08T18:13:13.378750+00:00,1786212793.379,1716.52,28.19,10.2677,1.28,0.264,234.4,222.0
2026-08-08T18:13:13.580726+00:00,1786212793.581,1716.72,28.19,10.2677,1.32,0.219,239.7,222.0
2026-08-08T18:13:13.783742+00:00,1786212793.784,1716.92,29.41,10.2721,1.38,0.255,283.3,222.0
2026-08-08T18:13:13.979432+00:00,1786212793.979,1717.12,27.12,10.2721,1.41,0.000,306.7,222.0
2026-08-08T18:13:14.271455+00:00,1786212794.271,1717.41,26.18,10.2721,1.47,-0.200,298.0,222.0
2026-08-08T18:13:14.498201+00:00,1786212794.498,1717.63,27.57,10.2765,1.51,-0.135,294.5,222.0
2026-08-08T18:13:14.728467+00:00,1786212794.728,1717.87,27.57,10.2765,1.53,-0.066,294.3,222.0
2026-08-08T18:13:14.959120+00:00,1786212794.959,1718.10,25.99,10.2809,1.54,-0.221,277.3,222.0
2026-08-08T18:13:15.177309+00:00,1786212795.177,1718.31,27.84,10.2809,1.56,0.000,268.9,222.0
2026-08-08T18:13:15.394984+00:00,1786212795.395,1718.53,28.21,10.2853,1.57,0.070,276.5,222.0
2026-08-08T18:13:15.614412+00:00,1786212795.614,1718.75,28.21,10.2853,1.58,0.000,287.4,222.0
2026-08-08T18:13:15.849162+00:00,1786212795.849,1718.99,25.74,10.2853,1.61,-0.300,280.6,222.0
2026-08-08T18:13:16.081712+00:00,1786212796.082,1719.22,28.63,10.2897,1.65,-0.094,265.2,222.0
2026-08-08T18:13:16.619971+00:00,1786212796.620,1719.76,27.70,10.2919,1.69,0.061,259.2,222.0
2026-08-08T18:13:16.824937+00:00,1786212796.825,1719.96,28.70,10.2919,1.69,0.274,261.7,222.0
2026-08-08T18:13:17.021366+00:00,1786212797.021,1720.16,28.70,10.2963,1.69,0.124,273.5,222.0
2026-08-08T18:13:17.224581+00:00,1786212797.225,1720.36,27.22,10.2963,1.68,0.000,287.0,222.0
2026-08-08T18:13:17.428111+00:00,1786212797.428,1720.56,31.81,10.2963,1.66,0.655,342.6,222.0
2026-08-08T18:13:17.624157+00:00,1786212797.624,1720.76,31.81,10.3007,1.61,0.451,381.5,222.0
2026-08-08T18:13:17.827451+00:00,1786212797.827,1720.96,26.93,10.3007,1.57,-0.146,386.5,222.0
2026-08-08T18:13:18.052767+00:00,1786212798.053,1721.19,26.91,10.3029,1.52,-0.148,377.1,222.0
2026-08-08T18:13:18.280657+00:00,1786212798.281,1721.42,26.91,10.3029,1.46,0.134,377.3,222.0
2026-08-08T18:13:18.512233+00:00,1786212798.512,1721.65,26.91,10.3073,1.37,-0.197,363.4,222.0
2026-08-08T18:13:18.734216+00:00,1786212798.734,1721.87,26.18,10.3073,1.33,-0.199,366.5,222.0
2026-08-08T18:13:18.962850+00:00,1786212798.963,1722.10,25.35,10.3073,1.25,-0.435,342.3,222.0
2026-08-08T18:13:19.183912+00:00,1786212799.184,1722.32,26.88,10.3116,1.21,-0.233,321.5,222.0
2026-08-08T18:13:19.398653+00:00,1786212799.399,1722.54,26.88,10.3116,1.17,0.000,299.1,222.0
2026-08-08T18:13:19.596195+00:00,1786212799.596,1722.73,25.97,10.3160,1.17,-0.748,246.3,222.0
2026-08-08T18:13:19.799452+00:00,1786212799.799,1722.94,28.03,10.3160,1.15,-0.483,216.6,222.0
2026-08-08T18:13:20.000400+00:00,1786212800.000,1723.14,28.03,10.3160,1.17,0.140,173.4,222.0
2026-08-08T18:13:20.292803+00:00,1786212800.293,1723.43,28.43,10.3204,1.13,0.188,145.9,222.0
2026-08-08T18:13:20.514721+00:00,1786212800.515,1723.65,25.95,10.3204,1.10,-0.120,142.2,222.0
2026-08-08T18:13:20.738925+00:00,1786212800.739,1723.88,28.36,10.3248,1.09,0.181,157.9,222.0
2026-08-08T18:13:20.938337+00:00,1786212800.938,1724.08,27.21,10.3248,1.09,0.129,154.9,222.0
2026-08-08T18:13:21.197505+00:00,1786212801.197,1724.33,27.21,10.3248,1.18,0.231,175.9,222.0
2026-08-08T18:13:21.420381+00:00,1786212801.420,1724.56,27.78,10.3292,1.23,0.111,193.0,222.0
2026-08-08T18:13:21.637965+00:00,1786212801.638,1724.77,25.99,10.3292,1.26,-0.112,209.6,222.0
2026-08-08T18:13:21.860642+00:00,1786212801.861,1725.00,27.26,10.3336,1.28,0.158,231.0,222.0
2026-08-08T18:13:22.053319+00:00,1786212802.053,1725.19,27.26,10.3336,1.28,-0.095,227.5,222.0
2026-08-08T18:13:22.259534+00:00,1786212802.260,1725.40,27.03,10.3336,1.27,-0.123,260.7,222.0
2026-08-08T18:13:22.529605+00:00,1786212802.530,1725.67,26.31,10.3358,1.30,-0.263,272.4,222.0
2026-08-08T18:13:22.752327+00:00,1786212802.752,1725.89,28.06,10.3358,1.29,0.262,280.1,222.0
2026-08-08T18:13:22.987456+00:00,1786212802.987,1726.12,26.70,10.3402,1.25,-0.205,257.9,222.0
2026-08-08T18:13:23.200681+00:00,1786212803.201,1726.34,26.70,10.3402,1.22,-0.063,262.7,222.0
2026-08-08T18:13:23.416640+00:00,1786212803.417,1726.55,25.75,10.3446,1.21,-0.183,241.4,222.0
2026-08-08T18:13:23.635429+00:00,1786212803.635,1726.77,28.32,10.3446,1.20,0.068,240.9,222.0
2026-08-08T18:13:23.837146+00:00,1786212803.837,1726.97,29.64,10.3446,1.20,0.461,258.8,222.0
2026-08-08T18:13:24.035439+00:00,1786212804.035,1727.17,29.64,10.3490,1.20,0.304,272.6,222.0
2026-08-08T18:13:24.240220+00:00,1786212804.240,1727.38,27.94,10.3490,1.20,0.087,285.0,222.0
2026-08-08T18:13:24.446057+00:00,1786212804.446,1727.58,29.48,10.3534,1.18,0.310,296.6,222.0
2026-08-08T18:13:24.762334+00:00,1786212804.762,1727.90,25.88,10.3534,1.15,-0.054,295.9,222.0
2026-08-08T18:13:24.987074+00:00,1786212804.987,1728.12,27.17,10.3578,1.14,-0.110,295.6,222.0
2026-08-08T18:13:25.202189+00:00,1786212805.202,1728.34,27.17,10.3578,1.16,0.059,311.9,222.0
2026-08-08T18:13:25.419719+00:00,1786212805.420,1728.56,26.45,10.3578,1.20,0.000,294.8,222.0
2026-08-08T18:13:25.638703+00:00,1786212805.639,1728.78,27.63,10.3622,1.22,0.235,318.9,222.0
2026-08-08T18:13:25.872529+00:00,1786212805.873,1729.01,28.53,10.3622,1.25,0.000,324.9,222.0
2026-08-08T18:13:26.286603+00:00,1786212806.287,1729.42,26.13,10.3644,1.26,-0.397,314.8,222.0
2026-08-08T18:13:26.492570+00:00,1786212806.493,1729.63,29.80,10.3644,1.27,0.000,313.9,222.0
2026-08-08T18:13:26.864108+00:00,1786212806.864,1730.00,28.35,10.3710,1.31,0.000,286.7,222.0
2026-08-08T18:13:27.065398+00:00,1786212807.065,1730.20,29.71,10.3710,1.32,0.000,270.6,222.0
2026-08-08T18:13:27.315222+00:00,1786212807.315,1730.45,31.10,10.3732,1.34,0.569,306.2,222.0
2026-08-08T18:13:27.536775+00:00,1786212807.537,1730.67,27.21,10.3732,1.38,0.000,287.2,222.0
2026-08-08T18:13:27.760370+00:00,1786212807.760,1730.90,27.21,10.3776,1.39,0.000,293.7,222.0
2026-08-08T18:13:27.986285+00:00,1786212807.986,1731.12,25.92,10.3776,1.41,-0.057,297.3,222.0
2026-08-08T18:13:28.205387+00:00,1786212808.205,1731.34,27.05,10.3820,1.42,-0.063,293.1,222.0
2026-08-08T18:13:28.424945+00:00,1786212808.425,1731.56,28.34,10.3820,1.44,0.000,297.8,222.0
2026-08-08T18:13:28.644778+00:00,1786212808.645,1731.78,28.74,10.3820,1.45,0.307,306.0,222.0
2026-08-08T18:13:29.078745+00:00,1786212809.079,1732.22,31.36,10.3864,1.46,0.168,322.6,222.0
2026-08-08T18:13:29.280548+00:00,1786212809.281,1732.42,29.91,10.3908,1.47,0.178,360.2,222.0
2026-08-08T18:13:29.568715+00:00,1786212809.569,1732.71,28.13,10.3908,1.51,-0.176,350.4,222.0
2026-08-08T18:13:29.791918+00:00,1786212809.792,1732.93,27.56,10.3952,1.54,-0.397,330.3,222.0
2026-08-08T18:13:30.023838+00:00,1786212810.024,1733.16,27.92,10.3952,1.57,0.080,334.2,222.0
2026-08-08T18:13:30.240551+00:00,1786212810.241,1733.38,27.92,10.3952,1.58,0.080,301.8,222.0
2026-08-08T18:13:30.458989+00:00,1786212810.459,1733.60,26.47,10.3996,1.61,0.061,305.8,222.0
2026-08-08T18:13:30.677116+00:00,1786212810.677,1733.81,28.26,10.3996,1.63,0.136,317.0,222.0
2026-08-08T18:13:31.113103+00:00,1786212811.113,1734.25,30.08,10.4040,1.63,0.180,338.5,222.0
2026-08-08T18:13:31.318194+00:00,1786212811.318,1734.45,28.14,10.4040,1.61,-0.062,341.7,222.0
2026-08-08T18:13:31.614264+00:00,1786212811.614,1734.75,30.32,10.4062,1.55,-0.114,339.3,222.0
2026-08-08T18:13:31.843446+00:00,1786212811.843,1734.98,27.66,10.4062,1.51,-0.243,308.2,222.0
2026-08-08T18:13:32.062329+00:00,1786212812.062,1735.20,28.28,10.4128,1.48,0.000,293.4,222.0
2026-08-08T18:13:32.278890+00:00,1786212812.279,1735.42,28.13,10.4128,1.46,0.063,283.7,222.0
2026-08-08T18:13:32.483134+00:00,1786212812.483,1735.62,28.13,10.4150,1.43,0.000,292.5,222.0
2026-08-08T18:13:32.679138+00:00,1786212812.679,1735.82,28.55,10.4150,1.40,0.072,317.7,222.0
2026-08-08T18:13:32.877561+00:00,1786212812.878,1736.01,29.74,10.4150,1.38,0.376,335.9,222.0
2026-08-08T18:13:33.173195+00:00,1786212813.173,1736.31,28.57,10.4194,1.28,0.000,329.8,222.0
2026-08-08T18:13:33.392951+00:00,1786212813.393,1736.53,28.24,10.4194,1.21,-0.224,313.5,222.0
2026-08-08T18:13:33.613448+00:00,1786212813.613,1736.75,28.24,10.4238,1.18,0.000,302.0,222.0
2026-08-08T18:13:33.843784+00:00,1786212813.844,1736.98,28.55,10.4238,1.11,-0.222,272.1,222.0
2026-08-08T18:13:34.062707+00:00,1786212814.063,1737.20,26.83,10.4238,1.08,-0.104,263.5,222.0
2026-08-08T18:13:34.282891+00:00,1786212814.283,1737.42,28.50,10.4304,1.01,0.000,262.3,222.0
2026-08-08T18:13:34.477147+00:00,1786212814.477,1737.61,29.67,10.4304,1.01,0.194,284.7,222.0
2026-08-08T18:13:34.750766+00:00,1786212814.751,1737.89,28.18,10.4348,1.08,0.000,280.8,222.0
2026-08-08T18:13:34.978785+00:00,1786212814.979,1738.12,28.18,10.4348,1.13,0.000,274.4,222.0
2026-08-08T18:13:35.195936+00:00,1786212815.196,1738.33,28.25,10.4348,1.16,-0.179,262.4,222.0
2026-08-08T18:13:35.416257+00:00,1786212815.416,1738.55,27.96,10.4392,1.21,-0.076,251.8,222.0
2026-08-08T18:13:35.647079+00:00,1786212815.647,1738.78,26.79,10.4392,1.26,-0.179,215.7,222.0
2026-08-08T18:13:35.880184+00:00,1786212815.880,1739.02,28.01,10.4436,1.32,0.000,215.2,222.0
2026-08-08T18:13:36.081385+00:00,1786212816.081,1739.22,28.01,10.4436,1.32,-0.066,224.4,222.0
2026-08-08T18:13:36.330807+00:00,1786212816.331,1739.47,28.11,10.4436,1.31,0.157,233.9,222.0
2026-08-08T18:13:36.548582+00:00,1786212816.549,1739.69,27.73,10.4480,1.32,-0.095,241.7,222.0
2026-08-08T18:13:36.747506+00:00,1786212816.747,1739.88,28.93,10.4480,1.32,-0.090,247.2,222.0
2026-08-08T18:13:37.008060+00:00,1786212817.008,1740.14,28.93,10.4502,1.38,0.092,256.3,222.0
2026-08-08T18:13:37.229099+00:00,1786212817.229,1740.37,25.51,10.4502,1.41,-0.330,226.9,222.0
2026-08-08T18:13:37.448455+00:00,1786212817.448,1740.59,28.14,10.4502,1.43,0.000,230.0,222.0
2026-08-08T18:13:37.667242+00:00,1786212817.667,1740.80,26.21,10.4546,1.46,-0.216,219.3,222.0
2026-08-08T18:13:37.900708+00:00,1786212817.901,1741.04,27.18,10.4546,1.43,0.000,230.0,222.0
2026-08-08T18:13:38.119131+00:00,1786212818.119,1741.26,27.18,10.4590,1.41,-0.104,229.3,222.0
2026-08-08T18:13:38.316311+00:00,1786212818.316,1741.45,29.47,10.4590,1.39,0.180,253.8,222.0
2026-08-08T18:13:38.520709+00:00,1786212818.521,1741.66,27.62,10.4590,1.36,-0.063,250.3,222.0
2026-08-08T18:13:38.721028+00:00,1786212818.721,1741.86,27.62,10.4634,1.37,0.000,253.8,222.0
2026-08-08T18:13:38.923046+00:00,1786212818.923,1742.06,28.37,10.4634,1.39,-0.072,242.5,222.0
2026-08-08T18:13:39.126914+00:00,1786212819.127,1742.26,27.03,10.4678,1.46,-0.249,234.8,222.0
2026-08-08T18:13:39.322999+00:00,1786212819.323,1742.46,27.03,10.4678,1.55,0.201,249.6,222.0
2026-08-08T18:13:39.526224+00:00,1786212819.526,1742.66,26.84,10.4678,1.60,-0.173,234.4,222.0
2026-08-08T18:13:39.721674+00:00,1786212819.722,1742.86,26.45,10.4700,1.59,0.000,253.4,222.0
2026-08-08T18:13:39.920336+00:00,1786212819.920,1743.06,26.45,10.4700,1.59,-0.100,247.4,222.0
2026-08-08T18:13:40.145013+00:00,1786212820.145,1743.28,26.51,10.4744,1.62,-0.091,255.5,222.0
2026-08-08T18:13:40.368648+00:00,1786212820.369,1743.51,24.59,10.4744,1.67,-0.661,222.7,222.0
2026-08-08T18:13:40.583274+00:00,1786212820.583,1743.72,26.22,10.4744,1.69,-0.188,219.6,222.0
2026-08-08T18:13:40.820205+00:00,1786212820.820,1743.96,26.22,10.4788,1.73,-0.185,198.3,222.0
2026-08-08T18:13:41.050533+00:00,1786212821.051,1744.19,25.41,10.4788,1.77,-0.386,183.1,222.0
2026-08-08T18:13:41.283167+00:00,1786212821.283,1744.42,26.17,10.4832,1.80,-0.110,179.2,222.0
2026-08-08T18:13:41.503140+00:00,1786212821.503,1744.64,27.84,10.4832,1.82,0.104,191.8,222.0
2026-08-08T18:13:41.700362+00:00,1786212821.700,1744.84,27.84,10.4832,1.82,0.128,216.0,222.0
2026-08-08T18:13:41.973946+00:00,1786212821.974,1745.11,24.87,10.4876,1.68,-0.196,194.3,222.0
2026-08-08T18:13:42.201238+00:00,1786212822.201,1745.34,24.98,10.4876,1.57,-0.179,191.8,222.0
2026-08-08T18:13:42.418119+00:00,1786212822.418,1745.55,24.98,10.4898,1.51,-0.187,180.1,222.0
2026-08-08T18:13:42.635270+00:00,1786212822.635,1745.77,23.43,10.4898,1.39,-0.141,173.2,222.0
2026-08-08T18:13:42.858893+00:00,1786212822.859,1746.00,23.43,10.4898,1.35,-0.340,156.3,222.0
2026-08-08T18:13:43.067248+00:00,1786212823.067,1746.20,22.88,10.4942,1.30,-0.413,164.5,222.0
2026-08-08T18:13:43.266546+00:00,1786212823.267,1746.40,23.11,10.4942,1.30,-0.288,154.1,222.0
2026-08-08T18:13:43.521011+00:00,1786212823.521,1746.66,23.11,10.4964,1.14,-0.380,137.9,222.0
2026-08-08T18:13:43.754391+00:00,1786212823.754,1746.89,22.09,10.4964,0.99,-0.709,116.7,222.0
2026-08-08T18:13:43.976593+00:00,1786212823.977,1747.11,22.28,10.4964,0.92,-0.678,81.6,222.0
2026-08-08T18:13:44.206984+00:00,1786212824.207,1747.34,22.28,10.5008,0.78,-0.321,46.9,222.0
2026-08-08T18:13:44.435355+00:00,1786212824.435,1747.57,21.74,10.5008,0.63,-0.404,6.2,222.0
2026-08-08T18:13:44.657365+00:00,1786212824.657,1747.79,21.74,10.5030,0.49,-0.403,0.0,222.0
2026-08-08T18:13:44.849799+00:00,1786212824.850,1747.99,20.54,10.5030,0.49,-0.363,0.0,222.0
2026-08-08T18:13:45.120699+00:00,1786212825.121,1748.26,20.54,10.5052,0.17,-0.355,0.0,222.0
2026-08-08T18:13:45.335492+00:00,1786212825.335,1748.47,19.71,10.5052,0.01,-0.387,0.0,222.0
2026-08-08T18:13:45.553472+00:00,1786212825.553,1748.69,19.80,10.5052,-0.15,-0.402,0.0,222.0
2026-08-08T18:13:45.767323+00:00,1786212825.767,1748.90,19.80,10.5096,-0.22,-0.409,0.0,222.0
2026-08-08T18:13:45.961552+00:00,1786212825.962,1749.10,19.84,10.5096,-0.35,-0.283,0.0,188.7
2026-08-08T18:13:46.158696+00:00,1786212826.159,1749.30,19.84,10.5096,-0.41,-0.311,0.0,188.7
2026-08-08T18:13:46.445269+00:00,1786212826.445,1749.58,20.20,10.5140,-0.44,-0.259,0.0,188.7
2026-08-08T18:13:46.763693+00:00,1786212826.764,1749.90,20.78,10.5140,-0.45,-0.114,0.0,188.7
2026-08-08T18:13:46.985200+00:00,1786212826.985,1750.12,20.78,10.5162,-0.41,-0.114,0.0,188.7
2026-08-08T18:13:47.201621+00:00,1786212827.202,1750.34,20.56,10.5162,-0.37,0.000,0.0,188.7
2026-08-08T18:13:47.419718+00:00,1786212827.420,1750.56,20.56,10.5184,-0.33,0.000,0.0,188.7
2026-08-08T18:13:47.637009+00:00,1786212827.637,1750.77,19.87,10.5184,-0.29,0.000,0.0,188.7
2026-08-08T18:13:47.855745+00:00,1786212827.856,1750.99,20.78,10.5184,-0.20,0.118,0.0,188.7
2026-08-08T18:13:48.072804+00:00,1786212828.073,1751.21,20.78,10.5228,-0.07,0.118,0.0,188.7
2026-08-08T18:13:48.286239+00:00,1786212828.286,1751.42,22.29,10.5228,0.07,0.292,0.0,188.7
2026-08-08T18:13:48.515961+00:00,1786212828.516,1751.65,22.29,10.5250,0.19,0.288,33.8,222.0
2026-08-08T18:13:48.749488+00:00,1786212828.749,1751.89,20.60,10.5250,0.43,0.000,50.1,222.0
2026-08-08T18:13:48.979874+00:00,1786212828.980,1752.12,23.54,10.5294,0.64,0.346,87.6,222.0
2026-08-08T18:13:49.207351+00:00,1786212829.207,1752.34,23.54,10.5294,0.72,0.345,123.8,222.0
2026-08-08T18:13:49.424241+00:00,1786212829.424,1752.56,23.20,10.5294,0.86,0.330,154.2,222.0
2026-08-08T18:13:49.644773+00:00,1786212829.645,1752.78,21.71,10.5316,1.01,0.144,175.2,222.0
2026-08-08T18:13:49.875991+00:00,1786212829.876,1753.01,21.71,10.5316,1.13,0.229,195.9,222.0
2026-08-08T18:13:50.099836+00:00,1786212830.100,1753.24,23.44,10.5360,1.21,0.330,224.1,222.0
2026-08-08T18:13:50.332024+00:00,1786212830.332,1753.47,21.83,10.5360,1.36,0.129,242.2,222.0
2026-08-08T18:13:50.559786+00:00,1786212830.560,1753.70,21.83,10.5382,1.51,-0.056,247.8,222.0
2026-08-08T18:13:50.781470+00:00,1786212830.781,1753.92,20.54,10.5382,1.58,-0.213,245.5,222.0
2026-08-08T18:13:50.977160+00:00,1786212830.977,1754.11,24.49,10.5382,1.73,0.484,270.6,222.0
2026-08-08T18:13:51.221562+00:00,1786212831.222,1754.36,24.49,10.5426,1.89,0.118,279.0,222.0
2026-08-08T18:13:51.442938+00:00,1786212831.443,1754.58,23.65,10.5426,2.04,0.000,293.8,222.0
2026-08-08T18:13:51.672861+00:00,1786212831.673,1754.81,23.76,10.5448,2.12,0.069,293.0,233.1
2026-08-08T18:13:51.894728+00:00,1786212831.895,1755.03,23.76,10.5448,2.17,0.253,300.3,233.1
2026-08-08T18:13:52.110894+00:00,1786212832.111,1755.25,25.57,10.5492,2.19,0.479,322.7,233.1
2026-08-08T18:13:52.328159+00:00,1786212832.328,1755.46,22.76,10.5492,2.22,-0.085,322.9,233.1
2026-08-08T18:13:52.543157+00:00,1786212832.543,1755.68,22.76,10.5492,2.24,0.117,327.8,233.1
2026-08-08T18:13:52.777385+00:00,1786212832.777,1755.91,23.60,10.5536,2.29,0.221,331.4,233.1
2026-08-08T18:13:53.001844+00:00,1786212833.002,1756.14,23.95,10.5536,2.31,0.425,355.4,233.1
2026-08-08T18:13:53.213061+00:00,1786212833.213,1756.35,23.95,10.5558,2.39,-0.067,364.0,233.1
2026-08-08T18:13:53.428875+00:00,1786212833.429,1756.57,24.02,10.5558,2.43,-0.058,380.5,233.1
2026-08-08T18:13:53.647673+00:00,1786212833.648,1756.78,24.02,10.5558,2.47,0.000,362.8,233.1
2026-08-08T18:13:53.879318+00:00,1786212833.879,1757.02,24.02,10.5601,2.50,0.000,361.4,233.1
2026-08-08T18:13:54.094671+00:00,1786212834.095,1757.23,23.73,10.5601,2.52,0.000,365.2,233.1
2026-08-08T18:13:54.312533+00:00,1786212834.312,1757.45,23.88,10.5645,2.53,-0.213,355.6,233.1
2026-08-08T18:13:54.529583+00:00,1786212834.530,1757.67,23.88,10.5645,2.55,0.141,353.7,233.1
2026-08-08T18:13:55.171668+00:00,1786212835.172,1758.31,24.00,10.5667,2.55,0.130,336.5,233.1
2026-08-08T18:13:55.433218+00:00,1786212835.433,1758.57,23.97,10.5711,2.44,0.000,343.8,233.1
2026-08-08T18:13:55.665665+00:00,1786212835.666,1758.80,23.41,10.5711,2.37,-0.056,338.0,233.1
2026-08-08T18:13:55.899151+00:00,1786212835.899,1759.04,23.41,10.5711,2.29,-0.055,325.3,233.1
2026-08-08T18:13:56.118926+00:00,1786212836.119,1759.26,24.72,10.5755,2.22,0.071,309.5,233.1
2026-08-08T18:13:56.347308+00:00,1786212836.347,1759.48,22.94,10.5755,2.15,-0.111,304.4,233.1
2026-08-08T18:13:56.564492+00:00,1786212836.564,1759.70,22.94,10.5777,2.11,-0.112,298.2,233.1
2026-08-08T18:13:56.987697+00:00,1786212836.988,1760.12,24.98,10.5777,2.09,0.120,302.4,233.1
2026-08-08T18:13:57.234171+00:00,1786212837.234,1760.37,24.98,10.5821,2.03,0.104,305.1,233.1
2026-08-08T18:13:57.465234+00:00,1786212837.465,1760.60,23.83,10.5821,1.95,0.000,300.8,233.1
2026-08-08T18:13:57.699784+00:00,1786212837.700,1760.84,25.52,10.5865,1.86,0.167,315.9,222.0
2026-08-08T18:13:57.917449+00:00,1786212837.917,1761.05,27.60,10.5865,1.77,0.406,330.2,222.0
2026-08-08T18:13:58.132427+00:00,1786212838.132,1761.27,27.60,10.5887,1.72,0.471,347.9,222.0
2026-08-08T18:13:58.348463+00:00,1786212838.348,1761.49,24.13,10.5887,1.67,0.081,345.9,222.0
2026-08-08T18:13:58.766853+00:00,1786212838.767,1761.90,26.01,10.5931,1.63,0.136,353.0,222.0
2026-08-08T18:13:59.021099+00:00,1786212839.021,1762.16,24.01,10.5931,1.63,0.111,356.3,222.0
2026-08-08T18:13:59.249693+00:00,1786212839.250,1762.39,23.83,10.5975,1.66,0.092,351.5,222.0
2026-08-08T18:13:59.466790+00:00,1786212839.467,1762.60,23.83,10.5975,1.68,-0.128,348.1,222.0
2026-08-08T18:13:59.687645+00:00,1786212839.688,1762.82,23.73,10.5975,1.71,-0.141,344.6,222.0
2026-08-08T18:13:59.920668+00:00,1786212839.921,1763.06,23.42,10.5997,1.75,0.000,334.0,222.0
2026-08-08T18:14:00.149469+00:00,1786212840.149,1763.29,23.42,10.5997,1.78,-0.238,314.2,222.0
2026-08-08T18:14:00.354463+00:00,1786212840.354,1763.49,23.36,10.6041,1.78,-0.483,290.6,222.0
2026-08-08T18:14:00.606956+00:00,1786212840.607,1763.74,23.27,10.6041,1.74,-0.486,256.6,222.0
2026-08-08T18:14:00.837030+00:00,1786212840.837,1763.97,23.27,10.6063,1.71,-0.095,224.2,222.0
2026-08-08T18:14:01.061256+00:00,1786212841.061,1764.20,21.66,10.6063,1.70,-0.526,169.1,222.0
2026-08-08T18:14:01.263044+00:00,1786212841.263,1764.40,24.68,10.6063,1.68,0.083,170.0,222.0
2026-08-08T18:14:01.467845+00:00,1786212841.468,1764.60,24.68,10.6107,1.67,0.105,166.8,222.0
2026-08-08T18:14:01.667703+00:00,1786212841.668,1764.80,24.69,10.6107,1.64,0.108,167.8,222.0
2026-08-08T18:14:01.862578+00:00,1786212841.863,1765.00,24.69,10.6129,1.57,0.122,169.8,222.0
2026-08-08T18:14:02.061250+00:00,1786212842.061,1765.20,24.68,10.6129,1.51,0.163,183.1,222.0
2026-08-08T18:14:02.261712+00:00,1786212842.262,1765.40,26.19,10.6129,1.39,0.364,208.6,222.0
2026-08-08T18:14:02.529288+00:00,1786212842.529,1765.67,26.19,10.6173,1.23,0.361,226.2,222.0
2026-08-08T18:14:02.753116+00:00,1786212842.753,1765.89,22.07,10.6173,1.07,-0.155,223.5,222.0
2026-08-08T18:14:02.990494+00:00,1786212842.990,1766.13,21.94,10.6195,0.91,-0.172,230.0,222.0
2026-08-08T18:14:03.219127+00:00,1786212843.219,1766.36,21.94,10.6195,0.78,0.000,243.2,222.0
2026-08-08T18:14:03.436977+00:00,1786212843.437,1766.57,21.85,10.6239,0.72,-0.361,223.5,222.0
2026-08-08T18:14:03.657668+00:00,1786212843.658,1766.79,21.85,10.6239,0.61,-0.359,222.9,222.0
2026-08-08T18:14:03.859513+00:00,1786212843.859,1767.00,20.84,10.6239,0.61,-0.488,187.4,222.0
2026-08-08T18:14:04.127910+00:00,1786212844.128,1767.26,21.26,10.6261,0.36,-0.421,151.8,222.0
2026-08-08T18:14:04.353656+00:00,1786212844.354,1767.49,21.26,10.6261,0.18,-0.414,115.4,222.0
2026-08-08T18:14:04.571888+00:00,1786212844.572,1767.71,21.42,10.6305,0.09,-0.574,71.7,222.0
2026-08-08T18:14:04.797975+00:00,1786212844.798,1767.93,21.42,10.6305,0.01,-0.584,25.5,222.0
2026-08-08T18:14:05.003454+00:00,1786212845.003,1768.14,20.45,10.6305,-0.14,-0.200,0.0,222.0
2026-08-08T18:14:05.229405+00:00,1786212845.229,1768.37,20.45,10.6327,-0.28,-0.184,0.0,188.7
2026-08-08T18:14:05.646578+00:00,1786212845.647,1768.78,20.75,10.6349,-0.36,-0.136,0.0,188.7
2026-08-08T18:14:05.908634+00:00,1786212845.909,1769.05,20.75,10.6349,-0.35,-0.123,0.0,188.7
2026-08-08T18:14:06.135063+00:00,1786212846.135,1769.27,18.97,10.6393,-0.32,-0.322,0.0,188.7
2026-08-08T18:14:06.361231+00:00,1786212846.361,1769.50,18.97,10.6393,-0.29,-0.207,0.0,188.7
2026-08-08T18:14:06.584787+00:00,1786212846.585,1769.72,20.01,10.6393,-0.25,-0.141,0.0,188.7
2026-08-08T18:14:06.804634+00:00,1786212846.805,1769.94,20.01,10.6415,-0.22,-0.141,0.0,188.7
2026-08-08T18:14:07.020673+00:00,1786212847.021,1770.16,18.87,10.6415,-0.19,-0.289,0.0,188.7
2026-08-08T18:14:07.244075+00:00,1786212847.244,1770.38,18.87,10.6437,-0.16,-0.289,0.0,188.7
2026-08-08T18:14:07.475658+00:00,1786212847.476,1770.61,18.48,10.6437,-0.09,-0.221,0.0,188.7
2026-08-08T18:14:07.707057+00:00,1786212847.707,1770.84,20.07,10.6481,-0.01,0.000,0.0,188.7
2026-08-08T18:14:07.921132+00:00,1786212847.921,1771.06,20.07,10.6481,0.02,-0.084,0.0,188.7
2026-08-08T18:14:08.120452+00:00,1786212848.120,1771.26,20.17,10.6481,0.12,-0.073,0.0,188.7
2026-08-08T18:14:08.376333+00:00,1786212848.376,1771.51,20.17,10.6503,0.26,0.148,0.0,222.0
2026-08-08T18:14:08.603313+00:00,1786212848.603,1771.74,20.23,10.6503,0.40,0.155,0.0,222.0
2026-08-08T18:14:08.826591+00:00,1786212848.827,1771.96,21.68,10.6525,0.45,0.208,23.2,222.0
2026-08-08T18:14:09.057764+00:00,1786212849.058,1772.19,21.68,10.6525,0.51,0.207,46.3,222.0
2026-08-08T18:14:09.275617+00:00,1786212849.276,1772.41,20.29,10.6569,0.56,0.174,64.0,222.0
2026-08-08T18:14:09.492548+00:00,1786212849.493,1772.63,20.29,10.6569,0.59,0.175,81.8,222.0
2026-08-08T18:14:10.139655+00:00,1786212850.140,1773.28,21.26,10.6591,0.67,0.290,111.2,222.0
2026-08-08T18:14:10.343674+00:00,1786212850.344,1773.48,21.26,10.6613,0.77,0.126,134.5,222.0
2026-08-08T18:14:10.550200+00:00,1786212850.550,1773.69,20.15,10.6613,0.87,0.000,149.4,222.0
2026-08-08T18:14:10.755299+00:00,1786212850.755,1773.89,20.15,10.6613,0.96,0.000,155.8,222.0
2026-08-08T18:14:10.980311+00:00,1786212850.980,1774.12,20.01,10.6657,1.04,0.000,165.7,222.0
2026-08-08T18:14:11.210821+00:00,1786212851.211,1774.35,20.99,10.6657,1.13,0.082,179.2,222.0
2026-08-08T18:14:11.428252+00:00,1786212851.428,1774.56,20.99,10.6679,1.16,-0.074,177.1,222.0
2026-08-08T18:14:11.646863+00:00,1786212851.647,1774.78,18.98,10.6679,1.19,-0.290,164.5,222.0
2026-08-08T18:14:11.879223+00:00,1786212851.879,1775.02,18.98,10.6679,1.21,-0.139,153.4,222.0
2026-08-08T18:14:12.094541+00:00,1786212852.095,1775.23,19.75,10.6723,1.21,-0.057,145.7,222.0
2026-08-08T18:14:12.542909+00:00,1786212852.543,1775.68,18.75,10.6745,1.17,-0.291,131.0,222.0
2026-08-08T18:14:12.765270+00:00,1786212852.765,1775.90,18.75,10.6745,1.11,-0.289,115.8,222.0
2026-08-08T18:14:12.993419+00:00,1786212852.993,1776.13,18.89,10.6745,1.06,-0.144,99.3,222.0
2026-08-08T18:14:13.219304+00:00,1786212853.219,1776.36,18.89,10.6767,0.98,-0.142,88.3,222.0
2026-08-08T18:14:13.443380+00:00,1786212853.443,1776.58,18.75,10.6767,0.88,-0.143,82.1,222.0
2026-08-08T18:14:13.679738+00:00,1786212853.680,1776.82,18.75,10.6789,0.78,-0.253,70.7,222.0
2026-08-08T18:14:14.116317+00:00,1786212854.116,1777.25,17.57,10.6789,0.74,-0.353,55.0,222.0
2026-08-08T18:14:14.384903+00:00,1786212854.385,1777.52,18.40,10.6833,0.61,-0.059,44.1,222.0
2026-08-08T18:14:14.616203+00:00,1786212854.616,1777.75,18.40,10.6833,0.52,-0.059,38.8,222.0
2026-08-08T18:14:14.847207+00:00,1786212854.847,1777.98,17.13,10.6855,0.43,-0.265,34.9,222.0
2026-08-08T18:14:15.066492+00:00,1786212855.066,1778.20,17.13,10.6855,0.39,-0.178,28.0,222.0
2026-08-08T18:14:15.279884+00:00,1786212855.280,1778.42,17.12,10.6855,0.34,-0.179,17.1,222.0
2026-08-08T18:14:15.496355+00:00,1786212855.496,1778.63,17.12,10.6877,0.25,-0.196,14.7,222.0
2026-08-08T18:14:15.947292+00:00,1786212855.947,1779.08,16.63,10.6899,0.25,-0.230,11.4,222.0
2026-08-08T18:14:16.179682+00:00,1786212856.180,1779.32,17.63,10.6899,0.28,-0.113,7.3,222.0
2026-08-08T18:14:16.399960+00:00,1786212856.400,1779.54,17.63,10.6921,0.30,-0.114,3.7,222.0
2026-08-08T18:14:16.615760+00:00,1786212856.616,1779.75,17.84,10.6921,0.33,0.000,5.0,222.0
2026-08-08T18:14:16.836589+00:00,1786212856.837,1779.97,17.84,10.6921,0.34,-0.063,8.7,222.0
2026-08-08T18:14:17.047968+00:00,1786212857.048,1780.18,18.51,10.6965,0.44,0.000,19.5,222.0
2026-08-08T18:14:17.265565+00:00,1786212857.266,1780.40,18.51,10.6965,0.49,0.158,26.7,222.0
2026-08-08T18:14:17.497575+00:00,1786212857.498,1780.63,18.95,10.6987,0.60,0.208,37.2,222.0
2026-08-08T18:14:17.723753+00:00,1786212857.724,1780.86,18.95,10.6987,0.65,0.208,56.0,222.0
2026-08-08T18:14:17.949717+00:00,1786212857.950,1781.09,17.85,10.6987,0.77,0.083,67.3,222.0
2026-08-08T18:14:18.172514+00:00,1786212858.172,1781.31,19.00,10.7009,0.89,0.296,88.5,222.0
2026-08-08T18:14:18.603288+00:00,1786212858.603,1781.74,18.64,10.7031,1.13,0.115,105.2,222.0
2026-08-08T18:14:18.805651+00:00,1786212858.806,1781.94,18.64,10.7031,1.22,0.116,123.7,222.0
2026-08-08T18:14:19.009198+00:00,1786212859.009,1782.15,18.64,10.7031,1.10,0.093,136.3,222.0
2026-08-08T18:14:19.221837+00:00,1786212859.222,1782.36,18.40,10.7075,0.89,0.065,146.5,222.0
2026-08-08T18:14:19.449941+00:00,1786212859.450,1782.59,19.59,10.7075,0.68,0.125,154.5,222.0
2026-08-08T18:14:19.670511+00:00,1786212859.670,1782.81,19.59,10.7097,0.58,0.125,164.0,222.0
2026-08-08T18:14:19.901722+00:00,1786212859.902,1783.04,18.37,10.7097,0.37,-0.067,161.1,222.0
2026-08-08T18:14:20.120111+00:00,1786212860.120,1783.26,18.37,10.7097,0.27,-0.067,151.6,222.0
2026-08-08T18:14:20.338505+00:00,1786212860.338,1783.48,18.19,10.7119,-0.01,0.000,139.9,222.0
2026-08-08T18:14:20.752802+00:00,1786212860.753,1783.89,20.07,10.7163,0.07,0.114,133.8,222.0
2026-08-08T18:14:21.015327+00:00,1786212861.015,1784.15,20.07,10.7163,0.15,0.165,135.0,222.0
2026-08-08T18:14:21.234983+00:00,1786212861.235,1784.37,18.91,10.7163,0.23,0.000,120.0,222.0
2026-08-08T18:14:21.457608+00:00,1786212861.458,1784.59,18.91,10.7185,0.31,0.000,111.1,222.0
2026-08-08T18:14:21.686624+00:00,1786212861.687,1784.82,19.00,10.7185,0.36,0.068,104.5,222.0
2026-08-08T18:14:21.928462+00:00,1786212861.928,1785.07,19.90,10.7229,0.39,0.000,97.7,222.0
2026-08-08T18:14:22.152556+00:00,1786212862.153,1785.29,19.90,10.7229,0.62,0.000,94.8,222.0
2026-08-08T18:14:22.369689+00:00,1786212862.370,1785.51,19.85,10.7229,0.98,0.167,98.6,222.0
2026-08-08T18:14:22.797468+00:00,1786212862.797,1785.93,20.76,10.7251,1.31,0.249,109.6,222.0
2026-08-08T18:14:22.992659+00:00,1786212862.993,1786.13,20.76,10.7273,1.47,0.269,131.7,222.0
2026-08-08T18:14:23.282615+00:00,1786212863.283,1786.42,21.26,10.7273,1.95,0.131,152.9,222.0
2026-08-08T18:14:23.507012+00:00,1786212863.507,1786.64,20.09,10.7317,2.27,0.000,168.8,222.0
2026-08-08T18:14:23.732468+00:00,1786212863.732,1786.87,20.09,10.7317,2.43,0.131,184.9,233.1
2026-08-08T18:14:23.944248+00:00,1786212863.944,1787.08,20.41,10.7317,2.40,0.167,200.2,233.1
2026-08-08T18:14:24.173571+00:00,1786212864.174,1787.31,20.87,10.7339,2.35,0.209,224.2,233.1
2026-08-08T18:14:24.387375+00:00,1786212864.387,1787.52,20.87,10.7339,2.34,0.109,243.5,233.1
2026-08-08T18:14:24.819442+00:00,1786212864.819,1787.96,21.58,10.7383,2.34,0.175,263.9,233.1
2026-08-08T18:14:25.068792+00:00,1786212865.069,1788.21,21.65,10.7405,2.29,0.186,286.2,233.1
2026-08-08T18:14:25.296759+00:00,1786212865.297,1788.43,21.52,10.7405,2.24,0.084,302.2,233.1
2026-08-08T18:14:25.523270+00:00,1786212865.523,1788.66,21.52,10.7405,2.19,0.083,309.3,233.1
2026-08-08T18:14:25.768360+00:00,1786212865.768,1788.91,21.50,10.7449,2.14,0.000,305.9,233.1
2026-08-08T18:14:25.991515+00:00,1786212865.991,1789.13,21.60,10.7449,2.11,0.169,307.5,233.1
2026-08-08T18:14:26.207402+00:00,1786212866.207,1789.34,21.60,10.7471,2.09,0.170,310.5,233.1
2026-08-08T18:14:26.406258+00:00,1786212866.406,1789.54,23.08,10.7471,2.09,0.301,326.6,233.1
2026-08-08T18:14:26.661300+00:00,1786212866.661,1789.80,23.08,10.7471,12.93,0.247,414.5,233.1
2026-08-08T18:14:26.904643+00:00,1786212866.905,1790.04,21.24,10.7515,20.17,0.000,528.9,255.3
2026-08-08T18:14:30.458191+00:00,1786212870.458,1793.59,23.59,10.7713,19.87,0.170,663.2,255.3
2026-08-08T18:14:30.680994+00:00,1786212870.681,1793.82,22.15,10.7735,16.24,-0.146,752.8,255.3
2026-08-08T18:14:30.912366+00:00,1786212870.912,1794.05,22.15,10.7735,8.97,-0.148,787.5,255.3
2026-08-08T18:14:31.128402+00:00,1786212871.128,1794.27,21.88,10.7779,5.34,-0.160,795.0,255.3
2026-08-08T18:14:31.344978+00:00,1786212871.345,1794.48,22.06,10.7779,1.71,0.054,790.7,244.2
2026-08-08T18:14:31.561659+00:00,1786212871.562,1794.70,22.06,10.7779,1.72,0.054,786.9,244.2
2026-08-08T18:14:31.782110+00:00,1786212871.782,1794.92,21.06,10.7823,1.72,0.000,783.5,244.2
2026-08-08T18:14:31.983676+00:00,1786212871.984,1795.12,24.24,10.7823,1.73,0.258,789.2,222.0
2026-08-08T18:14:32.177932+00:00,1786212872.178,1795.31,24.24,10.7823,1.75,0.247,794.6,222.0
2026-08-08T18:14:32.373877+00:00,1786212872.374,1795.51,24.30,10.7845,1.77,0.258,792.6,222.0
2026-08-08T18:14:32.647842+00:00,1786212872.648,1795.78,24.30,10.7845,1.82,0.089,704.9,222.0
2026-08-08T18:14:32.892427+00:00,1786212872.892,1796.03,23.97,10.7889,1.85,0.229,595.5,222.0
2026-08-08T18:14:33.115594+00:00,1786212873.116,1796.25,25.30,10.7889,1.86,0.398,474.6,222.0
2026-08-08T18:14:33.329855+00:00,1786212873.330,1796.47,23.54,10.7933,1.88,0.210,390.5,222.0
2026-08-08T18:14:33.546911+00:00,1786212873.547,1796.68,23.54,10.7933,1.91,0.187,356.6,222.0
2026-08-08T18:14:33.781434+00:00,1786212873.781,1796.92,23.42,10.7933,1.98,0.170,349.1,222.0
2026-08-08T18:14:34.030974+00:00,1786212874.031,1797.17,23.46,10.7955,2.03,0.296,364.4,233.1
2026-08-08T18:14:34.441269+00:00,1786212874.441,1797.58,23.84,10.7999,2.03,0.000,366.8,233.1
2026-08-08T18:14:34.715213+00:00,1786212874.715,1797.85,22.98,10.7999,1.98,-0.138,364.9,233.1
2026-08-08T18:14:34.948006+00:00,1786212874.948,1798.08,22.98,10.8021,1.95,-0.142,346.7,233.1
2026-08-08T18:14:35.166186+00:00,1786212875.166,1798.30,22.94,10.8021,1.94,-0.150,328.2,222.0
2026-08-08T18:14:35.381849+00:00,1786212875.382,1798.52,23.20,10.8021,1.93,-0.086,312.0,222.0
2026-08-08T18:14:35.608853+00:00,1786212875.609,1798.75,23.20,10.8065,1.90,-0.234,296.6,222.0
2026-08-08T18:14:35.833164+00:00,1786212875.833,1798.97,23.02,10.8065,1.85,-0.058,282.1,222.0
2026-08-08T18:14:36.057539+00:00,1786212876.058,1799.19,23.58,10.8086,1.81,0.000,260.0,222.0
2026-08-08T18:14:36.288849+00:00,1786212876.289,1799.43,23.58,10.8086,1.75,0.000,249.6,222.0
2026-08-08T18:14:36.515245+00:00,1786212876.515,1799.65,23.51,10.8130,1.68,0.000,239.3,222.0
2026-08-08T18:14:36.751485+00:00,1786212876.751,1799.89,23.12,10.8130,1.62,-0.086,224.8,222.0
2026-08-08T18:14:36.983440+00:00,1786212876.983,1800.12,23.12,10.8130,1.55,0.000,207.4,222.0
2026-08-08T18:14:37.204228+00:00,1786212877.204,1800.34,23.13,10.8174,1.49,0.000,202.3,222.0
2026-08-08T18:14:37.433230+00:00,1786212877.433,1800.57,22.94,10.8174,1.42,0.000,204.2,222.0
2026-08-08T18:14:37.632160+00:00,1786212877.632,1800.77,22.94,10.8196,1.42,0.000,206.5,222.0
2026-08-08T18:14:37.887833+00:00,1786212877.888,1801.02,23.16,10.8196,1.32,0.000,208.8,222.0
2026-08-08T18:14:38.116373+00:00,1786212878.116,1801.25,23.20,10.8240,1.26,0.000,207.6,222.0
2026-08-08T18:14:38.338467+00:00,1786212878.338,1801.48,23.20,10.8240,1.22,0.000,213.0,222.0
2026-08-08T18:14:38.660309+00:00,1786212878.660,1801.80,23.24,10.8262,1.16,0.000,210.7,222.0
2026-08-08T18:14:38.877939+00:00,1786212878.878,1802.01,24.43,10.8262,1.15,0.109,211.6,222.0
2026-08-08T18:14:39.081739+00:00,1786212879.082,1802.22,24.48,10.8262,1.12,0.161,215.4,222.0
2026-08-08T18:14:39.328526+00:00,1786212879.328,1802.47,24.48,10.8306,1.09,0.160,219.5,222.0
2026-08-08T18:14:39.549723+00:00,1786212879.550,1802.69,24.02,10.8306,1.06,0.106,225.0,222.0
2026-08-08T18:14:39.773415+00:00,1786212879.773,1802.91,24.06,10.8328,1.05,0.132,228.4,222.0
2026-08-08T18:14:40.000477+00:00,1786212880.000,1803.14,24.06,10.8328,1.02,0.131,231.9,222.0
2026-08-08T18:14:40.219502+00:00,1786212880.219,1803.36,22.97,10.8372,0.99,0.000,228.6,222.0
2026-08-08T18:14:40.436809+00:00,1786212880.437,1803.57,23.12,10.8372,0.97,0.000,225.5,222.0
2026-08-08T18:14:40.860110+00:00,1786212880.860,1804.00,24.20,10.8394,0.93,0.110,228.7,222.0
2026-08-08T18:14:41.064448+00:00,1786212881.064,1804.20,24.20,10.8394,0.93,0.111,232.4,222.0
2026-08-08T18:14:41.267263+00:00,1786212881.267,1804.40,24.11,10.8438,0.93,0.000,231.2,222.0
2026-08-08T18:14:41.466510+00:00,1786212881.466,1804.60,24.34,10.8438,0.93,0.000,230.6,222.0
2026-08-08T18:14:41.662746+00:00,1786212881.663,1804.80,24.34,10.8438,0.93,0.000,223.7,222.0
2026-08-08T18:14:41.864690+00:00,1786212881.865,1805.00,24.07,10.8460,0.88,0.000,213.8,222.0
2026-08-08T18:14:42.064625+00:00,1786212882.065,1805.20,24.07,10.8460,0.91,0.000,204.3,222.0
2026-08-08T18:14:42.269635+00:00,1786212882.270,1805.41,22.46,10.8504,0.94,-0.195,188.5,222.0
2026-08-08T18:14:42.489558+00:00,1786212882.490,1805.63,22.53,10.8504,0.96,-0.054,177.8,222.0
2026-08-08T18:14:42.708039+00:00,1786212882.708,1805.84,22.53,10.8504,0.98,-0.073,166.7,222.0
2026-08-08T18:14:42.925445+00:00,1786212882.925,1806.06,22.71,10.8548,1.02,-0.200,157.9,222.0
2026-08-08T18:14:43.143355+00:00,1786212883.143,1806.28,23.04,10.8548,1.03,-0.155,151.4,222.0
2026-08-08T18:14:43.353224+00:00,1786212883.353,1806.49,23.04,10.8570,1.09,-0.143,139.9,222.0
2026-08-08T18:14:43.573612+00:00,1786212883.574,1806.71,24.11,10.8570,1.14,0.000,136.3,222.0
2026-08-08T18:14:43.807880+00:00,1786212883.808,1806.94,24.09,10.8570,1.19,0.000,138.3,222.0
2026-08-08T18:14:44.039526+00:00,1786212884.040,1807.18,24.09,10.8614,1.25,0.000,140.5,222.0
2026-08-08T18:14:44.255982+00:00,1786212884.256,1807.39,23.57,10.8614,1.32,-0.063,139.8,222.0
2026-08-08T18:14:44.476511+00:00,1786212884.476,1807.61,23.51,10.8658,1.38,0.133,149.1,222.0
2026-08-08T18:14:44.697104+00:00,1786212884.697,1807.83,23.51,10.8658,1.42,0.124,158.0,222.0
2026-08-08T18:14:44.899790+00:00,1786212884.900,1808.04,24.48,10.8658,1.49,0.248,184.6,222.0
2026-08-08T18:14:45.151665+00:00,1786212885.152,1808.29,23.56,10.8680,1.49,0.105,196.8,222.0
2026-08-08T18:14:45.373676+00:00,1786212885.374,1808.51,23.56,10.8680,1.48,0.064,207.7,222.0
2026-08-08T18:14:45.593009+00:00,1786212885.593,1808.73,23.74,10.8724,1.46,0.087,224.9,222.0
2026-08-08T18:14:45.825079+00:00,1786212885.825,1808.96,23.45,10.8724,1.45,-0.081,231.7,222.0
2026-08-08T18:14:46.056964+00:00,1786212886.057,1809.19,23.45,10.8746,1.43,-0.080,237.5,222.0
2026-08-08T18:14:46.276546+00:00,1786212886.277,1809.41,22.47,10.8746,1.40,-0.201,229.0,222.0
2026-08-08T18:14:46.922786+00:00,1786212886.923,1810.06,24.92,10.8790,1.41,0.141,238.5,222.0
2026-08-08T18:14:47.192506+00:00,1786212887.192,1810.33,24.97,10.8834,1.42,0.149,248.1,222.0
2026-08-08T18:14:47.392929+00:00,1786212887.393,1810.53,24.97,10.8834,1.42,0.150,260.7,222.0
2026-08-08T18:14:47.639202+00:00,1786212887.639,1810.78,23.35,10.8856,1.39,-0.115,249.3,222.0
2026-08-08T18:14:47.861606+00:00,1786212887.862,1811.00,24.94,10.8856,1.37,0.142,251.9,222.0
2026-08-08T18:14:48.076175+00:00,1786212888.076,1811.21,24.94,10.8856,1.36,0.143,246.5,222.0
2026-08-08T18:14:48.295084+00:00,1786212888.295,1811.43,22.11,10.8900,1.35,-0.167,231.9,222.0
2026-08-08T18:14:48.491464+00:00,1786212888.491,1811.63,23.74,10.8900,1.35,0.000,228.3,222.0
2026-08-08T18:14:48.837208+00:00,1786212888.837,1811.97,24.15,10.8944,1.48,0.071,228.2,222.0
2026-08-08T18:14:49.029800+00:00,1786212889.030,1812.17,24.15,10.8944,1.52,0.169,241.2,222.0
2026-08-08T18:14:49.224639+00:00,1786212889.225,1812.36,23.68,10.8944,1.54,-0.150,239.1,222.0
2026-08-08T18:14:49.504645+00:00,1786212889.505,1812.64,24.06,10.8966,1.57,-0.110,245.8,222.0
2026-08-08T18:14:49.730549+00:00,1786212889.731,1812.87,24.06,10.8966,1.59,-0.109,234.4,222.0
2026-08-08T18:14:49.959911+00:00,1786212889.960,1813.10,22.37,10.9010,1.59,-0.117,220.3,222.0
2026-08-08T18:14:50.179357+00:00,1786212890.179,1813.32,23.57,10.9010,1.58,-0.165,205.1,222.0
2026-08-08T18:14:50.375088+00:00,1786212890.375,1813.51,23.57,10.9010,1.58,-0.166,204.5,222.0
2026-08-08T18:14:50.570738+00:00,1786212890.571,1813.71,23.50,10.9054,1.58,0.170,205.2,222.0
2026-08-08T18:14:50.859302+00:00,1786212890.859,1814.00,23.38,10.9054,1.61,0.000,198.4,222.0
2026-08-08T18:14:51.080527+00:00,1786212891.081,1814.22,23.38,10.9076,1.63,-0.096,204.8,222.0
2026-08-08T18:14:51.294994+00:00,1786212891.295,1814.43,23.48,10.9076,1.64,-0.083,202.9,222.0
2026-08-08T18:14:51.512524+00:00,1786212891.513,1814.65,23.75,10.9120,1.65,0.000,200.4,222.0
2026-08-08T18:14:51.732909+00:00,1786212891.733,1814.87,23.75,10.9120,1.66,0.000,193.1,222.0
2026-08-08T18:14:51.936412+00:00,1786212891.936,1815.07,23.37,10.9120,1.68,-0.086,196.7,222.0
2026-08-08T18:14:52.286473+00:00,1786212892.286,1815.42,22.19,10.9142,1.72,0.000,200.7,222.0
2026-08-08T18:14:52.511786+00:00,1786212892.512,1815.65,23.97,10.9186,1.67,0.000,206.2,222.0
2026-08-08T18:14:52.732995+00:00,1786212892.733,1815.87,23.97,10.9186,1.62,0.000,213.5,222.0
2026-08-08T18:14:52.961612+00:00,1786212892.962,1816.10,23.76,10.9186,1.58,0.000,221.2,222.0
2026-08-08T18:14:53.182541+00:00,1786212893.183,1816.32,22.90,10.9208,1.56,-0.057,225.3,222.0
2026-08-08T18:14:53.397000+00:00,1786212893.397,1816.53,22.90,10.9208,1.54,-0.057,214.0,222.0
2026-08-08T18:14:53.616163+00:00,1786212893.616,1816.75,25.71,10.9252,1.50,0.267,229.3,222.0
2026-08-08T18:14:53.849418+00:00,1786212893.849,1816.99,23.62,10.9252,1.45,0.000,232.5,222.0
2026-08-08T18:14:54.049296+00:00,1786212894.049,1817.19,23.62,10.9252,1.45,0.000,235.0,222.0
2026-08-08T18:14:54.299159+00:00,1786212894.299,1817.44,23.62,10.9274,1.44,0.000,233.3,222.0
2026-08-08T18:14:54.503802+00:00,1786212894.504,1817.64,23.62,10.9274,1.44,0.178,239.6,222.0
2026-08-08T18:14:54.699457+00:00,1786212894.699,1817.84,23.57,10.9318,1.42,-0.050,239.4,222.0
2026-08-08T18:14:54.981336+00:00,1786212894.981,1818.12,23.46,10.9318,1.33,-0.063,235.1,222.0
2026-08-08T18:14:55.199797+00:00,1786212895.200,1818.34,23.45,10.9362,1.23,0.000,231.1,222.0
2026-08-08T18:14:55.433448+00:00,1786212895.433,1818.57,23.45,10.9362,1.06,0.067,229.2,222.0
2026-08-08T18:14:55.652732+00:00,1786212895.653,1818.79,23.30,10.9362,1.04,0.000,224.6,222.0
2026-08-08T18:14:55.885542+00:00,1786212895.886,1819.02,23.34,10.9384,1.02,-0.290,210.4,222.0
2026-08-08T18:14:56.100811+00:00,1786212896.101,1819.24,23.34,10.9384,1.01,0.000,209.4,222.0
2026-08-08T18:14:56.713596+00:00,1786212896.714,1819.85,24.67,10.9428,1.05,0.109,196.5,222.0
2026-08-08T18:14:56.914312+00:00,1786212896.914,1820.05,24.99,10.9472,1.14,0.146,202.7,222.0
2026-08-08T18:14:57.134629+00:00,1786212897.135,1820.27,25.23,10.9472,1.24,0.171,211.3,222.0
2026-08-08T18:14:57.351300+00:00,1786212897.351,1820.49,25.23,10.9494,1.28,0.174,220.5,222.0
2026-08-08T18:14:57.567317+00:00,1786212897.567,1820.70,25.15,10.9494,1.36,0.182,222.4,222.0
2026-08-08T18:14:57.803785+00:00,1786212897.804,1820.94,24.08,10.9494,1.41,0.067,228.4,222.0
2026-08-08T18:14:58.038257+00:00,1786212898.038,1821.17,24.08,10.9538,1.47,0.067,236.2,222.0
2026-08-08T18:14:58.672058+00:00,1786212898.672,1821.81,23.72,10.9560,1.52,0.000,238.8,222.0
2026-08-08T18:14:58.945427+00:00,1786212898.945,1822.08,23.06,10.9604,1.60,0.000,239.3,222.0
2026-08-08T18:14:59.175262+00:00,1786212899.175,1822.31,23.06,10.9604,1.66,0.000,243.7,222.0
2026-08-08T18:14:59.401408+00:00,1786212899.401,1822.54,23.06,10.9604,1.71,-0.166,254.3,222.0
2026-08-08T18:14:59.623164+00:00,1786212899.623,1822.76,23.18,10.9648,1.77,-0.185,251.6,222.0
2026-08-08T18:14:59.856672+00:00,1786212899.857,1822.99,22.88,10.9648,1.82,-0.241,239.6,222.0
2026-08-08T18:15:00.075388+00:00,1786212900.075,1823.21,22.88,10.9670,1.85,-0.240,224.9,222.0
2026-08-08T18:15:00.272247+00:00,1786212900.272,1823.41,25.11,10.9670,1.84,0.000,221.4,222.0
2026-08-08T18:15:00.473876+00:00,1786212900.474,1823.61,25.18,10.9670,1.83,0.114,222.9,222.0
2026-08-08T18:15:00.672475+00:00,1786212900.672,1823.81,25.18,10.9714,1.81,0.116,223.4,222.0
2026-08-08T18:15:00.871984+00:00,1786212900.872,1824.01,25.26,10.9714,1.77,0.195,234.2,222.0
2026-08-08T18:15:01.073055+00:00,1786212901.073,1824.21,25.26,10.9736,1.71,0.287,248.4,222.0
2026-08-08T18:15:01.277559+00:00,1786212901.278,1824.41,25.41,10.9736,1.61,0.310,266.5,222.0
2026-08-08T18:15:01.484062+00:00,1786212901.484,1824.62,23.74,10.9736,1.53,0.091,270.9,222.0
2026-08-08T18:15:01.754578+00:00,1786212901.755,1824.89,23.74,10.9780,1.49,0.073,273.8,222.0
2026-08-08T18:15:01.971387+00:00,1786212901.971,1825.11,23.63,10.9780,1.47,0.099,284.5,222.0
2026-08-08T18:15:02.192902+00:00,1786212902.193,1825.33,23.74,10.9824,1.43,0.113,296.1,222.0
2026-08-08T18:15:02.421769+00:00,1786212902.422,1825.56,23.74,10.9824,1.39,-0.177,296.4,222.0
2026-08-08T18:15:02.640958+00:00,1786212902.641,1825.78,23.82,10.9846,1.35,-0.174,296.4,222.0
2026-08-08T18:15:02.873053+00:00,1786212902.873,1826.01,23.91,10.9846,1.31,-0.160,283.3,222.0
2026-08-08T18:15:03.523115+00:00,1786212903.523,1826.66,24.17,10.9890,1.17,-0.114,265.9,222.0
2026-08-08T18:15:03.729104+00:00,1786212903.729,1826.87,24.33,10.9912,1.09,-0.097,248.9,222.0
2026-08-08T18:15:03.932232+00:00,1786212903.932,1827.07,24.33,10.9912,1.02,-0.112,226.9,222.0
2026-08-08T18:15:04.135625+00:00,1786212904.136,1827.27,23.22,10.9912,0.97,-0.055,202.3,222.0
2026-08-08T18:15:04.345966+00:00,1786212904.346,1827.48,23.22,10.9956,0.96,-0.056,176.9,222.0
2026-08-08T18:15:04.575348+00:00,1786212904.575,1827.71,23.00,10.9956,0.98,-0.067,164.7,222.0
2026-08-08T18:15:04.776382+00:00,1786212904.776,1827.91,24.43,11.0000,0.98,0.074,161.7,222.0
2026-08-08T18:15:04.980328+00:00,1786212904.980,1828.12,24.43,11.0000,0.99,0.075,157.9,222.0
2026-08-08T18:15:05.268867+00:00,1786212905.269,1828.41,24.20,11.0022,0.94,0.000,149.4,222.0
2026-08-08T18:15:05.491640+00:00,1786212905.492,1828.63,25.40,11.0022,0.91,0.158,163.3,222.0
2026-08-08T18:15:05.711167+00:00,1786212905.711,1828.85,25.46,11.0022,0.89,0.164,177.5,222.0
2026-08-08T18:15:05.945904+00:00,1786212905.946,1829.08,25.46,11.0066,0.85,0.142,190.0,222.0
2026-08-08T18:15:06.175350+00:00,1786212906.175,1829.31,23.49,11.0066,0.82,-0.104,187.1,222.0
2026-08-08T18:15:06.393238+00:00,1786212906.393,1829.53,23.43,11.0110,0.81,0.000,188.5,222.0
2026-08-08T18:15:06.592386+00:00,1786212906.592,1829.73,23.43,11.0110,0.81,0.000,191.2,222.0
2026-08-08T18:15:06.848014+00:00,1786212906.848,1829.98,25.19,11.0110,0.86,0.267,207.8,222.0
2026-08-08T18:15:07.081758+00:00,1786212907.082,1830.22,25.39,11.0154,0.89,0.116,217.8,222.0
2026-08-08T18:15:07.310086+00:00,1786212907.310,1830.45,25.25,11.0154,0.91,0.098,227.4,222.0
2026-08-08T18:15:07.527747+00:00,1786212907.528,1830.66,25.25,11.0176,0.93,0.130,230.7,222.0
2026-08-08T18:15:07.759854+00:00,1786212907.760,1830.90,25.46,11.0176,0.95,0.000,228.0,222.0
2026-08-08T18:15:07.992388+00:00,1786212907.992,1831.13,23.26,11.0176,0.97,-0.268,215.3,222.0
2026-08-08T18:15:08.417416+00:00,1786212908.417,1831.55,24.76,11.0220,0.95,-0.079,203.4,222.0
2026-08-08T18:15:08.622127+00:00,1786212908.622,1831.76,25.41,11.0264,0.98,0.218,206.8,222.0
2026-08-08T18:15:08.825555+00:00,1786212908.826,1831.96,25.41,11.0264,1.00,0.226,212.1,222.0
2026-08-08T18:15:09.023674+00:00,1786212909.024,1832.16,25.62,11.0264,1.07,0.250,233.5,222.0
2026-08-08T18:15:09.220384+00:00,1786212909.220,1832.36,26.30,11.0286,1.11,0.131,245.7,222.0
2026-08-08T18:15:09.490350+00:00,1786212909.490,1832.63,26.30,11.0286,1.19,0.105,257.4,222.0
2026-08-08T18:15:09.716869+00:00,1786212909.717,1832.85,23.28,11.0330,1.21,-0.228,234.8,222.0
2026-08-08T18:15:09.944726+00:00,1786212909.945,1833.08,24.57,11.0330,1.20,-0.078,227.1,222.0
2026-08-08T18:15:10.162163+00:00,1786212910.162,1833.30,24.55,11.0330,1.19,-0.105,218.8,222.0
2026-08-08T18:15:10.381835+00:00,1786212910.382,1833.52,24.55,11.0374,1.18,0.149,220.8,222.0
2026-08-08T18:15:10.602782+00:00,1786212910.603,1833.74,24.45,11.0374,1.17,0.000,221.3,222.0
2026-08-08T18:15:10.801575+00:00,1786212910.802,1833.94,24.45,11.0396,1.17,-0.123,230.4,222.0
2026-08-08T18:15:11.065890+00:00,1786212911.066,1834.20,25.97,11.0396,1.12,0.070,240.4,222.0
2026-08-08T18:15:11.296933+00:00,1786212911.297,1834.43,23.77,11.0440,1.12,-0.226,218.7,222.0
2026-08-08T18:15:11.515457+00:00,1786212911.515,1834.65,23.50,11.0440,1.13,-0.340,191.0,222.0
2026-08-08T18:15:11.708776+00:00,1786212911.709,1834.85,23.50,11.0440,1.13,-0.351,160.8,222.0
2026-08-08T18:15:11.981936+00:00,1786212911.982,1835.12,23.00,11.0484,1.19,0.000,151.0,222.0
2026-08-08T18:15:12.198199+00:00,1786212912.198,1835.33,22.93,11.0484,1.19,-0.203,132.7,222.0
2026-08-08T18:15:12.398865+00:00,1786212912.399,1835.54,22.93,11.0506,1.19,-0.201,133.5,222.0
2026-08-08T18:15:12.652931+00:00,1786212912.653,1835.79,23.41,11.0506,1.11,-0.138,129.0,222.0
2026-08-08T18:15:12.884038+00:00,1786212912.884,1836.02,25.21,11.0550,1.06,0.093,138.1,222.0
2026-08-08T18:15:13.099808+00:00,1786212913.100,1836.24,25.61,11.0550,1.03,0.140,138.0,222.0
2026-08-08T18:15:13.315151+00:00,1786212913.315,1836.45,25.61,11.0550,1.00,0.000,138.0,222.0
2026-08-08T18:15:13.533913+00:00,1786212913.534,1836.67,25.75,11.0593,0.95,0.246,155.7,222.0
2026-08-08T18:15:13.768065+00:00,1786212913.768,1836.90,25.47,11.0593,0.90,0.244,161.7,222.0
2026-08-08T18:15:14.200250+00:00,1786212914.200,1837.34,24.60,11.0615,0.88,0.123,177.0,222.0
2026-08-08T18:15:14.404162+00:00,1786212914.404,1837.54,24.78,11.0615,0.89,0.204,201.6,222.0
2026-08-08T18:15:14.606822+00:00,1786212914.607,1837.74,24.78,11.0659,0.89,0.214,227.3,222.0
2026-08-08T18:15:14.804445+00:00,1786212914.804,1837.94,24.66,11.0659,0.89,0.200,236.3,222.0
2026-08-08T18:15:15.058896+00:00,1786212915.059,1838.20,24.63,11.0681,0.88,0.140,251.3,222.0
2026-08-08T18:15:15.283048+00:00,1786212915.283,1838.42,24.63,11.0681,0.86,-0.067,256.3,222.0
2026-08-08T18:15:15.499961+00:00,1786212915.500,1838.64,23.54,11.0725,0.85,-0.239,249.9,222.0
2026-08-08T18:15:15.719815+00:00,1786212915.720,1838.86,23.61,11.0725,0.84,-0.231,231.4,222.0
2026-08-08T18:15:15.951374+00:00,1786212915.951,1839.09,23.61,11.0725,0.84,-0.246,209.6,222.0
2026-08-08T18:15:16.172835+00:00,1786212916.173,1839.31,23.43,11.0769,0.88,-0.236,195.7,222.0
2026-08-08T18:15:16.400345+00:00,1786212916.400,1839.54,23.54,11.0769,0.93,-0.134,174.8,222.0
2026-08-08T18:15:16.604819+00:00,1786212916.605,1839.74,23.54,11.0791,0.93,-0.157,153.8,222.0
2026-08-08T18:15:16.861848+00:00,1786212916.862,1840.00,23.59,11.0791,0.88,-0.147,140.2,222.0
2026-08-08T18:15:17.086216+00:00,1786212917.086,1840.22,23.27,11.0835,0.85,-0.170,121.0,222.0
2026-08-08T18:15:17.354311+00:00,1786212917.354,1840.49,23.27,11.0835,0.80,-0.165,101.1,222.0
2026-08-08T18:15:17.573038+00:00,1786212917.573,1840.71,22.75,11.0835,0.74,-0.227,78.6,222.0
2026-08-08T18:15:17.818602+00:00,1786212917.819,1840.96,22.44,11.0857,0.66,-0.132,62.4,222.0
2026-08-08T18:15:18.041527+00:00,1786212918.041,1841.18,22.44,11.0857,0.60,-0.140,55.4,222.0
2026-08-08T18:15:18.480920+00:00,1786212918.481,1841.62,23.36,11.0901,0.55,0.000,63.8,222.0
2026-08-08T18:15:18.674807+00:00,1786212918.675,1841.81,23.36,11.0901,0.52,0.000,71.7,222.0
2026-08-08T18:15:18.964634+00:00,1786212918.965,1842.10,22.58,11.0923,0.44,-0.104,74.3,222.0
2026-08-08T18:15:19.186139+00:00,1786212919.186,1842.32,23.10,11.0923,0.38,0.000,80.9,222.0
2026-08-08T18:15:19.408446+00:00,1786212919.408,1842.55,23.10,11.0967,0.33,-0.053,79.6,222.0
2026-08-08T18:15:19.637119+00:00,1786212919.637,1842.77,21.35,11.0967,0.28,-0.209,71.5,222.0
2026-08-08T18:15:19.856544+00:00,1786212919.857,1842.99,21.35,11.0989,0.28,-0.213,63.2,222.0
2026-08-08T18:15:20.070528+00:00,1786212920.071,1843.21,20.65,11.0989,0.32,-0.234,55.5,222.0
2026-08-08T18:15:20.287569+00:00,1786212920.288,1843.42,20.65,11.0989,0.34,-0.202,49.4,222.0
2026-08-08T18:15:20.503614+00:00,1786212920.504,1843.64,20.43,11.1033,0.38,-0.227,46.1,222.0
2026-08-08T18:15:20.723935+00:00,1786212920.724,1843.86,20.59,11.1033,0.40,-0.344,34.8,222.0
2026-08-08T18:15:20.954169+00:00,1786212920.954,1844.09,20.59,11.1055,0.44,-0.338,24.8,222.0
2026-08-08T18:15:21.172227+00:00,1786212921.172,1844.31,20.68,11.1055,0.47,-0.238,12.6,222.0
2026-08-08T18:15:21.586406+00:00,1786212921.586,1844.72,20.91,11.1077,0.47,-0.254,0.0,222.0
2026-08-08T18:15:21.856221+00:00,1786212921.856,1844.99,21.78,11.1077,0.66,-0.150,0.0,222.0
2026-08-08T18:15:22.073370+00:00,1786212922.073,1845.21,21.78,11.1121,0.78,0.000,0.0,222.0
2026-08-08T18:15:22.301847+00:00,1786212922.302,1845.44,20.05,11.1121,0.91,-0.148,0.0,222.0
2026-08-08T18:15:22.523389+00:00,1786212922.523,1845.66,20.05,11.1143,1.04,-0.068,9.3,222.0
2026-08-08T18:15:22.742482+00:00,1786212922.742,1845.88,20.16,11.1143,1.16,-0.055,20.8,222.0
2026-08-08T18:15:22.982615+00:00,1786212922.983,1846.12,20.16,11.1143,1.29,0.000,36.1,222.0
2026-08-08T18:15:23.621126+00:00,1786212923.621,1846.76,19.06,11.1209,1.29,-0.146,43.6,222.0
2026-08-08T18:15:23.818745+00:00,1786212923.819,1846.96,19.06,11.1209,1.75,-0.148,54.7,222.0
2026-08-08T18:15:24.025537+00:00,1786212924.026,1847.16,19.41,11.1209,2.14,-0.124,73.8,222.0
2026-08-08T18:15:24.253301+00:00,1786212924.253,1847.39,19.41,11.1231,2.51,-0.156,93.7,233.1
2026-08-08T18:15:24.476430+00:00,1786212924.476,1847.61,19.44,11.1231,2.89,-0.248,108.2,233.1
2026-08-08T18:15:24.695370+00:00,1786212924.695,1847.83,19.44,11.1253,3.07,-0.248,124.5,233.1
2026-08-08T18:15:24.927714+00:00,1786212924.928,1848.06,18.38,11.1253,3.45,-0.176,138.6,233.1
2026-08-08T18:15:25.142647+00:00,1786212925.143,1848.28,19.54,11.1253,3.68,-0.054,153.1,233.1
2026-08-08T18:15:25.378249+00:00,1786212925.378,1848.51,19.54,11.1297,3.95,-0.065,175.1,233.1
2026-08-08T18:15:25.578795+00:00,1786212925.579,1848.72,19.81,11.1297,3.95,0.000,196.2,233.1
2026-08-08T18:15:25.830758+00:00,1786212925.831,1848.97,19.81,11.1319,4.40,0.094,222.4,233.1
2026-08-08T18:15:26.059497+00:00,1786212926.059,1849.20,20.18,11.1319,4.71,0.138,250.2,233.1
2026-08-08T18:15:26.276567+00:00,1786212926.277,1849.41,20.18,11.1319,4.86,0.094,283.6,233.1
2026-08-08T18:15:26.509838+00:00,1786212926.510,1849.65,20.18,11.1363,5.16,0.095,316.3,244.2
2026-08-08T18:15:26.728812+00:00,1786212926.729,1849.87,19.98,11.1363,5.47,0.067,345.8,244.2
2026-08-08T18:15:26.960413+00:00,1786212926.960,1850.10,19.98,11.1385,5.58,0.067,374.8,244.2
2026-08-08T18:15:27.160971+00:00,1786212927.161,1850.30,20.59,11.1385,5.58,0.274,414.7,244.2
2026-08-08T18:15:27.412681+00:00,1786212927.413,1850.55,20.59,11.1385,5.37,0.128,446.1,244.2
2026-08-08T18:15:27.632041+00:00,1786212927.632,1850.77,20.01,11.1429,5.32,0.058,469.4,244.2
2026-08-08T18:15:27.864461+00:00,1786212927.864,1851.00,21.48,11.1429,5.21,0.203,493.9,244.2
2026-08-08T18:15:28.080201+00:00,1786212928.080,1851.22,21.48,11.1451,5.15,0.206,516.8,244.2
2026-08-08T18:15:28.295011+00:00,1786212928.295,1851.43,21.39,11.1451,5.09,0.150,533.9,244.2
2026-08-08T18:15:28.511324+00:00,1786212928.511,1851.65,21.39,11.1451,5.04,0.150,544.0,244.2
2026-08-08T18:15:28.938943+00:00,1786212928.939,1852.08,20.23,11.1495,4.98,0.000,540.6,233.1
2026-08-08T18:15:29.201781+00:00,1786212929.202,1852.34,21.74,11.1517,4.78,0.197,548.0,233.1
2026-08-08T18:15:29.432493+00:00,1786212929.432,1852.57,20.14,11.1517,4.62,0.000,540.6,233.1
2026-08-08T18:15:29.665885+00:00,1786212929.666,1852.80,20.14,11.1517,4.45,-0.050,529.8,233.1
2026-08-08T18:15:29.900892+00:00,1786212929.901,1853.04,20.17,11.1561,4.28,0.000,519.3,233.1
2026-08-08T18:15:30.136449+00:00,1786212930.136,1853.27,21.08,11.1561,4.12,0.118,504.4,233.1
2026-08-08T18:15:30.364241+00:00,1786212930.364,1853.50,21.08,11.1583,3.95,0.000,490.7,233.1
2026-08-08T18:15:30.566283+00:00,1786212930.566,1853.70,21.00,11.1583,3.95,-0.054,479.3,233.1
2026-08-08T18:15:30.820519+00:00,1786212930.820,1853.96,21.00,11.1583,3.62,0.000,459.0,233.1
2026-08-08T18:15:31.050200+00:00,1786212931.050,1854.19,21.17,11.1627,3.50,0.000,438.5,233.1
2026-08-08T18:15:31.269936+00:00,1786212931.270,1854.41,21.22,11.1627,3.44,0.119,425.5,233.1
2026-08-08T18:15:31.503757+00:00,1786212931.504,1854.64,21.22,11.1649,3.32,-0.062,404.6,233.1
2026-08-08T18:15:31.737484+00:00,1786212931.737,1854.87,21.31,11.1649,3.20,0.142,400.6,233.1
2026-08-08T18:15:31.964974+00:00,1786212931.965,1855.10,21.36,11.1649,3.08,0.148,385.8,233.1
2026-08-08T18:15:32.394924+00:00,1786212932.395,1855.53,22.40,11.1693,2.94,0.248,389.1,233.1
2026-08-08T18:15:32.599513+00:00,1786212932.599,1855.74,22.40,11.1715,2.81,0.150,390.3,233.1
2026-08-08T18:15:32.803555+00:00,1786212932.804,1855.94,21.15,11.1715,2.66,0.000,381.1,233.1
2026-08-08T18:15:33.011640+00:00,1786212933.012,1856.15,21.15,11.1715,2.53,0.000,365.6,233.1
2026-08-08T18:15:33.222406+00:00,1786212933.222,1856.36,21.33,11.1759,2.40,0.000,355.3,233.1
2026-08-08T18:15:33.448813+00:00,1786212933.449,1856.59,21.33,11.1759,2.27,0.000,346.5,233.1
2026-08-08T18:15:33.668138+00:00,1786212933.668,1856.80,21.25,11.1781,2.20,0.000,337.2,233.1
2026-08-08T18:15:33.910140+00:00,1786212933.910,1857.05,20.18,11.1781,2.17,-0.121,322.1,233.1
2026-08-08T18:15:34.134703+00:00,1786212934.135,1857.27,20.18,11.1781,2.16,-0.131,301.9,233.1
2026-08-08T18:15:34.357286+00:00,1786212934.357,1857.49,21.43,11.1825,2.13,0.000,296.5,233.1
2026-08-08T18:15:34.792764+00:00,1786212934.793,1857.93,21.34,11.1847,2.11,-0.123,278.1,233.1
2026-08-08T18:15:35.055588+00:00,1786212935.056,1858.19,21.26,11.1847,2.23,-0.129,260.7,233.1
2026-08-08T18:15:35.284341+00:00,1786212935.284,1858.42,21.26,11.1869,2.31,0.000,243.9,233.1
2026-08-08T18:15:35.503261+00:00,1786212935.503,1858.64,21.35,11.1869,2.35,0.000,232.7,233.1
2026-08-08T18:15:35.735972+00:00,1786212935.736,1858.87,21.25,11.1869,2.47,0.000,231.5,233.1
2026-08-08T18:15:35.971221+00:00,1786212935.971,1859.11,21.25,11.1913,2.59,0.000,232.0,233.1
2026-08-08T18:15:36.185266+00:00,1786212936.185,1859.32,21.30,11.1913,2.71,0.000,234.1,233.1
2026-08-08T18:15:36.587881+00:00,1786212936.588,1859.72,21.08,11.1935,2.73,0.093,240.7,233.1
2026-08-08T18:15:36.784066+00:00,1786212936.784,1859.92,21.08,11.1935,2.78,0.094,248.2,233.1
2026-08-08T18:15:37.003450+00:00,1786212937.003,1860.14,21.22,11.1979,2.79,0.000,258.5,233.1
2026-08-08T18:15:37.235105+00:00,1786212937.235,1860.37,21.11,11.1979,2.81,0.000,269.2,233.1
2026-08-08T18:15:37.451898+00:00,1786212937.452,1860.59,21.11,11.2001,2.82,0.000,273.5,233.1
2026-08-08T18:15:37.657099+00:00,1786212937.657,1860.79,21.18,11.2001,2.82,0.000,283.2,233.1
2026-08-08T18:15:37.900263+00:00,1786212937.900,1861.04,21.18,11.2001,2.93,0.000,293.2,233.1
2026-08-08T18:15:38.127324+00:00,1786212938.127,1861.26,20.42,11.2045,2.94,-0.096,292.4,233.1
2026-08-08T18:15:38.360098+00:00,1786212938.360,1861.50,21.54,11.2045,2.90,0.000,296.6,233.1
2026-08-08T18:15:38.588229+00:00,1786212938.588,1861.72,21.54,11.2067,2.86,0.000,299.7,233.1
2026-08-08T18:15:38.809961+00:00,1786212938.810,1861.95,20.28,11.2067,2.84,-0.100,296.1,233.1
2026-08-08T18:15:39.021444+00:00,1786212939.021,1862.16,20.28,11.2067,2.81,-0.099,291.4,233.1
2026-08-08T18:15:39.647386+00:00,1786212939.647,1862.78,21.44,11.2133,2.78,0.000,288.5,233.1
2026-08-08T18:15:39.841342+00:00,1786212939.841,1862.98,21.44,11.2133,2.73,0.000,284.9,233.1
2026-08-08T18:15:40.071013+00:00,1786212940.071,1863.21,19.84,11.2133,2.71,-0.135,277.2,233.1
2026-08-08T18:15:40.294880+00:00,1786212940.295,1863.43,21.18,11.2155,2.73,0.000,276.8,233.1
2026-08-08T18:15:40.522146+00:00,1786212940.522,1863.66,21.18,11.2155,2.77,0.000,276.6,233.1
2026-08-08T18:15:40.742904+00:00,1786212940.743,1863.88,20.95,11.2199,2.82,0.056,278.4,233.1
2026-08-08T18:15:40.972002+00:00,1786212940.972,1864.11,20.95,11.2199,2.86,-0.062,275.1,233.1
2026-08-08T18:15:41.170956+00:00,1786212941.171,1864.31,19.75,11.2199,2.86,-0.192,270.0,233.1
2026-08-08T18:15:41.420762+00:00,1786212941.421,1864.56,21.64,11.2221,2.78,0.145,275.3,233.1
2026-08-08T18:15:41.641374+00:00,1786212941.641,1864.78,21.64,11.2221,2.72,0.145,280.5,233.1
2026-08-08T18:15:41.875566+00:00,1786212941.876,1865.01,21.42,11.2265,2.67,0.000,284.9,233.1
2026-08-08T18:15:42.091878+00:00,1786212942.092,1865.23,21.42,11.2265,2.64,0.000,289.4,233.1
2026-08-08T18:15:42.331331+00:00,1786212942.331,1865.47,20.06,11.2265,2.59,0.000,286.1,233.1
2026-08-08T18:15:42.557166+00:00,1786212942.557,1865.69,21.50,11.2287,2.54,0.000,284.9,233.1
2026-08-08T18:15:42.974190+00:00,1786212942.974,1866.11,21.31,11.2331,2.55,0.000,291.1,233.1
2026-08-08T18:15:43.175008+00:00,1786212943.175,1866.31,21.31,11.2331,2.55,0.000,290.1,233.1
2026-08-08T18:15:43.376602+00:00,1786212943.377,1866.51,20.87,11.2331,2.56,0.000,288.2,233.1
2026-08-08T18:15:43.677652+00:00,1786212943.678,1866.81,21.80,11.2353,2.48,0.228,294.4,233.1
2026-08-08T18:15:43.910559+00:00,1786212943.911,1867.05,21.80,11.2353,2.43,0.000,295.2,233.1
2026-08-08T18:15:44.129537+00:00,1786212944.130,1867.27,20.16,11.2375,2.38,-0.165,293.6,233.1
2026-08-08T18:15:44.358492+00:00,1786212944.358,1867.50,20.16,11.2375,2.35,-0.140,277.1,233.1
2026-08-08T18:15:44.556336+00:00,1786212944.556,1867.69,20.21,11.2419,2.35,-0.136,261.2,233.1
2026-08-08T18:15:44.904633+00:00,1786212944.905,1868.04,19.60,11.2419,2.45,0.000,257.2,233.1
2026-08-08T18:15:45.125475+00:00,1786212945.125,1868.26,19.60,11.2441,2.54,-0.206,246.1,233.1
2026-08-08T18:15:45.343638+00:00,1786212945.344,1868.48,20.28,11.2441,2.58,-0.122,241.6,233.1
2026-08-08T18:15:45.560757+00:00,1786212945.561,1868.70,22.09,11.2485,2.62,0.091,246.9,233.1
2026-08-08T18:15:45.784433+00:00,1786212945.784,1868.92,22.09,11.2485,2.67,0.141,254.9,233.1
2026-08-08T18:15:46.003826+00:00,1786212946.004,1869.14,20.58,11.2485,2.76,-0.146,249.4,233.1
2026-08-08T18:15:46.235144+00:00,1786212946.235,1869.37,20.58,11.2507,2.80,-0.146,244.8,233.1
2026-08-08T18:15:46.659599+00:00,1786212946.660,1869.80,21.86,11.2529,2.82,0.186,245.6,233.1
2026-08-08T18:15:46.862848+00:00,1786212946.863,1870.00,21.44,11.2529,2.83,0.141,253.7,233.1
2026-08-08T18:15:47.161815+00:00,1786212947.162,1870.30,19.82,11.2573,2.96,0.000,263.3,233.1
2026-08-08T18:15:47.379645+00:00,1786212947.380,1870.52,19.82,11.2573,3.00,0.000,272.5,233.1
2026-08-08T18:15:47.599025+00:00,1786212947.599,1870.74,21.37,11.2573,3.08,0.198,292.5,233.1
2026-08-08T18:15:47.829649+00:00,1786212947.830,1870.97,21.37,11.2595,3.16,0.122,304.9,233.1
2026-08-08T18:15:48.045772+00:00,1786212948.046,1871.18,19.90,11.2595,3.20,-0.246,307.9,233.1
2026-08-08T18:15:48.263396+00:00,1786212948.263,1871.40,20.46,11.2639,3.24,-0.183,310.1,233.1
2026-08-08T18:15:48.675763+00:00,1786212948.676,1871.81,21.69,11.2639,3.22,0.115,314.7,233.1
2026-08-08T18:15:48.966326+00:00,1786212948.966,1872.10,21.69,11.2661,3.14,0.113,316.1,233.1
2026-08-08T18:15:49.195954+00:00,1786212949.196,1872.33,19.84,11.2661,3.07,-0.221,314.4,233.1
2026-08-08T18:15:49.414408+00:00,1786212949.414,1872.55,21.54,11.2705,3.04,0.000,323.3,233.1
2026-08-08T18:15:49.633140+00:00,1786212949.633,1872.77,21.54,11.2705,3.00,0.194,324.3,233.1
2026-08-08T18:15:49.865452+00:00,1786212949.865,1873.00,21.33,11.2705,2.94,0.169,326.0,233.1
2026-08-08T18:15:50.084243+00:00,1786212950.084,1873.22,21.33,11.2727,2.91,0.000,328.0,233.1
2026-08-08T18:15:50.530470+00:00,1786212950.530,1873.67,22.93,11.2771,2.90,0.161,339.3,233.1
2026-08-08T18:15:50.725137+00:00,1786212950.725,1873.86,22.93,11.2771,2.90,0.314,346.3,233.1
2026-08-08T18:15:50.926548+00:00,1786212950.927,1874.06,22.17,11.2771,2.90,0.179,348.3,233.1
2026-08-08T18:15:51.215182+00:00,1786212951.215,1874.35,21.50,11.2793,2.87,0.000,358.0,233.1
2026-08-08T18:15:51.431980+00:00,1786212951.432,1874.57,21.50,11.2793,2.86,0.000,364.3,233.1
2026-08-08T18:15:51.651684+00:00,1786212951.652,1874.79,20.39,11.2815,2.84,0.062,357.2,233.1
2026-08-08T18:15:51.883674+00:00,1786212951.884,1875.02,20.39,11.2815,2.82,-0.129,343.2,233.1
2026-08-08T18:15:52.099531+00:00,1786212952.100,1875.24,20.74,11.2859,2.81,-0.090,347.7,233.1
2026-08-08T18:15:52.316679+00:00,1786212952.317,1875.45,20.74,11.2859,2.83,-0.067,342.3,233.1
2026-08-08T18:15:52.514553+00:00,1786212952.515,1875.65,19.96,11.2859,2.83,-0.156,324.6,233.1
2026-08-08T18:15:52.714118+00:00,1786212952.714,1875.85,19.96,11.2881,2.83,-0.377,300.4,233.1
2026-08-08T18:15:52.909772+00:00,1786212952.910,1876.05,20.86,11.2881,2.82,-0.263,288.5,233.1
2026-08-08T18:15:53.115498+00:00,1786212953.115,1876.25,21.84,11.2925,2.81,0.000,279.1,233.1
2026-08-08T18:15:53.311998+00:00,1786212953.312,1876.45,21.84,11.2925,2.81,0.000,262.8,233.1
2026-08-08T18:15:53.578653+00:00,1786212953.579,1876.72,20.02,11.2925,2.75,-0.192,243.5,233.1
2026-08-08T18:15:53.804623+00:00,1786212953.805,1876.94,20.02,11.2947,2.67,0.000,239.9,233.1
2026-08-08T18:15:54.034492+00:00,1786212954.034,1877.17,21.23,11.2947,2.58,0.109,242.0,233.1
2026-08-08T18:15:54.252293+00:00,1786212954.252,1877.39,20.92,11.2991,2.53,0.000,238.3,233.1
2026-08-08T18:15:54.468448+00:00,1786212954.468,1877.61,20.92,11.2991,2.50,0.000,242.0,233.1
2026-08-08T18:15:54.687951+00:00,1786212954.688,1877.82,19.96,11.2991,2.42,0.000,241.9,233.1
2026-08-08T18:15:55.119339+00:00,1786212955.119,1878.26,22.37,11.3013,2.33,0.278,255.5,233.1
2026-08-08T18:15:55.323683+00:00,1786212955.324,1878.46,22.37,11.3035,2.23,0.174,268.3,233.1
2026-08-08T18:15:55.525217+00:00,1786212955.525,1878.66,21.57,11.3035,2.20,0.000,280.8,233.1
2026-08-08T18:15:55.737765+00:00,1786212955.738,1878.87,21.57,11.3035,2.19,0.000,288.0,233.1
2026-08-08T18:15:56.061653+00:00,1786212956.062,1879.20,19.81,11.3078,2.20,0.000,281.0,233.1
2026-08-08T18:15:56.284302+00:00,1786212956.284,1879.42,21.97,11.3078,2.32,0.219,287.0,233.1
2026-08-08T18:15:56.505926+00:00,1786212956.506,1879.64,20.94,11.3100,2.42,0.000,293.5,233.1
2026-08-08T18:15:56.737847+00:00,1786212956.738,1879.87,20.94,11.3100,2.55,0.000,294.0,233.1
2026-08-08T18:15:56.971228+00:00,1786212956.971,1880.11,20.03,11.3144,2.68,-0.100,284.7,233.1
2026-08-08T18:15:57.187863+00:00,1786212957.188,1880.32,20.03,11.3144,2.75,0.000,284.9,233.1
2026-08-08T18:15:57.403841+00:00,1786212957.404,1880.54,21.71,11.3144,2.88,-0.080,285.4,233.1
2026-08-08T18:15:57.625381+00:00,1786212957.625,1880.76,21.71,11.3166,2.95,-0.079,288.2,233.1
2026-08-08T18:15:58.023610+00:00,1786212958.024,1881.16,19.68,11.3166,2.95,-0.209,268.6,233.1
2026-08-08T18:15:58.218843+00:00,1786212958.219,1881.36,20.53,11.3210,2.96,-0.116,258.9,233.1
2026-08-08T18:15:58.438786+00:00,1786212958.439,1881.58,21.51,11.3210,2.99,0.199,272.6,233.1
2026-08-08T18:15:58.660247+00:00,1786212958.660,1881.80,21.51,11.3232,3.01,-0.054,276.0,233.1
2026-08-08T18:15:58.890566+00:00,1786212958.891,1882.03,20.05,11.3232,3.01,-0.104,277.6,233.1
2026-08-08T18:15:59.122627+00:00,1786212959.123,1882.26,20.05,11.3254,2.97,-0.104,265.9,233.1
2026-08-08T18:15:59.345651+00:00,1786212959.346,1882.48,21.16,11.3254,2.93,0.132,275.1,233.1
2026-08-08T18:15:59.573365+00:00,1786212959.573,1882.71,20.72,11.3254,2.83,0.081,279.9,233.1
2026-08-08T18:15:59.766339+00:00,1786212959.766,1882.90,20.72,11.3298,2.83,-0.117,281.0,233.1
2026-08-08T18:16:00.030415+00:00,1786212960.030,1883.17,21.45,11.3298,2.67,0.000,282.6,233.1
2026-08-08T18:16:00.258294+00:00,1786212960.258,1883.39,21.45,11.3320,2.56,0.219,292.3,233.1
2026-08-08T18:16:00.475372+00:00,1786212960.475,1883.61,21.36,11.3320,2.51,0.103,296.2,233.1
2026-08-08T18:16:00.692681+00:00,1786212960.693,1883.83,21.71,11.3320,2.45,0.000,303.7,233.1
2026-08-08T18:16:00.939092+00:00,1786212960.939,1884.08,21.71,11.3364,2.34,0.000,305.9,233.1
2026-08-08T18:16:01.156036+00:00,1786212961.156,1884.29,21.63,11.3364,2.24,0.193,300.6,233.1
2026-08-08T18:16:01.352678+00:00,1786212961.353,1884.49,21.63,11.3386,2.24,0.196,305.7,233.1
2026-08-08T18:16:01.612075+00:00,1786212961.612,1884.75,21.38,11.3386,2.40,0.000,307.7,233.1
2026-08-08T18:16:01.843814+00:00,1786212961.844,1884.98,21.53,11.3430,2.52,0.099,314.9,233.1
2026-08-08T18:16:02.061545+00:00,1786212962.062,1885.20,21.53,11.3430,2.57,0.098,311.7,233.1
2026-08-08T18:16:02.275286+00:00,1786212962.275,1885.41,21.42,11.3430,2.68,0.000,308.5,233.1
2026-08-08T18:16:02.494827+00:00,1786212962.495,1885.63,21.42,11.3452,2.74,0.000,313.6,233.1
2026-08-08T18:16:02.725128+00:00,1786212962.725,1885.86,20.23,11.3452,2.85,-0.140,307.6,233.1
2026-08-08T18:16:03.150574+00:00,1786212963.151,1886.29,21.09,11.3496,2.85,-0.071,297.1,233.1
2026-08-08T18:16:03.412385+00:00,1786212963.412,1886.55,21.67,11.3518,2.92,0.000,296.2,233.1
2026-08-08T18:16:03.629055+00:00,1786212963.629,1886.77,21.67,11.3518,2.93,0.000,299.5,233.1
2026-08-08T18:16:03.858716+00:00,1786212963.859,1887.00,20.16,11.3518,2.96,-0.162,295.2,233.1
2026-08-08T18:16:04.079820+00:00,1786212964.080,1887.22,21.52,11.3540,2.98,0.000,292.1,233.1
2026-08-08T18:16:04.295578+00:00,1786212964.296,1887.43,21.52,11.3540,2.99,0.000,289.1,233.1
2026-08-08T18:16:04.509146+00:00,1786212964.509,1887.65,20.92,11.3584,2.98,-0.069,289.6,233.1
2026-08-08T18:16:04.743837+00:00,1786212964.744,1887.88,20.92,11.3584,2.97,-0.056,285.4,233.1
2026-08-08T18:16:04.960754+00:00,1786212964.961,1888.10,20.35,11.3584,2.96,-0.120,277.6,233.1
2026-08-08T18:16:05.179062+00:00,1786212965.179,1888.32,22.03,11.3606,2.96,0.205,289.2,233.1
2026-08-08T18:16:05.395593+00:00,1786212965.396,1888.53,22.03,11.3606,2.91,0.117,296.3,233.1
2026-08-08T18:16:05.613315+00:00,1786212965.613,1888.75,20.63,11.3650,2.81,-0.131,296.9,233.1
2026-08-08T18:16:05.847243+00:00,1786212965.847,1888.98,20.63,11.3650,2.70,-0.130,293.0,233.1
2026-08-08T18:16:06.043634+00:00,1786212966.044,1889.18,20.53,11.3650,2.70,0.000,289.8,233.1
2026-08-08T18:16:06.299841+00:00,1786212966.300,1889.44,20.53,11.3672,2.44,-0.124,279.8,233.1
2026-08-08T18:16:06.528438+00:00,1786212966.528,1889.67,21.80,11.3672,2.26,0.000,283.7,233.1
2026-08-08T18:16:06.764340+00:00,1786212966.764,1889.90,19.98,11.3716,2.12,-0.117,271.3,233.1
2026-08-08T18:16:06.994733+00:00,1786212966.995,1890.13,19.98,11.3716,2.00,-0.117,258.0,233.1
2026-08-08T18:16:07.212304+00:00,1786212967.212,1890.35,21.19,11.3716,1.89,0.104,257.9,233.1
2026-08-08T18:16:07.442453+00:00,1786212967.442,1890.58,21.51,11.3738,1.78,-0.064,250.1,222.0
2026-08-08T18:16:07.639710+00:00,1786212967.640,1890.78,21.51,11.3738,1.78,-0.065,245.7,222.0
2026-08-08T18:16:07.903517+00:00,1786212967.903,1891.04,19.91,11.3782,1.78,-0.087,222.7,222.0
2026-08-08T18:16:08.105261+00:00,1786212968.105,1891.24,19.91,11.3782,1.78,-0.088,203.8,222.0
2026-08-08T18:16:08.337057+00:00,1786212968.337,1891.47,20.09,11.3782,1.82,-0.054,199.6,222.0
2026-08-08T18:16:08.533725+00:00,1786212968.534,1891.67,22.15,11.3804,1.80,0.201,209.2,222.0
2026-08-08T18:16:08.737287+00:00,1786212968.737,1891.87,22.15,11.3804,1.77,0.000,204.9,222.0
2026-08-08T18:16:08.933058+00:00,1786212968.933,1892.07,21.47,11.3848,1.74,0.191,214.1,222.0
2026-08-08T18:16:09.129148+00:00,1786212969.129,1892.27,21.47,11.3848,1.76,0.195,218.3,222.0
2026-08-08T18:16:09.348815+00:00,1786212969.349,1892.49,21.89,11.3848,1.79,0.090,226.7,222.0
2026-08-08T18:16:09.567432+00:00,1786212969.567,1892.70,21.89,11.3870,1.81,0.000,232.1,222.0
2026-08-08T18:16:09.800056+00:00,1786212969.800,1892.94,23.64,11.3870,1.85,0.274,243.2,222.0
2026-08-08T18:16:10.033034+00:00,1786212970.033,1893.17,21.13,11.3914,1.89,0.159,252.7,222.0
2026-08-08T18:16:10.249108+00:00,1786212970.249,1893.39,21.13,11.3914,1.91,0.158,262.2,222.0
2026-08-08T18:16:10.464890+00:00,1786212970.465,1893.60,21.56,11.3914,1.96,0.193,276.7,222.0
2026-08-08T18:16:10.857097+00:00,1786212970.857,1893.99,22.82,11.3936,2.05,0.081,289.2,222.0
2026-08-08T18:16:11.145746+00:00,1786212971.146,1894.28,21.62,11.3980,2.11,-0.061,292.6,222.0
2026-08-08T18:16:11.367065+00:00,1786212971.367,1894.50,21.62,11.3980,2.13,0.000,285.7,233.1
2026-08-08T18:16:11.582465+00:00,1786212971.582,1894.72,21.95,11.3980,2.12,0.054,290.2,233.1
2026-08-08T18:16:11.817257+00:00,1786212971.817,1894.95,21.95,11.4002,2.12,0.000,285.5,233.1
2026-08-08T18:16:12.039322+00:00,1786212972.039,1895.18,19.18,11.4002,2.15,-0.304,266.1,233.1
2026-08-08T18:16:12.249961+00:00,1786212972.250,1895.39,21.70,11.4046,2.20,-0.220,255.8,233.1
2026-08-08T18:16:12.467110+00:00,1786212972.467,1895.60,21.70,11.4046,2.23,0.065,261.3,233.1
2026-08-08T18:16:12.686979+00:00,1786212972.687,1895.82,22.09,11.4046,2.28,0.109,254.5,233.1
2026-08-08T18:16:12.924653+00:00,1786212972.925,1896.06,22.09,11.4068,2.33,0.059,254.9,233.1
2026-08-08T18:16:13.151965+00:00,1786212973.152,1896.29,21.70,11.4068,2.38,-0.136,246.8,233.1
2026-08-08T18:16:13.369904+00:00,1786212973.370,1896.51,23.48,11.4112,2.41,0.233,255.3,233.1
2026-08-08T18:16:13.585555+00:00,1786212973.586,1896.72,23.48,11.4112,2.44,0.233,266.1,233.1
2026-08-08T18:16:13.785791+00:00,1786212973.786,1896.92,21.06,11.4112,2.44,-0.112,265.6,233.1
2026-08-08T18:16:14.060528+00:00,1786212974.060,1897.20,21.41,11.4134,2.36,-0.066,264.2,233.1
2026-08-08T18:16:14.294291+00:00,1786212974.294,1897.43,21.41,11.4134,2.25,0.274,273.4,233.1
2026-08-08T18:16:14.534717+00:00,1786212974.535,1897.67,19.85,11.4178,2.14,-0.225,262.2,233.1
2026-08-08T18:16:14.756627+00:00,1786212974.757,1897.89,19.85,11.4178,2.03,-0.225,264.9,233.1
2026-08-08T18:16:14.987835+00:00,1786212974.988,1898.12,21.19,11.4178,1.93,-0.108,267.1,233.1
2026-08-08T18:16:15.219319+00:00,1786212975.219,1898.36,21.06,11.4200,1.82,-0.124,255.7,222.0
2026-08-08T18:16:15.416385+00:00,1786212975.416,1898.55,21.06,11.4200,1.82,-0.079,243.3,222.0
2026-08-08T18:16:15.675536+00:00,1786212975.676,1898.81,21.10,11.4244,1.66,-0.286,223.2,222.0
2026-08-08T18:16:15.905360+00:00,1786212975.905,1899.04,21.10,11.4244,1.56,-0.285,210.8,222.0
2026-08-08T18:16:16.121081+00:00,1786212976.121,1899.26,22.87,11.4244,1.51,0.216,202.2,222.0
2026-08-08T18:16:16.343376+00:00,1786212976.343,1899.48,21.49,11.4266,1.40,0.000,181.5,222.0
2026-08-08T18:16:16.572983+00:00,1786212976.573,1899.71,21.49,11.4266,1.30,0.000,178.7,222.0
2026-08-08T18:16:16.805885+00:00,1786212976.806,1899.94,21.39,11.4310,1.19,0.188,181.1,222.0
2026-08-08T18:16:17.226095+00:00,1786212977.226,1900.36,21.80,11.4310,1.23,0.220,172.3,222.0
2026-08-08T18:16:17.429550+00:00,1786212977.430,1900.57,21.98,11.4332,1.29,0.089,181.4,222.0
2026-08-08T18:16:17.630198+00:00,1786212977.630,1900.77,21.98,11.4332,1.40,0.106,192.6,222.0
2026-08-08T18:16:17.843328+00:00,1786212977.843,1900.98,23.08,11.4376,1.50,0.232,206.6,222.0
2026-08-08T18:16:18.071869+00:00,1786212978.072,1901.21,22.77,11.4376,1.59,0.193,220.5,222.0
2026-08-08T18:16:18.289612+00:00,1786212978.290,1901.43,22.77,11.4376,1.64,0.194,233.0,222.0
2026-08-08T18:16:18.505962+00:00,1786212978.506,1901.64,21.13,11.4398,1.73,-0.202,236.8,222.0
2026-08-08T18:16:18.726544+00:00,1786212978.727,1901.86,21.13,11.4398,1.77,0.000,249.9,222.0
2026-08-08T18:16:18.956393+00:00,1786212978.956,1902.09,21.38,11.4442,1.86,0.000,241.2,222.0
2026-08-08T18:16:19.174900+00:00,1786212979.175,1902.31,21.67,11.4442,1.91,0.000,244.9,222.0
2026-08-08T18:16:19.371896+00:00,1786212979.372,1902.51,21.67,11.4442,1.91,0.000,249.4,222.0
2026-08-08T18:16:19.643366+00:00,1786212979.643,1902.78,22.05,11.4486,2.05,0.000,248.4,233.1
2026-08-08T18:16:19.859622+00:00,1786212979.860,1903.00,23.47,11.4486,2.15,0.186,256.4,233.1
2026-08-08T18:16:20.073612+00:00,1786212980.074,1903.21,23.47,11.4508,2.19,0.000,261.2,233.1
2026-08-08T18:16:20.295792+00:00,1786212980.296,1903.43,21.82,11.4508,2.24,-0.119,257.5,233.1
2026-08-08T18:16:20.490931+00:00,1786212980.491,1903.63,21.82,11.4508,2.35,-0.120,246.7,233.1
2026-08-08T18:16:20.739196+00:00,1786212980.739,1903.88,23.26,11.4552,2.38,0.265,256.7,233.1
2026-08-08T18:16:20.958874+00:00,1786212980.959,1904.10,21.89,11.4552,2.39,0.094,256.5,233.1
2026-08-08T18:16:21.177720+00:00,1786212981.178,1904.31,21.89,11.4574,2.37,0.063,272.8,233.1
2026-08-08T18:16:21.374157+00:00,1786212981.374,1904.51,22.15,11.4574,2.37,0.060,280.9,233.1
2026-08-08T18:16:21.623183+00:00,1786212981.623,1904.76,23.73,11.4618,2.26,0.254,298.7,233.1
2026-08-08T18:16:21.844896+00:00,1786212981.845,1904.98,23.73,11.4618,2.19,0.212,313.2,233.1
2026-08-08T18:16:22.059744+00:00,1786212982.060,1905.20,22.29,11.4618,2.16,-0.148,309.5,233.1
2026-08-08T18:16:22.278240+00:00,1786212982.278,1905.41,22.29,11.4640,2.12,-0.148,303.9,233.1
2026-08-08T18:16:22.508733+00:00,1786212982.509,1905.65,23.75,11.4640,2.05,0.243,306.3,233.1
2026-08-08T18:16:22.732123+00:00,1786212982.732,1905.87,23.45,11.4684,2.01,0.203,314.0,233.1
2026-08-08T18:16:22.935152+00:00,1786212982.935,1906.07,23.45,11.4684,2.01,0.000,319.5,233.1
2026-08-08T18:16:23.139796+00:00,1786212983.140,1906.28,23.20,11.4684,2.01,0.167,331.4,233.1
2026-08-08T18:16:23.345305+00:00,1786212983.345,1906.48,22.77,11.4706,2.00,0.113,320.9,233.1
2026-08-08T18:16:23.737840+00:00,1786212983.738,1906.87,21.92,11.4750,1.96,0.000,314.0,233.1
2026-08-08T18:16:23.938383+00:00,1786212983.938,1907.08,21.92,11.4750,1.96,-0.218,299.3,222.0
2026-08-08T18:16:24.135119+00:00,1786212984.135,1907.27,22.37,11.4750,1.97,-0.165,286.9,222.0
2026-08-08T18:16:24.330596+00:00,1786212984.331,1907.47,22.37,11.4772,1.94,0.000,271.0,222.0
2026-08-08T18:16:24.533894+00:00,1786212984.534,1907.67,22.21,11.4772,1.88,0.000,256.9,222.0
2026-08-08T18:16:24.746831+00:00,1786212984.747,1907.88,22.21,11.4794,1.90,-0.192,253.1,222.0
2026-08-08T18:16:24.985329+00:00,1786212984.985,1908.12,20.93,11.4794,1.96,-0.311,244.1,222.0
2026-08-08T18:16:25.212960+00:00,1786212985.213,1908.35,21.46,11.4794,2.02,-0.243,219.7,222.0
2026-08-08T18:16:25.446100+00:00,1786212985.446,1908.58,21.46,11.4838,2.09,-0.209,199.9,233.1
2026-08-08T18:16:25.663882+00:00,1786212985.664,1908.80,21.23,11.4838,2.15,-0.184,190.4,233.1
2026-08-08T18:16:25.898913+00:00,1786212985.899,1909.04,21.39,11.4882,2.17,-0.068,178.9,233.1
2026-08-08T18:16:26.097082+00:00,1786212986.097,1909.23,21.39,11.4882,2.17,-0.068,170.4,233.1
2026-08-08T18:16:26.347575+00:00,1786212986.348,1909.48,23.03,11.4882,2.14,0.084,177.0,233.1
2026-08-08T18:16:26.546642+00:00,1786212986.547,1909.68,23.03,11.4904,2.14,0.084,192.7,233.1
2026-08-08T18:16:26.743343+00:00,1786212986.743,1909.88,23.17,11.4904,2.14,0.122,207.6,233.1
2026-08-08T18:16:26.948194+00:00,1786212986.948,1910.08,22.65,11.4904,2.12,0.057,211.7,233.1
2026-08-08T18:16:27.143991+00:00,1786212987.144,1910.28,22.65,11.4948,2.11,0.221,223.6,233.1
2026-08-08T18:16:27.347701+00:00,1786212987.348,1910.48,21.84,11.4948,2.19,0.000,233.4,233.1
2026-08-08T18:16:27.564718+00:00,1786212987.565,1910.70,21.84,11.4970,2.20,0.000,248.7,233.1
2026-08-08T18:16:27.784206+00:00,1786212987.784,1910.92,20.57,11.4970,2.20,-0.087,255.4,233.1
2026-08-08T18:16:27.979912+00:00,1786212987.980,1911.12,20.57,11.4970,2.24,-0.109,259.5,233.1
2026-08-08T18:16:28.226165+00:00,1786212988.226,1911.36,21.50,11.5014,2.28,0.000,268.3,233.1
2026-08-08T18:16:28.459103+00:00,1786212988.459,1911.60,20.92,11.5014,2.33,-0.278,260.4,233.1
2026-08-08T18:16:28.683805+00:00,1786212988.684,1911.82,20.92,11.5036,2.37,-0.275,252.9,233.1
2026-08-08T18:16:28.916605+00:00,1786212988.917,1912.05,21.73,11.5036,2.42,-0.184,241.6,233.1
2026-08-08T18:16:29.132692+00:00,1786212989.133,1912.27,21.73,11.5058,2.44,-0.117,233.3,233.1
2026-08-08T18:16:29.348234+00:00,1786212989.348,1912.48,21.53,11.5058,2.46,-0.142,222.1,233.1
2026-08-08T18:16:29.764279+00:00,1786212989.764,1912.90,20.68,11.5102,2.46,-0.134,214.0,233.1
2026-08-08T18:16:30.124138+00:00,1786212990.124,1913.26,19.02,11.5102,2.38,-0.307,190.1,233.1
2026-08-08T18:16:30.348965+00:00,1786212990.349,1913.49,19.02,11.5124,2.33,-0.168,181.2,233.1
2026-08-08T18:16:30.565855+00:00,1786212990.566,1913.70,20.25,11.5124,2.29,0.000,179.8,233.1
2026-08-08T18:16:30.786532+00:00,1786212990.787,1913.92,20.53,11.5146,2.23,-0.105,179.2,233.1
2026-08-08T18:16:31.016736+00:00,1786212991.017,1914.15,20.53,11.5146,2.16,0.000,183.0,233.1
2026-08-08T18:16:31.430236+00:00,1786212991.430,1914.57,19.18,11.5190,2.13,-0.176,172.5,233.1
2026-08-08T18:16:31.709340+00:00,1786212991.709,1914.85,19.93,11.5190,2.04,-0.179,173.7,233.1
2026-08-08T18:16:31.938851+00:00,1786212991.939,1915.08,19.93,11.5212,1.98,-0.179,174.1,233.1
2026-08-08T18:16:32.166366+00:00,1786212992.166,1915.30,18.84,11.5212,1.91,-0.265,165.1,233.1
2026-08-08T18:16:32.385121+00:00,1786212992.385,1915.52,18.84,11.5234,1.88,-0.195,155.6,233.1
2026-08-08T18:16:32.607343+00:00,1786212992.607,1915.74,18.49,11.5234,1.81,-0.059,151.3,222.0
2026-08-08T18:16:32.836569+00:00,1786212992.837,1915.97,18.49,11.5234,1.74,-0.059,147.4,222.0
2026-08-08T18:16:33.464011+00:00,1786212993.464,1916.60,19.43,11.5300,1.96,-0.079,153.5,222.0
2026-08-08T18:16:33.665199+00:00,1786212993.665,1916.80,19.43,11.5300,2.51,-0.107,157.3,222.0
2026-08-08T18:16:33.870444+00:00,1786212993.870,1917.01,18.44,11.5300,3.04,-0.204,152.3,222.0
2026-08-08T18:16:34.098612+00:00,1786212994.099,1917.24,18.44,11.5322,3.58,-0.077,159.2,233.1
2026-08-08T18:16:34.320363+00:00,1786212994.320,1917.46,18.58,11.5322,4.12,-0.144,163.4,233.1
2026-08-08T18:16:34.537291+00:00,1786212994.537,1917.67,18.58,11.5344,4.39,-0.145,177.6,233.1
2026-08-08T18:16:34.755779+00:00,1786212994.756,1917.89,18.50,11.5344,4.93,0.000,200.1,233.1
2026-08-08T18:16:34.986494+00:00,1786212994.986,1918.12,19.25,11.5344,5.45,0.000,227.8,233.1
2026-08-08T18:16:35.419694+00:00,1786212995.420,1918.56,19.82,11.5388,6.13,0.131,270.7,244.2
2026-08-08T18:16:35.620980+00:00,1786212995.621,1918.76,19.82,11.5410,6.56,0.133,313.9,244.2
2026-08-08T18:16:35.825784+00:00,1786212995.826,1918.96,19.97,11.5410,6.94,0.063,353.3,244.2
2026-08-08T18:16:36.023357+00:00,1786212996.023,1919.16,19.97,11.5410,7.33,0.064,395.5,244.2
2026-08-08T18:16:36.253522+00:00,1786212996.254,1919.39,21.31,11.5454,7.73,0.335,454.3,244.2
2026-08-08T18:16:36.472275+00:00,1786212996.472,1919.61,21.31,11.5454,7.62,0.336,509.9,244.2
2026-08-08T18:16:36.692056+00:00,1786212996.692,1919.83,19.82,11.5476,7.56,0.146,553.7,244.2
2026-08-08T18:16:36.924232+00:00,1786212996.924,1920.06,20.30,11.5476,7.45,0.201,592.8,244.2
2026-08-08T18:16:37.140589+00:00,1786212997.141,1920.28,20.30,11.5476,7.39,0.210,630.8,244.2
2026-08-08T18:16:37.559788+00:00,1786212997.560,1920.70,21.45,11.5520,7.34,0.237,671.8,244.2
2026-08-08T18:16:37.812834+00:00,1786212997.813,1920.95,20.40,11.5541,6.81,0.067,690.9,244.2
2026-08-08T18:16:38.041551+00:00,1786212998.042,1921.18,21.73,11.5541,6.63,0.219,714.1,244.2
2026-08-08T18:16:38.257076+00:00,1786212998.257,1921.39,21.73,11.5541,6.45,0.201,724.7,244.2
2026-08-08T18:16:38.476491+00:00,1786212998.476,1921.61,21.64,11.5585,6.28,0.190,730.6,244.2
2026-08-08T18:16:38.701408+00:00,1786212998.701,1921.84,21.64,11.5585,6.10,0.000,727.0,244.2
2026-08-08T18:16:38.929698+00:00,1786212998.930,1922.07,21.33,11.5607,5.73,0.000,717.6,244.2
2026-08-08T18:16:39.159531+00:00,1786212999.160,1922.30,21.60,11.5607,5.33,0.200,696.3,244.2
2026-08-08T18:16:39.375830+00:00,1786212999.376,1922.51,21.60,11.5607,5.14,0.147,672.2,244.2
2026-08-08T18:16:39.609756+00:00,1786212999.610,1922.75,21.91,11.5651,4.78,0.181,661.0,233.1
2026-08-08T18:16:39.828632+00:00,1786212999.829,1922.97,21.91,11.5651,4.42,0.056,639.0,233.1
2026-08-08T18:16:40.059033+00:00,1786213000.059,1923.20,20.38,11.5673,4.06,0.000,609.0,233.1
2026-08-08T18:16:40.278634+00:00,1786213000.279,1923.42,20.67,11.5673,3.88,-0.131,568.6,233.1
2026-08-08T18:16:40.696592+00:00,1786213000.697,1923.83,22.50,11.5695,3.56,0.088,552.1,233.1
2026-08-08T18:16:40.900791+00:00,1786213000.901,1924.04,22.50,11.5695,3.25,0.099,524.8,233.1
2026-08-08T18:16:41.187546+00:00,1786213001.188,1924.32,21.48,11.5739,2.93,0.000,491.2,233.1
2026-08-08T18:16:41.410474+00:00,1786213001.410,1924.55,23.11,11.5739,2.85,0.199,470.5,233.1
2026-08-08T18:16:41.629105+00:00,1786213001.629,1924.77,23.11,11.5761,2.81,0.170,457.3,233.1
2026-08-08T18:16:41.861454+00:00,1786213001.861,1925.00,21.68,11.5761,2.73,0.000,437.1,233.1
2026-08-08T18:16:42.078226+00:00,1786213002.078,1925.21,21.02,11.5761,2.69,-0.100,405.3,233.1
2026-08-08T18:16:42.295850+00:00,1786213002.296,1925.43,21.02,11.5805,2.65,-0.100,376.9,233.1
2026-08-08T18:16:42.714840+00:00,1786213002.715,1925.85,20.44,11.5827,2.61,0.000,351.7,233.1
2026-08-08T18:16:42.921371+00:00,1786213002.921,1926.06,20.28,11.5827,2.60,0.000,334.0,233.1
2026-08-08T18:16:43.127134+00:00,1786213003.127,1926.26,20.28,11.5827,2.59,-0.254,314.2,233.1
2026-08-08T18:16:43.333346+00:00,1786213003.333,1926.47,21.56,11.5871,2.55,-0.108,307.4,233.1
2026-08-08T18:16:43.562354+00:00,1786213003.562,1926.70,21.34,11.5871,2.52,0.000,294.3,233.1
2026-08-08T18:16:43.786738+00:00,1786213003.787,1926.92,21.34,11.5893,2.50,-0.207,274.3,233.1
2026-08-08T18:16:43.980984+00:00,1786213003.981,1927.12,22.30,11.5893,2.53,-0.096,268.6,233.1
2026-08-08T18:16:44.185672+00:00,1786213004.186,1927.32,22.30,11.5893,2.51,0.073,259.1,233.1
2026-08-08T18:16:44.392088+00:00,1786213004.392,1927.53,21.73,11.5915,2.50,0.086,250.7,233.1
2026-08-08T18:16:44.597126+00:00,1786213004.597,1927.73,21.73,11.5915,2.50,0.086,252.8,233.1
2026-08-08T18:16:44.877310+00:00,1786213004.877,1928.01,21.53,11.5959,2.50,0.140,262.1,233.1
2026-08-08T18:16:45.075754+00:00,1786213005.076,1928.21,21.21,11.5959,2.50,0.119,270.3,233.1
2026-08-08T18:16:45.324126+00:00,1786213005.324,1928.46,21.21,11.5981,2.47,0.117,275.3,233.1
2026-08-08T18:16:45.516890+00:00,1786213005.517,1928.65,20.99,11.5981,2.47,-0.072,272.4,233.1
2026-08-08T18:16:45.777789+00:00,1786213005.778,1928.91,20.99,11.5981,2.50,0.000,282.7,233.1
2026-08-08T18:16:45.999131+00:00,1786213005.999,1929.14,20.39,11.6025,2.54,-0.119,280.7,233.1
2026-08-08T18:16:46.215412+00:00,1786213006.215,1929.35,20.65,11.6025,2.57,-0.204,272.0,233.1
2026-08-08T18:16:46.431658+00:00,1786213006.432,1929.57,20.65,11.6047,2.60,-0.203,272.1,233.1
2026-08-08T18:16:46.652377+00:00,1786213006.652,1929.79,19.87,11.6047,2.67,-0.229,265.0,233.1
2026-08-08T18:16:46.884444+00:00,1786213006.884,1930.02,19.87,11.6047,2.71,-0.227,251.0,233.1
2026-08-08T18:16:47.306739+00:00,1786213007.307,1930.44,20.36,11.6091,2.71,-0.133,241.6,233.1
2026-08-08T18:16:47.512772+00:00,1786213007.513,1930.65,21.19,11.6113,2.72,0.000,238.7,233.1
2026-08-08T18:16:47.820570+00:00,1786213007.821,1930.96,19.73,11.6113,2.67,-0.164,225.3,233.1
2026-08-08T18:16:48.049437+00:00,1786213008.049,1931.19,19.73,11.6135,2.65,-0.139,214.1,233.1
2026-08-08T18:16:48.265321+00:00,1786213008.265,1931.40,19.59,11.6135,2.63,-0.157,202.2,233.1
2026-08-08T18:16:48.482177+00:00,1786213008.482,1931.62,19.59,11.6135,2.61,-0.089,200.8,233.1
2026-08-08T18:16:48.703792+00:00,1786213008.704,1931.84,19.80,11.6179,2.60,-0.095,196.1,233.1
2026-08-08T18:16:48.934335+00:00,1786213008.934,1932.07,19.80,11.6179,2.58,-0.095,196.6,233.1
2026-08-08T18:16:49.373829+00:00,1786213009.374,1932.51,18.87,11.6201,2.57,-0.101,198.6,233.1
2026-08-08T18:16:49.572024+00:00,1786213009.572,1932.71,18.53,11.6201,2.59,-0.138,198.8,233.1
2026-08-08T18:16:49.773751+00:00,1786213009.774,1932.91,18.53,11.6223,2.61,-0.207,198.0,233.1
2026-08-08T18:16:49.970335+00:00,1786213009.970,1933.11,19.57,11.6223,2.61,-0.184,198.7,233.1
2026-08-08T18:16:50.229717+00:00,1786213010.230,1933.37,19.36,11.6223,2.67,0.000,202.3,233.1
2026-08-08T18:16:50.468125+00:00,1786213010.468,1933.60,19.36,11.6267,2.72,0.000,199.6,233.1
2026-08-08T18:16:50.684818+00:00,1786213010.685,1933.82,19.43,11.6267,2.76,0.000,206.0,233.1
2026-08-08T18:16:50.903464+00:00,1786213010.903,1934.04,19.43,11.6289,2.78,0.000,211.7,233.1
2026-08-08T18:16:51.133737+00:00,1786213011.134,1934.27,19.70,11.6289,2.81,0.000,218.9,233.1
2026-08-08T18:16:51.350502+00:00,1786213011.350,1934.49,19.70,11.6289,2.84,0.000,223.8,233.1
2026-08-08T18:16:51.555176+00:00,1786213011.555,1934.69,19.91,11.6333,2.84,0.132,234.2,233.1
2026-08-08T18:16:51.806538+00:00,1786213011.807,1934.94,19.91,11.6333,2.88,0.172,246.5,233.1
2026-08-08T18:16:52.035949+00:00,1786213012.036,1935.17,18.77,11.6355,2.90,0.000,252.0,233.1
2026-08-08T18:16:52.254483+00:00,1786213012.254,1935.39,18.77,11.6355,2.92,-0.098,255.8,233.1
2026-08-08T18:16:52.469067+00:00,1786213012.469,1935.61,18.84,11.6355,2.93,-0.064,263.2,233.1
2026-08-08T18:16:52.688721+00:00,1786213012.689,1935.83,18.84,11.6377,2.94,-0.065,268.8,233.1
2026-08-08T18:16:52.918800+00:00,1786213012.919,1936.06,18.93,11.6377,2.97,-0.062,267.7,233.1
2026-08-08T18:16:53.368665+00:00,1786213013.369,1936.51,18.34,11.6399,2.95,-0.123,263.4,233.1
2026-08-08T18:16:53.570575+00:00,1786213013.571,1936.71,18.34,11.6399,2.96,-0.154,257.7,233.1
2026-08-08T18:16:53.775316+00:00,1786213013.775,1936.91,18.27,11.6421,2.94,-0.163,251.3,233.1
2026-08-08T18:16:53.977582+00:00,1786213013.978,1937.11,18.27,11.6421,2.94,-0.187,243.5,233.1
2026-08-08T18:16:54.176515+00:00,1786213014.177,1937.31,18.21,11.6465,2.93,-0.199,235.0,233.1
2026-08-08T18:16:54.381867+00:00,1786213014.382,1937.52,18.21,11.6465,2.93,-0.066,225.7,233.1
2026-08-08T18:16:54.587052+00:00,1786213014.587,1937.72,18.04,11.6465,2.92,-0.087,213.7,233.1
2026-08-08T18:16:54.782468+00:00,1786213014.782,1937.92,18.04,11.6487,2.94,-0.096,209.5,233.1
2026-08-08T18:16:54.981133+00:00,1786213014.981,1938.12,18.04,11.6487,2.96,-0.097,208.9,233.1
2026-08-08T18:16:55.232149+00:00,1786213015.232,1938.37,17.24,11.6509,2.97,-0.204,202.4,233.1
2026-08-08T18:16:55.434812+00:00,1786213015.435,1938.57,17.24,11.6509,2.97,-0.149,197.7,233.1
2026-08-08T18:16:55.685939+00:00,1786213015.686,1938.82,16.48,11.6531,2.94,-0.244,188.6,233.1
2026-08-08T18:16:55.907412+00:00,1786213015.907,1939.04,16.48,11.6531,2.91,-0.233,182.7,233.1
2026-08-08T18:16:56.133815+00:00,1786213016.134,1939.27,16.43,11.6531,2.88,-0.237,177.6,233.1
2026-08-08T18:16:56.360927+00:00,1786213016.361,1939.50,16.43,11.6553,2.84,-0.226,173.1,233.1
2026-08-08T18:16:56.590371+00:00,1786213016.590,1939.73,15.65,11.6553,2.79,-0.322,165.6,233.1
2026-08-08T18:16:56.813760+00:00,1786213016.814,1939.95,15.65,11.6575,2.76,-0.298,159.2,233.1
2026-08-08T18:16:57.009925+00:00,1786213017.010,1940.15,15.65,11.6575,2.76,-0.297,148.3,233.1
2026-08-08T18:16:57.206199+00:00,1786213017.206,1940.34,15.63,11.6575,2.78,-0.300,138.2,233.1
2026-08-08T18:16:57.411152+00:00,1786213017.411,1940.55,15.63,11.6597,2.81,-0.205,131.5,233.1
2026-08-08T18:16:57.704200+00:00,1786213017.704,1940.84,15.59,11.6597,2.85,-0.202,124.9,233.1
2026-08-08T18:16:57.927263+00:00,1786213017.927,1941.06,15.59,11.6619,2.88,-0.111,125.6,233.1
2026-08-08T18:16:58.140690+00:00,1786213018.141,1941.28,15.01,11.6619,2.90,-0.183,121.9,233.1
2026-08-08T18:16:58.357298+00:00,1786213018.357,1941.49,15.01,11.6641,2.93,-0.178,122.5,233.1
2026-08-08T18:16:58.574766+00:00,1786213018.575,1941.71,15.01,11.6641,2.99,-0.179,123.2,233.1
2026-08-08T18:16:58.793002+00:00,1786213018.793,1941.93,15.03,11.6641,3.07,-0.079,127.5,233.1
2026-08-08T18:16:59.210625+00:00,1786213019.211,1942.35,15.03,11.6663,3.64,-0.072,134.6,233.1
2026-08-08T18:16:59.410715+00:00,1786213019.411,1942.55,13.78,11.6663,4.25,-0.217,142.8,233.1
2026-08-08T18:16:59.612290+00:00,1786213019.612,1942.75,13.78,11.6685,4.85,-0.214,153.0,233.1
2026-08-08T18:16:59.896364+00:00,1786213019.896,1943.03,13.78,11.6685,5.40,-0.208,165.9,233.1
2026-08-08T18:17:00.120724+00:00,1786213020.121,1943.26,13.78,11.6685,5.95,-0.208,181.3,244.2
2026-08-08T18:17:00.343092+00:00,1786213020.343,1943.48,12.00,11.6685,6.44,-0.412,187.7,244.2
2026-08-08T18:17:00.590222+00:00,1786213020.590,1943.73,12.00,11.6707,6.91,-0.342,197.2,244.2
2026-08-08T18:17:00.811182+00:00,1786213020.811,1943.95,12.00,11.6707,7.38,-0.341,205.7,244.2
2026-08-08T18:17:01.027683+00:00,1786213021.028,1944.16,12.00,11.6707,7.62,-0.341,217.7,244.2
2026-08-08T18:17:01.425123+00:00,1786213021.425,1944.56,9.69,11.6707,7.70,-0.563,220.8,244.2
2026-08-08T18:17:01.623360+00:00,1786213021.623,1944.76,9.69,11.6729,7.83,-0.614,223.2,244.2
2026-08-08T18:17:01.844943+00:00,1786213021.845,1944.98,9.69,11.6729,7.95,-0.466,225.3,244.2
2026-08-08T18:17:02.061343+00:00,1786213022.061,1945.20,9.69,11.6729,8.01,-0.463,224.8,244.2
2026-08-08T18:17:02.282391+00:00,1786213022.282,1945.42,9.69,11.6729,8.13,-0.475,227.2,244.2
2026-08-08T18:17:02.511170+00:00,1786213022.511,1945.65,9.69,11.6729,7.78,-0.474,225.8,244.2
2026-08-08T18:17:02.748892+00:00,1786213022.749,1945.89,9.69,11.6729,7.37,-0.266,224.3,244.2
2026-08-08T18:17:02.979062+00:00,1786213022.979,1946.12,9.69,11.6729,6.98,-0.268,219.2,244.2
2026-08-08T18:17:03.427807+00:00,1786213023.428,1946.56,9.69,11.6729,6.18,-0.245,218.0,244.2
2026-08-08T18:17:03.663872+00:00,1786213023.664,1946.80,9.69,11.6729,5.56,-0.243,211.5,244.2
2026-08-08T18:17:03.881875+00:00,1786213023.882,1947.02,0.00,11.6729,5.25,-1.096,189.1,244.2
2026-08-08T18:17:04.086992+00:00,1786213024.087,1947.22,0.00,11.6729,4.64,-1.093,165.7,244.2
2026-08-08T18:17:04.284048+00:00,1786213024.284,1947.42,0.00,11.6729,4.03,-1.104,151.0,244.2
2026-08-08T18:17:04.485264+00:00,1786213024.485,1947.62,0.00,11.6729,3.59,-1.110,136.7,233.1
2026-08-08T18:17:04.872837+00:00,1786213024.873,1948.01,0.00,11.6729,3.29,-1.039,119.4,233.1
2026-08-08T18:17:05.097341+00:00,1786213025.097,1948.23,0.00,11.6729,3.11,-1.041,101.7,233.1
2026-08-08T18:17:05.313607+00:00,1786213025.314,1948.45,0.00,11.6729,3.03,-1.050,84.0,233.1
2026-08-08T18:17:05.531347+00:00,1786213025.531,1948.67,0.00,11.6729,2.86,-1.055,67.3,233.1
2026-08-08T18:17:05.762535+00:00,1786213025.762,1948.90,0.00,11.6729,2.68,-1.154,48.0,233.1
2026-08-08T18:17:05.986835+00:00,1786213025.987,1949.12,0.00,11.6729,2.51,-1.159,30.0,233.1
2026-08-08T18:17:06.416900+00:00,1786213026.417,1949.55,0.00,11.6729,2.55,0.000,14.1,233.1
2026-08-08T18:17:06.615175+00:00,1786213026.615,1949.75,0.00,11.6729,2.82,0.000,0.0,233.1
2026-08-08T18:17:06.815532+00:00,1786213026.816,1949.95,0.00,11.6729,3.09,0.000,0.0,233.1
2026-08-08T18:17:07.105492+00:00,1786213027.105,1950.24,0.00,11.6729,3.36,0.000,0.0,233.1
2026-08-08T18:17:07.322597+00:00,1786213027.323,1950.46,0.00,11.6729,3.62,0.000,0.0,233.1
2026-08-08T18:17:07.539361+00:00,1786213027.539,1950.68,0.00,11.6729,3.87,0.000,0.0,233.1
2026-08-08T18:17:07.757574+00:00,1786213027.758,1950.89,0.00,11.6729,4.07,0.000,0.0,233.1
2026-08-08T18:17:07.973077+00:00,1786213027.973,1951.11,0.00,11.6729,4.24,0.000,0.0,233.1
2026-08-08T18:17:08.192921+00:00,1786213028.193,1951.33,0.00,11.6729,4.41,0.000,0.0,233.1
2026-08-08T18:17:08.632240+00:00,1786213028.632,1951.77,0.00,11.6729,4.68,0.000,0.0,233.1
