timestamp_iso,timestamp_unix,duree_s,vitesse_kmh,distance_km,pitch_deg,acceleration_ms2,puissance_w,puissance_cible_w
2026-08-08T20:55:25.924661+00:00,1786222525.925,0.07,0.0,0.0066,-3.79,0.0,0.0,220.0
2026-08-08T20:55:26.123597+00:00,1786222526.124,0.27,0.0,0.0,-3.79,0.0,0.0,188.7
2026-08-08T20:55:26.328120+00:00,1786222526.328,0.47,0.0,0.0,-3.79,0.0,0.0,188.7
2026-08-08T20:55:26.527699+00:00,1786222526.528,0.67,0.0,0.0,-3.8,0.0,0.0,188.7
2026-08-08T20:55:26.723372+00:00,1786222526.723,0.87,0.0,0.0,-3.8,0.0,0.0,188.7
2026-08-08T20:55:26.927475+00:00,1786222526.927,1.07,0.0,0.0,-3.8,0.0,0.0,188.7
2026-08-08T20:55:27.127696+00:00,1786222527.128,1.27,0.0,0.0,-3.8,0.0,0.0,188.7
2026-08-08T20:55:27.327420+00:00,1786222527.327,1.47,0.0,0.0,-3.8,0.0,0.0,188.7
2026-08-08T20:55:27.526814+00:00,1786222527.527,1.67,0.0,0.0,-3.8,0.0,0.0,188.7
2026-08-08T20:55:27.724259+00:00,1786222527.724,1.87,0.0,0.0,-3.8,0.0,0.0,188.7
2026-08-08T20:55:27.924474+00:00,1786222527.924,2.07,0.0,0.0,-3.79,0.0,0.0,188.7
2026-08-08T20:55:28.123820+00:00,1786222528.124,2.27,0.0,0.0,-3.79,0.0,0.0,188.7
2026-08-08T20:55:28.323243+00:00,1786222528.323,2.47,0.0,0.0,-3.79,0.0,0.0,188.7
2026-08-08T20:55:28.522762+00:00,1786222528.523,2.67,0.0,0.0,-3.78,0.0,0.0,188.7
2026-08-08T20:55:28.720898+00:00,1786222528.721,2.87,0.0,0.0,-3.78,0.0,0.0,188.7
2026-08-08T20:55:28.920811+00:00,1786222528.921,3.07,0.0,0.0,-3.77,0.0,0.0,188.7
2026-08-08T20:55:29.118474+00:00,1786222529.118,3.26,0.0,0.0,-3.77,0.0,0.0,188.7
2026-08-08T20:55:29.318330+00:00,1786222529.318,3.46,0.0,0.0,-3.76,0.0,0.0,188.7
2026-08-08T20:55:29.517396+00:00,1786222529.517,3.66,0.0,0.0,-3.76,0.0,0.0,188.7
2026-08-08T20:55:29.717090+00:00,1786222529.717,3.86,0.0,0.0,-3.75,0.0,0.0,188.7
2026-08-08T20:55:29.915970+00:00,1786222529.916,4.06,0.0,0.0,-3.75,0.0,0.0,188.7
2026-08-08T20:55:30.113212+00:00,1786222530.113,4.26,0.0,0.0,-3.74,0.0,0.0,188.7
2026-08-08T20:55:30.312357+00:00,1786222530.312,4.46,0.0,0.0,-3.74,0.0,0.0,188.7
2026-08-08T20:55:30.511925+00:00,1786222530.512,4.66,0.0,0.0,-3.74,0.0,0.0,188.7
2026-08-08T20:55:30.711560+00:00,1786222530.712,4.86,0.0,0.0,-3.75,0.0,0.0,188.7
2026-08-08T20:55:30.909988+00:00,1786222530.91,5.06,0.0,0.0,-3.75,0.0,0.0,188.7
2026-08-08T20:55:31.107135+00:00,1786222531.107,5.25,0.0,0.0,-3.75,0.0,0.0,188.7
2026-08-08T20:55:31.306949+00:00,1786222531.307,5.45,0.0,0.0,-3.76,0.0,0.0,188.7
2026-08-08T20:55:31.504941+00:00,1786222531.505,5.65,0.0,0.0,-3.76,0.0,0.0,188.7
2026-08-08T20:55:31.704545+00:00,1786222531.705,5.85,0.0,0.0,-3.76,0.0,0.0,188.7
2026-08-08T20:55:31.904565+00:00,1786222531.905,6.05,0.0,0.0,-3.77,0.0,0.0,188.7
2026-08-08T20:55:32.100843+00:00,1786222532.101,6.25,0.0,0.0,-3.78,0.0,0.0,188.7
2026-08-08T20:55:32.299961+00:00,1786222532.3,6.45,0.0,0.0,-3.79,0.0,0.0,188.7
2026-08-08T20:55:32.498233+00:00,1786222532.498,6.64,0.0,0.0,-3.79,0.0,0.0,188.7
2026-08-08T20:55:32.697840+00:00,1786222532.698,6.84,0.0,0.0,-3.8,0.0,0.0,188.7
2026-08-08T20:55:32.896570+00:00,1786222532.897,7.04,0.0,0.0,-3.81,0.0,0.0,188.7
2026-08-08T20:55:33.092260+00:00,1786222533.092,7.24,0.0,0.0,-3.82,0.0,0.0,188.7
2026-08-08T20:55:33.290236+00:00,1786222533.29,7.44,0.0,0.0,-3.83,0.0,0.0,188.7
2026-08-08T20:55:33.488604+00:00,1786222533.489,7.64,0.0,0.0,-3.84,0.0,0.0,188.7
2026-08-08T20:55:33.686651+00:00,1786222533.687,7.83,0.0,0.0,-3.85,0.0,0.0,188.7
2026-08-08T20:55:33.885078+00:00,1786222533.885,8.03,0.0,0.0,-3.86,0.0,0.0,188.7
2026-08-08T20:55:34.081117+00:00,1786222534.081,8.23,0.0,0.0,-3.86,0.0,0.0,188.7
2026-08-08T20:55:34.280288+00:00,1786222534.28,8.43,0.0,0.0,-3.87,0.0,0.0,188.7
2026-08-08T20:55:34.478131+00:00,1786222534.478,8.62,0.0,0.0,-3.87,0.0,0.0,188.7
2026-08-08T20:55:34.677857+00:00,1786222534.678,8.82,0.0,0.0,-3.87,0.0,0.0,188.7
2026-08-08T20:55:34.878012+00:00,1786222534.878,9.02,0.0,0.0,-3.87,0.0,0.0,188.7
2026-08-08T20:55:35.077175+00:00,1786222535.077,9.22,0.0,0.0,-3.87,0.0,0.0,188.7
2026-08-08T20:55:35.275516+00:00,1786222535.276,9.42,0.0,0.0,-3.86,0.0,0.0,188.7
2026-08-08T20:55:35.473712+00:00,1786222535.474,9.62,0.0,0.0,-3.86,0.0,0.0,188.7
2026-08-08T20:55:35.673120+00:00,1786222535.673,9.82,0.0,0.0,-3.86,0.0,0.0,188.7
2026-08-08T20:55:35.872947+00:00,1786222535.873,10.02,0.0,0.0,-3.85,0.0,0.0,188.7
2026-08-08T20:55:36.073541+00:00,1786222536.073,10.22,0.0,0.0,-3.85,0.0,0.0,188.7
2026-08-08T20:55:36.272732+00:00,1786222536.273,10.42,0.0,0.0,-3.84,0.0,0.0,188.7
2026-08-08T20:55:36.470634+00:00,1786222536.471,10.62,0.0,0.0,-3.83,0.0,0.0,188.7
2026-08-08T20:55:36.668967+00:00,1786222536.669,10.82,0.0,0.0,-3.82,0.0,0.0,188.7
2026-08-08T20:55:36.867960+00:00,1786222536.868,11.01,0.0,0.0,-3.82,0.0,0.0,188.7
2026-08-08T20:55:37.065017+00:00,1786222537.065,11.21,0.0,0.0,-3.81,0.0,0.0,188.7
2026-08-08T20:55:37.265463+00:00,1786222537.265,11.41,0.0,0.0,-3.8,0.0,0.0,188.7
2026-08-08T20:55:37.468817+00:00,1786222537.469,11.62,0.0,0.0,-3.79,0.0,0.0,188.7
2026-08-08T20:55:37.666899+00:00,1786222537.667,11.81,0.0,0.0,-3.79,0.0,0.0,188.7
2026-08-08T20:55:37.867518+00:00,1786222537.867,12.01,0.0,0.0,-3.78,0.0,0.0,188.7
2026-08-08T20:55:38.063604+00:00,1786222538.064,12.21,0.0,0.0,-3.78,0.0,0.0,188.7
2026-08-08T20:55:38.263020+00:00,1786222538.263,12.41,0.0,0.0,-3.78,0.0,0.0,188.7
2026-08-08T20:55:38.463049+00:00,1786222538.463,12.61,0.0,0.0,-3.77,0.0,0.0,188.7
2026-08-08T20:55:38.660962+00:00,1786222538.661,12.81,0.0,0.0,-3.77,0.0,0.0,188.7
2026-08-08T20:55:38.861088+00:00,1786222538.861,13.01,0.0,0.0,-3.76,0.0,0.0,188.7
2026-08-08T20:55:39.057561+00:00,1786222539.058,13.2,0.0,0.0,-3.76,0.0,0.0,188.7
2026-08-08T20:55:39.256908+00:00,1786222539.257,13.4,0.0,0.0,-3.76,0.0,0.0,188.7
2026-08-08T20:55:39.456652+00:00,1786222539.457,13.6,0.0,0.0,-3.75,0.0,0.0,188.7
2026-08-08T20:55:39.654928+00:00,1786222539.655,13.8,0.0,0.0,-3.75,0.0,0.0,188.7
2026-08-08T20:55:39.854781+00:00,1786222539.855,14.0,0.0,0.0,-3.75,0.0,0.0,188.7
2026-08-08T20:55:40.051700+00:00,1786222540.052,14.2,0.0,0.0,-3.75,0.0,0.0,188.7
2026-08-08T20:55:40.250940+00:00,1786222540.251,14.4,0.0,0.0,-3.75,0.0,0.0,188.7
2026-08-08T20:55:40.450414+00:00,1786222540.45,14.6,0.0,0.0,-3.75,0.0,0.0,188.7
2026-08-08T20:55:40.649920+00:00,1786222540.65,14.8,0.0,0.0,-3.74,0.0,0.0,188.7
2026-08-08T20:55:40.847749+00:00,1786222540.848,14.99,0.0,0.0,-3.74,0.0,0.0,188.7
2026-08-08T20:55:41.045079+00:00,1786222541.045,15.19,0.0,0.0,-3.74,0.0,0.0,188.7
2026-08-08T20:55:41.244464+00:00,1786222541.244,15.39,0.0,0.0,-3.73,0.0,0.0,188.7
2026-08-08T20:55:41.442730+00:00,1786222541.443,15.59,0.0,0.0,-3.73,0.0,0.0,188.7
2026-08-08T20:55:41.642277+00:00,1786222541.642,15.79,0.0,0.0,-3.73,0.0,0.0,188.7
2026-08-08T20:55:41.842212+00:00,1786222541.842,15.99,0.0,0.0,-3.72,0.0,0.0,188.7
2026-08-08T20:55:42.038286+00:00,1786222542.038,16.18,0.0,0.0,-3.72,0.0,0.0,188.7
2026-08-08T20:55:42.237520+00:00,1786222542.238,16.38,0.0,0.0,-3.72,0.0,0.0,188.7
2026-08-08T20:55:42.437158+00:00,1786222542.437,16.58,0.0,0.0,-3.71,0.0,0.0,188.7
2026-08-08T20:55:42.634765+00:00,1786222542.635,16.78,0.0,0.0,-3.71,0.0,0.0,188.7
2026-08-08T20:55:42.834891+00:00,1786222542.835,16.98,0.0,0.0,-3.7,0.0,0.0,188.7
2026-08-08T20:55:43.034320+00:00,1786222543.034,17.18,0.0,0.0,-3.7,0.0,0.0,188.7
2026-08-08T20:55:43.231683+00:00,1786222543.232,17.38,0.0,0.0,-3.69,0.0,0.0,188.7
2026-08-08T20:55:43.429811+00:00,1786222543.43,17.58,0.0,0.0,-3.69,0.0,0.0,188.7
2026-08-08T20:55:43.629414+00:00,1786222543.629,17.78,0.0,0.0,-3.69,0.0,0.0,188.7
2026-08-08T20:55:43.829645+00:00,1786222543.83,17.98,0.0,0.0,-3.68,0.0,0.0,188.7
2026-08-08T20:55:44.028151+00:00,1786222544.028,18.17,0.0,0.0,-3.68,0.0,0.0,188.7
2026-08-08T20:55:44.226058+00:00,1786222544.226,18.37,0.0,0.0,-3.67,0.0,0.0,188.7
2026-08-08T20:55:44.424132+00:00,1786222544.424,18.57,0.0,0.0,-3.67,0.0,0.0,188.7
2026-08-08T20:55:44.623582+00:00,1786222544.624,18.77,0.0,0.0,-3.66,0.0,0.0,188.7
2026-08-08T20:55:44.822703+00:00,1786222544.823,18.97,0.0,0.0,-3.66,0.0,0.0,188.7
2026-08-08T20:55:45.022836+00:00,1786222545.023,19.17,0.0,0.0,-3.65,0.0,0.0,188.7
2026-08-08T20:55:45.223630+00:00,1786222545.224,19.37,0.0,0.0,-3.64,0.0,0.0,188.7
2026-08-08T20:55:45.422996+00:00,1786222545.423,19.57,0.0,0.0,-3.63,0.0,0.0,188.7
2026-08-08T20:55:45.621275+00:00,1786222545.621,19.77,0.0,0.0,-3.63,0.0,0.0,188.7
2026-08-08T20:55:45.821358+00:00,1786222545.821,19.97,0.0,0.0,-3.62,0.0,0.0,188.7
2026-08-08T20:55:46.024129+00:00,1786222546.024,20.17,0.0,0.0,-3.63,0.0,0.0,188.7
2026-08-08T20:55:46.226718+00:00,1786222546.227,20.37,0.0,0.0,-3.63,0.0,0.0,188.7
2026-08-08T20:55:46.428316+00:00,1786222546.428,20.57,0.0,0.0,-3.63,0.0,0.0,188.7
2026-08-08T20:55:46.627557+00:00,1786222546.628,20.77,0.0,0.0,-3.63,0.0,0.0,188.7
2026-08-08T20:55:46.829442+00:00,1786222546.829,20.98,0.0,0.0,-3.63,0.0,0.0,188.7
2026-08-08T20:55:47.029334+00:00,1786222547.029,21.18,0.0,0.0,-3.64,0.0,0.0,188.7
2026-08-08T20:55:47.232157+00:00,1786222547.232,21.38,0.0,0.0,-3.64,0.0,0.0,188.7
2026-08-08T20:55:47.435204+00:00,1786222547.435,21.58,0.0,0.0,-3.65,0.0,0.0,188.7
2026-08-08T20:55:47.633073+00:00,1786222547.633,21.78,0.0,0.0,-3.65,0.0,0.0,188.7
2026-08-08T20:55:47.832872+00:00,1786222547.833,21.98,0.0,0.0,-3.65,0.0,0.0,188.7
2026-08-08T20:55:48.035004+00:00,1786222548.035,22.18,0.0,0.0,-3.65,0.0,0.0,188.7
2026-08-08T20:55:48.233907+00:00,1786222548.234,22.38,0.0,0.0,-3.66,0.0,0.0,188.7
2026-08-08T20:55:48.432236+00:00,1786222548.432,22.58,0.0,0.0,-3.66,0.0,0.0,188.7
2026-08-08T20:55:48.632818+00:00,1786222548.633,22.78,0.0,0.0,-3.66,0.0,0.0,188.7
2026-08-08T20:55:48.835946+00:00,1786222548.836,22.98,0.0,0.0,-3.66,0.0,0.0,188.7
2026-08-08T20:55:49.036726+00:00,1786222549.037,23.18,0.0,0.0,-3.66,0.0,0.0,188.7
2026-08-08T20:55:49.236016+00:00,1786222549.236,23.38,0.0,0.0,-3.66,0.0,0.0,188.7
2026-08-08T20:55:49.435429+00:00,1786222549.435,23.58,0.0,0.0,-3.66,0.0,0.0,188.7
2026-08-08T20:55:49.634963+00:00,1786222549.635,23.78,0.0,0.0,-3.66,0.0,0.0,188.7
2026-08-08T20:55:49.834921+00:00,1786222549.835,23.98,0.0,0.0,-3.66,0.0,0.0,188.7
2026-08-08T20:55:50.035141+00:00,1786222550.035,24.18,0.0,0.0,-3.66,0.0,0.0,188.7
2026-08-08T20:55:50.234257+00:00,1786222550.234,24.38,0.0,0.0,-3.65,0.0,0.0,188.7
2026-08-08T20:55:50.433110+00:00,1786222550.433,24.58,0.0,0.0,-3.65,0.0,0.0,188.7
2026-08-08T20:55:50.632826+00:00,1786222550.633,24.78,0.0,0.0,-3.65,0.0,0.0,188.7
2026-08-08T20:55:50.833060+00:00,1786222550.833,24.98,0.0,0.0,-3.64,0.0,0.0,188.7
2026-08-08T20:55:51.034182+00:00,1786222551.034,25.18,0.0,0.0,-3.64,0.0,0.0,188.7
2026-08-08T20:55:51.232464+00:00,1786222551.232,25.38,0.0,0.0,-3.64,0.0,0.0,188.7
2026-08-08T20:55:51.432220+00:00,1786222551.432,25.58,0.0,0.0,-3.64,0.0,0.0,188.7
2026-08-08T20:55:51.631648+00:00,1786222551.632,25.78,0.0,0.0,-3.64,0.0,0.0,188.7
2026-08-08T20:55:51.831323+00:00,1786222551.831,25.98,0.0,0.0,-3.64,0.0,0.0,188.7
2026-08-08T20:55:52.031203+00:00,1786222552.031,26.18,0.0,0.0,-3.63,0.0,0.0,188.7
2026-08-08T20:55:52.232479+00:00,1786222552.232,26.38,0.0,0.0,-3.63,0.0,0.0,188.7
2026-08-08T20:55:52.432250+00:00,1786222552.432,26.58,0.0,0.0,-3.62,0.0,0.0,188.7
2026-08-08T20:55:52.629961+00:00,1786222552.63,26.78,0.0,0.0,-3.62,0.0,0.0,188.7
2026-08-08T20:55:52.829912+00:00,1786222552.83,26.98,0.0,0.0,-3.64,0.0,0.0,188.7
2026-08-08T20:55:53.028157+00:00,1786222553.028,27.17,0.0,0.0,-3.65,0.0,0.0,188.7
2026-08-08T20:55:53.229111+00:00,1786222553.229,27.38,0.0,0.0,-3.68,0.0,0.0,188.7
2026-08-08T20:55:53.427381+00:00,1786222553.427,27.57,0.0,0.0,-3.71,0.0,0.0,188.7
2026-08-08T20:55:53.625481+00:00,1786222553.625,27.77,0.0,0.0,-3.75,0.0,0.0,188.7
2026-08-08T20:55:53.823654+00:00,1786222553.824,27.97,0.0,0.0,-3.79,0.0,0.0,188.7
2026-08-08T20:55:54.022303+00:00,1786222554.022,28.17,0.0,0.0,-3.83,0.0,0.0,188.7
2026-08-08T20:55:54.223421+00:00,1786222554.223,28.37,0.0,0.0,-3.88,0.0,0.0,188.7
2026-08-08T20:55:54.422062+00:00,1786222554.422,28.57,0.0,0.0,-3.92,0.0,0.0,188.7
2026-08-08T20:55:54.620644+00:00,1786222554.621,28.77,0.0,0.0,-3.97,0.0,0.0,188.7
2026-08-08T20:55:54.820330+00:00,1786222554.82,28.97,0.0,0.0,-4.02,0.0,0.0,188.7
2026-08-08T20:55:55.019562+00:00,1786222555.02,29.17,0.0,0.0,-4.07,0.0,0.0,188.7
2026-08-08T20:55:55.221460+00:00,1786222555.221,29.37,0.0,0.0,-4.14,0.0,0.0,188.7
2026-08-08T20:55:55.420517+00:00,1786222555.421,29.57,0.0,0.0,-4.22,0.0,0.0,188.7
2026-08-08T20:55:55.619304+00:00,1786222555.619,29.77,0.0,0.0,-4.31,0.0,0.0,188.7
2026-08-08T20:55:55.818152+00:00,1786222555.818,29.96,0.0,0.0,-4.39,0.0,0.0,188.7
2026-08-08T20:55:56.017559+00:00,1786222556.018,30.16,0.0,0.0,-4.48,0.0,0.0,188.7
2026-08-08T20:55:56.218898+00:00,1786222556.219,30.37,0.0,0.0,-4.61,0.0,0.0,188.7
2026-08-08T20:55:56.417507+00:00,1786222556.417,30.56,0.17,0.0,-4.77,0.0,0.0,188.7
2026-08-08T20:55:56.618985+00:00,1786222556.619,30.77,0.17,0.0022,-4.94,0.0,0.0,188.7
2026-08-08T20:55:56.818732+00:00,1786222556.819,30.97,0.17,0.0022,-5.07,0.0,0.0,188.7
2026-08-08T20:55:57.018616+00:00,1786222557.019,31.17,0.17,0.0022,-5.15,0.0,0.0,188.7
2026-08-08T20:55:57.221021+00:00,1786222557.221,31.37,0.17,0.0022,-5.19,0.0,0.0,0.0
2026-08-08T20:55:57.419543+00:00,1786222557.42,31.57,0.17,0.0022,-5.19,0.0,0.0,0.0
2026-08-08T20:55:57.619363+00:00,1786222557.619,31.77,0.17,0.0022,-5.14,0.0,0.0,0.0
2026-08-08T20:55:57.817692+00:00,1786222557.818,31.96,0.17,0.0022,-5.06,0.0,0.0,0.0
2026-08-08T20:55:58.016445+00:00,1786222558.016,32.16,0.17,0.0022,-4.94,0.0,0.0,0.0
2026-08-08T20:55:58.214924+00:00,1786222558.215,32.36,0.17,0.0022,-4.75,0.0,0.0,188.7
2026-08-08T20:55:58.413238+00:00,1786222558.413,32.56,0.0,0.0022,-4.52,0.0,0.0,188.7
2026-08-08T20:55:58.615700+00:00,1786222558.616,32.76,0.0,0.0022,-4.23,0.0,0.0,188.7
2026-08-08T20:55:58.814787+00:00,1786222558.815,32.96,0.0,0.0022,-3.9,0.0,0.0,188.7
2026-08-08T20:55:59.013468+00:00,1786222559.013,33.16,0.0,0.0022,-3.55,0.0,0.0,188.7
2026-08-08T20:55:59.214584+00:00,1786222559.215,33.36,0.0,0.0022,-3.16,0.0,0.0,188.7
2026-08-08T20:55:59.413016+00:00,1786222559.413,33.56,0.0,0.0022,-2.77,0.0,0.0,188.7
2026-08-08T20:55:59.611293+00:00,1786222559.611,33.76,0.0,0.0022,-2.42,0.0,0.0,188.7
2026-08-08T20:55:59.809751+00:00,1786222559.81,33.96,0.0,0.0022,-2.14,0.0,0.0,188.7
2026-08-08T20:56:00.009059+00:00,1786222560.009,34.16,0.0,0.0022,-1.92,0.0,0.0,188.7
2026-08-08T20:56:00.210113+00:00,1786222560.21,34.36,0.0,0.0022,-1.75,0.0,0.0,188.7
2026-08-08T20:56:00.408717+00:00,1786222560.409,34.56,0.0,0.0022,-1.63,0.0,0.0,188.7
2026-08-08T20:56:00.606816+00:00,1786222560.607,34.75,0.0,0.0022,-1.6,0.0,0.0,188.7
2026-08-08T20:56:00.805259+00:00,1786222560.805,34.95,0.0,0.0022,-1.62,0.0,0.0,188.7
2026-08-08T20:56:01.004689+00:00,1786222561.005,35.15,0.0,0.0022,-1.69,0.0,0.0,188.7
2026-08-08T20:56:01.206581+00:00,1786222561.207,35.35,0.0,0.0022,-1.82,0.0,0.0,188.7
2026-08-08T20:56:01.405010+00:00,1786222561.405,35.55,0.0,0.0022,-1.98,0.0,0.0,188.7
2026-08-08T20:56:01.603672+00:00,1786222561.604,35.75,0.0,0.0022,-2.18,0.0,0.0,188.7
2026-08-08T20:56:01.802963+00:00,1786222561.803,35.95,0.0,0.0022,-2.4,0.0,0.0,188.7
2026-08-08T20:56:02.002455+00:00,1786222562.002,36.15,0.0,0.0022,-2.63,0.0,0.0,188.7
2026-08-08T20:56:02.203507+00:00,1786222562.203,36.35,0.0,0.0022,-2.83,0.0,0.0,188.7
2026-08-08T20:56:02.403026+00:00,1786222562.403,36.55,0.0,0.0022,-2.99,0.0,0.0,188.7
2026-08-08T20:56:02.601566+00:00,1786222562.602,36.75,0.0,0.0022,-3.12,0.0,0.0,188.7
2026-08-08T20:56:02.802717+00:00,1786222562.803,36.95,0.0,0.0022,-3.2,0.0,0.0,188.7
2026-08-08T20:56:03.003131+00:00,1786222563.003,37.15,0.0,0.0022,-3.25,0.0,0.0,188.7
2026-08-08T20:56:03.204529+00:00,1786222563.205,37.35,0.0,0.0022,-3.31,0.0,0.0,188.7
2026-08-08T20:56:03.403026+00:00,1786222563.403,37.55,0.0,0.0022,-3.34,0.0,0.0,188.7
2026-08-08T20:56:03.601400+00:00,1786222563.601,37.75,0.0,0.0022,-3.33,0.0,0.0,188.7
2026-08-08T20:56:03.799836+00:00,1786222563.8,37.95,0.0,0.0022,-3.3,0.0,0.0,188.7
2026-08-08T20:56:03.998412+00:00,1786222563.998,38.14,0.0,0.0022,-3.26,0.0,0.0,188.7
2026-08-08T20:56:04.199486+00:00,1786222564.199,38.35,0.0,0.0022,-3.2,0.0,0.0,188.7
2026-08-08T20:56:04.397661+00:00,1786222564.398,38.54,0.0,0.0022,-3.15,0.0,0.0,188.7
2026-08-08T20:56:04.595832+00:00,1786222564.596,38.74,0.0,0.0022,-3.1,0.0,0.0,188.7
2026-08-08T20:56:04.798368+00:00,1786222564.798,38.94,0.0,0.0022,-3.07,0.0,0.0,188.7
2026-08-08T20:56:04.999001+00:00,1786222564.999,39.15,0.0,0.0022,-3.04,0.0,0.0,188.7
2026-08-08T20:56:05.200289+00:00,1786222565.2,39.35,0.0,0.0022,-3.02,0.0,0.0,188.7
2026-08-08T20:56:05.398765+00:00,1786222565.399,39.55,0.0,0.0022,-3.01,0.0,0.0,188.7
2026-08-08T20:56:05.597404+00:00,1786222565.597,39.74,0.0,0.0022,-2.99,0.0,0.0,188.7
2026-08-08T20:56:05.793499+00:00,1786222565.793,39.94,0.0,0.0022,-2.98,0.0,0.0,188.7
2026-08-08T20:56:06.022583+00:00,1786222566.023,40.17,0.0,0.0022,-2.97,0.0,0.0,188.7
2026-08-08T20:56:06.221759+00:00,1786222566.222,40.37,0.0,0.0022,-2.96,0.0,0.0,188.7
2026-08-08T20:56:06.421063+00:00,1786222566.421,40.57,0.0,0.0022,-2.95,0.0,0.0,188.7
2026-08-08T20:56:06.619146+00:00,1786222566.619,40.77,0.0,0.0022,-2.94,0.0,0.0,188.7
2026-08-08T20:56:06.814155+00:00,1786222566.814,40.96,0.0,0.0022,-2.94,0.0,0.0,188.7
2026-08-08T20:56:07.014289+00:00,1786222567.014,41.16,0.0,0.0022,-2.93,0.0,0.0,188.7
2026-08-08T20:56:07.214227+00:00,1786222567.214,41.36,0.0,0.0022,-2.93,0.0,0.0,188.7
2026-08-08T20:56:07.414237+00:00,1786222567.414,41.56,0.0,0.0022,-2.92,0.0,0.0,188.7
2026-08-08T20:56:07.613244+00:00,1786222567.613,41.76,0.0,0.0022,-2.91,0.0,0.0,188.7
2026-08-08T20:56:07.815173+00:00,1786222567.815,41.96,0.0,0.0022,-2.9,0.0,0.0,188.7
2026-08-08T20:56:08.013723+00:00,1786222568.014,42.16,0.0,0.0022,-2.89,0.0,0.0,188.7
2026-08-08T20:56:08.212142+00:00,1786222568.212,42.36,0.0,0.0022,-2.88,0.0,0.0,188.7
2026-08-08T20:56:08.410663+00:00,1786222568.411,42.56,0.0,0.0022,-2.87,0.0,0.0,188.7
2026-08-08T20:56:08.609973+00:00,1786222568.61,42.76,0.0,0.0022,-2.86,0.0,0.0,188.7
2026-08-08T20:56:08.811292+00:00,1786222568.811,42.96,0.0,0.0022,-2.84,0.0,0.0,188.7
2026-08-08T20:56:09.014380+00:00,1786222569.014,43.16,0.0,0.0022,-2.83,0.0,0.0,188.7
2026-08-08T20:56:09.213731+00:00,1786222569.214,43.36,0.0,0.0022,-2.82,0.0,0.0,188.7
2026-08-08T20:56:09.413592+00:00,1786222569.414,43.56,0.0,0.0022,-2.81,0.0,0.0,188.7
2026-08-08T20:56:09.612981+00:00,1786222569.613,43.76,0.0,0.0022,-2.8,0.0,0.0,188.7
2026-08-08T20:56:09.815199+00:00,1786222569.815,43.96,0.0,0.0022,-2.79,0.0,0.0,188.7
2026-08-08T20:56:10.014724+00:00,1786222570.015,44.16,0.0,0.0022,-2.77,0.0,0.0,188.7
2026-08-08T20:56:10.213251+00:00,1786222570.213,44.36,0.0,0.0022,-2.76,0.0,0.0,188.7
2026-08-08T20:56:10.412848+00:00,1786222570.413,44.56,0.0,0.0022,-2.75,0.0,0.0,188.7
2026-08-08T20:56:10.611984+00:00,1786222570.612,44.76,0.0,0.0022,-2.75,0.0,0.0,188.7
2026-08-08T20:56:10.810246+00:00,1786222570.81,44.96,0.0,0.0022,-2.74,0.0,0.0,188.7
2026-08-08T20:56:11.008017+00:00,1786222571.008,45.15,0.0,0.0022,-2.73,0.0,0.0,188.7
2026-08-08T20:56:11.206725+00:00,1786222571.207,45.35,0.0,0.0022,-2.72,0.0,0.0,188.7
2026-08-08T20:56:11.405259+00:00,1786222571.405,45.55,0.0,0.0022,-2.67,0.0,0.0,188.7
2026-08-08T20:56:11.603497+00:00,1786222571.603,45.75,0.0,0.0022,-2.59,0.0,0.0,188.7
2026-08-08T20:56:11.804938+00:00,1786222571.805,45.95,0.0,0.0022,-2.47,0.0,0.0,188.7
2026-08-08T20:56:12.003298+00:00,1786222572.003,46.15,0.0,0.0022,-2.3,0.0,0.0,188.7
2026-08-08T20:56:12.201792+00:00,1786222572.202,46.35,0.0,0.0022,-2.12,0.0,0.0,188.7
2026-08-08T20:56:12.400075+00:00,1786222572.4,46.55,0.0,0.0022,-1.93,0.0,0.0,188.7
2026-08-08T20:56:12.598622+00:00,1786222572.599,46.75,0.0,0.0022,-1.73,0.0,0.0,188.7
2026-08-08T20:56:12.800150+00:00,1786222572.8,46.95,0.0,0.0022,-1.54,0.0,0.0,188.7
2026-08-08T20:56:12.999044+00:00,1786222572.999,47.15,0.0,0.0022,-1.35,0.0,0.0,188.7
2026-08-08T20:56:13.197794+00:00,1786222573.198,47.34,0.0,0.0022,-1.15,0.0,0.0,188.7
2026-08-08T20:56:13.394668+00:00,1786222573.395,47.54,0.0,0.0022,-0.96,0.0,0.0,188.7
2026-08-08T20:56:13.600162+00:00,1786222573.6,47.75,0.0,0.0022,-0.77,0.0,0.0,188.7
2026-08-08T20:56:13.802644+00:00,1786222573.803,47.95,0.0,0.0022,-0.57,0.0,0.0,188.7
2026-08-08T20:56:14.002310+00:00,1786222574.002,48.15,0.0,0.0022,-0.38,0.0,0.0,188.7
2026-08-08T20:56:14.202505+00:00,1786222574.202,48.35,0.0,0.0022,-0.19,0.0,0.0,188.7
2026-08-08T20:56:14.402060+00:00,1786222574.402,48.55,0.0,0.0022,-0.04,0.0,0.0,188.7
2026-08-08T20:56:14.600678+00:00,1786222574.601,48.75,0.0,0.0022,0.08,0.0,0.0,188.7
2026-08-08T20:56:14.800981+00:00,1786222574.801,48.95,0.0,0.0022,0.15,0.0,0.0,222.0
2026-08-08T20:56:15.005590+00:00,1786222575.006,49.15,0.0,0.0022,0.19,0.0,0.0,222.0
2026-08-08T20:56:15.203767+00:00,1786222575.204,49.35,0.0,0.0022,0.2,0.0,0.0,222.0
2026-08-08T20:56:15.402287+00:00,1786222575.402,49.55,0.0,0.0022,0.22,0.0,0.0,222.0
2026-08-08T20:56:15.601150+00:00,1786222575.601,49.75,0.0,0.0022,0.23,0.0,0.0,222.0
2026-08-08T20:56:15.802667+00:00,1786222575.803,49.95,0.0,0.0022,0.24,0.0,0.0,222.0
2026-08-08T20:56:16.001527+00:00,1786222576.002,50.15,0.0,0.0022,0.25,0.0,0.0,222.0
2026-08-08T20:56:16.200601+00:00,1786222576.201,50.35,0.0,0.0022,0.26,0.0,0.0,222.0
2026-08-08T20:56:16.399489+00:00,1786222576.399,50.55,0.0,0.0022,0.28,0.0,0.0,222.0
2026-08-08T20:56:16.598278+00:00,1786222576.598,50.74,0.0,0.0022,0.29,0.0,0.0,222.0
2026-08-08T20:56:16.799616+00:00,1786222576.8,50.95,0.0,0.0022,0.31,0.0,0.0,222.0
2026-08-08T20:56:16.998006+00:00,1786222576.998,51.14,0.0,0.0022,0.32,0.0,0.0,222.0
2026-08-08T20:56:17.197144+00:00,1786222577.197,51.34,0.0,0.0022,0.34,0.0,0.0,222.0
2026-08-08T20:56:17.396406+00:00,1786222577.396,51.54,0.0,0.0022,0.35,0.0,0.0,222.0
2026-08-08T20:56:17.595781+00:00,1786222577.596,51.74,0.0,0.0022,0.37,0.0,0.0,222.0
2026-08-08T20:56:17.797490+00:00,1786222577.797,51.94,0.0,0.0022,0.39,0.0,0.0,222.0
2026-08-08T20:56:17.995808+00:00,1786222577.996,52.14,0.0,0.0022,0.43,0.0,0.0,222.0
2026-08-08T20:56:18.194338+00:00,1786222578.194,52.34,0.0,0.0022,0.47,0.0,0.0,222.0
2026-08-08T20:56:18.393061+00:00,1786222578.393,52.54,0.0,0.0022,0.55,0.0,0.0,222.0
2026-08-08T20:56:18.591435+00:00,1786222578.591,52.74,0.0,0.0022,0.62,0.0,0.0,222.0
2026-08-08T20:56:18.793156+00:00,1786222578.793,52.94,0.0,0.0022,0.69,0.0,0.0,222.0
2026-08-08T20:56:18.991749+00:00,1786222578.992,53.14,0.0,0.0022,0.76,0.0,0.0,222.0
2026-08-08T20:56:19.189926+00:00,1786222579.19,53.34,0.0,0.0022,0.82,0.0,0.0,222.0
2026-08-08T20:56:19.388563+00:00,1786222579.389,53.53,0.0,0.0022,0.86,0.0,0.0,222.0
2026-08-08T20:56:19.586674+00:00,1786222579.587,53.73,0.0,0.0022,0.87,0.0,0.0,222.0
2026-08-08T20:56:19.786046+00:00,1786222579.786,53.93,0.19,0.0022,0.86,0.0,0.0,222.0
2026-08-08T20:56:19.987454+00:00,1786222579.987,54.13,0.19,0.0022,0.85,0.0,0.0,222.0
2026-08-08T20:56:20.197033+00:00,1786222580.197,54.34,0.19,0.0044,0.82,0.0,0.0,222.0
2026-08-08T20:56:20.397294+00:00,1786222580.397,54.54,0.19,0.0044,0.78,0.0,0.0,222.0
2026-08-08T20:56:20.598333+00:00,1786222580.598,54.74,0.19,0.0044,0.73,0.0,0.0,222.0
2026-08-08T20:56:20.798236+00:00,1786222580.798,54.94,0.19,0.0044,0.69,0.0,0.0,222.0
2026-08-08T20:56:20.996462+00:00,1786222580.996,55.14,0.19,0.0044,0.63,0.0,0.0,222.0
2026-08-08T20:56:21.368220+00:00,1786222581.368,55.51,0.19,0.0044,0.55,0.0,0.0,222.0
2026-08-08T20:56:21.767124+00:00,1786222581.767,55.91,0.19,0.0044,0.45,0.0,0.0,222.0
2026-08-08T20:56:21.964889+00:00,1786222581.965,56.11,0.19,0.0044,0.34,0.0,0.0,222.0
2026-08-08T20:56:22.165650+00:00,1786222582.166,56.31,0.19,0.0044,0.28,0.0,0.0,222.0
2026-08-08T20:56:22.362564+00:00,1786222582.363,56.51,0.19,0.0044,0.26,0.0,0.0,222.0
2026-08-08T20:56:22.562580+00:00,1786222582.563,56.71,0.19,0.0044,0.25,0.0,0.0,222.0
2026-08-08T20:56:22.762157+00:00,1786222582.762,56.91,0.19,0.0044,0.26,0.0,0.0,222.0
2026-08-08T20:56:23.136604+00:00,1786222583.137,57.28,0.0,0.0044,0.3,0.0,0.0,222.0
2026-08-08T20:56:23.335959+00:00,1786222583.336,57.48,0.0,0.0044,0.34,0.0,0.0,222.0
2026-08-08T20:56:23.534556+00:00,1786222583.535,57.68,0.0,0.0044,0.38,0.0,0.0,222.0
2026-08-08T20:56:23.731336+00:00,1786222583.731,57.88,0.0,0.0044,0.44,0.0,0.0,222.0
2026-08-08T20:56:23.931201+00:00,1786222583.931,58.08,0.0,0.0044,0.51,0.0,0.0,222.0
2026-08-08T20:56:24.503810+00:00,1786222584.504,58.65,0.0,0.0044,0.58,0.0,0.0,222.0
2026-08-08T20:56:24.705121+00:00,1786222584.705,58.85,0.0,0.0044,0.64,0.0,0.0,222.0
2026-08-08T20:56:24.903568+00:00,1786222584.904,59.05,0.0,0.0044,0.67,0.0,0.0,222.0
2026-08-08T20:56:25.100412+00:00,1786222585.1,59.25,0.23,0.0044,0.69,0.0,0.0,222.0
2026-08-08T20:56:25.486235+00:00,1786222585.486,59.63,0.23,0.0066,0.7,0.0,0.0,222.0
2026-08-08T20:56:25.684188+00:00,1786222585.684,59.83,0.23,0.0066,0.72,0.0,0.0,222.0
2026-08-08T20:56:26.442571+00:00,1786222586.443,60.59,0.23,0.0066,0.69,0.0,0.0,222.0
2026-08-08T20:56:26.641075+00:00,1786222586.641,60.79,0.23,0.0066,0.63,0.0,0.0,222.0
2026-08-08T20:56:26.839990+00:00,1786222586.84,60.99,0.23,0.0066,0.56,0.0,0.0,222.0
2026-08-08T20:56:27.039829+00:00,1786222587.04,61.19,0.23,0.0066,0.5,0.0,0.0,222.0
2026-08-08T20:56:27.242355+00:00,1786222587.242,61.39,0.23,0.0066,0.46,0.0,0.0,222.0
2026-08-08T20:56:27.441018+00:00,1786222587.441,61.59,0.23,0.0066,0.42,0.0,0.0,222.0
2026-08-08T20:56:27.641008+00:00,1786222587.641,61.79,0.23,0.0066,0.39,0.0,0.0,222.0
2026-08-08T20:56:27.842906+00:00,1786222587.843,61.99,0.0,0.0066,0.35,0.0,0.0,222.0
2026-08-08T20:56:28.042073+00:00,1786222588.042,62.19,0.0,0.0066,0.29,0.0,0.0,222.0
2026-08-08T20:56:28.239122+00:00,1786222588.239,62.39,0.0,0.0066,0.24,0.0,0.0,222.0
2026-08-08T20:56:28.437710+00:00,1786222588.438,62.58,0.27,0.0088,0.14,0.0,0.0,222.0
2026-08-08T20:56:28.642024+00:00,1786222588.642,62.79,0.27,0.0088,0.09,0.0,0.0,222.0
2026-08-08T20:56:28.838254+00:00,1786222588.838,62.98,0.27,0.0088,0.05,0.0,0.0,222.0
2026-08-08T20:56:29.221053+00:00,1786222589.221,63.37,0.27,0.0088,0.01,0.0,0.0,222.0
2026-08-08T20:56:29.621824+00:00,1786222589.622,63.77,0.27,0.0088,-0.04,0.0,0.0,222.0
2026-08-08T20:56:29.821253+00:00,1786222589.821,63.97,0.27,0.0088,-0.08,0.0,0.0,222.0
2026-08-08T20:56:30.019707+00:00,1786222590.02,64.17,0.27,0.0088,-0.16,0.0,0.0,222.0
2026-08-08T20:56:30.219635+00:00,1786222590.22,64.37,0.27,0.0088,-0.25,0.0,0.0,188.7
2026-08-08T20:56:30.418141+00:00,1786222590.418,64.56,0.27,0.0088,-0.36,0.0,0.0,188.7
2026-08-08T20:56:30.616751+00:00,1786222590.617,64.76,0.27,0.0088,-0.51,0.0,0.0,188.7
2026-08-08T20:56:30.816070+00:00,1786222590.816,64.96,0.27,0.0088,-0.69,0.0,0.0,188.7
2026-08-08T20:56:31.014675+00:00,1786222591.015,65.16,0.0,0.0088,-0.87,0.0,0.0,188.7
2026-08-08T20:56:31.218806+00:00,1786222591.219,65.37,0.0,0.0088,-1.06,0.0,0.0,188.7
2026-08-08T20:56:31.417187+00:00,1786222591.417,65.56,0.0,0.0088,-1.22,0.0,0.0,188.7
2026-08-08T20:56:31.615420+00:00,1786222591.615,65.76,0.0,0.0088,-1.34,0.0,0.0,188.7
2026-08-08T20:56:31.814302+00:00,1786222591.814,65.96,0.0,0.0088,-1.38,0.0,0.0,188.7
2026-08-08T20:56:32.012995+00:00,1786222592.013,66.16,0.0,0.0088,-1.41,0.0,0.0,188.7
2026-08-08T20:56:32.214067+00:00,1786222592.214,66.36,0.0,0.0088,-1.41,0.0,0.0,188.7
2026-08-08T20:56:32.413687+00:00,1786222592.414,66.56,0.0,0.0088,-1.41,0.0,0.0,188.7
2026-08-08T20:56:32.613463+00:00,1786222592.613,66.76,0.0,0.0088,-1.4,0.0,0.0,188.7
2026-08-08T20:56:32.811412+00:00,1786222592.811,66.96,0.0,0.0088,-1.4,0.0,0.0,188.7
2026-08-08T20:56:33.011368+00:00,1786222593.011,67.16,0.0,0.0088,-1.36,0.0,0.0,188.7
2026-08-08T20:56:33.213982+00:00,1786222593.214,67.36,0.0,0.0088,-1.34,0.0,0.0,188.7
2026-08-08T20:56:33.412559+00:00,1786222593.413,67.56,0.0,0.0088,-1.33,0.0,0.0,188.7
2026-08-08T20:56:33.610761+00:00,1786222593.611,67.76,0.0,0.0088,-1.27,0.0,0.0,188.7
2026-08-08T20:56:33.809395+00:00,1786222593.809,67.96,0.0,0.0088,-1.2,0.0,0.0,188.7
2026-08-08T20:56:34.008068+00:00,1786222594.008,68.15,0.0,0.0088,-1.15,0.0,0.0,188.7
2026-08-08T20:56:34.209453+00:00,1786222594.209,68.36,0.0,0.0088,-1.15,0.0,0.0,188.7
2026-08-08T20:56:34.408980+00:00,1786222594.409,68.56,0.0,0.0088,-1.16,0.0,0.0,188.7
2026-08-08T20:56:34.607257+00:00,1786222594.607,68.75,0.0,0.0088,-1.22,0.0,0.0,188.7
2026-08-08T20:56:34.805856+00:00,1786222594.806,68.95,0.0,0.0088,-1.31,0.0,0.0,188.7
2026-08-08T20:56:35.005144+00:00,1786222595.005,69.15,0.0,0.0088,-1.42,0.0,0.0,188.7
2026-08-08T20:56:35.206573+00:00,1786222595.207,69.35,0.27,0.0088,-1.55,0.0,0.0,188.7
2026-08-08T20:56:35.407624+00:00,1786222595.408,69.55,0.27,0.0088,-1.68,0.0,0.0,188.7
2026-08-08T20:56:35.606313+00:00,1786222595.606,69.75,0.27,0.011,-1.8,0.0,0.0,188.7
2026-08-08T20:56:35.804914+00:00,1786222595.805,69.95,0.27,0.011,-1.91,0.0,0.0,188.7
2026-08-08T20:56:36.003596+00:00,1786222596.004,70.15,0.27,0.011,-2.01,0.0,0.0,188.7
2026-08-08T20:56:36.204958+00:00,1786222596.205,70.35,0.27,0.011,-2.06,0.0,0.0,188.7
2026-08-08T20:56:36.403152+00:00,1786222596.403,70.55,0.27,0.011,-2.1,0.0,0.0,188.7
2026-08-08T20:56:36.601552+00:00,1786222596.602,70.75,0.27,0.011,-2.15,0.0,0.0,188.7
2026-08-08T20:56:36.800625+00:00,1786222596.801,70.95,0.27,0.011,-2.15,0.0,0.0,188.7
2026-08-08T20:56:37.001014+00:00,1786222597.001,71.15,0.27,0.011,-2.12,0.0,0.0,188.7
2026-08-08T20:56:37.201696+00:00,1786222597.202,71.35,0.27,0.011,-2.03,0.0,0.0,188.7
2026-08-08T20:56:37.400336+00:00,1786222597.4,71.55,0.0,0.011,-1.93,0.0,0.0,188.7
2026-08-08T20:56:37.601509+00:00,1786222597.601,71.75,0.0,0.011,-1.83,0.0,0.0,188.7
2026-08-08T20:56:37.799935+00:00,1786222597.8,71.95,0.0,0.011,-1.75,0.0,0.0,188.7
2026-08-08T20:56:37.998860+00:00,1786222597.999,72.15,0.0,0.011,-1.68,0.0,0.0,188.7
2026-08-08T20:56:38.199833+00:00,1786222598.2,72.35,0.0,0.011,-1.62,0.0,0.0,188.7
2026-08-08T20:56:38.398230+00:00,1786222598.398,72.54,0.0,0.011,-1.57,0.0,0.0,188.7
2026-08-08T20:56:38.596685+00:00,1786222598.597,72.74,0.0,0.011,-1.51,0.0,0.0,188.7
2026-08-08T20:56:38.795141+00:00,1786222598.795,72.94,0.0,0.011,-1.44,0.0,0.0,188.7
2026-08-08T20:56:38.994722+00:00,1786222598.995,73.14,0.0,0.011,-1.39,0.0,0.0,188.7
2026-08-08T20:56:39.195705+00:00,1786222599.196,73.34,0.0,0.011,-1.34,0.0,0.0,188.7
2026-08-08T20:56:39.393776+00:00,1786222599.394,73.54,0.0,0.011,-1.29,0.0,0.0,188.7
2026-08-08T20:56:39.592051+00:00,1786222599.592,73.74,0.0,0.011,-1.26,0.0,0.0,188.7
2026-08-08T20:56:39.790813+00:00,1786222599.791,73.94,0.0,0.011,-1.26,0.0,0.0,188.7
2026-08-08T20:56:39.990387+00:00,1786222599.99,74.14,0.0,0.011,-1.26,0.0,0.0,188.7
2026-08-08T20:56:40.187494+00:00,1786222600.187,74.33,0.0,0.011,-1.27,0.0,0.0,188.7
2026-08-08T20:56:40.386800+00:00,1786222600.387,74.53,0.0,0.011,-1.28,0.0,0.0,188.7
2026-08-08T20:56:40.588727+00:00,1786222600.589,74.74,0.0,0.011,-1.29,0.0,0.0,188.7
2026-08-08T20:56:40.787400+00:00,1786222600.787,74.93,0.0,0.011,-1.25,0.0,0.0,188.7
2026-08-08T20:56:40.986206+00:00,1786222600.986,75.13,0.0,0.011,-1.2,0.0,0.0,188.7
2026-08-08T20:56:41.187586+00:00,1786222601.188,75.33,0.0,0.011,-1.15,0.0,0.0,188.7
2026-08-08T20:56:41.386133+00:00,1786222601.386,75.53,0.0,0.011,-1.1,0.0,0.0,188.7
2026-08-08T20:56:41.588037+00:00,1786222601.588,75.73,0.0,0.011,-1.06,0.0,0.0,188.7
2026-08-08T20:56:41.786569+00:00,1786222601.787,75.93,0.0,0.011,-1.05,0.0,0.0,188.7
2026-08-08T20:56:41.986456+00:00,1786222601.986,76.13,0.0,0.011,-1.03,0.0,0.0,188.7
2026-08-08T20:56:42.190183+00:00,1786222602.19,76.34,0.0,0.011,-1.02,0.0,0.0,188.7
2026-08-08T20:56:42.389961+00:00,1786222602.39,76.54,0.0,0.011,-1.01,0.0,0.0,188.7
2026-08-08T20:56:42.585906+00:00,1786222602.586,76.73,0.0,0.011,-1.0,0.0,0.0,188.7
2026-08-08T20:56:42.786442+00:00,1786222602.786,76.93,0.0,0.011,-0.98,0.0,0.0,188.7
2026-08-08T20:56:42.987386+00:00,1786222602.987,77.13,0.0,0.011,-0.96,0.0,0.0,188.7
2026-08-08T20:56:43.189946+00:00,1786222603.19,77.34,0.0,0.011,-0.94,0.0,0.0,188.7
2026-08-08T20:56:43.389791+00:00,1786222603.39,77.54,0.0,0.011,-0.92,0.0,0.0,188.7
2026-08-08T20:56:43.594321+00:00,1786222603.594,77.74,0.0,0.011,-0.91,0.0,0.0,188.7
2026-08-08T20:56:43.795129+00:00,1786222603.795,77.94,0.0,0.011,-0.91,0.0,0.0,188.7
2026-08-08T20:56:43.995161+00:00,1786222603.995,78.14,0.0,0.011,-0.92,0.0,0.0,188.7
2026-08-08T20:56:44.196490+00:00,1786222604.196,78.34,0.0,0.011,-0.93,0.0,0.0,188.7
2026-08-08T20:56:44.396715+00:00,1786222604.397,78.54,0.0,0.011,-0.94,0.0,0.0,188.7
2026-08-08T20:56:44.595257+00:00,1786222604.595,78.74,0.0,0.011,-0.94,0.0,0.0,188.7
2026-08-08T20:56:44.795191+00:00,1786222604.795,78.94,0.0,0.011,-0.94,0.0,0.0,188.7
2026-08-08T20:56:44.995761+00:00,1786222604.996,79.14,0.0,0.011,-0.94,0.0,0.0,188.7
2026-08-08T20:56:45.193134+00:00,1786222605.193,79.34,0.0,0.011,-0.94,0.0,0.0,188.7
2026-08-08T20:56:45.392817+00:00,1786222605.393,79.54,0.0,0.011,-0.94,0.0,0.0,188.7
2026-08-08T20:56:45.592357+00:00,1786222605.592,79.74,0.0,0.011,-0.94,0.0,0.0,188.7
2026-08-08T20:56:45.792180+00:00,1786222605.792,79.94,0.0,0.011,-0.94,0.0,0.0,188.7
2026-08-08T20:56:45.993055+00:00,1786222605.993,80.14,0.0,0.011,-0.93,0.0,0.0,188.7
2026-08-08T20:56:46.195354+00:00,1786222606.195,80.34,0.0,0.011,-0.93,0.0,0.0,188.7
2026-08-08T20:56:46.394740+00:00,1786222606.395,80.54,0.0,0.011,-0.93,0.0,0.0,188.7
2026-08-08T20:56:46.594181+00:00,1786222606.594,80.74,0.0,0.011,-0.93,0.0,0.0,188.7
2026-08-08T20:56:46.794274+00:00,1786222606.794,80.94,0.0,0.011,-0.93,0.0,0.0,188.7
2026-08-08T20:56:46.994078+00:00,1786222606.994,81.14,0.0,0.011,-0.93,0.0,0.0,188.7
2026-08-08T20:56:47.190940+00:00,1786222607.191,81.34,0.0,0.011,-0.93,0.0,0.0,188.7
2026-08-08T20:56:47.390443+00:00,1786222607.39,81.54,0.0,0.011,-0.93,0.0,0.0,188.7
2026-08-08T20:56:47.590005+00:00,1786222607.59,81.74,0.0,0.011,-0.92,0.0,0.0,188.7
2026-08-08T20:56:47.788279+00:00,1786222607.788,81.93,0.0,0.011,-0.92,0.0,0.0,188.7
2026-08-08T20:56:47.988624+00:00,1786222607.989,82.14,0.0,0.011,-0.93,0.0,0.0,188.7
2026-08-08T20:56:48.189671+00:00,1786222608.19,82.34,0.0,0.011,-0.93,0.0,0.0,188.7
2026-08-08T20:56:48.389357+00:00,1786222608.389,82.54,0.0,0.011,-0.93,0.0,0.0,188.7
2026-08-08T20:56:48.588759+00:00,1786222608.589,82.74,0.0,0.011,-0.93,0.0,0.0,188.7
2026-08-08T20:56:48.788342+00:00,1786222608.788,82.93,0.0,0.011,-0.93,0.0,0.0,188.7
2026-08-08T20:56:48.988143+00:00,1786222608.988,83.13,0.0,0.011,-0.93,0.0,0.0,188.7
2026-08-08T20:56:49.185176+00:00,1786222609.185,83.33,0.0,0.011,-0.94,0.0,0.0,188.7
2026-08-08T20:56:49.383456+00:00,1786222609.383,83.53,0.0,0.011,-0.94,0.0,0.0,188.7
2026-08-08T20:56:49.582957+00:00,1786222609.583,83.73,0.0,0.011,-0.94,0.0,0.0,188.7
2026-08-08T20:56:49.782549+00:00,1786222609.783,83.93,0.0,0.011,-0.93,0.0,0.0,188.7
2026-08-08T20:56:49.981029+00:00,1786222609.981,84.13,0.0,0.011,-0.93,0.0,0.0,188.7
2026-08-08T20:56:50.178843+00:00,1786222610.179,84.33,0.0,0.011,-0.92,0.0,0.0,188.7
2026-08-08T20:56:50.377610+00:00,1786222610.378,84.52,0.0,0.011,-0.91,0.0,0.0,188.7
2026-08-08T20:56:50.575428+00:00,1786222610.575,84.72,0.0,0.011,-0.91,0.0,0.0,188.7
2026-08-08T20:56:50.775289+00:00,1786222610.775,84.92,0.0,0.011,-0.91,0.0,0.0,188.7
2026-08-08T20:56:50.975663+00:00,1786222610.976,85.12,0.0,0.011,-0.91,0.0,0.0,188.7
2026-08-08T20:56:51.172866+00:00,1786222611.173,85.32,0.0,0.011,-0.91,0.0,0.0,188.7
2026-08-08T20:56:51.372596+00:00,1786222611.373,85.52,0.0,0.011,-0.91,0.0,0.0,188.7
2026-08-08T20:56:51.572319+00:00,1786222611.572,85.72,0.0,0.011,-0.92,0.0,0.0,188.7
2026-08-08T20:56:51.770870+00:00,1786222611.771,85.92,0.0,0.011,-0.93,0.0,0.0,188.7
2026-08-08T20:56:51.969994+00:00,1786222611.97,86.12,0.0,0.011,-0.94,0.0,0.0,188.7
2026-08-08T20:56:52.171223+00:00,1786222612.171,86.32,0.0,0.011,-0.95,0.0,0.0,188.7
2026-08-08T20:56:52.369610+00:00,1786222612.37,86.52,0.0,0.011,-0.97,0.0,0.0,188.7
2026-08-08T20:56:52.568086+00:00,1786222612.568,86.71,0.0,0.011,-0.99,0.0,0.0,188.7
2026-08-08T20:56:52.766755+00:00,1786222612.767,86.91,0.0,0.011,-1.02,0.0,0.0,188.7
2026-08-08T20:56:52.966016+00:00,1786222612.966,87.11,0.0,0.011,-1.05,0.0,0.0,188.7
2026-08-08T20:56:53.167396+00:00,1786222613.167,87.31,0.0,0.011,-1.08,0.0,0.0,188.7
2026-08-08T20:56:53.366045+00:00,1786222613.366,87.51,0.0,0.011,-1.12,0.0,0.0,188.7
2026-08-08T20:56:53.566414+00:00,1786222613.566,87.71,0.0,0.011,-1.15,0.0,0.0,188.7
2026-08-08T20:56:53.765469+00:00,1786222613.765,87.91,0.0,0.011,-1.18,0.0,0.0,188.7
2026-08-08T20:56:53.964058+00:00,1786222613.964,88.11,0.0,0.011,-1.2,0.0,0.0,188.7
2026-08-08T20:56:54.165132+00:00,1786222614.165,88.31,0.0,0.011,-1.22,0.0,0.0,188.7
2026-08-08T20:56:54.363214+00:00,1786222614.363,88.51,0.0,0.011,-1.25,0.0,0.0,188.7
2026-08-08T20:56:54.561758+00:00,1786222614.562,88.71,0.0,0.011,-1.27,0.0,0.0,188.7
2026-08-08T20:56:54.760343+00:00,1786222614.76,88.91,0.0,0.011,-1.29,0.0,0.0,188.7
2026-08-08T20:56:54.959187+00:00,1786222614.959,89.11,0.0,0.011,-1.31,0.0,0.0,188.7
2026-08-08T20:56:55.161024+00:00,1786222615.161,89.31,0.0,0.011,-1.33,0.0,0.0,188.7
2026-08-08T20:56:55.359284+00:00,1786222615.359,89.51,0.0,0.011,-1.34,0.0,0.0,188.7
2026-08-08T20:56:55.557658+00:00,1786222615.558,89.7,0.0,0.011,-1.34,0.0,0.0,188.7
2026-08-08T20:56:55.757533+00:00,1786222615.758,89.9,0.0,0.011,-1.32,0.0,0.0,188.7
2026-08-08T20:56:55.957262+00:00,1786222615.957,90.1,0.0,0.011,-1.26,0.0,0.0,188.7
2026-08-08T20:56:56.159902+00:00,1786222616.16,90.31,0.0,0.011,-1.19,0.0,0.0,188.7
2026-08-08T20:56:56.359221+00:00,1786222616.359,90.51,0.0,0.011,-1.12,0.0,0.0,188.7
2026-08-08T20:56:56.558630+00:00,1786222616.559,90.71,0.0,0.011,-1.06,0.0,0.0,188.7
2026-08-08T20:56:56.758409+00:00,1786222616.758,90.9,0.0,0.011,-1.04,0.0,0.0,188.7
2026-08-08T20:56:56.958548+00:00,1786222616.959,91.1,0.0,0.011,-1.04,0.0,0.0,188.7
2026-08-08T20:56:57.157167+00:00,1786222617.157,91.3,0.0,0.011,-1.05,0.0,0.0,188.7
2026-08-08T20:56:57.357172+00:00,1786222617.357,91.5,0.0,0.011,-1.05,0.0,0.0,188.7
2026-08-08T20:56:57.556848+00:00,1786222617.557,91.7,0.0,0.011,-1.06,0.0,0.0,188.7
2026-08-08T20:56:57.754909+00:00,1786222617.755,91.9,0.0,0.011,-1.06,0.0,0.0,188.7
2026-08-08T20:56:57.954925+00:00,1786222617.955,92.1,0.0,0.011,-1.05,0.0,0.0,188.7
2026-08-08T20:56:58.156123+00:00,1786222618.156,92.3,0.0,0.011,-1.04,0.0,0.0,188.7
2026-08-08T20:56:58.354753+00:00,1786222618.355,92.5,0.0,0.011,-1.02,0.0,0.0,188.7
2026-08-08T20:56:58.553592+00:00,1786222618.554,92.7,0.0,0.011,-1.01,0.0,0.0,188.7
2026-08-08T20:56:58.752349+00:00,1786222618.752,92.9,0.0,0.011,-1.02,0.0,0.0,188.7
2026-08-08T20:56:58.951901+00:00,1786222618.952,93.1,0.0,0.011,-1.07,0.0,0.0,188.7
2026-08-08T20:56:59.153355+00:00,1786222619.153,93.3,0.0,0.011,-1.14,0.0,0.0,188.7
2026-08-08T20:56:59.351551+00:00,1786222619.352,93.5,0.0,0.011,-1.2,0.0,0.0,188.7
2026-08-08T20:56:59.549937+00:00,1786222619.55,93.7,0.0,0.011,-1.26,0.0,0.0,188.7
2026-08-08T20:56:59.748448+00:00,1786222619.748,93.89,0.0,0.011,-1.27,0.0,0.0,188.7
2026-08-08T20:56:59.948425+00:00,1786222619.948,94.09,0.0,0.011,-1.25,0.0,0.0,188.7
2026-08-08T20:57:00.149949+00:00,1786222620.15,94.3,0.0,0.011,-1.22,0.0,0.0,188.7
2026-08-08T20:57:00.348365+00:00,1786222620.348,94.49,0.0,0.011,-1.17,0.0,0.0,188.7
2026-08-08T20:57:00.547103+00:00,1786222620.547,94.69,0.0,0.011,-1.11,0.0,0.0,188.7
2026-08-08T20:57:00.746930+00:00,1786222620.747,94.89,0.0,0.011,-1.06,0.0,0.0,188.7
2026-08-08T20:57:00.947304+00:00,1786222620.947,95.09,0.0,0.011,-1.01,0.0,0.0,188.7
2026-08-08T20:57:01.148462+00:00,1786222621.148,95.29,0.0,0.011,-0.97,0.0,0.0,188.7
2026-08-08T20:57:01.346522+00:00,1786222621.347,95.49,0.0,0.011,-0.94,0.0,0.0,188.7
2026-08-08T20:57:01.545005+00:00,1786222621.545,95.69,0.0,0.011,-0.91,0.0,0.0,188.7
2026-08-08T20:57:01.744461+00:00,1786222621.744,95.89,0.0,0.011,-0.87,0.0,0.0,188.7
2026-08-08T20:57:01.947948+00:00,1786222621.948,96.09,0.0,0.011,-0.8,0.0,0.0,188.7
2026-08-08T20:57:02.150134+00:00,1786222622.15,96.3,0.0,0.011,-0.72,0.0,0.0,188.7
2026-08-08T20:57:02.351221+00:00,1786222622.351,96.5,0.0,0.011,-0.64,0.0,0.0,188.7
2026-08-08T20:57:02.551034+00:00,1786222622.551,96.7,0.0,0.011,-0.57,0.0,0.0,188.7
2026-08-08T20:57:02.751574+00:00,1786222622.752,96.9,0.0,0.011,-0.5,0.0,0.0,188.7
2026-08-08T20:57:02.952991+00:00,1786222622.953,97.1,0.0,0.011,-0.44,0.0,0.0,188.7
2026-08-08T20:57:03.154120+00:00,1786222623.154,97.3,0.0,0.011,-0.41,0.0,0.0,188.7
2026-08-08T20:57:03.352367+00:00,1786222623.352,97.5,0.0,0.011,-0.43,0.0,0.0,188.7
2026-08-08T20:57:03.550599+00:00,1786222623.551,97.7,0.0,0.011,-0.49,0.0,0.0,188.7
2026-08-08T20:57:03.749871+00:00,1786222623.75,97.9,0.0,0.011,-0.6,0.0,0.0,188.7
2026-08-08T20:57:03.950434+00:00,1786222623.95,98.1,0.0,0.011,-0.71,0.0,0.0,188.7
2026-08-08T20:57:04.151377+00:00,1786222624.151,98.3,0.0,0.011,-0.82,0.0,0.0,188.7
2026-08-08T20:57:04.350059+00:00,1786222624.35,98.5,0.0,0.011,-0.93,0.0,0.0,188.7
2026-08-08T20:57:04.548953+00:00,1786222624.549,98.7,0.0,0.011,-1.04,0.0,0.0,188.7
2026-08-08T20:57:04.747367+00:00,1786222624.747,98.89,0.23,0.011,-1.11,0.0,0.0,188.7
2026-08-08T20:57:04.950380+00:00,1786222624.95,99.1,0.23,0.0132,-1.17,0.0,0.0,188.7
2026-08-08T20:57:05.151400+00:00,1786222625.151,99.3,0.23,0.0132,-1.24,0.0,0.0,188.7
2026-08-08T20:57:05.349599+00:00,1786222625.35,99.5,0.23,0.0132,-1.31,0.0,0.0,188.7
2026-08-08T20:57:05.548210+00:00,1786222625.548,99.69,0.23,0.0132,-1.41,0.0,0.0,188.7
2026-08-08T20:57:05.746454+00:00,1786222625.746,99.89,0.23,0.0132,-1.56,0.0,0.0,188.7
2026-08-08T20:57:05.946686+00:00,1786222625.947,100.09,0.23,0.0132,-1.72,0.0,0.0,188.7
2026-08-08T20:57:06.148193+00:00,1786222626.148,100.29,0.23,0.0132,-1.9,0.0,0.0,188.7
2026-08-08T20:57:06.346658+00:00,1786222626.347,100.49,0.23,0.0132,-2.03,0.0,0.0,188.7
2026-08-08T20:57:06.545133+00:00,1786222626.545,100.69,0.23,0.0132,-2.13,0.0,0.0,188.7
2026-08-08T20:57:06.743581+00:00,1786222626.744,100.89,0.0,0.0132,-2.17,0.0,0.0,188.7
2026-08-08T20:57:06.946313+00:00,1786222626.946,101.09,0.0,0.0132,-2.2,0.0,0.0,188.7
2026-08-08T20:57:07.147605+00:00,1786222627.148,101.29,0.0,0.0132,-2.2,0.0,0.0,188.7
2026-08-08T20:57:07.347105+00:00,1786222627.347,101.49,0.0,0.0132,-2.2,0.0,0.0,188.7
2026-08-08T20:57:07.547245+00:00,1786222627.547,101.69,0.0,0.0132,-2.19,0.0,0.0,188.7
2026-08-08T20:57:07.745552+00:00,1786222627.746,101.89,0.0,0.0132,-2.22,0.0,0.0,188.7
2026-08-08T20:57:07.946140+00:00,1786222627.946,102.09,0.0,0.0132,-2.24,0.0,0.0,188.7
2026-08-08T20:57:08.147787+00:00,1786222628.148,102.29,0.0,0.0132,-2.22,0.0,0.0,188.7
2026-08-08T20:57:08.346288+00:00,1786222628.346,102.49,0.0,0.0132,-2.16,0.0,0.0,188.7
2026-08-08T20:57:08.547013+00:00,1786222628.547,102.69,0.0,0.0132,-2.02,0.0,0.0,188.7
2026-08-08T20:57:08.745706+00:00,1786222628.746,102.89,0.0,0.0132,-1.83,0.0,0.0,188.7
2026-08-08T20:57:08.946835+00:00,1786222628.947,103.09,0.0,0.0132,-1.62,0.0,0.0,188.7
2026-08-08T20:57:09.148625+00:00,1786222629.149,103.3,0.0,0.0132,-1.38,0.0,0.0,188.7
2026-08-08T20:57:09.347151+00:00,1786222629.347,103.49,0.0,0.0132,-1.15,0.0,0.0,188.7
2026-08-08T20:57:09.545725+00:00,1786222629.546,103.69,0.0,0.0132,-0.9,0.0,0.0,188.7
2026-08-08T20:57:09.743743+00:00,1786222629.744,103.89,0.0,0.0132,-0.67,0.0,0.0,188.7
2026-08-08T20:57:09.943305+00:00,1786222629.943,104.09,0.0,0.0132,-0.46,0.0,0.0,188.7
2026-08-08T20:57:10.145007+00:00,1786222630.145,104.29,0.0,0.0132,-0.25,0.0,0.0,188.7
2026-08-08T20:57:10.343316+00:00,1786222630.343,104.49,0.0,0.0132,-0.06,0.0,0.0,188.7
2026-08-08T20:57:10.541859+00:00,1786222630.542,104.69,0.0,0.0132,0.12,0.0,0.0,188.7
2026-08-08T20:57:10.740715+00:00,1786222630.741,104.89,0.0,0.0132,0.3,0.0,0.0,188.7
2026-08-08T20:57:10.943168+00:00,1786222630.943,105.09,0.0,0.0132,0.43,0.0,0.0,188.7
2026-08-08T20:57:11.147963+00:00,1786222631.148,105.29,0.63,0.0132,0.53,0.088,0.0,222.0
2026-08-08T20:57:11.353616+00:00,1786222631.354,105.5,0.63,0.0132,0.62,0.088,0.0,222.0
2026-08-08T20:57:11.550972+00:00,1786222631.551,105.7,0.63,0.0154,0.71,0.088,0.0,222.0
2026-08-08T20:57:11.749572+00:00,1786222631.75,105.9,0.63,0.0154,0.84,0.088,0.0,222.0
2026-08-08T20:57:11.953360+00:00,1786222631.953,106.1,0.63,0.0154,1.01,0.088,0.0,222.0
2026-08-08T20:57:12.158453+00:00,1786222632.158,106.3,0.9,0.0154,1.22,0.125,0.0,222.0
2026-08-08T20:57:12.359074+00:00,1786222632.359,106.51,0.9,0.0154,1.47,0.125,0.0,222.0
2026-08-08T20:57:12.556868+00:00,1786222632.557,106.7,0.9,0.0176,1.73,0.125,0.0,222.0
2026-08-08T20:57:12.756727+00:00,1786222632.757,106.9,0.9,0.0176,1.99,0.125,2.2,222.0
2026-08-08T20:57:12.951369+00:00,1786222632.951,107.1,0.9,0.0176,2.26,0.125,2.7,222.0
2026-08-08T20:57:13.154921+00:00,1786222633.155,107.3,0.99,0.0176,2.56,0.0,3.1,233.1
2026-08-08T20:57:13.355061+00:00,1786222633.355,107.5,0.99,0.0176,2.9,0.0,3.6,233.1
2026-08-08T20:57:13.561305+00:00,1786222633.561,107.71,0.99,0.0198,3.25,0.0,4.1,233.1
2026-08-08T20:57:13.762542+00:00,1786222633.763,107.91,0.99,0.0198,3.6,0.0,4.7,233.1
2026-08-08T20:57:13.982557+00:00,1786222633.983,108.13,1.05,0.022,3.99,0.056,5.4,233.1
2026-08-08T20:57:14.191447+00:00,1786222634.191,108.34,1.05,0.022,4.41,0.0,6.2,233.1
2026-08-08T20:57:14.392972+00:00,1786222634.393,108.54,1.05,0.022,4.81,0.0,7.0,233.1
2026-08-08T20:57:14.593417+00:00,1786222634.593,108.74,1.21,0.0242,5.18,0.0,8.0,233.1
2026-08-08T20:57:14.795057+00:00,1786222634.795,108.94,1.21,0.0242,5.5,0.0,9.1,233.1
2026-08-08T20:57:14.991482+00:00,1786222634.991,109.14,1.21,0.0242,5.79,0.0,10.2,233.1
2026-08-08T20:57:15.375782+00:00,1786222635.376,109.52,4.41,0.0242,6.03,0.428,16.3,244.2
2026-08-08T20:57:15.581600+00:00,1786222635.582,109.73,4.41,0.0242,6.21,0.427,22.5,244.2
2026-08-08T20:57:15.777265+00:00,1786222635.777,109.92,4.41,0.0264,6.36,0.429,28.8,244.2
2026-08-08T20:57:15.982341+00:00,1786222635.982,110.13,9.72,0.0264,6.52,1.093,49.0,244.2
2026-08-08T20:57:16.187596+00:00,1786222636.188,110.33,9.72,0.0264,6.66,1.093,69.4,244.2
2026-08-08T20:57:16.392797+00:00,1786222636.393,110.54,9.72,0.0286,6.77,1.096,89.9,244.2
2026-08-08T20:57:17.006158+00:00,1786222637.006,111.15,10.77,0.0308,6.84,1.032,112.1,244.2
2026-08-08T20:57:17.205698+00:00,1786222637.206,111.35,11.49,0.0308,6.9,1.092,136.6,244.2
2026-08-08T20:57:17.408803+00:00,1786222637.409,111.56,11.49,0.033,6.92,1.092,161.1,244.2
2026-08-08T20:57:17.606633+00:00,1786222637.607,111.75,11.49,0.033,6.87,1.091,185.5,244.2
2026-08-08T20:57:17.804440+00:00,1786222637.804,111.95,12.1,0.033,6.75,0.879,208.5,244.2
2026-08-08T20:57:18.175030+00:00,1786222638.175,112.32,12.1,0.0352,6.53,0.824,230.4,244.2
2026-08-08T20:57:18.382468+00:00,1786222638.382,112.53,12.1,0.0352,6.28,0.82,251.8,244.2
2026-08-08T20:57:18.585877+00:00,1786222638.586,112.73,11.88,0.0374,6.04,0.23,265.8,244.2
2026-08-08T20:57:18.789639+00:00,1786222638.79,112.94,11.88,0.0374,5.8,0.23,279.4,244.2
2026-08-08T20:57:18.998470+00:00,1786222638.998,113.14,11.88,0.0374,5.55,0.23,292.5,244.2
2026-08-08T20:57:19.780688+00:00,1786222639.781,113.93,12.77,0.0418,5.34,0.201,305.8,244.2
2026-08-08T20:57:19.989634+00:00,1786222639.99,114.14,12.77,0.0418,5.12,0.128,317.8,244.2
2026-08-08T20:57:20.188302+00:00,1786222640.188,114.33,12.77,0.0418,4.87,0.128,329.3,244.2
2026-08-08T20:57:20.389722+00:00,1786222640.39,114.54,12.49,0.0418,4.61,0.1,339.5,233.1
2026-08-08T20:57:20.593759+00:00,1786222640.594,114.74,12.49,0.0418,4.36,0.0,348.1,233.1
2026-08-08T20:57:20.790979+00:00,1786222640.791,114.94,12.49,0.044,4.11,0.0,356.1,233.1
2026-08-08T20:57:20.991625+00:00,1786222640.992,115.14,12.47,0.044,3.86,0.0,363.4,233.1
2026-08-08T20:57:21.389956+00:00,1786222641.39,115.54,13.21,0.0462,3.65,0.132,372.3,233.1
2026-08-08T20:57:21.589526+00:00,1786222641.589,115.74,13.21,0.0462,3.48,0.132,380.9,233.1
2026-08-08T20:57:21.788635+00:00,1786222641.789,115.94,13.21,0.0484,3.33,0.132,384.2,233.1
2026-08-08T20:57:21.990843+00:00,1786222641.991,116.14,13.95,0.0484,3.25,0.149,388.1,233.1
2026-08-08T20:57:22.194298+00:00,1786222642.194,116.34,13.95,0.0484,3.2,0.149,391.7,233.1
2026-08-08T20:57:22.403608+00:00,1786222642.404,116.55,14.88,0.0528,3.15,0.265,383.6,233.1
2026-08-08T20:57:22.607500+00:00,1786222642.607,116.75,14.88,0.0528,3.1,0.3,375.7,233.1
2026-08-08T20:57:23.001276+00:00,1786222643.001,117.15,15.04,0.055,3.05,0.295,367.5,233.1
2026-08-08T20:57:23.204040+00:00,1786222643.204,117.35,15.04,0.055,3.0,0.295,357.5,233.1
2026-08-08T20:57:23.575586+00:00,1786222643.576,117.72,15.83,0.0572,2.98,0.36,346.8,233.1
2026-08-08T20:57:23.794689+00:00,1786222643.795,117.94,15.83,0.0572,2.99,0.302,335.3,233.1
2026-08-08T20:57:23.991575+00:00,1786222643.992,118.14,15.83,0.0594,3.0,0.303,323.9,233.1
2026-08-08T20:57:24.189785+00:00,1786222644.19,118.34,15.83,0.0594,3.01,0.303,313.8,233.1
2026-08-08T20:57:24.788853+00:00,1786222644.789,118.94,15.77,0.0616,3.03,0.181,302.9,233.1
2026-08-08T20:57:24.993929+00:00,1786222644.994,119.14,16.27,0.0616,3.04,0.23,293.7,233.1
2026-08-08T20:57:25.194335+00:00,1786222645.194,119.34,16.27,0.0638,3.01,0.138,290.4,233.1
2026-08-08T20:57:25.389403+00:00,1786222645.389,119.54,16.27,0.0638,2.94,0.138,287.4,233.1
2026-08-08T20:57:25.598194+00:00,1786222645.598,119.74,14.79,0.066,2.85,0.0,281.6,233.1
2026-08-08T20:57:25.800244+00:00,1786222645.8,119.95,14.79,0.066,2.74,0.0,275.2,233.1
2026-08-08T20:57:25.996089+00:00,1786222645.996,120.14,15.15,0.066,2.63,-0.077,269.0,233.1
2026-08-08T20:57:26.200071+00:00,1786222646.2,120.35,15.15,0.0682,2.52,-0.078,263.0,233.1
2026-08-08T20:57:26.408420+00:00,1786222646.408,120.55,15.15,0.0682,2.41,-0.078,257.9,233.1
2026-08-08T20:57:27.177378+00:00,1786222647.177,121.32,15.74,0.0704,2.29,0.0,255.5,233.1
2026-08-08T20:57:27.380864+00:00,1786222647.381,121.53,15.74,0.0726,2.18,0.0,253.3,233.1
2026-08-08T20:57:27.578161+00:00,1786222647.578,121.72,14.98,0.0726,2.04,-0.139,249.1,233.1
2026-08-08T20:57:27.782767+00:00,1786222647.783,121.93,14.98,0.0748,1.9,-0.138,242.7,233.1
2026-08-08T20:57:27.987541+00:00,1786222647.988,122.13,14.98,0.0748,1.72,-0.138,236.3,222.0
2026-08-08T20:57:28.186664+00:00,1786222648.187,122.33,14.99,0.0748,1.5,0.0,231.7,222.0
2026-08-08T20:57:28.396613+00:00,1786222648.397,122.54,14.99,0.077,1.24,0.0,225.7,222.0
2026-08-08T20:57:28.594275+00:00,1786222648.594,122.74,15.8,0.077,1.02,0.069,220.7,222.0
2026-08-08T20:57:28.815573+00:00,1786222648.816,122.96,15.8,0.0792,0.86,0.069,213.0,222.0
2026-08-08T20:57:29.009885+00:00,1786222649.01,123.16,15.8,0.0792,0.74,0.069,204.6,222.0
2026-08-08T20:57:29.210471+00:00,1786222649.21,123.36,14.76,0.0792,0.66,-0.134,193.0,222.0
2026-08-08T20:57:29.439454+00:00,1786222649.439,123.59,14.76,0.0814,0.6,-0.133,181.4,222.0
2026-08-08T20:57:30.037258+00:00,1786222650.037,124.18,15.65,0.0836,0.54,0.076,171.2,222.0
2026-08-08T20:57:30.238538+00:00,1786222650.238,124.38,14.77,0.0836,0.48,0.0,160.3,222.0
2026-08-08T20:57:30.617045+00:00,1786222650.617,124.76,15.54,0.0858,0.45,0.059,150.4,222.0
2026-08-08T20:57:30.828391+00:00,1786222650.828,124.97,15.54,0.0858,0.42,0.058,140.3,222.0
2026-08-08T20:57:31.026703+00:00,1786222651.027,125.17,15.54,0.088,0.4,0.058,132.0,222.0
2026-08-08T20:57:31.227524+00:00,1786222651.227,125.37,15.09,0.088,0.37,-0.075,120.5,222.0
2026-08-08T20:57:31.630076+00:00,1786222651.63,125.78,15.86,0.0902,0.34,0.0,111.5,222.0
2026-08-08T20:57:31.834190+00:00,1786222651.834,125.98,15.86,0.0902,0.35,0.0,102.8,222.0
2026-08-08T20:57:32.030724+00:00,1786222652.031,126.18,15.86,0.0924,0.41,0.109,99.0,222.0
2026-08-08T20:57:32.234911+00:00,1786222652.235,126.38,16.56,0.0924,0.55,0.178,97.1,222.0
2026-08-08T20:57:32.436842+00:00,1786222652.437,126.58,16.56,0.0924,0.68,0.105,95.6,222.0
2026-08-08T20:57:32.636072+00:00,1786222652.636,126.78,16.17,0.0946,0.8,0.161,95.3,222.0
2026-08-08T20:57:32.836830+00:00,1786222652.837,126.98,16.17,0.0946,0.91,0.079,94.4,222.0
2026-08-08T20:57:33.036760+00:00,1786222653.037,127.18,16.83,0.099,1.0,0.163,94.1,222.0
2026-08-08T20:57:33.242199+00:00,1786222653.242,127.39,16.83,0.099,1.05,0.163,94.3,222.0
2026-08-08T20:57:33.448564+00:00,1786222653.449,127.59,16.83,0.099,1.09,0.218,98.0,222.0
2026-08-08T20:57:33.648230+00:00,1786222653.648,127.79,16.44,0.1012,1.13,0.08,99.8,222.0
2026-08-08T20:57:33.850266+00:00,1786222653.85,128.0,16.44,0.1012,1.13,0.08,102.1,222.0
2026-08-08T20:57:34.055708+00:00,1786222654.056,128.2,17.32,0.1034,1.16,0.2,105.4,222.0
2026-08-08T20:57:34.257316+00:00,1786222654.257,128.4,17.32,0.1034,1.18,0.104,107.7,222.0
2026-08-08T20:57:34.454051+00:00,1786222654.454,128.6,16.72,0.1034,1.2,0.0,107.5,222.0
2026-08-08T20:57:34.825749+00:00,1786222654.826,128.97,16.72,0.1056,1.22,0.071,108.8,222.0
2026-08-08T20:57:35.057498+00:00,1786222655.057,129.2,15.92,0.1056,1.24,0.0,109.1,222.0
2026-08-08T20:57:35.267123+00:00,1786222655.267,129.41,15.92,0.1078,1.26,-0.114,111.1,222.0
2026-08-08T20:57:35.464317+00:00,1786222655.464,129.61,16.42,0.1078,1.23,-0.051,114.2,222.0
2026-08-08T20:57:35.656437+00:00,1786222655.656,129.8,16.42,0.1078,1.17,-0.051,114.1,222.0
2026-08-08T20:57:36.604691+00:00,1786222656.605,130.75,16.38,0.1144,1.11,0.0,116.1,222.0
2026-08-08T20:57:36.803289+00:00,1786222656.803,130.95,16.77,0.1144,1.05,0.0,117.2,222.0
2026-08-08T20:57:37.005580+00:00,1786222657.006,131.15,16.77,0.1166,1.0,-0.051,117.4,222.0
2026-08-08T20:57:37.211439+00:00,1786222657.211,131.36,17.13,0.1166,0.98,0.0,118.5,222.0
2026-08-08T20:57:37.417340+00:00,1786222657.417,131.56,17.13,0.1188,0.97,0.0,121.6,222.0
2026-08-08T20:57:37.613210+00:00,1786222657.613,131.76,18.61,0.1188,0.97,0.188,127.4,222.0
2026-08-08T20:57:37.818382+00:00,1786222657.818,131.96,18.61,0.1188,0.97,0.271,134.6,222.0
2026-08-08T20:57:38.015375+00:00,1786222658.015,132.16,18.55,0.1232,0.95,0.266,139.8,222.0
2026-08-08T20:57:38.235236+00:00,1786222658.235,132.38,18.55,0.1232,0.93,0.213,142.5,222.0
2026-08-08T20:57:39.022314+00:00,1786222659.022,133.17,19.48,0.1253,0.92,0.252,147.1,222.0
2026-08-08T20:57:39.225116+00:00,1786222659.225,133.37,19.48,0.1275,0.9,0.329,152.0,222.0
2026-08-08T20:57:39.425386+00:00,1786222659.425,133.57,19.36,0.1275,0.84,0.275,156.7,222.0
2026-08-08T20:57:39.628249+00:00,1786222659.628,133.77,19.36,0.1297,0.77,0.274,159.4,222.0
2026-08-08T20:57:39.830488+00:00,1786222659.83,133.98,19.32,0.1297,0.7,0.232,160.9,222.0
2026-08-08T20:57:40.033546+00:00,1786222660.034,134.18,19.32,0.1297,0.66,0.233,161.3,222.0
2026-08-08T20:57:40.230028+00:00,1786222660.23,134.38,19.29,0.1341,0.62,0.072,161.0,222.0
2026-08-08T20:57:40.434158+00:00,1786222660.434,134.58,19.29,0.1341,0.59,0.072,160.5,222.0
2026-08-08T20:57:40.635190+00:00,1786222660.635,134.78,19.26,0.1363,0.57,0.075,157.7,222.0
2026-08-08T20:57:40.830642+00:00,1786222660.831,134.98,19.26,0.1363,0.55,0.076,156.3,222.0
2026-08-08T20:57:41.035449+00:00,1786222661.035,135.18,19.44,0.1363,0.54,0.0,155.4,222.0
2026-08-08T20:57:41.241213+00:00,1786222661.241,135.39,19.44,0.1385,0.52,0.0,153.3,222.0
2026-08-08T20:57:41.437351+00:00,1786222661.437,135.58,19.63,0.1385,0.51,0.0,152.6,222.0
2026-08-08T20:57:41.643138+00:00,1786222661.643,135.79,19.63,0.1407,0.5,0.0,153.5,222.0
2026-08-08T20:57:41.849196+00:00,1786222661.849,136.0,19.76,0.1407,0.48,0.06,154.5,222.0
2026-08-08T20:57:42.068565+00:00,1786222662.069,136.21,19.86,0.1407,0.47,0.073,155.8,222.0
2026-08-08T20:57:42.270375+00:00,1786222662.27,136.42,19.86,0.1451,0.45,0.078,156.6,222.0
2026-08-08T20:57:42.474413+00:00,1786222662.474,136.62,19.99,0.1451,0.48,0.095,157.8,222.0
2026-08-08T20:57:42.676216+00:00,1786222662.676,136.82,19.99,0.1451,0.52,0.099,160.2,222.0
2026-08-08T20:57:43.044098+00:00,1786222663.044,137.19,20.02,0.1495,0.55,0.095,161.7,222.0
2026-08-08T20:57:43.252259+00:00,1786222663.252,137.4,20.05,0.1495,0.52,0.076,162.8,222.0
2026-08-08T20:57:43.457390+00:00,1786222663.457,137.6,20.05,0.1517,0.48,0.076,160.0,222.0
2026-08-08T20:57:43.655483+00:00,1786222663.655,137.8,19.96,0.1517,0.43,0.0,154.3,222.0
2026-08-08T20:57:43.864985+00:00,1786222663.865,138.01,19.96,0.1517,0.39,0.0,148.5,222.0
2026-08-08T20:57:44.127266+00:00,1786222664.127,138.27,19.39,0.1561,0.34,0.0,143.4,222.0
2026-08-08T20:57:45.410858+00:00,1786222665.411,139.56,23.28,0.1627,0.29,0.284,144.4,222.0
2026-08-08T20:57:45.614967+00:00,1786222665.615,139.76,24.03,0.1627,0.25,0.346,145.7,222.0
2026-08-08T20:57:45.870182+00:00,1786222665.87,140.02,24.03,0.1671,0.24,0.331,148.0,222.0
2026-08-08T20:57:46.085923+00:00,1786222666.086,140.23,24.13,0.1671,0.29,0.338,150.8,222.0
2026-08-08T20:57:46.477011+00:00,1786222666.477,140.62,22.13,0.1715,0.39,0.171,150.2,222.0
2026-08-08T20:57:46.673903+00:00,1786222666.674,140.82,23.31,0.1715,0.49,0.265,152.7,222.0
2026-08-08T20:57:46.876560+00:00,1786222666.877,141.02,23.31,0.1715,0.6,0.265,158.6,222.0
2026-08-08T20:57:47.085495+00:00,1786222667.085,141.23,23.78,0.1759,0.74,0.31,166.5,222.0
2026-08-08T20:57:47.295637+00:00,1786222667.296,141.44,23.78,0.1759,0.93,0.31,175.1,222.0
2026-08-08T20:57:47.492734+00:00,1786222667.493,141.64,21.57,0.1781,1.16,0.179,180.2,222.0
2026-08-08T20:57:47.698172+00:00,1786222667.698,141.84,23.03,0.1781,1.47,0.0,184.9,222.0
2026-08-08T20:57:47.913987+00:00,1786222667.914,142.06,23.03,0.1781,1.83,-0.121,188.4,222.0
2026-08-08T20:57:48.129152+00:00,1786222668.129,142.28,23.27,0.1825,2.2,-0.094,193.9,222.0
2026-08-08T20:57:48.378390+00:00,1786222668.378,142.52,25.08,0.1825,2.57,0.114,206.8,233.1
2026-08-08T20:57:49.447762+00:00,1786222669.448,143.59,26.29,0.1891,2.95,0.388,227.9,233.1
2026-08-08T20:57:49.650464+00:00,1786222669.65,143.8,24.64,0.1891,3.32,0.124,242.2,233.1
2026-08-08T20:57:49.897728+00:00,1786222669.898,144.04,24.64,0.1935,3.66,0.122,257.7,233.1
2026-08-08T20:57:50.119414+00:00,1786222670.119,144.27,23.72,0.1935,3.92,0.0,270.1,233.1
2026-08-08T20:57:50.319746+00:00,1786222670.32,144.47,24.26,0.1979,4.13,0.0,283.6,233.1
2026-08-08T20:57:50.525772+00:00,1786222670.526,144.67,24.26,0.1979,4.28,0.246,303.1,233.1
2026-08-08T20:57:50.720248+00:00,1786222670.72,144.87,22.98,0.1979,4.43,0.0,316.8,233.1
2026-08-08T20:57:50.922773+00:00,1786222670.923,145.07,25.26,0.2023,4.59,0.205,338.5,233.1
2026-08-08T20:57:51.325012+00:00,1786222671.325,145.47,25.17,0.2023,4.7,0.165,361.1,233.1
2026-08-08T20:57:51.529534+00:00,1786222671.53,145.68,25.4,0.2045,4.77,0.0,380.5,233.1
2026-08-08T20:57:51.734204+00:00,1786222671.734,145.88,25.4,0.2045,4.76,-0.108,397.7,233.1
2026-08-08T20:57:51.941759+00:00,1786222671.942,146.09,28.52,0.2089,4.66,0.471,425.8,233.1
2026-08-08T20:57:52.143245+00:00,1786222672.143,146.29,26.48,0.2089,4.49,0.228,442.3,233.1
2026-08-08T20:57:52.339787+00:00,1786222672.34,146.49,26.48,0.2089,4.26,0.345,461.0,233.1
2026-08-08T20:57:52.537219+00:00,1786222672.537,146.68,26.35,0.2133,3.99,0.263,476.1,233.1
2026-08-08T20:57:52.740699+00:00,1786222672.741,146.89,26.38,0.2133,3.69,0.267,494.5,233.1
2026-08-08T20:57:52.943690+00:00,1786222672.944,147.09,26.38,0.2133,3.34,0.426,512.3,233.1
2026-08-08T20:57:53.310595+00:00,1786222673.311,147.46,26.01,0.2177,3.02,0.087,519.7,233.1
2026-08-08T20:57:53.524983+00:00,1786222673.525,147.67,26.01,0.2177,2.73,0.106,524.6,233.1
2026-08-08T20:57:53.726522+00:00,1786222673.727,147.87,24.68,0.2221,2.44,-0.09,522.0,233.1
2026-08-08T20:57:58.328656+00:00,1786222678.329,152.48,27.76,0.2551,2.15,0.1,528.8,233.1
2026-08-08T20:57:58.527468+00:00,1786222678.527,152.67,27.76,0.2573,1.86,0.0,533.5,233.1
2026-08-08T20:57:58.731764+00:00,1786222678.732,152.88,29.31,0.2573,1.59,0.119,542.6,233.1
2026-08-08T20:57:58.931725+00:00,1786222678.932,153.08,27.56,0.2617,1.33,0.0,544.1,233.1
2026-08-08T20:57:59.135258+00:00,1786222679.135,153.28,27.56,0.2617,1.06,0.051,538.3,222.0
2026-08-08T20:57:59.337447+00:00,1786222679.337,153.48,28.65,0.2617,0.84,0.095,524.2,222.0
2026-08-08T20:57:59.538134+00:00,1786222679.538,153.68,27.13,0.2639,0.65,0.0,512.4,222.0
2026-08-08T20:57:59.737002+00:00,1786222679.737,153.88,27.13,0.2639,0.51,0.0,498.8,222.0
2026-08-08T20:57:59.937629+00:00,1786222679.938,154.08,25.23,0.2683,0.39,0.0,486.4,222.0
2026-08-08T20:58:00.141824+00:00,1786222680.142,154.29,25.32,0.2683,0.31,0.0,472.5,222.0
2026-08-08T20:58:00.339402+00:00,1786222680.339,154.49,25.32,0.2683,0.26,-0.338,444.3,222.0
2026-08-08T20:58:00.535098+00:00,1786222680.535,154.68,25.15,0.2727,0.25,-0.361,421.8,222.0
2026-08-08T20:58:00.738731+00:00,1786222680.739,154.89,25.15,0.2727,0.24,-0.575,386.6,222.0
2026-08-08T20:58:00.940111+00:00,1786222680.94,155.09,24.17,0.2749,0.23,-0.47,354.3,222.0
2026-08-08T20:58:01.146028+00:00,1786222681.146,155.29,24.97,0.2749,0.21,-0.358,327.9,222.0
2026-08-08T20:58:01.342941+00:00,1786222681.343,155.49,24.97,0.2749,0.19,-0.509,300.4,222.0
2026-08-08T20:58:01.636735+00:00,1786222681.637,155.78,24.24,0.2793,0.15,-0.382,257.4,222.0
2026-08-08T20:58:01.850124+00:00,1786222681.85,156.0,23.53,0.2793,0.09,-0.473,222.3,222.0
2026-08-08T20:58:02.049301+00:00,1786222682.049,156.2,23.53,0.2815,0.03,-0.223,190.3,222.0
2026-08-08T20:58:02.245791+00:00,1786222682.246,156.39,22.38,0.2815,-0.04,-0.387,157.9,222.0
2026-08-08T20:58:02.443112+00:00,1786222682.443,156.59,23.78,0.2815,-0.1,-0.203,130.4,222.0
2026-08-08T20:58:02.644242+00:00,1786222682.644,156.79,23.78,0.2859,-0.17,-0.18,100.7,222.0
2026-08-08T20:58:03.253424+00:00,1786222683.253,157.4,23.6,0.2903,-0.23,-0.172,80.8,188.7
2026-08-08T20:58:03.452457+00:00,1786222683.452,157.6,23.74,0.2903,-0.29,0.0,65.3,188.7
2026-08-08T20:58:03.646496+00:00,1786222683.646,157.79,23.74,0.2925,-0.31,-0.137,53.5,188.7
2026-08-08T20:58:03.845203+00:00,1786222683.845,157.99,24.45,0.2925,-0.33,-0.057,37.7,188.7
2026-08-08T20:58:04.046083+00:00,1786222684.046,158.19,24.45,0.2925,-0.33,0.0,26.9,188.7
2026-08-08T20:58:04.318619+00:00,1786222684.319,158.46,25.17,0.2969,-0.33,0.184,17.5,188.7
2026-08-08T20:58:04.530300+00:00,1786222684.53,158.68,22.74,0.2969,-0.33,-0.088,6.9,188.7
2026-08-08T20:58:04.914842+00:00,1786222684.915,159.06,22.77,0.2991,-0.32,0.0,0.0,188.7
2026-08-08T20:58:05.121796+00:00,1786222685.122,159.27,22.77,0.2991,-0.3,-0.105,0.0,188.7
2026-08-08T20:58:05.328541+00:00,1786222685.329,159.47,21.42,0.3035,-0.27,-0.244,0.0,188.7
2026-08-08T20:58:05.925198+00:00,1786222685.925,160.07,23.19,0.3079,-0.24,0.0,0.0,188.7
2026-08-08T20:58:06.128550+00:00,1786222686.129,160.27,23.19,0.3079,-0.2,-0.057,0.0,188.7
2026-08-08T20:58:06.327419+00:00,1786222686.327,160.47,21.64,0.3101,-0.13,-0.217,0.0,188.7
2026-08-08T20:58:06.528147+00:00,1786222686.528,160.67,23.83,0.3101,-0.05,-0.065,0.0,188.7
2026-08-08T20:58:06.729317+00:00,1786222686.729,160.88,23.83,0.3101,0.03,-0.065,0.0,188.7
2026-08-08T20:58:07.116896+00:00,1786222687.117,161.26,23.8,0.3145,0.12,-0.136,0.0,222.0
2026-08-08T20:58:07.317551+00:00,1786222687.318,161.46,23.75,0.3145,0.2,0.101,0.0,222.0
2026-08-08T20:58:07.517141+00:00,1786222687.517,161.66,23.7,0.3189,0.27,0.099,0.0,222.0
2026-08-08T20:58:07.718385+00:00,1786222687.718,161.86,23.7,0.3189,0.32,0.099,15.4,222.0
2026-08-08T20:58:09.309636+00:00,1786222689.31,163.46,24.77,0.3277,0.38,0.234,30.4,222.0
2026-08-08T20:58:09.511657+00:00,1786222689.512,163.66,24.77,0.3277,0.43,0.123,45.3,222.0
2026-08-08T20:58:09.717179+00:00,1786222689.717,163.86,22.92,0.3321,0.52,0.0,51.7,222.0
2026-08-08T20:58:09.913587+00:00,1786222689.914,164.06,22.92,0.3321,0.63,0.099,64.3,222.0
2026-08-08T20:58:10.112454+00:00,1786222690.112,164.26,21.72,0.3343,0.73,-0.163,67.7,222.0
2026-08-08T20:58:10.314700+00:00,1786222690.315,164.46,23.78,0.3343,0.84,0.0,75.4,222.0
2026-08-08T20:58:10.515273+00:00,1786222690.515,164.66,23.78,0.3343,0.95,0.0,83.6,222.0
2026-08-08T20:58:10.710991+00:00,1786222690.711,164.86,21.98,0.3387,1.05,-0.146,84.7,222.0
2026-08-08T20:58:10.920960+00:00,1786222690.921,165.07,21.98,0.3387,1.12,-0.14,89.2,222.0
2026-08-08T20:58:11.513173+00:00,1786222691.513,165.66,22.06,0.3409,1.19,-0.12,92.6,222.0
2026-08-08T20:58:11.716414+00:00,1786222691.716,165.86,22.06,0.3409,1.25,-0.313,90.9,222.0
2026-08-08T20:58:11.923792+00:00,1786222691.924,166.07,22.07,0.3453,1.26,-0.311,84.9,222.0
2026-08-08T20:58:12.129395+00:00,1786222692.129,166.28,23.55,0.3453,1.28,0.072,94.5,222.0
2026-08-08T20:58:12.332640+00:00,1786222692.333,166.48,23.55,0.3475,1.3,0.072,102.2,222.0
2026-08-08T20:58:12.529858+00:00,1786222692.53,166.68,21.41,0.3475,1.31,0.0,109.4,222.0
2026-08-08T20:58:12.733204+00:00,1786222692.733,166.88,21.41,0.3475,1.33,-0.272,114.2,222.0
2026-08-08T20:58:12.933302+00:00,1786222692.933,167.08,21.39,0.3519,1.34,-0.275,113.5,222.0
2026-08-08T20:58:13.134419+00:00,1786222693.134,167.28,23.33,0.3519,1.32,0.155,123.6,222.0
2026-08-08T20:58:13.534859+00:00,1786222693.535,167.68,22.68,0.3541,1.28,0.074,134.8,222.0
2026-08-08T20:58:13.737259+00:00,1786222693.737,167.88,22.68,0.3541,1.24,0.077,142.0,222.0
2026-08-08T20:58:13.938461+00:00,1786222693.938,168.08,22.82,0.3585,1.2,0.095,149.2,222.0
2026-08-08T20:58:14.133970+00:00,1786222694.134,168.28,22.82,0.3585,1.15,0.094,157.5,222.0
2026-08-08T20:58:14.330210+00:00,1786222694.33,168.48,23.21,0.3585,1.11,0.0,158.4,222.0
2026-08-08T20:58:14.535029+00:00,1786222694.535,168.68,24.04,0.3607,1.05,0.062,160.7,222.0
2026-08-08T20:58:14.737865+00:00,1786222694.738,168.88,24.04,0.3607,1.0,0.331,168.6,222.0
2026-08-08T20:58:14.941010+00:00,1786222694.941,169.09,24.74,0.3651,0.94,0.419,174.9,222.0
2026-08-08T20:58:15.136562+00:00,1786222695.137,169.28,24.74,0.3651,0.92,0.422,183.6,222.0
2026-08-08T20:58:15.332874+00:00,1786222695.333,169.48,23.34,0.3651,0.9,0.0,185.2,222.0
2026-08-08T20:58:15.535493+00:00,1786222695.535,169.68,23.41,0.3673,0.91,0.102,186.6,222.0
2026-08-08T20:58:15.738221+00:00,1786222695.738,169.88,23.41,0.3673,0.93,0.102,193.5,222.0
2026-08-08T20:58:15.936136+00:00,1786222695.936,170.08,23.56,0.3717,0.95,0.103,196.1,222.0
2026-08-08T20:58:16.138454+00:00,1786222696.138,170.28,23.56,0.3717,0.97,0.102,198.3,222.0
2026-08-08T20:58:16.336818+00:00,1786222696.337,170.48,23.66,0.3717,1.0,0.062,203.2,222.0
2026-08-08T20:58:16.539835+00:00,1786222696.54,170.69,23.72,0.3738,1.01,0.0,206.5,222.0
2026-08-08T20:58:16.742475+00:00,1786222696.742,170.89,23.72,0.3738,1.02,0.0,209.2,222.0
2026-08-08T20:58:16.941402+00:00,1786222696.941,171.09,23.81,0.3782,1.02,-0.13,212.8,222.0
2026-08-08T20:58:17.146777+00:00,1786222697.147,171.29,23.81,0.3782,1.02,-0.129,216.4,222.0
2026-08-08T20:58:17.352312+00:00,1786222697.352,171.5,23.81,0.3782,1.02,0.065,215.4,222.0
2026-08-08T20:58:17.549403+00:00,1786222697.549,171.7,23.86,0.3804,1.02,0.062,214.4,222.0
2026-08-08T20:58:17.749296+00:00,1786222697.749,171.9,23.86,0.3804,1.03,0.062,216.0,222.0
2026-08-08T20:58:17.945628+00:00,1786222697.946,172.09,23.87,0.3848,1.02,0.0,221.5,222.0
2026-08-08T20:58:18.154624+00:00,1786222698.155,172.3,23.93,0.3848,1.0,0.051,228.2,222.0
2026-08-08T20:58:18.356678+00:00,1786222698.357,172.5,23.93,0.3848,0.98,0.0,223.9,222.0
2026-08-08T20:58:18.724373+00:00,1786222698.724,172.87,23.52,0.3892,0.93,0.0,221.5,222.0
2026-08-08T20:58:18.944089+00:00,1786222698.944,173.09,22.57,0.3892,0.89,-0.144,215.6,222.0
2026-08-08T20:58:19.140592+00:00,1786222699.141,173.29,22.57,0.3914,0.85,-0.156,209.0,222.0
2026-08-08T20:58:19.339076+00:00,1786222699.339,173.49,23.95,0.3914,0.8,0.0,206.3,222.0
2026-08-08T20:58:19.540592+00:00,1786222699.541,173.69,23.43,0.3914,0.76,0.0,205.2,222.0
2026-08-08T20:58:19.738339+00:00,1786222699.738,173.88,23.43,0.3958,0.72,-0.055,201.1,222.0
2026-08-08T20:58:20.338797+00:00,1786222700.339,174.49,23.87,0.4002,0.7,0.0,192.5,222.0
2026-08-08T20:58:20.534849+00:00,1786222700.535,174.68,24.34,0.4002,0.67,0.051,182.9,222.0
2026-08-08T20:58:20.738217+00:00,1786222700.738,174.88,24.34,0.4024,0.62,0.0,171.9,222.0
2026-08-08T20:58:20.941983+00:00,1786222700.942,175.09,25.46,0.4024,0.56,0.165,175.5,222.0
2026-08-08T20:58:21.144674+00:00,1786222701.145,175.29,24.0,0.4024,0.5,0.055,173.3,222.0
2026-08-08T20:58:21.341946+00:00,1786222701.342,175.49,24.0,0.4068,0.46,0.165,173.2,222.0
2026-08-08T20:58:21.549044+00:00,1786222701.549,175.7,23.77,0.4068,0.42,0.138,172.2,222.0
2026-08-08T20:58:21.742726+00:00,1786222701.743,175.89,23.77,0.409,0.4,0.0,167.9,222.0
2026-08-08T20:58:21.945660+00:00,1786222701.946,176.09,23.64,0.409,0.38,0.0,164.3,222.0
2026-08-08T20:58:22.143948+00:00,1786222702.144,176.29,23.81,0.409,0.36,0.0,161.9,222.0
2026-08-08T20:58:22.341718+00:00,1786222702.342,176.49,23.81,0.4134,0.33,0.0,159.4,222.0
2026-08-08T20:58:22.536846+00:00,1786222702.537,176.68,23.16,0.4134,0.29,-0.165,155.8,222.0
2026-08-08T20:58:22.742393+00:00,1786222702.742,176.89,23.16,0.4134,0.25,-0.165,152.0,222.0
2026-08-08T20:58:22.937725+00:00,1786222702.938,177.08,24.37,0.4178,0.21,-0.152,144.3,222.0
2026-08-08T20:58:23.559612+00:00,1786222703.56,177.71,25.37,0.4222,0.17,0.157,144.1,222.0
2026-08-08T20:58:23.765384+00:00,1786222703.765,177.91,26.74,0.4222,0.14,0.314,148.4,222.0
2026-08-08T20:58:23.963504+00:00,1786222703.963,178.11,26.74,0.4244,0.11,0.342,154.6,222.0
2026-08-08T20:58:24.162837+00:00,1786222704.163,178.31,23.73,0.4244,0.13,0.0,150.2,222.0
2026-08-08T20:58:24.365276+00:00,1786222704.365,178.51,26.05,0.4244,0.17,0.277,154.7,222.0
2026-08-08T20:58:24.567716+00:00,1786222704.568,178.71,26.05,0.4288,0.21,0.257,159.3,222.0
2026-08-08T20:58:24.765996+00:00,1786222704.766,178.91,23.82,0.4288,0.24,0.0,160.5,222.0
2026-08-08T20:58:24.966568+00:00,1786222704.967,179.11,23.82,0.4288,0.27,0.076,163.8,222.0
2026-08-08T20:58:25.162418+00:00,1786222705.162,179.31,23.5,0.4332,0.31,0.0,161.8,222.0
2026-08-08T20:58:26.398457+00:00,1786222706.398,180.54,25.37,0.442,0.34,0.08,163.0,222.0
2026-08-08T20:58:26.605444+00:00,1786222706.605,180.75,26.68,0.442,0.37,0.12,167.3,222.0
2026-08-08T20:58:26.806910+00:00,1786222706.807,180.95,26.68,0.4442,0.42,0.0,167.6,222.0
2026-08-08T20:58:27.013209+00:00,1786222707.013,181.16,25.52,0.4442,0.46,-0.111,163.5,222.0
2026-08-08T20:58:27.217121+00:00,1786222707.217,181.36,25.53,0.4442,0.51,0.163,167.5,222.0
2026-08-08T20:58:27.414506+00:00,1786222707.414,181.56,25.53,0.4486,0.55,0.0,163.7,222.0
2026-08-08T20:58:27.614966+00:00,1786222707.615,181.76,23.83,0.4486,0.6,-0.203,158.3,222.0
2026-08-08T20:58:27.815358+00:00,1786222707.815,181.96,26.19,0.4486,0.64,0.216,161.6,222.0
2026-08-08T20:58:28.015063+00:00,1786222708.015,182.16,26.19,0.453,0.68,0.216,166.0,222.0
2026-08-08T20:58:29.380000+00:00,1786222709.38,183.53,28.91,0.4618,0.7,0.356,179.4,222.0
2026-08-08T20:58:29.582652+00:00,1786222709.583,183.73,27.41,0.4618,0.71,0.178,187.0,222.0
2026-08-08T20:58:29.786932+00:00,1786222709.787,183.93,27.41,0.4662,0.72,0.064,191.8,222.0
2026-08-08T20:58:29.992527+00:00,1786222709.992,184.14,26.89,0.4662,0.7,0.0,194.8,222.0
2026-08-08T20:58:30.200744+00:00,1786222710.201,184.35,26.85,0.4706,0.69,0.117,204.5,222.0
2026-08-08T20:58:30.394786+00:00,1786222710.395,184.54,26.85,0.4706,0.67,0.116,214.3,222.0
2026-08-08T20:58:30.599261+00:00,1786222710.599,184.75,29.73,0.4706,0.66,0.367,232.4,222.0
2026-08-08T20:58:30.790903+00:00,1786222710.791,184.94,26.24,0.475,0.64,0.211,236.2,222.0
2026-08-08T20:58:30.989041+00:00,1786222710.989,185.14,26.24,0.475,0.62,0.0,230.2,222.0
2026-08-08T20:58:31.197926+00:00,1786222711.198,185.34,24.65,0.475,0.59,-0.134,219.6,222.0
2026-08-08T20:58:31.601656+00:00,1786222711.602,185.75,25.9,0.4794,0.56,-0.377,213.2,222.0
2026-08-08T20:58:31.804553+00:00,1786222711.805,185.95,26.36,0.4794,0.54,-0.131,205.0,222.0
2026-08-08T20:58:32.170490+00:00,1786222712.17,186.32,26.39,0.4838,0.51,-0.119,197.4,222.0
2026-08-08T20:58:32.381617+00:00,1786222712.382,186.53,26.34,0.4838,0.48,-0.064,197.9,222.0
2026-08-08T20:58:32.584825+00:00,1786222712.585,186.73,26.59,0.4882,0.46,0.0,198.2,222.0
2026-08-08T20:58:32.788584+00:00,1786222712.789,186.93,26.59,0.4882,0.43,0.0,200.1,222.0
2026-08-08T20:58:32.983804+00:00,1786222712.984,187.13,26.34,0.4882,0.4,-0.395,189.3,222.0
2026-08-08T20:58:33.586780+00:00,1786222713.587,187.73,28.71,0.4926,0.38,0.246,194.0,222.0
2026-08-08T20:58:33.791607+00:00,1786222713.792,187.94,26.27,0.4948,0.38,0.0,193.7,222.0
2026-08-08T20:58:33.984745+00:00,1786222713.985,188.13,26.27,0.4948,0.41,0.161,200.3,222.0
2026-08-08T20:58:34.184466+00:00,1786222714.184,188.33,26.42,0.4948,0.44,0.056,198.0,222.0
2026-08-08T20:58:34.386163+00:00,1786222714.386,188.53,26.37,0.5014,0.47,0.0,198.1,222.0
2026-08-08T20:58:34.586761+00:00,1786222714.587,188.73,26.37,0.5014,0.5,0.0,203.4,222.0
2026-08-08T20:58:34.804482+00:00,1786222714.804,188.95,26.0,0.5014,0.52,0.0,197.6,222.0
2026-08-08T20:58:35.002251+00:00,1786222715.002,189.15,25.99,0.5058,0.55,-0.068,190.1,222.0
2026-08-08T20:58:35.408876+00:00,1786222715.409,189.56,26.17,0.5058,0.58,0.0,178.5,222.0
2026-08-08T20:58:35.612344+00:00,1786222715.612,189.76,26.99,0.508,0.61,0.068,175.1,222.0
2026-08-08T20:58:35.817745+00:00,1786222715.818,189.96,26.99,0.508,0.63,-0.215,167.5,222.0
2026-08-08T20:58:36.016016+00:00,1786222716.016,190.16,28.38,0.5124,0.65,0.264,175.1,222.0
2026-08-08T20:58:36.213324+00:00,1786222716.213,190.36,26.0,0.5124,0.66,0.0,171.6,222.0
2026-08-08T20:58:36.411134+00:00,1786222716.411,190.56,26.0,0.5124,0.67,-0.052,167.0,222.0
2026-08-08T20:58:36.615817+00:00,1786222716.615,190.76,26.38,0.5168,0.68,0.0,155.0,222.0
2026-08-08T20:58:36.814085+00:00,1786222716.814,190.96,26.48,0.5168,0.68,0.0,150.2,222.0
2026-08-08T20:58:37.016398+00:00,1786222717.016,191.16,26.48,0.5168,0.69,0.061,152.1,222.0
2026-08-08T20:58:37.218872+00:00,1786222717.219,191.37,24.32,0.5212,0.67,-0.209,150.6,222.0
2026-08-08T20:58:37.814775+00:00,1786222717.815,191.96,24.43,0.5234,0.65,-0.201,154.7,222.0
2026-08-08T20:58:38.017757+00:00,1786222718.018,192.16,24.43,0.5234,0.62,-0.296,150.6,222.0
2026-08-08T20:58:38.394237+00:00,1786222718.394,192.54,26.52,0.5278,0.56,-0.05,152.6,222.0
2026-08-08T20:58:38.602791+00:00,1786222718.603,192.75,26.52,0.5278,0.5,-0.2,149.4,222.0
2026-08-08T20:58:38.805794+00:00,1786222718.806,192.95,23.65,0.5322,0.44,-0.252,142.5,222.0
2026-08-08T20:58:39.010077+00:00,1786222719.01,193.16,23.65,0.5322,0.38,-0.251,135.5,222.0
2026-08-08T20:58:40.366744+00:00,1786222720.367,194.51,24.2,0.541,0.32,-0.161,140.2,222.0
2026-08-08T20:58:40.567368+00:00,1786222720.567,194.71,22.48,0.541,0.27,-0.296,124.2,222.0
2026-08-08T20:58:40.780300+00:00,1786222720.78,194.93,22.48,0.5432,0.22,-0.295,115.8,222.0
2026-08-08T20:58:40.987793+00:00,1786222720.988,195.13,21.83,0.5432,0.18,-0.184,105.5,222.0
2026-08-08T20:58:41.192399+00:00,1786222721.192,195.34,21.83,0.5454,0.15,-0.214,96.8,222.0
2026-08-08T20:58:41.394939+00:00,1786222721.395,195.54,21.73,0.5454,0.11,-0.221,89.2,222.0
2026-08-08T20:58:41.592812+00:00,1786222721.593,195.74,21.73,0.5454,0.08,-0.416,77.4,222.0
2026-08-08T20:58:41.791226+00:00,1786222721.791,195.94,19.94,0.5498,0.05,-0.573,62.8,222.0
2026-08-08T20:58:42.194494+00:00,1786222722.194,196.34,19.98,0.5498,0.01,-0.301,54.6,222.0
2026-08-08T20:58:42.396150+00:00,1786222722.396,196.54,19.98,0.552,-0.02,-0.302,44.5,222.0
2026-08-08T20:58:42.591354+00:00,1786222722.591,196.74,19.98,0.552,-0.02,-0.528,28.0,222.0
2026-08-08T20:58:42.786935+00:00,1786222722.787,196.93,19.34,0.552,0.06,-0.393,21.2,222.0
2026-08-08T20:58:42.997205+00:00,1786222722.997,197.14,19.34,0.5542,0.19,-0.394,0.0,222.0
2026-08-08T20:58:43.198806+00:00,1786222723.199,197.35,17.77,0.5542,0.35,-0.509,0.0,222.0
2026-08-08T20:58:43.577160+00:00,1786222723.577,197.72,18.26,0.5564,0.59,-0.415,0.0,222.0
2026-08-08T20:58:43.780273+00:00,1786222723.78,197.93,18.26,0.5564,0.87,-0.405,0.0,222.0
2026-08-08T20:58:43.979411+00:00,1786222723.979,198.13,18.26,0.5586,1.19,-0.404,0.0,222.0
2026-08-08T20:58:44.179324+00:00,1786222724.179,198.33,16.97,0.5586,1.55,-0.345,0.0,222.0
2026-08-08T20:58:44.380709+00:00,1786222724.381,198.53,16.97,0.5586,1.95,-0.382,0.0,222.0
2026-08-08T20:58:44.586596+00:00,1786222724.587,198.73,16.96,0.563,2.39,-0.382,0.0,222.0
2026-08-08T20:58:44.995459+00:00,1786222724.995,199.14,16.96,0.563,2.91,-0.348,0.0,233.1
2026-08-08T20:58:45.195454+00:00,1786222725.195,199.34,16.68,0.5652,3.47,-0.306,0.0,233.1
2026-08-08T20:58:45.415391+00:00,1786222725.415,199.56,16.68,0.5652,3.98,-0.305,0.0,233.1
2026-08-08T20:58:45.627335+00:00,1786222725.627,199.77,15.8,0.5674,4.46,-0.226,0.0,233.1
2026-08-08T20:58:45.826533+00:00,1786222725.827,199.97,15.8,0.5674,4.89,-0.304,0.0,233.1
2026-08-08T20:58:46.034286+00:00,1786222726.034,200.18,16.73,0.5674,5.24,-0.188,0.0,233.1
2026-08-08T20:58:46.419168+00:00,1786222726.419,200.57,16.73,0.5696,5.48,-0.174,7.7,244.2
2026-08-08T20:58:47.411474+00:00,1786222727.411,201.56,16.76,0.574,5.51,0.0,26.0,244.2
2026-08-08T20:58:47.612439+00:00,1786222727.612,201.76,16.28,0.574,5.51,-0.06,40.8,244.2
2026-08-08T20:58:47.815450+00:00,1786222727.815,201.96,16.28,0.5762,5.38,-0.059,55.9,244.2
2026-08-08T20:58:48.015723+00:00,1786222728.016,202.16,15.93,0.5762,5.17,-0.095,70.1,244.2
2026-08-08T20:58:48.211763+00:00,1786222728.212,202.36,15.93,0.5762,4.92,-0.069,87.9,244.2
2026-08-08T20:58:48.421546+00:00,1786222728.422,202.57,15.93,0.5784,4.63,-0.069,107.9,233.1
2026-08-08T20:58:48.622462+00:00,1786222728.622,202.77,15.96,0.5784,4.3,0.0,123.2,233.1
2026-08-08T20:58:48.819547+00:00,1786222728.82,202.97,15.96,0.5806,3.92,0.0,137.8,233.1
2026-08-08T20:58:49.014555+00:00,1786222729.015,203.16,15.86,0.5806,3.47,-0.081,154.0,233.1
2026-08-08T20:58:49.218302+00:00,1786222729.218,203.36,15.86,0.5806,2.97,-0.086,166.2,233.1
2026-08-08T20:58:49.419042+00:00,1786222729.419,203.57,15.86,0.5828,2.52,-0.124,176.3,233.1
2026-08-08T20:58:49.614607+00:00,1786222729.615,203.76,15.94,0.5828,2.11,0.0,188.6,233.1
2026-08-08T20:58:50.017611+00:00,1786222730.018,204.16,15.94,0.585,1.75,0.0,197.8,233.1
2026-08-08T20:58:50.211364+00:00,1786222730.211,204.36,14.9,0.585,1.42,-0.131,203.0,233.1
2026-08-08T20:58:50.418021+00:00,1786222730.418,204.56,14.9,0.5872,1.15,-0.13,206.6,233.1
2026-08-08T20:58:50.618030+00:00,1786222730.618,204.76,15.3,0.5872,1.05,-0.08,209.0,222.0
2026-08-08T20:58:50.822793+00:00,1786222730.823,204.97,15.3,0.5872,0.95,-0.084,210.6,222.0
2026-08-08T20:58:51.204856+00:00,1786222731.205,205.35,14.79,0.5894,0.89,-0.137,210.1,222.0
2026-08-08T20:58:51.613807+00:00,1786222731.614,205.76,15.88,0.5916,0.87,0.0,209.8,222.0
2026-08-08T20:58:51.817604+00:00,1786222731.818,205.96,15.88,0.5916,0.86,0.0,207.5,222.0
2026-08-08T20:58:52.014811+00:00,1786222732.015,206.16,15.88,0.5938,0.84,0.0,203.8,222.0
2026-08-08T20:58:52.214625+00:00,1786222732.215,206.36,15.26,0.5938,0.83,-0.073,197.0,222.0
2026-08-08T20:58:52.418397+00:00,1786222732.418,206.56,15.26,0.5938,0.82,-0.079,190.1,222.0
2026-08-08T20:58:52.619460+00:00,1786222732.619,206.77,15.26,0.596,0.81,0.0,181.0,222.0
2026-08-08T20:58:52.814373+00:00,1786222732.814,206.96,14.84,0.596,0.8,0.0,171.0,222.0
2026-08-08T20:58:53.017679+00:00,1786222733.018,207.16,14.84,0.5982,0.8,-0.053,157.4,222.0
2026-08-08T20:58:53.218013+00:00,1786222733.218,207.36,15.8,0.5982,0.79,0.059,147.0,222.0
2026-08-08T20:58:53.420414+00:00,1786222733.42,207.57,15.8,0.5982,0.78,0.127,138.0,222.0
2026-08-08T20:58:53.617972+00:00,1786222733.618,207.76,15.8,0.6004,0.78,0.0,128.4,222.0
2026-08-08T20:58:53.820577+00:00,1786222733.821,207.97,14.79,0.6004,0.78,-0.151,116.8,222.0
2026-08-08T20:58:54.218773+00:00,1786222734.219,208.37,14.79,0.6026,0.79,-0.137,106.1,222.0
2026-08-08T20:58:54.418664+00:00,1786222734.419,208.57,15.39,0.6026,0.8,0.0,97.2,222.0
2026-08-08T20:58:54.622994+00:00,1786222734.623,208.77,15.39,0.6048,0.79,0.0,89.2,222.0
2026-08-08T20:58:54.821027+00:00,1786222734.821,208.97,15.39,0.6048,0.78,0.0,83.6,222.0
2026-08-08T20:58:55.017240+00:00,1786222735.017,209.16,14.61,0.6048,0.77,0.0,79.1,222.0
2026-08-08T20:58:55.221638+00:00,1786222735.222,209.37,14.61,0.607,0.76,0.0,76.2,222.0
2026-08-08T20:58:55.426962+00:00,1786222735.427,209.57,14.49,0.607,0.75,-0.166,70.2,222.0
2026-08-08T20:58:55.632378+00:00,1786222735.632,209.78,14.49,0.6092,0.75,-0.166,65.1,222.0
2026-08-08T20:58:55.833409+00:00,1786222735.833,209.98,14.49,0.6092,0.74,-0.165,63.0,222.0
2026-08-08T20:58:56.031376+00:00,1786222736.031,210.18,14.82,0.6092,0.72,0.0,63.7,222.0
2026-08-08T20:58:56.233358+00:00,1786222736.233,210.38,14.82,0.6114,0.71,0.0,63.9,222.0
2026-08-08T20:58:56.430393+00:00,1786222736.43,210.58,14.82,0.6114,0.71,-0.079,63.3,222.0
2026-08-08T20:58:56.629834+00:00,1786222736.63,210.78,13.93,0.6114,0.72,-0.202,62.0,222.0
2026-08-08T20:58:57.008717+00:00,1786222737.009,211.16,13.93,0.6136,0.72,-0.185,58.7,222.0
2026-08-08T20:58:57.213705+00:00,1786222737.214,211.36,14.02,0.6136,0.71,-0.075,56.9,222.0
2026-08-08T20:58:57.421685+00:00,1786222737.422,211.57,14.02,0.6158,0.69,-0.075,55.0,222.0
2026-08-08T20:58:57.620040+00:00,1786222737.62,211.77,14.33,0.6158,0.67,0.0,55.4,222.0
2026-08-08T20:58:57.824570+00:00,1786222737.825,211.97,14.33,0.6158,0.67,0.0,55.9,222.0
2026-08-08T20:58:58.605318+00:00,1786222738.605,212.75,15.18,0.6202,0.67,0.07,56.5,222.0
2026-08-08T20:58:58.803979+00:00,1786222738.804,212.95,15.18,0.6202,0.67,0.0,56.2,222.0
2026-08-08T20:58:59.010225+00:00,1786222739.01,213.16,15.88,0.6202,0.7,0.106,58.6,222.0
2026-08-08T20:58:59.212052+00:00,1786222739.212,213.36,15.88,0.6245,0.76,0.106,59.2,222.0
2026-08-08T20:58:59.418834+00:00,1786222739.419,213.57,15.88,0.6245,0.82,0.194,60.4,222.0
2026-08-08T20:58:59.622207+00:00,1786222739.622,213.77,15.86,0.6267,0.89,0.205,63.7,222.0
2026-08-08T20:58:59.831271+00:00,1786222739.831,213.98,15.86,0.6267,0.96,0.196,69.3,222.0
2026-08-08T20:59:00.039506+00:00,1786222740.039,214.19,16.92,0.6267,1.02,0.308,77.3,222.0
2026-08-08T20:59:00.244527+00:00,1786222740.244,214.39,16.92,0.6289,1.07,0.274,82.8,222.0
2026-08-08T20:59:00.637859+00:00,1786222740.638,214.78,16.94,0.6289,1.12,0.258,88.1,222.0
2026-08-08T20:59:01.011538+00:00,1786222741.012,215.16,18.25,0.6333,1.16,0.355,96.1,222.0
2026-08-08T20:59:01.222215+00:00,1786222741.222,215.37,17.75,0.6333,1.28,0.295,103.3,222.0
2026-08-08T20:59:01.427182+00:00,1786222741.427,215.57,17.75,0.6355,1.43,0.215,109.7,222.0
2026-08-08T20:59:01.626586+00:00,1786222741.627,215.77,19.42,0.6355,1.58,0.407,123.3,222.0
2026-08-08T20:59:01.829298+00:00,1786222741.829,215.98,21.56,0.6355,1.73,0.654,144.2,222.0
2026-08-08T20:59:02.029029+00:00,1786222742.029,216.18,21.56,0.6399,1.89,0.658,165.8,222.0
2026-08-08T20:59:02.437574+00:00,1786222742.438,216.58,21.56,0.6399,2.04,0.608,184.6,222.0
2026-08-08T20:59:02.644126+00:00,1786222742.644,216.79,22.81,0.6443,2.15,0.628,205.8,233.1
2026-08-08T20:59:02.846018+00:00,1786222742.846,216.99,23.42,0.6443,2.27,0.694,230.7,233.1
2026-08-08T20:59:03.049078+00:00,1786222743.049,217.2,23.42,0.6465,2.43,0.746,259.0,233.1
2026-08-08T20:59:03.253986+00:00,1786222743.254,217.4,23.44,0.6465,2.6,0.642,285.5,233.1
2026-08-08T20:59:03.449952+00:00,1786222743.45,217.6,23.44,0.6465,2.77,0.709,312.7,233.1
2026-08-08T20:59:03.646496+00:00,1786222743.646,217.79,21.72,0.6509,2.94,0.497,333.7,233.1
2026-08-08T20:59:03.853990+00:00,1786222743.854,218.0,23.53,0.6509,3.11,0.512,357.0,233.1
2026-08-08T20:59:04.247000+00:00,1786222744.247,218.39,24.49,0.6553,3.27,0.337,378.2,233.1
2026-08-08T20:59:04.445812+00:00,1786222744.446,218.59,24.49,0.6553,3.44,0.337,398.9,233.1
2026-08-08T20:59:04.647158+00:00,1786222744.647,218.79,22.21,0.6575,3.54,0.081,412.9,233.1
2026-08-08T20:59:04.854513+00:00,1786222744.854,219.0,23.67,0.6575,3.6,0.108,427.3,233.1
2026-08-08T20:59:05.051110+00:00,1786222745.051,219.2,23.67,0.6575,3.65,0.0,439.4,233.1
2026-08-08T20:59:05.249007+00:00,1786222745.249,219.4,23.77,0.6619,3.71,0.0,450.3,233.1
2026-08-08T20:59:05.450473+00:00,1786222745.45,219.6,26.19,0.6619,3.77,0.348,471.9,233.1
2026-08-08T20:59:05.852741+00:00,1786222745.853,220.0,24.98,0.6663,3.83,0.178,488.2,233.1
2026-08-08T20:59:06.053077+00:00,1786222746.053,220.2,25.13,0.6663,3.89,0.393,507.5,233.1
2026-08-08T20:59:06.253978+00:00,1786222746.254,220.4,25.13,0.6685,3.86,0.185,522.2,233.1
2026-08-08T20:59:06.450883+00:00,1786222746.451,220.6,26.39,0.6685,3.8,0.238,539.5,233.1
2026-08-08T20:59:06.654670+00:00,1786222746.655,220.8,26.22,0.6685,3.73,0.217,553.3,233.1
2026-08-08T20:59:06.856287+00:00,1786222746.856,221.0,26.22,0.6729,3.66,0.505,574.7,233.1
2026-08-08T20:59:07.057755+00:00,1786222747.058,221.2,26.16,0.6729,3.59,0.314,592.1,233.1
2026-08-08T20:59:07.459805+00:00,1786222747.46,221.61,26.11,0.6773,3.53,0.282,603.4,233.1
2026-08-08T20:59:07.666824+00:00,1786222747.667,221.81,24.85,0.6773,3.46,0.125,601.9,233.1
2026-08-08T20:59:08.036206+00:00,1786222748.036,222.18,26.16,0.6817,3.37,0.0,597.9,233.1
2026-08-08T20:59:08.252237+00:00,1786222748.252,222.4,26.25,0.6817,3.3,0.147,597.7,233.1
2026-08-08T20:59:08.453860+00:00,1786222748.454,222.6,26.4,0.6861,3.24,0.147,595.1,233.1
2026-08-08T20:59:08.654310+00:00,1786222748.654,222.8,26.4,0.6861,3.18,0.147,589.6,233.1
2026-08-08T20:59:11.180848+00:00,1786222751.181,225.33,28.88,0.7015,3.11,0.147,584.8,233.1
2026-08-08T20:59:11.387431+00:00,1786222751.387,225.53,27.16,0.7059,3.05,0.055,577.2,233.1
2026-08-08T20:59:11.587498+00:00,1786222751.587,225.73,27.16,0.7059,2.95,0.055,567.1,233.1
2026-08-08T20:59:11.789424+00:00,1786222751.789,225.94,27.0,0.7103,2.8,0.0,561.0,233.1
2026-08-08T20:59:11.998032+00:00,1786222751.998,226.14,26.64,0.7103,2.69,0.0,550.8,233.1
2026-08-08T20:59:12.203649+00:00,1786222752.204,226.35,26.64,0.7103,2.58,0.109,545.0,233.1
2026-08-08T20:59:12.404480+00:00,1786222752.404,226.55,26.36,0.7147,2.47,0.0,535.1,233.1
2026-08-08T20:59:13.568854+00:00,1786222753.569,227.72,29.57,0.7235,2.35,0.173,539.8,233.1
2026-08-08T20:59:13.763698+00:00,1786222753.764,227.91,28.28,0.7235,2.24,0.098,538.6,233.1
2026-08-08T20:59:13.959277+00:00,1786222753.959,228.11,29.93,0.7235,2.13,0.184,542.9,233.1
2026-08-08T20:59:14.161062+00:00,1786222754.161,228.31,29.93,0.7279,2.01,0.097,544.0,233.1
2026-08-08T20:59:14.389874+00:00,1786222754.39,228.54,26.61,0.7279,1.92,-0.051,527.1,233.1
2026-08-08T20:59:14.597682+00:00,1786222754.598,228.74,26.57,0.7323,1.82,-0.055,514.9,233.1
2026-08-08T20:59:14.805749+00:00,1786222754.806,228.95,26.57,0.7323,1.73,0.0,498.3,222.0
2026-08-08T20:59:15.007041+00:00,1786222755.007,229.15,26.27,0.7323,1.63,0.0,486.1,222.0
2026-08-08T20:59:16.371083+00:00,1786222756.371,230.52,27.7,0.7433,1.54,0.071,473.7,222.0
2026-08-08T20:59:16.566291+00:00,1786222756.566,230.71,27.7,0.7433,1.44,0.09,462.4,222.0
2026-08-08T20:59:16.770215+00:00,1786222756.77,230.92,29.26,0.7477,1.4,0.0,443.0,222.0
2026-08-08T20:59:16.968693+00:00,1786222756.969,231.12,27.65,0.7477,1.39,-0.054,426.0,222.0
2026-08-08T20:59:17.163829+00:00,1786222757.164,231.31,27.65,0.7477,1.39,-0.197,406.5,222.0
2026-08-08T20:59:17.363013+00:00,1786222757.363,231.51,29.43,0.7521,1.38,0.0,398.7,222.0
2026-08-08T20:59:17.569955+00:00,1786222757.57,231.72,27.81,0.7521,1.38,0.105,394.4,222.0
2026-08-08T20:59:17.772323+00:00,1786222757.772,231.92,26.92,0.7565,1.41,0.0,383.6,222.0
2026-08-08T20:59:17.970467+00:00,1786222757.97,232.12,26.92,0.7565,1.46,0.0,373.0,222.0
2026-08-08T20:59:18.173138+00:00,1786222758.173,232.32,26.89,0.7565,1.52,0.054,364.3,222.0
2026-08-08T20:59:18.379085+00:00,1786222758.379,232.53,26.88,0.7587,1.57,-0.113,349.2,222.0
2026-08-08T20:59:18.574214+00:00,1786222758.574,232.72,26.88,0.7587,1.63,-0.113,338.8,222.0
2026-08-08T20:59:18.772462+00:00,1786222758.772,232.92,26.81,0.7631,1.69,-0.34,323.4,222.0
2026-08-08T20:59:18.978547+00:00,1786222758.979,233.12,26.64,0.7631,1.75,-0.139,315.3,222.0
2026-08-08T20:59:19.180566+00:00,1786222759.18,233.33,26.64,0.7631,1.78,-0.139,308.1,222.0
2026-08-08T20:59:19.561895+00:00,1786222759.562,233.71,26.55,0.7675,1.8,-0.364,293.2,222.0
2026-08-08T20:59:19.774797+00:00,1786222759.775,233.92,26.55,0.7675,1.83,-0.159,286.8,222.0
2026-08-08T20:59:19.978444+00:00,1786222759.978,234.12,25.1,0.7719,1.85,-0.229,271.1,222.0
2026-08-08T20:59:20.583735+00:00,1786222760.584,234.73,26.62,0.7763,1.87,0.0,265.7,222.0
2026-08-08T20:59:20.789425+00:00,1786222760.789,234.94,26.61,0.7763,1.9,0.0,256.9,222.0
2026-08-08T20:59:21.163604+00:00,1786222761.164,235.31,26.39,0.7785,1.94,0.0,251.1,222.0
2026-08-08T20:59:21.372874+00:00,1786222761.373,235.52,26.46,0.7785,1.99,0.0,252.5,222.0
2026-08-08T20:59:21.575969+00:00,1786222761.576,235.72,26.46,0.7829,2.01,0.0,254.5,222.0
2026-08-08T20:59:21.777794+00:00,1786222761.778,235.92,26.35,0.7829,2.0,0.0,255.5,233.1
2026-08-08T20:59:23.734741+00:00,1786222763.735,237.88,28.47,0.7983,1.99,0.111,261.6,222.0
2026-08-08T20:59:23.939702+00:00,1786222763.94,238.09,30.24,0.7983,1.98,0.234,270.3,222.0
2026-08-08T20:59:24.150353+00:00,1786222764.15,238.3,30.24,0.8027,1.98,0.234,278.9,222.0
2026-08-08T20:59:24.354008+00:00,1786222764.354,238.5,26.67,0.8027,1.97,0.099,281.9,222.0
2026-08-08T20:59:24.566170+00:00,1786222764.566,238.71,30.06,0.8071,1.96,0.24,294.4,222.0
2026-08-08T20:59:24.769195+00:00,1786222764.769,238.92,30.06,0.8071,1.99,0.241,310.7,222.0
2026-08-08T20:59:24.978030+00:00,1786222764.978,239.12,26.55,0.8071,2.01,0.0,311.3,222.0
2026-08-08T20:59:26.947620+00:00,1786222766.948,241.09,28.36,0.8247,2.03,0.095,314.4,233.1
2026-08-08T20:59:27.147499+00:00,1786222767.147,241.29,30.04,0.8247,2.06,0.178,324.6,233.1
2026-08-08T20:59:27.352730+00:00,1786222767.353,241.5,30.04,0.8269,2.12,0.184,335.0,233.1
2026-08-08T20:59:27.551174+00:00,1786222767.551,241.7,26.55,0.8269,2.19,-0.14,332.8,233.1
2026-08-08T20:59:27.757401+00:00,1786222767.757,241.9,29.87,0.8269,2.24,0.0,340.9,233.1
2026-08-08T20:59:27.954392+00:00,1786222767.954,242.1,29.87,0.8313,2.28,0.0,349.0,233.1
2026-08-08T20:59:28.153178+00:00,1786222768.153,242.3,26.49,0.8313,2.33,0.0,359.8,233.1
2026-08-08T20:59:30.904970+00:00,1786222770.905,245.05,28.87,0.8555,2.37,-0.052,366.3,233.1
2026-08-08T20:59:31.102088+00:00,1786222771.102,245.25,30.22,0.8555,2.42,0.0,375.5,233.1
2026-08-08T20:59:31.306094+00:00,1786222771.306,245.45,29.67,0.8599,2.46,0.137,393.6,233.1
2026-08-08T20:59:31.507346+00:00,1786222771.507,245.65,29.67,0.8599,2.49,0.08,405.2,233.1
2026-08-08T20:59:31.707453+00:00,1786222771.707,245.85,29.9,0.8599,2.53,0.0,417.3,233.1
2026-08-08T20:59:31.909900+00:00,1786222771.91,246.06,29.83,0.8643,2.57,0.0,423.0,233.1
2026-08-08T20:59:32.109119+00:00,1786222772.109,246.26,29.6,0.8643,2.61,0.186,433.7,233.1
2026-08-08T20:59:32.307702+00:00,1786222772.308,246.45,29.6,0.8643,2.65,0.0,439.5,233.1
2026-08-08T20:59:34.840710+00:00,1786222774.841,248.99,33.83,0.8884,2.69,0.159,454.5,233.1
2026-08-08T20:59:35.057959+00:00,1786222775.058,249.2,30.33,0.8884,2.72,0.154,465.4,233.1
2026-08-08T20:59:35.262062+00:00,1786222775.262,249.41,30.48,0.8928,2.68,0.103,474.8,233.1
2026-08-08T20:59:35.459587+00:00,1786222775.46,249.61,30.48,0.8928,2.62,0.0,476.6,233.1
2026-08-08T20:59:35.658950+00:00,1786222775.659,249.81,33.65,0.8928,2.56,0.254,484.1,233.1
2026-08-08T20:59:36.028934+00:00,1786222776.029,250.18,33.78,0.8972,2.5,0.252,491.5,233.1
2026-08-08T20:59:36.240913+00:00,1786222776.241,250.39,33.78,0.8972,2.47,0.238,505.3,233.1
2026-08-08T20:59:36.444825+00:00,1786222776.445,250.59,27.34,0.9016,2.43,-0.152,494.6,233.1
2026-08-08T20:59:36.645115+00:00,1786222776.645,250.79,29.91,0.9016,2.4,0.0,489.7,233.1
2026-08-08T20:59:36.849690+00:00,1786222776.85,251.0,29.64,0.9016,2.36,0.0,493.8,233.1
2026-08-08T20:59:38.025527+00:00,1786222778.026,252.17,33.35,0.9126,2.33,0.0,497.3,233.1
2026-08-08T20:59:38.227152+00:00,1786222778.227,252.37,31.88,0.917,2.3,0.135,499.2,233.1
2026-08-08T20:59:38.426996+00:00,1786222778.427,252.57,30.1,0.917,2.24,0.0,494.7,233.1
2026-08-08T20:59:38.630342+00:00,1786222778.63,252.78,30.1,0.9192,2.18,0.0,501.0,233.1
2026-08-08T20:59:38.829867+00:00,1786222778.83,252.98,30.03,0.9192,2.12,-0.317,491.8,233.1
2026-08-08T20:59:39.032347+00:00,1786222779.032,253.18,29.7,0.9192,2.06,-0.377,480.3,233.1
2026-08-08T20:59:39.233076+00:00,1786222779.233,253.38,29.86,0.9258,1.99,-0.364,471.5,233.1
2026-08-08T20:59:39.436230+00:00,1786222779.436,253.58,29.86,0.9258,1.97,0.234,478.4,222.0
2026-08-08T20:59:40.409112+00:00,1786222780.409,254.56,32.35,0.9346,1.96,0.18,483.6,222.0
2026-08-08T20:59:40.614949+00:00,1786222780.615,254.76,31.05,0.9346,1.96,0.104,481.7,222.0
2026-08-08T20:59:40.818760+00:00,1786222780.819,254.97,31.05,0.9368,1.91,-0.229,471.4,222.0
2026-08-08T20:59:41.013892+00:00,1786222781.014,255.16,29.32,0.9368,1.84,-0.255,460.7,222.0
2026-08-08T20:59:41.216847+00:00,1786222781.217,255.36,29.99,0.9368,1.77,0.0,457.1,222.0
2026-08-08T20:59:41.418487+00:00,1786222781.418,255.56,30.0,0.9434,1.7,0.0,448.2,222.0
2026-08-08T20:59:41.613071+00:00,1786222781.613,255.76,30.0,0.9434,1.62,0.0,443.8,222.0
2026-08-08T20:59:41.811113+00:00,1786222781.811,255.96,26.56,0.9434,1.55,-0.315,419.3,222.0
2026-08-08T20:59:42.017667+00:00,1786222782.018,256.16,27.68,0.9478,1.48,-0.218,401.5,222.0
2026-08-08T20:59:42.625836+00:00,1786222782.626,256.77,28.72,0.9522,1.44,-0.099,388.8,222.0
2026-08-08T20:59:42.822145+00:00,1786222782.822,256.97,30.3,0.9522,1.4,-0.235,376.3,222.0
2026-08-08T20:59:43.025741+00:00,1786222783.026,257.17,30.3,0.9544,1.4,-0.086,357.1,222.0
2026-08-08T20:59:43.229345+00:00,1786222783.229,257.38,26.42,0.9544,1.39,-0.534,324.7,222.0
2026-08-08T20:59:43.429801+00:00,1786222783.43,257.58,29.68,0.9544,1.39,0.0,308.2,222.0
2026-08-08T20:59:43.804154+00:00,1786222783.804,257.95,29.44,0.961,1.39,-0.059,307.5,222.0
2026-08-08T20:59:44.015897+00:00,1786222784.016,258.16,26.44,0.961,1.34,-0.381,290.9,222.0
2026-08-08T20:59:44.218284+00:00,1786222784.218,258.36,27.72,0.9654,1.3,-0.243,278.4,222.0
2026-08-08T20:59:44.421562+00:00,1786222784.422,258.57,27.72,0.9654,1.3,0.124,271.9,222.0
2026-08-08T20:59:44.627324+00:00,1786222784.627,258.77,25.86,0.9654,1.3,-0.193,254.0,222.0
2026-08-08T20:59:46.592331+00:00,1786222786.592,260.74,29.54,0.9808,1.3,0.057,250.7,222.0
2026-08-08T20:59:46.793083+00:00,1786222786.793,260.94,31.84,0.9808,1.29,0.107,251.1,222.0
2026-08-08T20:59:46.997195+00:00,1786222786.997,261.14,30.09,0.9852,1.33,0.0,256.2,222.0
2026-08-08T20:59:47.197250+00:00,1786222787.197,261.34,30.09,0.9852,1.38,0.257,270.9,222.0
2026-08-08T20:59:47.392802+00:00,1786222787.393,261.54,26.52,0.9852,1.42,-0.222,270.5,222.0
2026-08-08T20:59:47.600023+00:00,1786222787.6,261.75,27.67,0.9918,1.47,-0.13,256.7,222.0
2026-08-08T20:59:47.802769+00:00,1786222787.803,261.95,29.4,0.9918,1.5,0.218,252.6,222.0
2026-08-08T20:59:48.000083+00:00,1786222788.0,262.15,29.4,0.9918,1.5,0.124,249.4,222.0
2026-08-08T20:59:48.378654+00:00,1786222788.379,262.53,28.18,0.9962,1.49,0.0,251.8,222.0
2026-08-08T20:59:48.592322+00:00,1786222788.592,262.74,28.18,0.9962,1.47,0.162,260.4,222.0
2026-08-08T20:59:48.972059+00:00,1786222788.972,263.12,29.78,1.0006,1.46,0.0,258.8,222.0
2026-08-08T20:59:49.183533+00:00,1786222789.184,263.33,29.58,1.0006,1.48,-0.262,250.4,222.0
2026-08-08T20:59:49.585933+00:00,1786222789.586,263.73,28.85,1.005,1.51,-0.133,245.4,222.0
2026-08-08T20:59:49.792131+00:00,1786222789.792,263.94,30.86,1.005,1.53,0.083,258.6,222.0
2026-08-08T20:59:49.989865+00:00,1786222789.99,264.14,29.42,1.0094,1.56,0.311,274.2,222.0
2026-08-08T20:59:50.188496+00:00,1786222790.188,264.33,29.42,1.0094,1.6,0.188,283.2,222.0
2026-08-08T20:59:50.389282+00:00,1786222790.389,264.54,29.67,1.0138,1.65,0.0,290.5,222.0
2026-08-08T20:59:50.588870+00:00,1786222790.589,264.74,29.7,1.0138,1.66,0.0,293.6,222.0
2026-08-08T20:59:50.788981+00:00,1786222790.789,264.94,29.7,1.0138,1.66,0.176,315.0,222.0
2026-08-08T20:59:50.987759+00:00,1786222790.988,265.13,26.42,1.0182,1.66,-0.204,308.9,222.0
2026-08-08T20:59:51.191609+00:00,1786222791.192,265.34,27.34,1.0182,1.66,-0.305,302.5,222.0
2026-08-08T20:59:51.786040+00:00,1786222791.786,265.93,29.17,1.0226,1.68,0.0,315.2,222.0
2026-08-08T20:59:51.991525+00:00,1786222791.992,266.14,31.38,1.0226,1.69,0.292,334.4,222.0
2026-08-08T20:59:52.193588+00:00,1786222792.194,266.34,29.65,1.027,1.72,-0.139,330.7,222.0
2026-08-08T20:59:52.391581+00:00,1786222792.392,266.54,29.65,1.027,1.74,0.0,340.0,222.0
2026-08-08T20:59:52.592274+00:00,1786222792.592,266.74,29.49,1.0314,1.76,0.0,340.5,222.0
2026-08-08T20:59:52.791748+00:00,1786222792.792,266.94,29.67,1.0314,1.79,0.0,338.0,222.0
2026-08-08T20:59:52.989323+00:00,1786222792.989,267.14,29.54,1.0314,1.81,0.0,339.7,222.0
2026-08-08T20:59:53.188852+00:00,1786222793.189,267.34,29.54,1.0358,1.84,0.0,334.3,222.0
2026-08-08T20:59:53.387623+00:00,1786222793.388,267.53,27.05,1.0358,1.85,0.072,343.7,222.0
2026-08-08T20:59:55.548968+00:00,1786222795.549,269.7,30.01,1.0556,1.87,0.17,355.3,222.0
2026-08-08T20:59:55.745117+00:00,1786222795.745,269.89,30.28,1.0556,1.86,0.078,354.0,222.0
2026-08-08T20:59:55.952380+00:00,1786222795.952,270.1,30.22,1.06,1.83,-0.081,350.5,222.0
2026-08-08T20:59:56.149354+00:00,1786222796.149,270.3,34.01,1.06,1.8,0.305,366.6,222.0
2026-08-08T20:59:56.346294+00:00,1786222796.346,270.49,34.01,1.06,1.77,0.306,378.3,222.0
2026-08-08T20:59:56.555593+00:00,1786222796.556,270.7,29.92,1.0644,1.75,0.0,379.7,222.0
2026-08-08T20:59:56.749255+00:00,1786222796.749,270.9,29.85,1.0644,1.72,0.0,388.2,222.0
2026-08-08T21:00:00.857384+00:00,1786222800.857,275.0,32.28,1.0996,1.69,0.097,398.3,222.0
2026-08-08T21:00:01.063051+00:00,1786222801.063,275.21,35.84,1.104,1.66,0.222,408.5,222.0
2026-08-08T21:00:01.260838+00:00,1786222801.261,275.41,34.24,1.104,1.63,0.254,412.5,222.0
2026-08-08T21:00:01.465493+00:00,1786222801.465,275.61,34.24,1.104,1.6,0.199,417.8,222.0
2026-08-08T21:00:01.664547+00:00,1786222801.665,275.81,32.85,1.1084,1.57,0.121,423.8,222.0
2026-08-08T21:00:01.861152+00:00,1786222801.861,276.01,29.9,1.1084,1.57,0.0,423.6,222.0
2026-08-08T21:00:02.061317+00:00,1786222802.061,276.21,30.62,1.1084,1.57,-0.159,414.5,222.0
2026-08-08T21:00:02.264825+00:00,1786222802.265,276.41,31.49,1.115,1.56,-0.118,419.5,222.0
2026-08-08T21:00:02.469237+00:00,1786222802.469,276.62,31.49,1.115,1.56,0.074,432.1,222.0
2026-08-08T21:00:02.678690+00:00,1786222802.679,276.83,28.83,1.115,1.56,0.0,431.3,222.0
2026-08-08T21:00:03.053056+00:00,1786222803.053,277.2,30.64,1.1193,1.58,-0.207,415.8,222.0
2026-08-08T21:00:03.663729+00:00,1786222803.664,277.81,32.73,1.1237,1.61,-0.331,411.7,222.0
2026-08-08T21:00:03.869452+00:00,1786222803.869,278.02,31.86,1.1237,1.63,-0.253,405.6,222.0
2026-08-08T21:00:04.069498+00:00,1786222804.069,278.22,33.87,1.1281,1.64,0.0,408.8,222.0
2026-08-08T21:00:04.268139+00:00,1786222804.268,278.41,33.69,1.1281,1.65,0.089,414.4,222.0
2026-08-08T21:00:04.469656+00:00,1786222804.47,278.62,33.69,1.1325,1.66,0.403,429.8,222.0
2026-08-08T21:00:04.669554+00:00,1786222804.67,278.82,29.72,1.1325,1.67,-0.097,426.5,222.0
2026-08-08T21:00:04.870673+00:00,1786222804.871,279.02,29.78,1.1325,1.68,-0.182,421.1,222.0
2026-08-08T21:00:05.070248+00:00,1786222805.07,279.22,30.58,1.1391,1.69,-0.098,413.2,222.0
2026-08-08T21:00:05.276054+00:00,1786222805.276,279.42,31.58,1.1391,1.69,0.294,419.9,222.0
2026-08-08T21:00:06.424920+00:00,1786222806.425,280.57,34.64,1.1501,1.68,0.33,436.0,222.0
2026-08-08T21:00:06.627684+00:00,1786222806.628,280.77,33.68,1.1501,1.66,0.089,428.1,222.0
2026-08-08T21:00:06.839531+00:00,1786222806.839,280.99,32.62,1.1545,1.61,0.072,418.5,222.0
2026-08-08T21:00:07.057361+00:00,1786222807.057,281.2,30.35,1.1545,1.53,-0.327,408.7,222.0
2026-08-08T21:00:07.256029+00:00,1786222807.256,281.4,34.21,1.1589,1.46,0.0,411.2,222.0
2026-08-08T21:00:07.458734+00:00,1786222807.459,281.61,38.73,1.1589,1.39,0.469,429.9,222.0
2026-08-08T21:00:07.656102+00:00,1786222807.656,281.8,38.73,1.1589,1.32,0.839,453.6,222.0
2026-08-08T21:00:07.857933+00:00,1786222807.858,282.0,29.41,1.1633,1.24,0.0,439.7,222.0
2026-08-08T21:00:09.621195+00:00,1786222809.621,283.77,33.72,1.1787,1.19,0.192,436.7,222.0
2026-08-08T21:00:09.823076+00:00,1786222809.823,283.97,30.44,1.1787,1.13,-0.069,426.9,222.0
2026-08-08T21:00:10.025982+00:00,1786222810.026,284.17,34.57,1.1831,1.09,0.0,428.4,222.0
2026-08-08T21:00:10.227492+00:00,1786222810.227,284.37,34.27,1.1831,1.05,0.0,433.4,222.0
2026-08-08T21:00:10.422221+00:00,1786222810.422,284.57,34.27,1.1831,1.01,0.128,440.4,222.0
2026-08-08T21:00:10.622773+00:00,1786222810.623,284.77,29.94,1.1875,0.97,0.0,434.2,222.0
2026-08-08T21:00:10.830647+00:00,1786222810.831,284.98,29.86,1.1875,0.93,-0.339,422.7,222.0
2026-08-08T21:00:11.617022+00:00,1786222811.617,285.76,32.3,1.1919,0.89,-0.43,413.7,222.0
2026-08-08T21:00:11.826932+00:00,1786222811.827,285.97,29.64,1.1963,0.85,-0.606,401.0,222.0
2026-08-08T21:00:12.026521+00:00,1786222812.026,286.17,33.61,1.1963,0.81,0.28,414.4,222.0
2026-08-08T21:00:12.227142+00:00,1786222812.227,286.37,33.5,1.2029,0.74,0.0,409.3,222.0
2026-08-08T21:00:12.426273+00:00,1786222812.426,286.57,33.5,1.2029,0.64,0.326,411.2,222.0
2026-08-08T21:00:12.624734+00:00,1786222812.625,286.77,29.49,1.2029,0.5,-0.543,374.9,222.0
2026-08-08T21:00:12.827605+00:00,1786222812.828,286.97,29.66,1.2073,0.31,-0.493,357.7,222.0
2026-08-08T21:00:13.034430+00:00,1786222813.034,287.18,31.0,1.2073,0.09,-0.348,346.1,222.0
2026-08-08T21:00:13.635625+00:00,1786222813.636,287.78,33.1,1.2117,-0.21,0.291,350.2,222.0
2026-08-08T21:00:13.830628+00:00,1786222813.831,287.98,32.27,1.2117,-0.5,0.223,337.8,222.0
2026-08-08T21:00:14.038814+00:00,1786222814.039,288.19,34.11,1.2161,-0.77,0.208,320.2,188.7
2026-08-08T21:00:14.241377+00:00,1786222814.241,288.39,34.2,1.2161,-1.0,0.525,320.3,188.7
2026-08-08T21:00:14.440166+00:00,1786222814.44,288.59,33.44,1.2227,-1.19,0.0,304.3,188.7
2026-08-08T21:00:14.640011+00:00,1786222814.64,288.79,33.44,1.2227,-1.34,0.0,301.1,188.7
2026-08-08T21:00:14.839077+00:00,1786222814.839,288.99,29.5,1.2227,-1.45,-0.46,271.1,188.7
2026-08-08T21:00:15.218492+00:00,1786222815.218,289.36,31.4,1.2271,-1.49,0.204,239.2,188.7
2026-08-08T21:00:15.430022+00:00,1786222815.43,289.58,34.0,1.2271,-1.48,0.462,204.2,188.7
2026-08-08T21:00:15.626998+00:00,1786222815.627,289.77,34.0,1.2315,-1.42,0.32,203.8,188.7
2026-08-08T21:00:15.829398+00:00,1786222815.829,289.98,33.11,1.2315,-1.33,0.0,184.3,188.7
2026-08-08T21:00:17.985304+00:00,1786222817.985,292.13,34.03,1.2535,-1.19,0.118,180.5,188.7
2026-08-08T21:00:18.346220+00:00,1786222818.346,292.49,35.35,1.2535,-1.02,0.08,172.1,188.7
2026-08-08T21:00:18.550544+00:00,1786222818.551,292.7,34.83,1.2579,-0.8,0.0,162.5,188.7
2026-08-08T21:00:18.764977+00:00,1786222818.765,292.91,34.12,1.2579,-0.54,0.0,150.1,188.7
2026-08-08T21:00:18.960109+00:00,1786222818.96,293.11,34.12,1.2623,-0.22,0.0,147.0,188.7
2026-08-08T21:00:19.158231+00:00,1786222819.158,293.3,30.2,1.2623,0.11,0.0,152.7,188.7
2026-08-08T21:00:20.131729+00:00,1786222820.132,294.28,33.32,1.2733,0.4,0.109,167.2,222.0
2026-08-08T21:00:20.343703+00:00,1786222820.344,294.49,30.47,1.2733,0.65,-0.199,177.8,222.0
2026-08-08T21:00:20.547487+00:00,1786222820.547,294.69,34.28,1.2777,0.81,0.0,169.6,222.0
2026-08-08T21:00:20.750779+00:00,1786222820.751,294.9,34.29,1.2777,0.94,0.067,173.4,222.0
2026-08-08T21:00:20.951638+00:00,1786222820.952,295.1,33.98,1.2777,1.03,0.0,165.8,222.0
2026-08-08T21:00:21.149867+00:00,1786222821.15,295.3,33.98,1.2821,1.04,-0.136,182.3,222.0
2026-08-08T21:00:21.349653+00:00,1786222821.35,295.5,33.58,1.2821,1.01,-0.123,198.2,222.0
2026-08-08T21:00:22.331829+00:00,1786222822.332,296.48,33.45,1.2931,0.97,-0.053,212.7,222.0
2026-08-08T21:00:22.535263+00:00,1786222822.535,296.68,32.78,1.2931,0.94,-0.104,206.3,222.0
2026-08-08T21:00:22.738821+00:00,1786222822.739,296.89,36.47,1.2975,0.91,0.486,226.7,222.0
2026-08-08T21:00:22.940561+00:00,1786222822.941,297.09,35.29,1.2975,0.88,0.195,236.3,222.0
2026-08-08T21:00:23.143692+00:00,1786222823.144,297.29,34.25,1.2975,0.86,0.375,241.6,222.0
2026-08-08T21:00:23.349073+00:00,1786222823.349,297.5,34.25,1.3019,0.83,0.0,252.8,222.0
2026-08-08T21:00:23.551978+00:00,1786222823.552,297.7,32.95,1.3019,0.82,-0.133,259.6,222.0
2026-08-08T21:00:23.766163+00:00,1786222823.766,297.91,32.63,1.3063,0.81,-0.133,280.8,222.0
2026-08-08T21:00:23.966656+00:00,1786222823.967,298.11,30.59,1.3063,0.81,-0.334,276.2,222.0
2026-08-08T21:00:24.162935+00:00,1786222824.163,298.31,31.66,1.3063,0.81,-0.19,266.5,222.0
2026-08-08T21:00:24.366101+00:00,1786222824.366,298.51,32.39,1.3129,0.86,-0.145,262.9,222.0
2026-08-08T21:00:24.566088+00:00,1786222824.566,298.71,32.39,1.3129,0.91,-0.053,272.3,222.0
2026-08-08T21:00:24.763427+00:00,1786222824.763,298.91,29.38,1.3129,0.96,-0.974,250.1,222.0
2026-08-08T21:00:25.140037+00:00,1786222825.14,299.29,31.09,1.3173,0.99,-0.531,239.8,222.0
2026-08-08T21:00:25.349790+00:00,1786222825.35,299.5,34.04,1.3173,1.02,0.0,249.0,222.0
2026-08-08T21:00:25.561671+00:00,1786222825.562,299.71,33.28,1.3239,1.05,-0.122,253.0,222.0
2026-08-08T21:00:25.770141+00:00,1786222825.77,299.92,33.28,1.3239,30.0,0.0,259.2,222.0
2026-08-08T21:00:25.967797+00:00,1786222825.968,300.11,29.82,1.3239,1.1,-0.355,253.8,222.0
2026-08-08T21:00:26.733927+00:00,1786222826.734,300.88,33.29,1.3327,1.11,0.271,262.4,222.0
2026-08-08T21:00:26.950383+00:00,1786222826.95,301.1,29.86,1.3327,1.13,-0.179,264.9,222.0
2026-08-08T21:00:27.153724+00:00,1786222827.154,301.3,30.0,1.3327,1.14,-0.237,256.7,222.0
2026-08-08T21:00:27.356463+00:00,1786222827.356,301.5,33.71,1.3393,1.14,0.131,259.2,222.0
2026-08-08T21:00:27.559741+00:00,1786222827.56,301.71,33.41,1.3393,1.13,0.4,271.6,222.0
2026-08-08T21:00:27.769299+00:00,1786222827.769,301.92,33.41,1.3393,1.12,0.245,283.4,222.0
2026-08-08T21:00:27.967810+00:00,1786222827.968,302.11,29.62,1.3437,1.1,-0.469,271.8,222.0
2026-08-08T21:00:29.122970+00:00,1786222829.123,303.27,30.43,1.3525,1.08,-0.222,265.3,222.0
2026-08-08T21:00:29.336589+00:00,1786222829.337,303.48,34.21,1.3525,1.05,0.073,272.6,222.0
2026-08-08T21:00:29.540352+00:00,1786222829.54,303.69,34.21,1.3569,1.05,0.341,265.7,222.0
2026-08-08T21:00:29.741329+00:00,1786222829.741,303.89,29.79,1.3569,1.06,-0.323,247.0,222.0
2026-08-08T21:00:29.941870+00:00,1786222829.942,304.09,30.06,1.3569,1.07,0.0,233.0,222.0
2026-08-08T21:00:30.145851+00:00,1786222830.146,304.29,39.2,1.3635,1.08,0.854,270.1,222.0
2026-08-08T21:00:30.344007+00:00,1786222830.344,304.49,33.44,1.3635,1.09,0.0,275.9,222.0
2026-08-08T21:00:30.740831+00:00,1786222830.741,304.89,33.0,1.3678,1.1,0.0,281.7,222.0
2026-08-08T21:00:30.937213+00:00,1786222830.937,305.08,29.63,1.3678,1.12,-0.331,282.8,222.0
2026-08-08T21:00:31.142928+00:00,1786222831.143,305.29,34.14,1.3722,1.17,0.395,304.7,222.0
2026-08-08T21:00:31.343155+00:00,1786222831.343,305.49,33.7,1.3722,1.23,0.409,324.7,222.0
2026-08-08T21:00:31.542659+00:00,1786222831.543,305.69,33.7,1.3722,1.3,-0.065,327.3,222.0
2026-08-08T21:00:31.741185+00:00,1786222831.741,305.89,29.67,1.3766,1.36,-0.573,340.1,222.0
2026-08-08T21:00:31.948081+00:00,1786222831.948,306.09,29.64,1.3766,1.42,0.0,356.3,222.0
2026-08-08T21:00:32.748724+00:00,1786222832.749,306.9,32.57,1.3832,1.49,0.248,365.0,222.0
2026-08-08T21:00:32.945787+00:00,1786222832.946,307.09,31.67,1.3876,1.55,-0.748,348.1,222.0
2026-08-08T21:00:33.143492+00:00,1786222833.143,307.29,33.71,1.3876,1.58,0.0,351.0,222.0
2026-08-08T21:00:33.343275+00:00,1786222833.343,307.49,33.77,1.392,1.57,0.082,368.9,222.0
2026-08-08T21:00:33.543781+00:00,1786222833.544,307.69,33.77,1.392,1.56,0.441,377.1,222.0
2026-08-08T21:00:33.742552+00:00,1786222833.743,307.89,29.69,1.392,1.54,-0.476,370.8,222.0
2026-08-08T21:00:33.947363+00:00,1786222833.947,308.09,29.71,1.3964,1.53,-0.425,367.3,222.0
2026-08-08T21:00:34.151236+00:00,1786222834.151,308.3,30.55,1.3964,1.52,-0.335,353.1,222.0
2026-08-08T21:00:34.753864+00:00,1786222834.754,308.9,32.14,1.4008,1.51,0.227,348.4,222.0
2026-08-08T21:00:34.947470+00:00,1786222834.947,309.09,31.08,1.4008,1.5,0.134,344.6,222.0
2026-08-08T21:00:35.147313+00:00,1786222835.147,309.29,34.05,1.4052,1.47,0.171,368.3,222.0
2026-08-08T21:00:35.345841+00:00,1786222835.346,309.49,34.05,1.4052,1.45,0.275,388.0,222.0
2026-08-08T21:00:35.543580+00:00,1786222835.544,309.69,29.7,1.4096,1.43,-0.463,371.2,222.0
2026-08-08T21:00:35.745895+00:00,1786222835.746,309.89,29.7,1.4096,1.41,-0.471,345.7,222.0
2026-08-08T21:00:35.948035+00:00,1786222835.948,310.09,30.26,1.4096,1.39,-0.406,345.2,222.0
2026-08-08T21:00:36.145544+00:00,1786222836.146,310.29,30.26,1.414,1.38,0.066,348.6,222.0
2026-08-08T21:00:36.349384+00:00,1786222836.349,310.5,30.66,1.414,1.36,0.11,314.4,222.0
2026-08-08T21:00:38.483599+00:00,1786222838.484,312.63,30.66,1.4338,1.38,0.0,313.6,222.0
2026-08-08T21:00:38.685093+00:00,1786222838.685,312.83,34.26,1.4338,1.42,0.15,321.1,222.0
2026-08-08T21:00:38.890934+00:00,1786222838.891,313.04,32.75,1.4338,1.46,0.118,337.8,222.0
2026-08-08T21:00:39.103344+00:00,1786222839.103,313.25,29.93,1.4382,1.49,-0.289,315.5,222.0
2026-08-08T21:00:39.313119+00:00,1786222839.313,313.46,30.08,1.4382,1.52,-0.277,293.5,222.0
2026-08-08T21:00:39.514592+00:00,1786222839.515,313.66,30.08,1.4426,1.55,0.0,293.8,222.0
2026-08-08T21:00:39.713211+00:00,1786222839.713,313.86,33.51,1.4426,1.59,0.267,322.1,222.0
2026-08-08T21:00:39.926011+00:00,1786222839.926,314.07,29.26,1.4426,1.62,-0.07,320.8,222.0
2026-08-08T21:00:40.302208+00:00,1786222840.302,314.45,29.91,1.4492,1.64,0.0,311.8,222.0
2026-08-08T21:00:41.295066+00:00,1786222841.295,315.44,32.58,1.458,1.63,0.108,338.1,222.0
2026-08-08T21:00:41.509499+00:00,1786222841.509,315.66,29.95,1.458,1.62,-0.065,333.4,222.0
2026-08-08T21:00:41.885669+00:00,1786222841.886,316.03,29.82,1.4624,1.63,-0.386,317.1,222.0
2026-08-08T21:00:42.097281+00:00,1786222842.097,316.24,30.16,1.4624,1.63,-0.224,294.3,222.0
2026-08-08T21:00:42.297787+00:00,1786222842.298,316.44,30.0,1.4668,1.63,0.0,308.0,222.0
2026-08-08T21:00:42.499514+00:00,1786222842.499,316.65,29.83,1.4668,1.64,0.0,320.3,222.0
2026-08-08T21:00:42.902283+00:00,1786222842.902,317.05,29.79,1.4712,1.64,0.0,329.7,222.0
2026-08-08T21:00:43.093892+00:00,1786222843.094,317.24,29.88,1.4712,1.64,-0.298,313.4,222.0
2026-08-08T21:00:43.316139+00:00,1786222843.316,317.46,29.54,1.4756,1.67,0.0,309.1,222.0
2026-08-08T21:00:43.523406+00:00,1786222843.523,317.67,29.54,1.4756,1.7,0.0,301.0,222.0
2026-08-08T21:00:43.727071+00:00,1786222843.727,317.87,28.89,1.4756,1.73,-0.422,278.1,222.0
2026-08-08T21:00:43.922657+00:00,1786222843.923,318.07,29.31,1.48,1.76,-0.074,290.0,222.0
2026-08-08T21:00:44.124002+00:00,1786222844.124,318.27,29.48,1.48,1.79,0.0,304.5,222.0
2026-08-08T21:00:44.521097+00:00,1786222844.521,318.67,29.7,1.4844,1.82,-0.053,315.9,222.0
2026-08-08T21:00:44.725365+00:00,1786222844.725,318.87,30.78,1.4844,1.85,0.089,319.3,222.0
2026-08-08T21:00:44.925053+00:00,1786222844.925,319.07,29.72,1.4888,1.91,0.0,318.0,222.0
2026-08-08T21:00:45.121511+00:00,1786222845.121,319.27,29.72,1.4888,1.97,0.0,320.1,222.0
2026-08-08T21:00:45.319224+00:00,1786222845.319,319.47,32.81,1.4888,2.02,0.366,328.2,222.0
2026-08-08T21:00:45.527581+00:00,1786222845.528,319.67,29.66,1.491,2.08,0.0,325.0,233.1
2026-08-08T21:00:45.734729+00:00,1786222845.735,319.88,29.4,1.491,2.14,0.0,335.5,233.1
2026-08-08T21:00:45.932308+00:00,1786222845.932,320.08,29.4,1.4954,2.21,0.065,347.6,233.1
2026-08-08T21:00:46.126911+00:00,1786222846.127,320.27,26.94,1.4954,2.33,-0.299,341.1,233.1
2026-08-08T21:00:46.322515+00:00,1786222846.322,320.47,28.1,1.4954,2.44,-0.175,327.6,233.1
2026-08-08T21:00:46.522392+00:00,1786222846.522,320.67,28.1,1.4998,2.53,-0.222,326.8,233.1
2026-08-08T21:00:46.719589+00:00,1786222846.72,320.87,26.31,1.4998,2.63,-0.623,313.1,233.1
2026-08-08T21:00:46.925146+00:00,1786222846.925,321.07,27.24,1.4998,2.72,-0.345,301.5,233.1
2026-08-08T21:00:47.123388+00:00,1786222847.123,321.27,27.24,1.5042,2.81,-0.344,297.7,233.1
2026-08-08T21:00:48.698383+00:00,1786222848.698,322.84,27.48,1.513,2.91,-0.438,300.9,233.1
2026-08-08T21:00:48.894882+00:00,1786222848.895,323.04,27.48,1.5174,3.0,-0.179,306.4,233.1
2026-08-08T21:00:49.104437+00:00,1786222849.104,323.25,26.49,1.5174,3.14,-0.24,304.1,233.1
2026-08-08T21:00:49.309203+00:00,1786222849.309,323.46,26.6,1.5218,3.25,-0.23,302.7,233.1
2026-08-08T21:00:49.507503+00:00,1786222849.507,323.65,26.6,1.5218,3.36,0.0,307.5,233.1
2026-08-08T21:00:49.705892+00:00,1786222849.706,323.85,26.55,1.5218,3.47,-0.128,317.6,233.1
2026-08-08T21:00:49.909967+00:00,1786222849.91,324.06,26.55,1.524,3.57,-0.127,320.2,233.1
2026-08-08T21:00:50.108352+00:00,1786222850.108,324.25,23.7,1.524,3.67,-0.213,318.7,233.1
2026-08-08T21:00:51.459771+00:00,1786222851.46,325.61,23.32,1.5328,3.76,-0.24,328.3,233.1
2026-08-08T21:00:51.663845+00:00,1786222851.664,325.81,23.32,1.535,3.81,-0.24,328.4,233.1
2026-08-08T21:00:51.860763+00:00,1786222851.861,326.01,23.79,1.535,3.81,-0.324,324.6,233.1
2026-08-08T21:00:52.061953+00:00,1786222852.062,326.21,24.56,1.5394,3.78,-0.257,324.0,233.1
2026-08-08T21:00:52.258875+00:00,1786222852.259,326.41,24.56,1.5394,3.71,-0.171,320.0,233.1
2026-08-08T21:00:52.460770+00:00,1786222852.461,326.61,22.52,1.5394,3.6,-0.36,313.2,233.1
2026-08-08T21:00:52.664716+00:00,1786222852.665,326.81,22.52,1.5416,3.48,-0.359,305.7,233.1
2026-08-08T21:00:52.862944+00:00,1786222852.863,327.01,22.97,1.5416,3.35,-0.315,284.8,233.1
2026-08-08T21:00:53.067445+00:00,1786222853.067,327.21,22.97,1.5438,3.22,-0.315,277.2,233.1
2026-08-08T21:00:53.269199+00:00,1786222853.269,327.42,23.12,1.5438,3.04,-0.051,274.6,233.1
2026-08-08T21:00:53.475443+00:00,1786222853.475,327.62,22.21,1.5438,2.85,-0.153,266.4,233.1
2026-08-08T21:00:53.677032+00:00,1786222853.677,327.82,22.21,1.5482,2.67,-0.154,268.4,233.1
2026-08-08T21:00:53.869988+00:00,1786222853.87,328.02,21.79,1.5482,2.5,-0.277,262.6,233.1
2026-08-08T21:00:54.079179+00:00,1786222854.079,328.23,21.79,1.5504,2.33,-0.381,255.1,233.1
2026-08-08T21:00:54.278149+00:00,1786222854.278,328.42,21.28,1.5504,2.16,-0.45,256.0,233.1
2026-08-08T21:00:54.477467+00:00,1786222854.477,328.62,21.28,1.5504,1.99,-0.17,254.1,233.1
2026-08-08T21:00:54.676699+00:00,1786222854.677,328.82,21.01,1.5548,1.82,-0.208,250.5,233.1
2026-08-08T21:00:54.884492+00:00,1786222854.884,329.03,22.59,1.5548,1.7,-0.052,252.1,222.0
2026-08-08T21:00:55.279775+00:00,1786222855.28,329.43,22.1,1.557,1.61,-0.109,245.0,222.0
2026-08-08T21:00:55.480247+00:00,1786222855.48,329.63,22.1,1.557,1.56,-0.128,239.1,222.0
2026-08-08T21:00:55.678783+00:00,1786222855.679,329.83,21.62,1.5614,1.58,-0.074,233.3,222.0
2026-08-08T21:00:55.882925+00:00,1786222855.883,330.03,23.68,1.5614,1.61,0.185,228.2,222.0
2026-08-08T21:00:56.079749+00:00,1786222856.08,330.23,23.68,1.5614,1.64,0.238,227.1,222.0
2026-08-08T21:00:56.278903+00:00,1786222856.279,330.43,23.73,1.5658,1.68,0.245,225.9,222.0
2026-08-08T21:00:56.482626+00:00,1786222856.483,330.63,23.73,1.5658,1.73,0.309,230.2,222.0
2026-08-08T21:00:57.661096+00:00,1786222857.661,331.81,25.74,1.5724,1.78,0.389,239.0,222.0
2026-08-08T21:00:57.864629+00:00,1786222857.865,332.01,24.3,1.5724,1.83,0.286,244.1,222.0
2026-08-08T21:00:58.067765+00:00,1786222858.068,332.21,24.3,1.5768,1.84,0.149,247.5,222.0
2026-08-08T21:00:58.273709+00:00,1786222858.274,332.42,24.06,1.5768,1.84,0.182,249.7,222.0
2026-08-08T21:00:58.477308+00:00,1786222858.477,332.62,26.52,1.5812,1.82,0.411,257.7,222.0
2026-08-08T21:00:58.676928+00:00,1786222858.677,332.82,26.52,1.5812,1.8,0.454,272.6,222.0
2026-08-08T21:00:58.879326+00:00,1786222858.879,333.03,23.92,1.5812,1.78,0.0,275.0,222.0
2026-08-08T21:00:59.252672+00:00,1786222859.253,333.4,23.77,1.5834,1.77,0.0,276.5,222.0
2026-08-08T21:00:59.460994+00:00,1786222859.461,333.61,24.39,1.5834,1.76,0.058,280.2,222.0
2026-08-08T21:00:59.668781+00:00,1786222859.669,333.82,24.39,1.5878,1.75,0.058,278.7,222.0
2026-08-08T21:00:59.868804+00:00,1786222859.869,334.02,23.47,1.5878,1.72,-0.285,272.5,222.0
2026-08-08T21:01:00.464304+00:00,1786222860.464,334.61,25.69,1.5922,1.68,0.149,278.0,222.0
2026-08-08T21:01:00.669420+00:00,1786222860.669,334.82,26.91,1.5922,1.65,0.279,290.8,222.0
2026-08-08T21:01:00.873576+00:00,1786222860.874,335.02,26.91,1.5966,1.61,0.306,306.9,222.0
2026-08-08T21:01:01.070240+00:00,1786222861.07,335.22,26.43,1.5966,1.59,0.0,317.0,222.0
2026-08-08T21:01:01.269402+00:00,1786222861.269,335.42,26.46,1.601,1.58,0.0,322.1,222.0
2026-08-08T21:01:01.478225+00:00,1786222861.478,335.62,26.46,1.601,1.57,0.271,335.2,222.0
2026-08-08T21:01:01.683798+00:00,1786222861.684,335.83,26.36,1.601,1.58,0.297,345.4,222.0
2026-08-08T21:01:02.058213+00:00,1786222862.058,336.2,26.19,1.6054,1.6,0.192,354.8,222.0
2026-08-08T21:01:02.863377+00:00,1786222862.863,337.01,28.5,1.6098,1.64,0.358,371.3,222.0
2026-08-08T21:01:03.070094+00:00,1786222863.07,337.22,26.35,1.612,1.68,0.249,382.2,222.0
2026-08-08T21:01:03.266985+00:00,1786222863.267,337.41,26.35,1.612,1.69,0.065,381.8,222.0
2026-08-08T21:01:03.469450+00:00,1786222863.469,337.62,26.4,1.6163,1.7,-0.051,377.3,222.0
2026-08-08T21:01:03.675225+00:00,1786222863.675,337.82,26.56,1.6163,1.7,0.0,373.8,222.0
2026-08-08T21:01:03.870744+00:00,1786222863.871,338.02,26.56,1.6163,1.7,0.0,368.8,222.0
2026-08-08T21:01:04.254696+00:00,1786222864.255,338.4,26.39,1.6207,1.7,0.0,359.7,222.0
2026-08-08T21:01:04.668038+00:00,1786222864.668,338.81,26.76,1.6251,1.7,0.0,354.5,222.0
2026-08-08T21:01:04.861073+00:00,1786222864.861,339.01,26.45,1.6251,1.71,0.0,352.1,222.0
2026-08-08T21:01:05.069260+00:00,1786222865.069,339.22,26.45,1.6273,1.74,0.0,349.3,222.0
2026-08-08T21:01:05.269129+00:00,1786222865.269,339.42,26.38,1.6273,1.76,-0.246,332.9,222.0
2026-08-08T21:01:05.472056+00:00,1786222865.472,339.62,26.21,1.6273,1.77,0.0,321.5,222.0
2026-08-08T21:01:05.671156+00:00,1786222865.671,339.82,29.39,1.6339,1.78,0.352,335.0,222.0
2026-08-08T21:01:05.875537+00:00,1786222865.876,340.02,29.39,1.6339,1.79,0.346,348.5,222.0
2026-08-08T21:01:06.837063+00:00,1786222866.837,340.98,30.02,1.6405,1.8,0.304,359.9,222.0
2026-08-08T21:01:07.050747+00:00,1786222867.051,341.2,30.02,1.6405,1.81,0.303,371.4,222.0
2026-08-08T21:01:07.250128+00:00,1786222867.25,341.4,27.03,1.6449,1.78,0.059,381.6,222.0
2026-08-08T21:01:07.456105+00:00,1786222867.456,341.6,26.95,1.6449,1.74,0.0,379.2,222.0
2026-08-08T21:01:07.654582+00:00,1786222867.655,341.8,26.95,1.6449,1.71,0.0,372.6,222.0
2026-08-08T21:01:08.026916+00:00,1786222868.027,342.17,26.85,1.6493,1.67,0.0,365.2,222.0
2026-08-08T21:01:08.234283+00:00,1786222868.234,342.38,26.85,1.6493,1.67,0.0,365.8,222.0
2026-08-08T21:01:08.432238+00:00,1786222868.432,342.58,26.38,1.6537,1.68,0.0,366.2,222.0
2026-08-08T21:01:08.637702+00:00,1786222868.638,342.78,26.59,1.6537,1.68,-0.262,353.7,222.0
2026-08-08T21:01:08.839529+00:00,1786222868.84,342.99,29.31,1.6537,1.69,0.0,349.1,222.0
2026-08-08T21:01:09.041949+00:00,1786222869.042,343.19,29.31,1.6581,1.66,-0.089,344.5,222.0
2026-08-08T21:01:13.543709+00:00,1786222873.544,347.69,28.7,1.6933,1.63,-0.057,333.7,222.0
2026-08-08T21:01:13.739660+00:00,1786222873.74,347.89,30.69,1.6933,1.6,0.157,335.0,222.0
2026-08-08T21:01:13.945319+00:00,1786222873.945,348.09,30.69,1.6933,1.56,0.16,340.6,222.0
2026-08-08T21:01:14.149246+00:00,1786222874.149,348.3,28.91,1.6977,1.52,0.084,345.1,222.0
2026-08-08T21:01:14.360789+00:00,1786222874.361,348.51,26.5,1.6977,1.47,0.0,344.2,222.0
2026-08-08T21:01:14.562680+00:00,1786222874.563,348.71,27.55,1.7021,1.43,0.0,343.7,222.0
2026-08-08T21:01:14.763289+00:00,1786222874.763,348.91,27.55,1.7021,1.43,0.051,344.7,222.0
2026-08-08T21:01:14.960797+00:00,1786222874.961,349.11,26.36,1.7021,1.46,0.0,343.4,222.0
2026-08-08T21:01:15.165080+00:00,1786222875.165,349.31,27.43,1.7065,1.48,-0.083,341.0,222.0
2026-08-08T21:01:15.368304+00:00,1786222875.368,349.51,27.43,1.7065,1.51,-0.083,338.6,222.0
2026-08-08T21:01:16.735002+00:00,1786222876.735,350.88,28.89,1.7153,1.49,0.0,345.3,222.0
2026-08-08T21:01:16.933781+00:00,1786222876.934,351.08,27.36,1.7153,1.48,-0.289,337.6,222.0
2026-08-08T21:01:17.149674+00:00,1786222877.15,351.3,27.36,1.7197,1.47,-0.288,317.8,222.0
2026-08-08T21:01:17.360009+00:00,1786222877.36,351.51,26.39,1.7197,1.45,-0.218,299.4,222.0
2026-08-08T21:01:17.570028+00:00,1786222877.57,351.72,26.36,1.7241,1.44,0.0,286.7,222.0
2026-08-08T21:01:17.768347+00:00,1786222877.768,351.91,29.97,1.7241,1.42,0.21,282.3,222.0
2026-08-08T21:01:17.979142+00:00,1786222877.979,352.13,29.97,1.7241,1.41,0.21,287.2,222.0
2026-08-08T21:01:18.353100+00:00,1786222878.353,352.5,27.03,1.7285,1.4,0.055,287.2,222.0
2026-08-08T21:01:18.767247+00:00,1786222878.767,352.91,27.43,1.7329,1.4,0.0,286.3,222.0
2026-08-08T21:01:18.962465+00:00,1786222878.962,353.11,29.69,1.7329,1.4,0.175,291.9,222.0
2026-08-08T21:01:19.166582+00:00,1786222879.167,353.31,29.69,1.7351,1.44,0.091,295.5,222.0
2026-08-08T21:01:19.365884+00:00,1786222879.366,353.51,26.38,1.7351,1.52,-0.113,292.1,222.0
2026-08-08T21:01:19.567374+00:00,1786222879.567,353.71,26.38,1.7351,1.61,-0.113,295.3,222.0
2026-08-08T21:01:19.762764+00:00,1786222879.763,353.91,26.38,1.7395,1.69,0.0,293.2,222.0
2026-08-08T21:01:19.967400+00:00,1786222879.967,354.11,29.38,1.7395,1.78,0.35,305.7,222.0
2026-08-08T21:01:20.763377+00:00,1786222880.763,354.91,27.96,1.7439,1.87,-0.187,302.9,222.0
2026-08-08T21:01:20.970258+00:00,1786222880.97,355.12,29.55,1.7483,1.96,0.0,299.2,222.0
2026-08-08T21:01:21.167739+00:00,1786222881.168,355.31,29.55,1.7483,2.01,0.249,302.6,222.0
2026-08-08T21:01:21.367325+00:00,1786222881.367,355.51,26.23,1.7527,2.05,-0.129,297.5,222.0
2026-08-08T21:01:21.571681+00:00,1786222881.572,355.72,26.78,1.7527,2.09,-0.309,292.7,233.1
2026-08-08T21:01:21.770521+00:00,1786222881.77,355.92,26.78,1.7527,2.14,-0.31,287.4,233.1
2026-08-08T21:01:21.965989+00:00,1786222881.966,356.11,26.35,1.7571,2.18,0.0,288.4,233.1
2026-08-08T21:01:22.176003+00:00,1786222882.176,356.32,26.49,1.7571,2.23,0.0,291.7,233.1
2026-08-08T21:01:22.572934+00:00,1786222882.573,356.72,26.75,1.7615,2.27,0.0,296.6,233.1
2026-08-08T21:01:22.773009+00:00,1786222882.773,356.92,26.81,1.7615,2.31,-0.255,295.3,233.1
2026-08-08T21:01:22.976661+00:00,1786222882.977,357.12,26.81,1.7637,2.31,-0.144,293.7,233.1
2026-08-08T21:01:23.179741+00:00,1786222883.18,357.33,26.51,1.7637,2.26,-0.383,294.2,233.1
2026-08-08T21:01:23.382816+00:00,1786222883.383,357.53,26.37,1.7637,2.19,-0.399,294.1,233.1
2026-08-08T21:01:23.756626+00:00,1786222883.757,357.9,26.39,1.7681,2.12,0.0,302.1,233.1
2026-08-08T21:01:23.969128+00:00,1786222883.969,358.12,26.42,1.7681,2.05,0.0,304.7,233.1
2026-08-08T21:01:24.168883+00:00,1786222884.169,358.32,26.42,1.7725,1.97,0.0,298.6,233.1
2026-08-08T21:01:24.370257+00:00,1786222884.37,358.52,24.71,1.7725,1.9,-0.19,286.8,222.0
2026-08-08T21:01:24.571527+00:00,1786222884.572,358.72,26.0,1.7725,1.87,-0.057,285.3,222.0
2026-08-08T21:01:25.563157+00:00,1786222885.563,359.71,27.62,1.7813,1.85,0.081,289.4,222.0
2026-08-08T21:01:25.768649+00:00,1786222885.769,359.92,27.62,1.7813,1.82,0.075,286.8,222.0
2026-08-08T21:01:25.973556+00:00,1786222885.974,360.12,25.8,1.7857,1.77,-0.094,280.7,222.0
2026-08-08T21:01:26.171258+00:00,1786222886.171,360.32,26.26,1.7857,1.72,0.0,284.2,222.0
2026-08-08T21:01:26.372849+00:00,1786222886.373,360.52,26.26,1.7879,1.62,0.0,286.9,222.0
2026-08-08T21:01:26.569570+00:00,1786222886.57,360.72,23.72,1.7879,1.51,-0.264,278.7,222.0
2026-08-08T21:01:26.775352+00:00,1786222886.775,360.92,26.38,1.7879,1.4,0.0,265.4,222.0
2026-08-08T21:01:26.976867+00:00,1786222886.977,361.12,26.38,1.7923,1.3,0.0,266.7,222.0
2026-08-08T21:01:27.175022+00:00,1786222887.175,361.32,23.69,1.7923,1.2,-0.101,257.4,222.0
2026-08-08T21:01:29.523279+00:00,1786222889.523,363.67,28.66,1.8099,1.12,0.149,249.8,222.0
2026-08-08T21:01:29.719072+00:00,1786222889.719,363.87,27.11,1.8099,1.04,0.0,249.3,222.0
2026-08-08T21:01:29.928835+00:00,1786222889.929,364.08,27.11,1.8143,0.99,0.0,252.6,222.0
2026-08-08T21:01:30.134536+00:00,1786222890.135,364.28,26.63,1.8143,0.99,0.056,256.8,222.0
2026-08-08T21:01:30.339579+00:00,1786222890.34,364.49,26.56,1.8187,1.0,0.0,252.1,222.0
2026-08-08T21:01:30.544663+00:00,1786222890.545,364.69,26.56,1.8187,1.01,0.0,247.1,222.0
2026-08-08T21:01:30.753988+00:00,1786222890.754,364.9,26.37,1.8187,1.02,0.176,245.9,222.0
2026-08-08T21:01:30.957944+00:00,1786222890.958,365.1,26.18,1.8231,1.03,0.0,246.5,222.0
2026-08-08T21:01:31.550028+00:00,1786222891.55,365.7,27.17,1.8275,1.06,0.0,245.1,222.0
2026-08-08T21:01:31.752856+00:00,1786222891.753,365.9,29.39,1.8275,1.1,0.346,261.0,222.0
2026-08-08T21:01:31.945664+00:00,1786222891.946,366.09,29.39,1.8275,1.14,0.083,270.7,222.0
2026-08-08T21:01:32.144479+00:00,1786222892.144,366.29,26.35,1.8319,1.19,-0.088,264.7,222.0
2026-08-08T21:01:32.348966+00:00,1786222892.349,366.5,29.65,1.8319,1.25,0.291,271.6,222.0
2026-08-08T21:01:32.545010+00:00,1786222892.545,366.69,29.65,1.8319,1.3,0.348,280.5,222.0
2026-08-08T21:01:32.758815+00:00,1786222892.759,366.91,26.36,1.8363,1.35,0.0,283.7,222.0
2026-08-08T21:01:33.570052+00:00,1786222893.57,367.72,28.11,1.8407,1.4,0.143,288.3,222.0
2026-08-08T21:01:33.766898+00:00,1786222893.767,367.91,30.17,1.8407,1.45,0.35,296.2,222.0
2026-08-08T21:01:33.966016+00:00,1786222893.966,368.11,30.17,1.8451,1.5,0.369,305.0,222.0
2026-08-08T21:01:34.160538+00:00,1786222894.161,368.31,25.99,1.8451,1.55,-0.125,303.5,222.0
2026-08-08T21:01:34.364515+00:00,1786222894.364,368.51,29.57,1.8495,1.61,0.0,305.5,222.0
2026-08-08T21:01:34.564174+00:00,1786222894.564,368.71,29.68,1.8495,1.67,0.0,308.2,222.0
2026-08-08T21:01:34.762850+00:00,1786222894.763,368.91,29.68,1.8495,1.73,0.354,328.7,222.0
2026-08-08T21:01:34.966015+00:00,1786222894.966,369.11,26.46,1.8539,1.8,-0.339,322.1,222.0
2026-08-08T21:01:35.166893+00:00,1786222895.167,369.31,27.65,1.8539,1.86,-0.212,319.9,222.0
2026-08-08T21:01:37.742969+00:00,1786222897.743,371.89,29.31,1.8736,1.92,0.165,333.4,222.0
2026-08-08T21:01:37.953664+00:00,1786222897.954,372.1,29.82,1.8758,2.02,0.108,337.4,222.0
2026-08-08T21:01:38.149970+00:00,1786222898.15,372.3,29.66,1.8758,2.09,0.0,343.9,222.0
2026-08-08T21:01:38.350733+00:00,1786222898.351,372.5,29.66,1.8802,2.11,0.0,350.7,222.0
2026-08-08T21:01:38.548798+00:00,1786222898.549,372.7,29.86,1.8802,2.12,0.245,363.4,233.1
2026-08-08T21:01:38.754823+00:00,1786222898.755,372.9,29.69,1.8802,2.12,0.0,370.6,233.1
2026-08-08T21:01:38.951537+00:00,1786222898.952,373.1,29.39,1.8868,2.13,0.0,377.5,233.1
2026-08-08T21:01:39.155397+00:00,1786222899.155,373.3,29.39,1.8868,2.13,0.0,380.2,233.1
2026-08-08T21:01:39.957835+00:00,1786222899.958,374.1,29.16,1.8912,2.1,0.15,391.0,233.1
2026-08-08T21:01:40.338817+00:00,1786222900.339,374.49,29.67,1.8956,2.03,0.109,400.1,233.1
2026-08-08T21:01:40.551099+00:00,1786222900.551,374.7,29.67,1.8956,1.97,0.0,394.9,233.1
2026-08-08T21:01:40.753888+00:00,1786222900.754,374.9,26.39,1.9,1.91,-0.34,385.6,233.1
2026-08-08T21:01:40.960861+00:00,1786222900.961,375.11,29.63,1.9,1.84,0.0,392.9,222.0
2026-08-08T21:01:41.157272+00:00,1786222901.157,375.3,29.43,1.9,1.78,0.0,387.2,222.0
2026-08-08T21:01:41.352631+00:00,1786222901.353,375.5,29.43,1.9044,1.72,0.0,379.5,222.0
2026-08-08T21:01:42.935077+00:00,1786222902.935,377.08,29.1,1.9154,1.66,0.0,382.7,222.0
2026-08-08T21:01:43.138380+00:00,1786222903.138,377.28,30.15,1.9176,1.6,0.05,382.9,222.0
2026-08-08T21:01:43.335412+00:00,1786222903.335,377.48,29.64,1.9176,1.56,0.0,373.2,222.0
2026-08-08T21:01:43.540481+00:00,1786222903.54,377.69,29.64,1.922,1.56,0.0,362.8,222.0
2026-08-08T21:01:43.748193+00:00,1786222903.748,377.89,30.0,1.922,1.57,0.0,368.8,222.0
2026-08-08T21:01:43.954210+00:00,1786222903.954,378.1,29.77,1.922,1.59,0.0,368.9,222.0
2026-08-08T21:01:44.326137+00:00,1786222904.326,378.47,26.55,1.9264,1.61,0.0,366.3,222.0
2026-08-08T21:01:45.718852+00:00,1786222905.719,379.87,29.35,1.9374,1.63,0.0,355.9,222.0
2026-08-08T21:01:45.922956+00:00,1786222905.923,380.07,31.69,1.9418,1.64,0.132,371.4,222.0
2026-08-08T21:01:46.121741+00:00,1786222906.122,380.27,30.0,1.9418,1.62,0.0,377.6,222.0
2026-08-08T21:01:46.324348+00:00,1786222906.324,380.47,30.0,1.944,1.55,0.074,374.1,222.0
2026-08-08T21:01:46.523743+00:00,1786222906.524,380.67,26.7,1.944,1.49,-0.283,359.4,222.0
2026-08-08T21:01:46.725941+00:00,1786222906.726,380.87,30.03,1.944,1.42,0.0,356.6,222.0
2026-08-08T21:01:46.933596+00:00,1786222906.934,381.08,29.79,1.9506,1.35,0.0,353.2,222.0
2026-08-08T21:01:47.130402+00:00,1786222907.13,381.28,29.79,1.9506,1.28,0.0,342.5,222.0
2026-08-08T21:01:48.104840+00:00,1786222908.105,382.25,32.5,1.9594,1.21,0.183,346.0,222.0
2026-08-08T21:01:48.321044+00:00,1786222908.321,382.47,29.79,1.9594,1.15,0.225,347.9,222.0
2026-08-08T21:01:48.525169+00:00,1786222908.525,382.67,29.78,1.9638,1.14,0.0,343.6,222.0
2026-08-08T21:01:48.728922+00:00,1786222908.729,382.88,29.78,1.9638,1.16,-0.189,330.5,222.0
2026-08-08T21:01:48.923774+00:00,1786222908.924,383.07,29.98,1.9638,1.18,0.0,323.8,222.0
2026-08-08T21:01:49.298456+00:00,1786222909.298,383.44,30.04,1.9682,1.2,0.0,320.6,222.0
2026-08-08T21:01:49.506355+00:00,1786222909.506,383.65,26.53,1.9682,1.2,0.0,326.0,222.0
2026-08-08T21:01:49.706678+00:00,1786222909.707,383.85,27.55,1.9726,1.2,-0.231,315.8,222.0
2026-08-08T21:01:49.914206+00:00,1786222909.914,384.06,29.63,1.9726,1.2,0.0,313.2,222.0
2026-08-08T21:01:50.109844+00:00,1786222910.11,384.26,29.63,1.9726,1.23,0.0,311.1,222.0
2026-08-08T21:01:50.308916+00:00,1786222910.309,384.46,26.46,1.977,1.28,-0.762,289.0,222.0
2026-08-08T21:01:52.478344+00:00,1786222912.478,386.62,28.71,1.9924,1.33,-0.072,283.3,222.0
2026-08-08T21:01:52.682081+00:00,1786222912.682,386.83,30.87,1.9946,1.38,0.073,285.5,222.0
2026-08-08T21:01:52.886425+00:00,1786222912.886,387.03,30.87,1.9946,1.42,0.073,288.0,222.0
2026-08-08T21:01:53.086225+00:00,1786222913.086,387.23,29.3,1.999,1.47,0.0,287.0,222.0
2026-08-08T21:01:53.293637+00:00,1786222913.294,387.44,29.86,1.999,1.53,0.0,286.7,222.0
2026-08-08T21:01:53.489185+00:00,1786222913.489,387.64,29.65,1.999,1.58,0.217,294.8,222.0
2026-08-08T21:01:53.869422+00:00,1786222913.869,388.02,26.49,2.0034,1.59,-0.071,290.8,222.0
2026-08-08T21:01:54.082706+00:00,1786222914.083,388.23,27.71,2.0034,1.57,-0.127,280.2,222.0
2026-08-08T21:01:54.286072+00:00,1786222914.286,388.43,27.71,2.0078,1.55,-0.127,274.9,222.0
2026-08-08T21:01:54.482030+00:00,1786222914.482,388.63,25.69,2.0078,1.54,-0.051,268.5,222.0
2026-08-08T21:01:54.681127+00:00,1786222914.681,388.83,27.11,2.0078,1.54,-0.201,271.0,222.0
2026-08-08T21:01:55.281152+00:00,1786222915.281,389.43,28.14,2.0144,1.55,-0.291,262.6,222.0
2026-08-08T21:01:55.480164+00:00,1786222915.48,389.63,29.73,2.0166,1.55,-0.122,260.1,222.0
2026-08-08T21:01:55.674837+00:00,1786222915.675,389.82,29.73,2.0166,1.56,0.0,261.4,222.0
2026-08-08T21:01:55.880874+00:00,1786222915.881,390.03,26.24,2.021,1.57,-0.388,243.4,222.0
2026-08-08T21:01:56.085864+00:00,1786222916.086,390.23,29.74,2.021,1.57,0.0,239.2,222.0
2026-08-08T21:01:56.280528+00:00,1786222916.281,390.43,29.74,2.021,1.58,0.375,251.5,222.0
2026-08-08T21:01:56.480201+00:00,1786222916.48,390.63,26.25,2.0254,1.59,-0.17,252.0,222.0
2026-08-08T21:01:56.684612+00:00,1786222916.685,390.83,26.64,2.0254,1.59,-0.125,248.4,222.0
2026-08-08T21:01:57.634139+00:00,1786222917.634,391.78,30.36,2.0342,1.6,0.411,262.1,222.0
2026-08-08T21:01:57.835600+00:00,1786222917.836,391.98,29.21,2.0342,1.6,0.184,270.6,222.0
2026-08-08T21:01:58.036465+00:00,1786222918.036,392.18,31.52,2.0342,1.61,0.34,291.3,222.0
2026-08-08T21:01:58.254964+00:00,1786222918.255,392.4,31.52,2.0386,1.62,0.178,300.0,222.0
2026-08-08T21:01:58.461772+00:00,1786222918.462,392.61,29.66,2.0386,1.63,0.0,301.8,222.0
2026-08-08T21:01:58.669563+00:00,1786222918.67,392.82,26.5,2.043,1.64,0.0,322.0,222.0
2026-08-08T21:01:58.874867+00:00,1786222918.875,393.02,33.3,2.043,1.65,0.354,340.1,222.0
2026-08-08T21:01:59.074793+00:00,1786222919.075,393.22,33.3,2.043,1.66,0.354,352.4,222.0
2026-08-08T21:01:59.271584+00:00,1786222919.272,393.42,26.14,2.0474,1.67,0.0,347.9,222.0
2026-08-08T21:02:02.787009+00:00,1786222922.787,396.93,30.53,2.0738,1.68,0.177,354.8,222.0
2026-08-08T21:02:03.001587+00:00,1786222923.002,397.15,30.53,2.0738,1.69,0.0,356.2,222.0
2026-08-08T21:02:03.204372+00:00,1786222923.204,397.35,26.84,2.0782,1.74,-0.123,345.8,222.0
2026-08-08T21:02:03.410272+00:00,1786222923.41,397.56,30.18,2.0782,1.8,-0.069,349.3,222.0
2026-08-08T21:02:03.608204+00:00,1786222923.608,397.75,30.18,2.0782,1.87,-0.069,353.9,222.0
2026-08-08T21:02:03.803640+00:00,1786222923.804,397.95,26.46,2.0826,1.93,-0.167,353.8,222.0
2026-08-08T21:02:04.007815+00:00,1786222924.008,398.15,26.58,2.0826,2.0,0.0,357.5,222.0
2026-08-08T21:02:04.407347+00:00,1786222924.407,398.55,28.88,2.087,2.06,-0.222,360.2,222.0
2026-08-08T21:02:04.607283+00:00,1786222924.607,398.75,26.36,2.087,2.12,-0.348,360.4,222.0
2026-08-08T21:02:04.809566+00:00,1786222924.81,398.96,29.39,2.0914,2.13,0.163,370.6,222.0
2026-08-08T21:02:05.013788+00:00,1786222925.014,399.16,29.39,2.0914,2.11,-0.143,369.0,233.1
2026-08-08T21:02:05.222380+00:00,1786222925.222,399.37,26.33,2.0914,2.09,-0.526,367.8,233.1
2026-08-08T21:02:05.593527+00:00,1786222925.594,399.74,80.0,2.0958,2.07,0.352,379.9,233.1
2026-08-08T21:02:06.985355+00:00,1786222926.985,401.13,28.63,2.1046,2.05,-0.121,367.7,233.1
2026-08-08T21:02:07.193809+00:00,1786222927.194,401.34,26.6,2.1068,2.03,-0.278,367.0,233.1
2026-08-08T21:02:07.393513+00:00,1786222927.393,401.54,26.6,2.1068,2.01,0.0,371.8,233.1
2026-08-08T21:02:07.592061+00:00,1786222927.592,401.74,26.58,2.1112,2.04,0.0,359.3,233.1
2026-08-08T21:02:07.797773+00:00,1786222927.798,401.94,26.57,2.1112,2.02,-0.189,349.5,233.1
2026-08-08T21:02:07.995958+00:00,1786222927.996,402.14,26.57,2.1112,2.0,0.0,337.4,233.1
2026-08-08T21:02:08.191599+00:00,1786222928.192,402.34,26.51,2.1155,1.98,-0.237,324.1,233.1
2026-08-08T21:02:08.398603+00:00,1786222928.399,402.54,26.36,2.1155,1.95,-0.249,316.9,222.0
2026-08-08T21:02:08.794391+00:00,1786222928.794,402.94,26.78,2.1199,1.93,0.0,318.3,222.0
2026-08-08T21:02:08.993049+00:00,1786222928.993,403.14,26.42,2.1199,1.9,-0.281,296.1,222.0
2026-08-08T21:02:09.193647+00:00,1786222929.194,403.34,26.42,2.1221,1.84,-0.278,273.6,222.0
2026-08-08T21:02:09.390958+00:00,1786222929.391,403.54,26.37,2.1221,1.79,0.0,274.3,222.0
2026-08-08T21:02:09.595308+00:00,1786222929.595,403.74,26.28,2.1221,1.77,0.0,266.4,222.0
2026-08-08T21:02:09.794160+00:00,1786222929.794,403.94,26.28,2.1265,1.75,0.0,263.4,222.0
2026-08-08T21:02:09.994540+00:00,1786222929.995,404.14,29.08,2.1265,1.74,0.318,276.7,222.0
2026-08-08T21:02:10.807580+00:00,1786222930.808,404.95,27.46,2.1309,1.72,0.088,278.3,222.0
2026-08-08T21:02:11.008200+00:00,1786222931.008,405.15,29.25,2.1353,1.7,0.27,286.0,222.0
2026-08-08T21:02:11.209815+00:00,1786222931.21,405.36,29.25,2.1353,1.68,0.286,298.8,222.0
2026-08-08T21:02:11.408263+00:00,1786222931.408,405.55,26.51,2.1397,1.64,0.0,297.3,222.0
2026-08-08T21:02:11.609380+00:00,1786222931.609,405.76,26.66,2.1397,1.59,0.0,299.5,222.0
2026-08-08T21:02:11.809284+00:00,1786222931.809,405.96,26.66,2.1397,1.58,0.0,306.0,222.0
2026-08-08T21:02:12.180892+00:00,1786222932.181,406.33,26.75,2.1441,1.62,0.0,297.2,222.0
2026-08-08T21:02:12.390430+00:00,1786222932.39,406.54,26.75,2.1441,1.66,0.0,297.1,222.0
2026-08-08T21:02:12.590150+00:00,1786222932.59,406.74,25.33,2.1485,1.7,-0.094,305.4,222.0
2026-08-08T21:02:12.800431+00:00,1786222932.8,406.95,26.7,2.1485,1.74,-0.236,285.9,222.0
2026-08-08T21:02:13.198983+00:00,1786222933.199,407.35,28.3,2.1529,1.82,0.098,290.3,222.0
2026-08-08T21:02:13.395141+00:00,1786222933.395,407.54,26.6,2.1529,1.92,-0.309,289.1,222.0
2026-08-08T21:02:13.598206+00:00,1786222933.598,407.74,26.6,2.1551,1.99,-0.308,281.5,222.0
2026-08-08T21:02:13.798555+00:00,1786222933.799,407.94,26.37,2.1551,2.06,0.0,281.4,222.0
2026-08-08T21:02:13.997825+00:00,1786222933.998,408.14,26.34,2.1551,2.12,0.0,286.3,222.0
2026-08-08T21:02:14.195989+00:00,1786222934.196,408.34,26.34,2.1595,2.19,0.0,286.9,222.0
2026-08-08T21:02:14.394439+00:00,1786222934.394,408.54,26.36,2.1595,2.26,0.0,293.7,233.1
2026-08-08T21:02:14.798161+00:00,1786222934.798,408.94,26.36,2.1639,2.33,0.0,301.3,233.1
2026-08-08T21:02:14.991641+00:00,1786222934.992,409.14,24.72,2.1639,2.38,-0.071,300.0,233.1
2026-08-08T21:02:15.200646+00:00,1786222935.201,409.35,26.33,2.1683,2.47,0.0,309.1,233.1
2026-08-08T21:02:15.401782+00:00,1786222935.402,409.55,26.33,2.1683,2.56,-0.248,312.8,233.1
2026-08-08T21:02:15.598573+00:00,1786222935.599,409.74,26.24,2.1683,2.63,0.0,316.1,233.1
2026-08-08T21:02:15.802682+00:00,1786222935.803,409.95,26.36,2.1727,2.69,0.0,319.9,233.1
2026-08-08T21:02:16.000810+00:00,1786222936.001,410.15,26.36,2.1727,2.75,0.0,324.1,233.1
2026-08-08T21:02:16.398581+00:00,1786222936.399,410.54,27.11,2.1749,2.82,0.089,320.9,233.1
2026-08-08T21:02:16.603189+00:00,1786222936.603,410.75,27.11,2.1749,2.88,0.089,325.5,233.1
2026-08-08T21:02:16.801473+00:00,1786222936.801,410.95,28.71,2.1793,2.91,0.272,330.4,233.1
2026-08-08T21:02:16.998832+00:00,1786222936.999,411.15,27.15,2.1793,2.93,0.099,328.8,233.1
2026-08-08T21:02:17.202762+00:00,1786222937.203,411.35,27.15,2.1793,2.91,0.305,342.3,233.1
2026-08-08T21:02:17.404174+00:00,1786222937.404,411.55,28.94,2.1837,2.87,0.329,358.5,233.1
2026-08-08T21:02:17.608831+00:00,1786222937.609,411.76,27.17,2.1837,2.83,0.105,366.8,233.1
2026-08-08T21:02:17.815168+00:00,1786222937.815,411.96,27.17,2.1859,2.78,0.117,375.0,233.1
2026-08-08T21:02:18.016567+00:00,1786222938.017,412.16,26.36,2.1859,2.73,0.0,379.1,233.1
2026-08-08T21:02:18.219422+00:00,1786222938.219,412.37,25.63,2.1859,2.68,-0.092,383.3,233.1
2026-08-08T21:02:18.419116+00:00,1786222938.419,412.57,25.63,2.1903,2.59,-0.204,386.9,233.1
2026-08-08T21:02:18.619198+00:00,1786222938.619,412.77,26.39,2.1903,2.46,-0.099,383.2,233.1
2026-08-08T21:02:18.818970+00:00,1786222938.819,412.97,25.61,2.1903,2.31,-0.428,381.5,233.1
2026-08-08T21:02:19.189511+00:00,1786222939.189,413.34,24.33,2.1947,2.15,-0.357,380.0,233.1
2026-08-08T21:02:19.401932+00:00,1786222939.402,413.55,25.54,2.1947,1.99,-0.203,374.3,233.1
2026-08-08T21:02:19.605121+00:00,1786222939.605,413.75,25.54,2.1991,1.83,-0.43,362.4,233.1
2026-08-08T21:02:19.809406+00:00,1786222939.809,413.96,26.36,2.1991,1.67,-0.102,357.8,222.0
2026-08-08T21:02:20.005774+00:00,1786222940.006,414.15,26.4,2.1991,1.56,-0.097,352.5,222.0
2026-08-08T21:02:20.402574+00:00,1786222940.403,414.55,26.52,2.2035,1.48,0.0,349.2,222.0
2026-08-08T21:02:20.608210+00:00,1786222940.608,414.75,27.35,2.2035,1.44,0.2,353.9,222.0
2026-08-08T21:02:20.806136+00:00,1786222940.806,414.95,27.35,2.2079,1.43,0.201,355.4,222.0
2026-08-08T21:02:21.013799+00:00,1786222941.014,415.16,26.4,2.2079,1.44,0.0,356.9,222.0
2026-08-08T21:02:21.206202+00:00,1786222941.206,415.35,26.46,2.2123,1.45,0.099,354.7,222.0
2026-08-08T21:02:21.406194+00:00,1786222941.406,415.55,26.46,2.2123,1.47,0.267,356.3,222.0
2026-08-08T21:02:21.603657+00:00,1786222941.604,415.75,29.06,2.2123,1.49,0.445,364.9,222.0
2026-08-08T21:02:21.807530+00:00,1786222941.808,415.95,26.36,2.2167,1.52,0.104,359.2,222.0
2026-08-08T21:02:22.011600+00:00,1786222942.012,416.16,26.36,2.2167,1.54,0.0,350.8,222.0
2026-08-08T21:02:22.812126+00:00,1786222942.812,416.96,29.04,2.2211,1.56,0.261,344.8,222.0
2026-08-08T21:02:23.017173+00:00,1786222943.017,417.16,26.34,2.2233,1.59,0.0,336.1,222.0
2026-08-08T21:02:23.222981+00:00,1786222943.223,417.37,26.34,2.2233,1.61,-0.108,319.8,222.0
2026-08-08T21:02:23.594806+00:00,1786222943.595,417.74,26.38,2.2277,1.64,-0.097,301.2,222.0
2026-08-08T21:02:23.807409+00:00,1786222943.807,417.95,26.38,2.2277,1.66,0.0,293.1,222.0
2026-08-08T21:02:24.006783+00:00,1786222944.007,418.15,24.13,2.2321,1.69,-0.232,278.3,222.0
2026-08-08T21:02:24.212187+00:00,1786222944.212,418.36,26.42,2.2321,1.71,0.0,274.2,222.0
2026-08-08T21:02:24.607356+00:00,1786222944.607,418.75,26.47,2.2365,1.74,-0.24,267.3,222.0
2026-08-08T21:02:24.805769+00:00,1786222944.806,418.95,26.3,2.2365,1.77,0.0,269.3,222.0
2026-08-08T21:02:25.015198+00:00,1786222945.015,419.16,26.72,2.2409,1.77,0.0,269.1,222.0
2026-08-08T21:02:25.220286+00:00,1786222945.22,419.37,26.72,2.2409,1.76,-0.268,271.2,222.0
2026-08-08T21:02:25.422587+00:00,1786222945.423,419.57,26.2,2.2409,1.75,0.0,279.0,222.0
2026-08-08T21:02:25.797297+00:00,1786222945.797,419.94,29.51,2.2453,1.74,0.342,295.0,222.0
2026-08-08T21:02:26.601872+00:00,1786222946.602,420.75,28.03,2.2497,1.74,0.152,310.5,222.0
2026-08-08T21:02:26.810467+00:00,1786222946.81,420.96,26.61,2.2519,1.73,0.0,313.4,222.0
2026-08-08T21:02:27.008587+00:00,1786222947.009,421.15,26.61,2.2519,1.72,0.229,322.2,222.0
2026-08-08T21:02:27.210200+00:00,1786222947.21,421.36,26.53,2.2563,1.72,0.0,323.2,222.0
2026-08-08T21:02:27.415389+00:00,1786222947.415,421.56,26.33,2.2563,1.71,0.0,318.6,222.0
2026-08-08T21:02:27.610886+00:00,1786222947.611,421.76,26.33,2.2563,1.71,0.0,314.0,222.0
2026-08-08T21:02:27.806524+00:00,1786222947.806,421.95,26.5,2.2607,1.7,0.0,315.2,222.0
2026-08-08T21:02:28.013206+00:00,1786222948.013,422.16,26.27,2.2607,1.7,0.0,313.6,222.0
2026-08-08T21:02:28.411559+00:00,1786222948.412,422.56,26.76,2.2651,1.69,0.052,309.5,222.0
2026-08-08T21:02:28.608330+00:00,1786222948.608,422.75,26.43,2.2651,1.69,-0.304,289.1,222.0
2026-08-08T21:02:28.809244+00:00,1786222948.809,422.96,26.43,2.2673,1.67,-0.201,282.3,222.0
2026-08-08T21:02:29.012023+00:00,1786222949.012,423.16,26.36,2.2673,1.66,0.0,282.8,222.0
2026-08-08T21:02:29.210975+00:00,1786222949.211,423.36,26.36,2.2673,1.65,0.0,274.3,222.0
2026-08-08T21:02:29.408754+00:00,1786222949.409,423.56,26.36,2.2717,1.64,0.0,274.5,222.0
2026-08-08T21:02:29.604866+00:00,1786222949.605,423.75,26.38,2.2717,1.62,0.0,277.2,222.0
2026-08-08T21:02:30.013171+00:00,1786222950.013,424.16,26.38,2.2761,1.61,0.0,279.4,222.0
2026-08-08T21:02:30.219359+00:00,1786222950.219,424.37,27.04,2.2761,1.6,0.063,281.2,222.0
2026-08-08T21:02:30.426543+00:00,1786222950.427,424.57,26.31,2.2805,1.59,0.0,287.4,222.0
2026-08-08T21:02:30.627112+00:00,1786222950.627,424.77,29.67,2.2805,1.57,0.364,299.2,222.0
2026-08-08T21:02:30.826875+00:00,1786222950.827,424.97,29.67,2.2805,1.56,0.405,317.7,222.0
2026-08-08T21:02:31.197898+00:00,1786222951.198,425.34,29.67,2.2849,1.53,0.376,329.5,222.0
2026-08-08T21:02:31.408733+00:00,1786222951.409,425.56,29.67,2.2849,1.51,0.383,341.1,222.0
2026-08-08T21:02:31.612062+00:00,1786222951.612,425.76,26.52,2.2893,1.49,0.0,346.4,222.0
2026-08-08T21:02:31.819659+00:00,1786222951.82,425.97,26.77,2.2893,1.47,0.0,345.7,222.0
2026-08-08T21:02:32.029772+00:00,1786222952.03,426.18,29.28,2.2893,1.45,0.332,343.8,222.0
2026-08-08T21:02:32.428734+00:00,1786222952.429,426.58,27.83,2.2937,1.44,0.167,342.7,222.0
2026-08-08T21:02:32.633491+00:00,1786222952.633,426.78,30.04,2.2937,1.43,0.345,353.5,222.0
2026-08-08T21:02:32.839389+00:00,1786222952.839,426.99,30.04,2.2981,1.43,0.429,361.0,222.0
2026-08-08T21:02:33.046260+00:00,1786222953.046,427.19,26.37,2.2981,1.44,-0.378,350.5,222.0
2026-08-08T21:02:33.249907+00:00,1786222953.25,427.4,29.65,2.3025,1.46,0.0,351.8,222.0
2026-08-08T21:02:33.450674+00:00,1786222953.451,427.6,29.05,2.3025,1.48,-0.076,350.8,222.0
2026-08-08T21:02:33.650077+00:00,1786222953.65,427.8,29.05,2.3025,1.51,-0.077,349.7,222.0
2026-08-08T21:02:34.004245+00:00,1786222954.004,428.15,27.94,2.3069,1.53,0.166,354.5,222.0
2026-08-08T21:02:34.215366+00:00,1786222954.215,428.36,27.94,2.3069,1.56,0.136,357.0,222.0
2026-08-08T21:02:34.416603+00:00,1786222954.417,428.56,26.2,2.3113,1.59,-0.358,355.2,222.0
2026-08-08T21:02:34.617967+00:00,1786222954.618,428.76,29.47,2.3113,1.62,0.207,367.7,222.0
2026-08-08T21:02:34.819600+00:00,1786222954.82,428.97,29.47,2.3113,1.65,-0.073,368.0,222.0
2026-08-08T21:02:36.568024+00:00,1786222956.568,430.71,31.3,2.3267,1.69,0.094,374.7,222.0
2026-08-08T21:02:36.762752+00:00,1786222956.763,430.91,31.3,2.3267,1.72,0.369,389.5,222.0
2026-08-08T21:02:37.020873+00:00,1786222957.021,431.17,29.21,2.3311,1.75,0.0,392.1,222.0
2026-08-08T21:02:37.233588+00:00,1786222957.234,431.38,26.02,2.3311,1.78,-0.222,387.3,222.0
2026-08-08T21:02:37.438452+00:00,1786222957.438,431.58,29.26,2.3355,1.82,0.0,388.3,222.0
2026-08-08T21:02:37.641336+00:00,1786222957.641,431.79,28.82,2.3355,1.84,0.067,393.0,222.0
2026-08-08T21:02:37.838389+00:00,1786222957.838,431.98,28.82,2.3355,1.85,0.067,385.5,222.0
2026-08-08T21:02:38.034616+00:00,1786222958.035,432.18,28.79,2.3399,1.86,0.199,380.3,222.0
2026-08-08T21:02:38.633835+00:00,1786222958.634,432.78,28.03,2.3443,1.86,-0.099,367.7,222.0
2026-08-08T21:02:38.836028+00:00,1786222958.836,432.98,29.9,2.3443,1.86,0.0,359.0,222.0
2026-08-08T21:02:39.040819+00:00,1786222959.041,433.19,29.9,2.3465,1.83,-0.157,358.6,222.0
2026-08-08T21:02:39.246942+00:00,1786222959.247,433.39,28.24,2.3465,1.78,-0.343,352.1,222.0
2026-08-08T21:02:39.451509+00:00,1786222959.451,433.6,27.21,2.3465,1.73,-0.228,337.1,222.0
2026-08-08T21:02:39.655639+00:00,1786222959.656,433.8,27.21,2.3509,1.67,0.136,336.8,222.0
2026-08-08T21:02:39.857997+00:00,1786222959.858,434.0,28.61,2.3509,1.61,-0.074,325.0,222.0
2026-08-08T21:02:40.065696+00:00,1786222960.066,434.21,27.43,2.3553,1.56,-0.16,307.7,222.0
2026-08-08T21:02:40.263810+00:00,1786222960.264,434.41,27.47,2.3553,1.51,-0.154,314.1,222.0
2026-08-08T21:02:40.460862+00:00,1786222960.461,434.61,27.47,2.3553,1.47,-0.151,308.7,222.0
2026-08-08T21:02:40.824046+00:00,1786222960.824,434.97,27.61,2.3597,1.43,-0.053,308.1,222.0
2026-08-08T21:02:41.033727+00:00,1786222961.034,435.18,27.61,2.3597,1.41,-0.29,301.3,222.0
2026-08-08T21:02:41.237376+00:00,1786222961.237,435.38,25.8,2.364,1.38,-0.518,282.6,222.0
2026-08-08T21:02:41.439814+00:00,1786222961.44,435.59,27.14,2.364,1.36,-0.139,274.2,222.0
2026-08-08T21:02:41.640772+00:00,1786222961.641,435.79,27.14,2.364,1.33,0.0,282.4,222.0
2026-08-08T21:02:41.839142+00:00,1786222961.839,435.99,25.52,2.3684,1.31,-0.215,267.6,222.0
2026-08-08T21:02:42.645735+00:00,1786222962.646,436.79,28.2,2.3728,1.28,0.0,267.0,222.0
2026-08-08T21:02:42.849127+00:00,1786222962.849,437.0,30.58,2.3728,1.28,0.315,270.7,222.0
2026-08-08T21:02:43.051208+00:00,1786222963.051,437.2,30.58,2.3772,1.3,0.31,266.2,222.0
2026-08-08T21:02:43.251071+00:00,1786222963.251,437.4,26.53,2.3772,1.31,-0.094,260.1,222.0
2026-08-08T21:02:43.455811+00:00,1786222963.455,437.6,29.67,2.3816,1.33,0.218,272.0,222.0
2026-08-08T21:02:43.653887+00:00,1786222963.654,437.8,29.67,2.3816,1.36,0.219,276.3,222.0
2026-08-08T21:02:43.851257+00:00,1786222963.851,438.0,29.67,2.3816,1.42,0.412,284.5,222.0
2026-08-08T21:02:44.228238+00:00,1786222964.228,438.37,27.65,2.386,1.48,0.051,281.5,222.0
2026-08-08T21:02:44.438169+00:00,1786222964.438,438.58,28.78,2.386,1.54,0.163,279.1,222.0
2026-08-08T21:02:44.641436+00:00,1786222964.641,438.79,28.78,2.3904,1.59,0.323,289.6,222.0
2026-08-08T21:02:44.844034+00:00,1786222964.844,438.99,29.59,2.3904,1.63,0.176,293.1,222.0
2026-08-08T21:02:45.439788+00:00,1786222965.44,439.59,28.92,2.3948,1.67,-0.179,291.2,222.0
2026-08-08T21:02:45.645006+00:00,1786222965.645,439.79,31.31,2.3948,1.71,0.077,304.5,222.0
2026-08-08T21:02:45.845610+00:00,1786222965.846,439.99,29.61,2.3992,1.73,0.33,321.1,222.0
2026-08-08T21:02:46.043545+00:00,1786222966.044,440.19,29.61,2.3992,1.76,0.0,319.9,222.0
2026-08-08T21:02:46.242921+00:00,1786222966.243,440.39,26.35,2.4036,1.79,-0.356,312.3,222.0
2026-08-08T21:02:46.446365+00:00,1786222966.446,440.59,29.65,2.4036,1.81,0.0,319.2,222.0
2026-08-08T21:02:46.644796+00:00,1786222966.645,440.79,29.85,2.4036,1.84,0.252,333.3,222.0
2026-08-08T21:02:46.845145+00:00,1786222966.845,440.99,29.85,2.408,1.89,0.123,344.2,222.0
2026-08-08T21:02:47.048768+00:00,1786222967.049,441.2,26.97,2.408,1.93,-0.21,342.1,222.0
2026-08-08T21:02:47.837799+00:00,1786222967.838,441.98,32.18,2.4124,1.96,0.241,362.9,222.0
2026-08-08T21:02:48.047329+00:00,1786222968.047,442.19,29.67,2.4168,1.95,0.08,382.8,222.0
2026-08-08T21:02:48.244832+00:00,1786222968.245,442.39,29.67,2.4168,1.94,-0.175,386.0,222.0
2026-08-08T21:02:48.444391+00:00,1786222968.444,442.59,29.07,2.4212,1.92,-0.058,388.4,222.0
2026-08-08T21:02:48.647376+00:00,1786222968.647,442.79,29.68,2.4212,1.89,0.0,399.0,222.0
2026-08-08T21:02:48.848390+00:00,1786222968.848,442.99,29.66,2.4212,1.86,0.352,412.4,222.0
2026-08-08T21:02:49.050896+00:00,1786222969.051,443.2,29.66,2.4256,1.84,0.0,405.3,222.0
2026-08-08T21:02:49.251260+00:00,1786222969.251,443.4,26.52,2.4256,1.81,-0.354,387.2,222.0
2026-08-08T21:02:50.400291+00:00,1786222970.4,444.55,30.26,2.4366,1.8,0.0,394.3,222.0
2026-08-08T21:02:50.603462+00:00,1786222970.603,444.75,29.49,2.4366,1.79,0.197,395.7,222.0
2026-08-08T21:02:50.818210+00:00,1786222970.818,444.96,29.95,2.4388,1.75,-0.208,386.0,222.0
2026-08-08T21:02:51.030169+00:00,1786222971.03,445.18,30.03,2.4388,1.69,0.0,376.2,222.0
2026-08-08T21:02:51.232446+00:00,1786222971.232,445.38,30.03,2.4432,1.63,0.0,377.4,222.0
2026-08-08T21:02:51.427510+00:00,1786222971.427,445.57,26.46,2.4432,1.57,-0.243,365.5,222.0
2026-08-08T21:02:51.632878+00:00,1786222971.633,445.78,33.54,2.4432,1.51,0.359,371.6,222.0
2026-08-08T21:02:51.834405+00:00,1786222971.834,445.98,29.16,2.4498,1.45,0.0,365.6,222.0
2026-08-08T21:02:52.238748+00:00,1786222972.239,446.39,29.17,2.4498,1.39,0.0,369.3,222.0
2026-08-08T21:02:52.440448+00:00,1786222972.44,446.59,31.19,2.452,1.33,0.406,376.9,222.0
2026-08-08T21:02:52.645261+00:00,1786222972.645,446.79,29.76,2.452,1.28,-0.062,364.2,222.0
2026-08-08T21:02:52.842631+00:00,1786222972.843,446.99,29.76,2.4564,1.25,0.0,361.9,222.0
2026-08-08T21:02:53.048388+00:00,1786222973.048,447.19,29.65,2.4564,1.24,0.0,370.5,222.0
2026-08-08T21:02:53.242963+00:00,1786222973.243,447.39,29.67,2.4564,1.23,0.0,367.8,222.0
2026-08-08T21:02:53.446731+00:00,1786222973.447,447.59,29.7,2.463,1.22,0.0,357.9,222.0
2026-08-08T21:02:53.647694+00:00,1786222973.648,447.79,29.7,2.463,1.21,0.405,362.3,222.0
2026-08-08T21:02:53.846104+00:00,1786222973.846,447.99,27.16,2.463,1.2,-0.801,344.4,222.0
2026-08-08T21:02:54.221757+00:00,1786222974.222,448.37,28.15,2.4674,1.17,-0.118,327.3,222.0
2026-08-08T21:02:54.432289+00:00,1786222974.432,448.58,26.16,2.4674,1.16,-0.382,309.8,222.0
2026-08-08T21:02:54.637045+00:00,1786222974.637,448.78,29.87,2.4718,1.15,-0.167,306.5,222.0
2026-08-08T21:02:54.839160+00:00,1786222974.839,448.99,29.63,2.4718,1.14,0.0,305.0,222.0
2026-08-08T21:02:55.037388+00:00,1786222975.037,449.18,29.63,2.4718,1.13,0.0,301.4,222.0
2026-08-08T21:02:56.610880+00:00,1786222976.611,450.76,29.67,2.485,1.13,0.0,288.4,222.0
2026-08-08T21:02:56.807834+00:00,1786222976.808,450.95,32.36,2.485,1.12,0.21,293.4,222.0
2026-08-08T21:02:57.008891+00:00,1786222977.009,451.16,29.96,2.4894,1.14,0.0,301.6,222.0
2026-08-08T21:02:57.217955+00:00,1786222977.218,451.36,29.96,2.4894,1.17,0.0,298.4,222.0
2026-08-08T21:02:57.418639+00:00,1786222977.419,451.57,29.41,2.4938,1.19,0.175,295.0,222.0
2026-08-08T21:02:57.621144+00:00,1786222977.621,451.77,29.95,2.4938,1.18,0.147,302.2,222.0
2026-08-08T21:02:57.822648+00:00,1786222977.823,451.97,29.62,2.4938,1.17,0.284,307.2,222.0
2026-08-08T21:02:58.023753+00:00,1786222978.024,452.17,29.62,2.4982,1.16,0.0,304.8,222.0
2026-08-08T21:02:59.804714+00:00,1786222979.805,453.95,32.42,2.5136,1.16,0.156,317.9,222.0
2026-08-08T21:03:00.002132+00:00,1786222980.002,454.15,30.04,2.5136,1.15,0.0,302.1,222.0
2026-08-08T21:03:00.205559+00:00,1786222980.206,454.35,30.04,2.5158,1.16,0.0,301.4,222.0
2026-08-08T21:03:00.404421+00:00,1786222980.404,454.55,26.62,2.5158,1.17,-0.444,287.8,222.0
2026-08-08T21:03:00.607013+00:00,1786222980.607,454.75,29.69,2.5158,1.18,0.0,274.3,222.0
2026-08-08T21:03:00.809017+00:00,1786222980.809,454.96,29.63,2.5224,1.2,0.0,275.5,222.0
2026-08-08T21:03:01.005446+00:00,1786222981.005,455.15,29.63,2.5224,1.21,0.0,275.2,222.0
2026-08-08T21:03:01.971831+00:00,1786222981.972,456.12,33.09,2.5312,1.22,0.201,284.0,222.0
2026-08-08T21:03:02.186712+00:00,1786222982.187,456.33,30.06,2.5312,1.23,0.0,284.3,222.0
2026-08-08T21:03:02.389534+00:00,1786222982.389,456.54,30.29,2.5356,1.22,0.0,284.8,222.0
2026-08-08T21:03:02.586387+00:00,1786222982.586,456.73,30.29,2.5356,1.21,-0.212,268.2,222.0
2026-08-08T21:03:02.785029+00:00,1786222982.785,456.93,30.48,2.5356,1.2,0.0,290.7,222.0
2026-08-08T21:03:03.160574+00:00,1786222983.161,457.31,33.83,2.54,1.19,0.356,309.3,222.0
2026-08-08T21:03:03.572442+00:00,1786222983.572,457.72,29.8,2.5444,1.18,0.279,328.8,222.0
2026-08-08T21:03:03.766964+00:00,1786222983.767,457.91,31.53,2.5444,1.17,0.162,339.5,222.0
2026-08-08T21:03:03.972100+00:00,1786222983.972,458.12,29.85,2.5488,1.18,0.0,339.8,222.0
2026-08-08T21:03:04.168377+00:00,1786222984.168,458.31,29.85,2.5488,1.18,0.0,340.1,222.0
2026-08-08T21:03:04.363693+00:00,1786222984.364,458.51,32.61,2.5488,1.2,-0.056,341.1,222.0
2026-08-08T21:03:04.569227+00:00,1786222984.569,458.72,31.3,2.5532,1.23,0.144,338.7,222.0
2026-08-08T21:03:04.774325+00:00,1786222984.774,458.92,30.1,2.5532,1.25,0.0,339.2,222.0
2026-08-08T21:03:04.979647+00:00,1786222984.98,459.13,30.1,2.5554,1.26,0.0,339.8,222.0
2026-08-08T21:03:05.185034+00:00,1786222985.185,459.33,27.31,2.5554,1.29,-0.367,324.8,222.0
2026-08-08T21:03:05.390197+00:00,1786222985.39,459.54,28.36,2.5554,1.32,-0.682,302.3,222.0
2026-08-08T21:03:05.591848+00:00,1786222985.592,459.74,29.5,2.562,1.34,0.0,295.2,222.0
2026-08-08T21:03:05.796104+00:00,1786222985.796,459.94,30.09,2.562,1.36,-0.198,291.0,222.0
2026-08-08T21:03:05.993332+00:00,1786222985.993,460.14,30.09,2.562,1.37,0.0,285.5,222.0
2026-08-08T21:03:06.365392+00:00,1786222986.365,460.51,29.3,2.5664,1.38,-0.069,284.2,222.0
2026-08-08T21:03:06.592051+00:00,1786222986.592,460.74,33.49,2.5664,1.39,0.11,291.5,222.0
2026-08-08T21:03:06.965220+00:00,1786222986.965,461.11,29.62,2.5708,1.4,-0.194,300.2,222.0
2026-08-08T21:03:07.176367+00:00,1786222987.176,461.32,29.55,2.5708,1.4,-0.063,299.4,222.0
2026-08-08T21:03:07.375716+00:00,1786222987.376,461.52,30.11,2.5774,1.4,0.0,300.7,222.0
2026-08-08T21:03:07.777273+00:00,1786222987.777,461.92,32.45,2.5774,1.4,0.551,320.3,222.0
2026-08-08T21:03:07.978810+00:00,1786222987.979,462.13,29.63,2.5796,1.39,0.137,316.0,222.0
2026-08-08T21:03:08.178321+00:00,1786222988.178,462.32,29.82,2.5796,1.4,0.0,316.6,222.0
2026-08-08T21:03:08.379017+00:00,1786222988.379,462.53,29.82,2.584,1.42,0.0,317.1,222.0
2026-08-08T21:03:08.574882+00:00,1786222988.575,462.72,29.69,2.584,1.43,0.0,323.6,222.0
2026-08-08T21:03:08.780226+00:00,1786222988.78,462.93,29.75,2.584,1.44,0.051,325.6,222.0
2026-08-08T21:03:08.982480+00:00,1786222988.982,463.13,29.62,2.5906,1.45,-0.449,300.1,222.0
2026-08-08T21:03:09.185574+00:00,1786222989.186,463.33,29.62,2.5906,1.46,0.0,293.5,222.0
2026-08-08T21:03:09.985991+00:00,1786222989.986,464.13,33.62,2.595,1.47,0.402,304.6,222.0
2026-08-08T21:03:10.367667+00:00,1786222990.368,464.51,29.71,2.5994,1.48,0.0,305.9,222.0
2026-08-08T21:03:10.578348+00:00,1786222990.578,464.72,29.91,2.5994,1.47,-0.252,300.4,222.0
2026-08-08T21:03:10.783745+00:00,1786222990.784,464.93,30.28,2.606,1.45,0.064,303.2,222.0
2026-08-08T21:03:10.987509+00:00,1786222990.987,465.13,30.28,2.606,1.44,0.0,299.2,222.0
2026-08-08T21:03:11.195135+00:00,1786222991.195,465.34,29.48,2.606,1.42,0.0,299.6,222.0
2026-08-08T21:03:11.393756+00:00,1786222991.394,465.54,29.69,2.6103,1.41,0.0,300.0,222.0
2026-08-08T21:03:11.988558+00:00,1786222991.989,466.13,33.0,2.6147,1.4,0.281,322.6,222.0
2026-08-08T21:03:12.196240+00:00,1786222992.196,466.34,29.5,2.6147,1.38,0.0,341.6,222.0
2026-08-08T21:03:12.567418+00:00,1786222992.567,466.71,29.64,2.6191,1.39,0.0,341.9,222.0
2026-08-08T21:03:12.777261+00:00,1786222992.777,466.92,29.91,2.6191,1.38,-0.369,337.2,222.0
2026-08-08T21:03:12.983782+00:00,1786222992.984,467.13,29.68,2.6235,1.38,0.0,337.0,222.0
2026-08-08T21:03:13.183751+00:00,1786222993.184,467.33,29.66,2.6235,1.38,0.0,339.1,222.0
2026-08-08T21:03:15.933073+00:00,1786222995.933,470.08,33.89,2.6477,1.38,0.195,342.1,222.0
2026-08-08T21:03:16.130702+00:00,1786222996.131,470.28,30.5,2.6477,1.38,0.0,348.0,222.0
2026-08-08T21:03:16.332104+00:00,1786222996.332,470.48,30.27,2.6521,1.37,0.0,350.2,222.0
2026-08-08T21:03:16.534543+00:00,1786222996.535,470.68,30.27,2.6521,1.38,0.0,350.2,222.0
2026-08-08T21:03:16.730005+00:00,1786222996.73,470.88,33.59,2.6521,1.42,0.0,334.8,222.0
2026-08-08T21:03:17.107785+00:00,1786222997.108,471.25,29.91,2.6565,1.46,0.0,331.6,222.0
2026-08-08T21:03:17.315614+00:00,1786222997.316,471.46,29.91,2.6565,1.46,0.0,332.0,222.0
2026-08-08T21:03:17.512589+00:00,1786222997.513,471.66,27.05,2.6609,1.47,-0.168,326.0,222.0
2026-08-08T21:03:17.721159+00:00,1786222997.721,471.87,29.67,2.6609,1.47,0.0,326.2,222.0
2026-08-08T21:03:17.921448+00:00,1786222997.921,472.07,29.63,2.6609,1.48,0.0,324.8,222.0
2026-08-08T21:03:18.120061+00:00,1786222998.12,472.27,29.63,2.6653,1.48,-0.541,322.5,222.0
2026-08-08T21:03:19.677627+00:00,1786222999.678,473.82,30.16,2.6785,1.46,0.0,322.9,222.0
2026-08-08T21:03:19.880626+00:00,1786222999.881,474.03,33.61,2.6785,1.44,0.261,318.3,222.0
2026-08-08T21:03:20.092503+00:00,1786223000.092,474.24,32.28,2.6829,1.42,0.157,324.7,222.0
2026-08-08T21:03:20.304221+00:00,1786223000.304,474.45,30.05,2.6829,1.38,-0.275,323.8,222.0
2026-08-08T21:03:20.510061+00:00,1786223000.51,474.66,33.88,2.6873,1.35,0.324,334.7,222.0
2026-08-08T21:03:20.710339+00:00,1786223000.71,474.86,33.88,2.6873,1.32,0.325,347.3,222.0
2026-08-08T21:03:20.918972+00:00,1786223000.919,475.07,33.66,2.6873,1.29,0.539,366.7,222.0
2026-08-08T21:03:21.689652+00:00,1786223001.69,475.84,30.08,2.6961,1.24,0.0,366.3,222.0
2026-08-08T21:03:21.903686+00:00,1786223001.904,476.05,29.7,2.6961,1.2,0.0,354.1,222.0
2026-08-08T21:03:22.108571+00:00,1786223002.109,476.25,29.92,2.6961,1.18,0.0,353.4,222.0
2026-08-08T21:03:22.306652+00:00,1786223002.307,476.45,29.92,2.7005,1.19,0.0,352.7,222.0
2026-08-08T21:03:22.504789+00:00,1786223002.505,476.65,29.7,2.7005,1.2,-0.414,350.5,222.0
2026-08-08T21:03:22.709769+00:00,1786223002.71,476.86,29.69,2.7005,1.21,-0.275,342.2,222.0
2026-08-08T21:03:22.912256+00:00,1786223002.912,477.06,29.73,2.7071,1.22,0.0,341.5,222.0
2026-08-08T21:03:23.314462+00:00,1786223003.314,477.46,29.97,2.7071,1.22,-0.387,320.7,222.0
2026-08-08T21:03:23.515612+00:00,1786223003.516,477.66,31.2,2.7115,1.23,-0.266,312.9,222.0
2026-08-08T21:03:23.720229+00:00,1786223003.72,477.87,30.06,2.7115,1.25,-0.357,302.2,222.0
2026-08-08T21:03:23.923014+00:00,1786223003.923,478.07,30.06,2.7137,1.26,0.0,301.5,222.0
2026-08-08T21:03:24.122817+00:00,1786223004.123,478.27,29.49,2.7137,1.29,0.0,297.5,222.0
2026-08-08T21:03:24.319507+00:00,1786223004.319,478.47,29.66,2.7137,1.32,0.0,296.6,222.0
2026-08-08T21:03:24.694207+00:00,1786223004.694,478.84,29.7,2.7203,1.34,0.0,295.9,222.0
2026-08-08T21:03:24.906656+00:00,1786223004.907,479.05,27.07,2.7203,1.37,-0.304,292.1,222.0
2026-08-08T21:03:25.112594+00:00,1786223005.113,479.26,28.2,2.7247,1.4,-0.173,286.2,222.0
2026-08-08T21:03:25.313472+00:00,1786223005.313,479.46,29.31,2.7247,1.43,0.0,285.7,222.0
2026-08-08T21:03:25.511548+00:00,1786223005.512,479.66,29.31,2.7247,1.43,-0.083,297.8,222.0
2026-08-08T21:03:26.505639+00:00,1786223006.506,480.65,33.19,2.7335,1.44,0.185,305.9,222.0
2026-08-08T21:03:26.710606+00:00,1786223006.711,480.86,31.55,2.7335,1.45,0.139,300.1,222.0
2026-08-08T21:03:26.915049+00:00,1786223006.915,481.06,29.63,2.7379,1.45,0.0,293.4,222.0
2026-08-08T21:03:27.108954+00:00,1786223007.109,481.26,29.63,2.7379,1.43,0.0,300.9,222.0
2026-08-08T21:03:27.307453+00:00,1786223007.307,481.45,29.67,2.7423,1.41,0.0,287.6,222.0
2026-08-08T21:03:27.510087+00:00,1786223007.51,481.66,29.63,2.7423,1.38,0.0,274.3,222.0
2026-08-08T21:03:27.712393+00:00,1786223007.712,481.86,29.45,2.7423,1.36,0.235,260.9,222.0
2026-08-08T21:03:27.913551+00:00,1786223007.914,482.06,29.45,2.7467,1.33,0.124,264.2,222.0
2026-08-08T21:03:28.118087+00:00,1786223008.118,482.26,26.91,2.7467,1.3,-0.238,256.8,222.0
2026-08-08T21:03:28.907393+00:00,1786223008.907,483.05,32.65,2.7533,1.27,0.273,267.6,222.0
2026-08-08T21:03:29.116999+00:00,1786223009.117,483.26,29.71,2.7555,1.24,-0.37,257.6,222.0
2026-08-08T21:03:29.313700+00:00,1786223009.314,483.46,29.73,2.7555,1.22,-0.194,263.7,222.0
2026-08-08T21:03:29.515115+00:00,1786223009.515,483.66,29.73,2.7599,1.2,0.0,271.3,222.0
2026-08-08T21:03:29.714473+00:00,1786223009.714,483.86,29.69,2.7599,1.17,0.0,271.0,222.0
2026-08-08T21:03:29.911309+00:00,1786223009.911,484.06,29.51,2.7599,1.15,0.0,281.1,222.0
2026-08-08T21:03:30.114456+00:00,1786223010.114,484.26,29.51,2.7665,1.13,0.0,287.0,222.0
2026-08-08T21:03:30.317216+00:00,1786223010.317,484.46,29.51,2.7665,1.11,0.0,295.8,222.0
2026-08-08T21:03:31.895840+00:00,1786223011.896,486.04,29.05,2.7797,1.09,0.0,294.3,222.0
2026-08-08T21:03:32.269358+00:00,1786223012.269,486.42,26.93,2.7797,1.1,0.0,291.8,222.0
2026-08-08T21:03:32.467439+00:00,1786223012.467,486.61,29.66,2.7841,1.11,-0.233,284.5,222.0
2026-08-08T21:03:32.662727+00:00,1786223012.663,486.81,32.3,2.7841,1.13,0.203,291.5,222.0
2026-08-08T21:03:32.872743+00:00,1786223012.873,487.02,30.13,2.7863,1.17,0.0,300.3,222.0
2026-08-08T21:03:33.082553+00:00,1786223013.083,487.23,30.13,2.7863,1.21,0.0,305.3,222.0
2026-08-08T21:03:33.281827+00:00,1786223013.282,487.43,26.59,2.7863,1.25,-0.241,296.7,222.0
2026-08-08T21:03:33.486030+00:00,1786223013.486,487.63,27.53,2.7929,1.29,-0.154,293.2,222.0
2026-08-08T21:03:33.686624+00:00,1786223013.687,487.83,33.55,2.7929,1.33,0.314,297.0,222.0
2026-08-08T21:03:33.887679+00:00,1786223013.888,488.03,33.55,2.7929,1.36,0.314,303.9,222.0
2026-08-08T21:03:34.669217+00:00,1786223014.669,488.82,29.27,2.8017,1.39,0.0,303.4,222.0
2026-08-08T21:03:34.872235+00:00,1786223014.872,489.02,31.7,2.8017,1.42,0.509,319.9,222.0
2026-08-08T21:03:35.077069+00:00,1786223015.077,489.22,30.21,2.8061,1.45,0.058,322.1,222.0
2026-08-08T21:03:35.276876+00:00,1786223015.277,489.42,30.21,2.8061,1.48,-0.222,316.8,222.0
2026-08-08T21:03:35.478671+00:00,1786223015.479,489.63,29.04,2.8061,1.51,-0.117,307.6,222.0
2026-08-08T21:03:35.683249+00:00,1786223015.683,489.83,31.27,2.8105,1.54,0.121,310.1,222.0
2026-08-08T21:03:35.888705+00:00,1786223015.889,490.04,29.78,2.8105,1.57,0.34,328.7,222.0
2026-08-08T21:03:36.091204+00:00,1786223016.091,490.24,29.78,2.8127,1.6,0.24,326.3,222.0
2026-08-08T21:03:36.286080+00:00,1786223016.286,490.43,26.7,2.8127,1.63,-0.732,318.0,222.0
2026-08-08T21:03:36.488928+00:00,1786223016.489,490.64,27.87,2.8127,1.63,-0.606,308.2,222.0
2026-08-08T21:03:36.685405+00:00,1786223016.685,490.83,28.84,2.8193,1.62,-0.059,307.9,222.0
2026-08-08T21:03:36.893522+00:00,1786223016.893,491.04,28.84,2.8193,1.62,-0.394,298.8,222.0
2026-08-08T21:03:37.100794+00:00,1786223017.101,491.25,26.87,2.8193,1.61,-0.46,287.6,222.0
2026-08-08T21:03:37.303232+00:00,1786223017.303,491.45,28.07,2.8237,1.61,-0.294,281.0,222.0
2026-08-08T21:03:37.697856+00:00,1786223017.698,491.84,28.82,2.8237,1.6,0.0,282.8,222.0
2026-08-08T21:03:37.901119+00:00,1786223017.901,492.05,31.38,2.8281,1.6,0.0,287.0,222.0
2026-08-08T21:03:38.106062+00:00,1786223018.106,492.25,29.68,2.8281,1.59,0.0,291.1,222.0
2026-08-08T21:03:38.306899+00:00,1786223018.307,492.45,29.68,2.8303,1.59,0.0,299.7,222.0
2026-08-08T21:03:38.503990+00:00,1786223018.504,492.65,26.61,2.8303,1.58,0.0,291.5,222.0
2026-08-08T21:03:38.707970+00:00,1786223018.708,492.85,29.89,2.8303,1.56,0.253,300.2,222.0
2026-08-08T21:03:39.075403+00:00,1786223019.075,493.22,26.52,2.8347,1.54,-0.27,292.5,222.0
2026-08-08T21:03:39.287450+00:00,1786223019.287,493.43,27.0,2.8347,1.51,-0.213,294.4,222.0
2026-08-08T21:03:39.491352+00:00,1786223019.491,493.64,28.13,2.8413,1.47,0.147,303.4,222.0
2026-08-08T21:03:39.692035+00:00,1786223019.692,493.84,28.13,2.8413,1.44,0.0,289.9,222.0
2026-08-08T21:03:39.889353+00:00,1786223019.889,494.04,26.33,2.8413,1.42,-0.316,267.2,222.0
2026-08-08T21:03:40.092520+00:00,1786223020.092,494.24,29.64,2.8457,1.39,-0.221,261.5,222.0
2026-08-08T21:03:40.700930+00:00,1786223020.701,494.85,32.12,2.8501,1.37,0.26,254.4,222.0
2026-08-08T21:03:40.905227+00:00,1786223020.905,495.05,30.56,2.8501,1.35,0.094,255.2,222.0
2026-08-08T21:03:41.108815+00:00,1786223021.109,495.26,29.26,2.8523,1.33,0.283,267.6,222.0
2026-08-08T21:03:41.305988+00:00,1786223021.306,495.45,29.26,2.8523,1.32,-0.068,268.2,222.0
2026-08-08T21:03:41.501574+00:00,1786223021.502,495.65,29.68,2.8523,1.32,0.363,272.4,222.0
2026-08-08T21:03:41.880138+00:00,1786223021.88,496.03,29.68,2.8588,1.32,0.287,269.7,222.0
2026-08-08T21:03:42.086021+00:00,1786223022.086,496.23,26.53,2.8588,1.32,-0.172,255.3,222.0
2026-08-08T21:03:42.288730+00:00,1786223022.289,496.44,27.44,2.8632,1.33,-0.074,270.7,222.0
2026-08-08T21:03:42.494412+00:00,1786223022.494,496.64,28.76,2.8632,1.35,0.259,292.6,222.0
2026-08-08T21:03:42.692904+00:00,1786223022.693,496.84,28.76,2.8632,1.37,-0.094,290.5,222.0
2026-08-08T21:03:43.698638+00:00,1786223023.699,497.85,32.55,2.872,1.4,0.0,303.0,222.0
2026-08-08T21:03:43.904471+00:00,1786223023.904,498.05,31.31,2.872,1.42,0.069,318.9,222.0
2026-08-08T21:03:44.106289+00:00,1786223024.106,498.25,29.62,2.8764,1.45,0.0,326.9,222.0
2026-08-08T21:03:44.308935+00:00,1786223024.309,498.46,29.62,2.8764,1.49,0.0,327.0,222.0
2026-08-08T21:03:44.504084+00:00,1786223024.504,498.65,29.84,2.8808,1.52,0.0,325.4,222.0
2026-08-08T21:03:44.705502+00:00,1786223024.705,498.85,29.74,2.8808,1.57,0.0,325.3,222.0
2026-08-08T21:03:44.907229+00:00,1786223024.907,499.05,29.69,2.8808,1.63,0.312,334.1,222.0
2026-08-08T21:03:45.282744+00:00,1786223025.283,499.43,27.16,2.8852,1.68,0.0,334.9,222.0
2026-08-08T21:03:45.492577+00:00,1786223025.493,499.64,28.16,2.8852,1.73,-0.056,325.9,222.0
2026-08-08T21:03:45.697177+00:00,1786223025.697,499.84,29.53,2.8918,1.77,0.071,337.6,222.0
2026-08-08T21:03:45.900352+00:00,1786223025.9,500.05,29.53,2.8918,-25.0,-0.382,335.7,222.0
2026-08-08T21:03:46.675705+00:00,1786223026.676,500.82,29.58,2.8962,1.83,-0.174,329.9,222.0
2026-08-08T21:03:46.879408+00:00,1786223026.879,501.03,32.3,2.9006,1.87,0.269,343.3,222.0
2026-08-08T21:03:47.077582+00:00,1786223027.078,501.22,30.19,2.9006,1.88,0.057,357.5,222.0
2026-08-08T21:03:47.280104+00:00,1786223027.28,501.43,30.19,2.9028,1.88,0.0,366.3,222.0
2026-08-08T21:03:47.476369+00:00,1786223027.476,501.62,29.64,2.9028,1.89,0.0,359.0,222.0
2026-08-08T21:03:47.677975+00:00,1786223027.678,501.82,30.02,2.9028,1.89,0.0,358.4,222.0
2026-08-08T21:03:47.876000+00:00,1786223027.876,502.02,29.78,2.9094,1.89,0.281,361.5,222.0
2026-08-08T21:03:48.082628+00:00,1786223028.083,502.23,29.78,2.9094,1.88,0.174,371.2,222.0
2026-08-08T21:03:49.087181+00:00,1786223029.087,503.23,29.47,2.9182,1.87,0.0,363.6,222.0
2026-08-08T21:03:49.293381+00:00,1786223029.293,503.44,29.53,2.9182,1.86,0.0,358.1,222.0
2026-08-08T21:03:49.494643+00:00,1786223029.495,503.64,29.85,2.9226,1.83,0.0,367.0,222.0
2026-08-08T21:03:49.693386+00:00,1786223029.693,503.84,29.85,2.9226,1.8,-0.242,366.1,222.0
2026-08-08T21:03:49.897477+00:00,1786223029.897,504.04,26.87,2.9226,1.75,-0.327,351.4,222.0
2026-08-08T21:03:50.270852+00:00,1786223030.271,504.42,29.67,2.927,1.69,0.0,356.1,222.0
2026-08-08T21:03:50.480929+00:00,1786223030.481,504.63,29.67,2.927,1.64,0.0,354.9,222.0
2026-08-08T21:03:50.681842+00:00,1786223030.682,504.83,26.93,2.9314,1.58,-0.286,343.2,222.0
2026-08-08T21:03:50.887517+00:00,1786223030.887,505.03,29.76,2.9314,1.53,0.0,343.6,222.0
2026-08-08T21:03:54.597198+00:00,1786223034.597,508.74,33.3,2.9644,1.5,0.15,351.4,222.0
2026-08-08T21:03:54.802811+00:00,1786223034.803,508.95,32.18,2.9644,1.48,0.132,357.0,222.0
2026-08-08T21:03:55.008826+00:00,1786223035.009,509.16,31.19,2.9688,1.5,0.081,360.2,222.0
2026-08-08T21:03:55.206424+00:00,1786223035.206,509.35,34.15,2.9688,1.52,0.209,361.5,222.0
2026-08-08T21:03:55.404558+00:00,1786223035.405,509.55,34.15,2.9688,1.53,0.209,373.1,222.0
2026-08-08T21:03:55.601373+00:00,1786223035.601,509.75,29.52,2.9732,1.55,0.129,378.3,222.0
2026-08-08T21:03:55.809721+00:00,1786223035.81,509.96,29.58,2.9732,1.57,0.0,375.6,222.0
2026-08-08T21:03:56.006499+00:00,1786223036.006,510.15,30.35,2.9732,1.59,0.0,385.7,222.0
2026-08-08T21:03:56.205034+00:00,1786223036.205,510.35,31.27,2.9798,1.61,0.218,397.1,222.0
2026-08-08T21:03:56.409175+00:00,1786223036.409,510.56,31.27,2.9798,1.63,0.076,389.1,222.0
2026-08-08T21:03:58.555205+00:00,1786223038.555,512.7,35.07,2.9996,1.67,0.124,395.0,222.0
2026-08-08T21:03:58.750186+00:00,1786223038.75,512.9,33.91,2.9996,1.71,0.121,401.3,222.0
2026-08-08T21:03:58.950960+00:00,1786223038.951,513.1,38.31,3.004,1.76,0.501,426.8,222.0
2026-08-08T21:03:59.161149+00:00,1786223039.161,513.31,39.62,3.004,1.8,0.384,450.1,222.0
2026-08-08T21:03:59.361791+00:00,1786223039.362,513.51,33.92,3.004,1.83,0.0,445.8,222.0
2026-08-08T21:03:59.562044+00:00,1786223039.562,513.71,33.98,3.0106,1.87,0.313,454.6,222.0
2026-08-08T21:03:59.767971+00:00,1786223039.768,513.91,33.58,3.0106,1.91,0.281,467.2,222.0
2026-08-08T21:03:59.962967+00:00,1786223039.963,514.11,33.58,3.0106,1.91,0.227,478.1,222.0
2026-08-08T21:04:00.343194+00:00,1786223040.343,514.49,31.1,3.015,1.9,0.0,479.5,222.0
2026-08-08T21:04:02.497541+00:00,1786223042.498,516.64,34.74,3.0348,1.9,0.159,496.2,222.0
2026-08-08T21:04:02.696994+00:00,1786223042.697,516.84,33.96,3.0392,1.89,-0.074,508.8,222.0
2026-08-08T21:04:02.917281+00:00,1786223042.917,517.06,34.69,3.0392,1.9,0.052,516.0,222.0
2026-08-08T21:04:03.114866+00:00,1786223043.115,517.26,34.59,3.0436,1.9,-0.248,513.9,222.0
2026-08-08T21:04:03.313189+00:00,1786223043.313,517.46,39.53,3.0436,1.91,0.0,534.5,222.0
2026-08-08T21:04:03.515211+00:00,1786223043.515,517.66,33.96,3.0436,1.91,0.0,540.1,222.0
2026-08-08T21:04:03.897977+00:00,1786223043.898,518.04,34.05,3.0502,1.92,0.0,538.4,222.0
2026-08-08T21:04:06.659771+00:00,1786223046.66,520.81,39.8,3.0766,1.92,0.251,554.1,222.0
2026-08-08T21:04:06.860747+00:00,1786223046.861,521.01,34.43,3.0766,1.93,0.0,556.9,222.0
2026-08-08T21:04:07.068368+00:00,1786223047.068,521.21,34.45,3.081,1.89,0.138,557.0,222.0
2026-08-08T21:04:07.271971+00:00,1786223047.272,521.42,34.25,3.081,1.85,0.0,552.2,222.0
2026-08-08T21:04:07.469213+00:00,1786223047.469,521.62,33.98,3.081,1.81,0.0,553.8,222.0
2026-08-08T21:04:07.667220+00:00,1786223047.667,521.81,34.12,3.0876,1.76,0.0,558.7,222.0
2026-08-08T21:04:07.870148+00:00,1786223047.87,522.02,33.95,3.0876,1.72,0.0,562.5,222.0
2026-08-08T21:04:08.266803+00:00,1786223048.267,522.41,37.91,3.092,1.68,-0.091,559.9,222.0
2026-08-08T21:04:08.461593+00:00,1786223048.462,522.61,36.63,3.092,1.64,0.15,567.9,222.0
2026-08-08T21:04:08.658326+00:00,1786223048.658,522.8,35.72,3.092,1.59,0.097,567.2,222.0
2026-08-08T21:04:08.855687+00:00,1786223048.856,523.0,34.16,3.0964,1.53,-0.713,540.2,222.0
2026-08-08T21:04:09.080691+00:00,1786223049.081,523.23,33.62,3.0964,1.47,-0.102,512.9,222.0
2026-08-08T21:04:09.286162+00:00,1786223049.286,523.43,33.6,3.1008,1.41,-0.106,487.0,222.0
2026-08-08T21:04:09.484203+00:00,1786223049.484,523.63,33.6,3.1008,1.35,-0.082,481.6,222.0
2026-08-08T21:04:09.681443+00:00,1786223049.681,523.83,30.84,3.1008,1.29,-0.396,454.8,222.0
2026-08-08T21:04:10.055565+00:00,1786223050.056,524.2,32.26,3.1073,1.23,-0.215,434.9,222.0
2026-08-08T21:04:10.269221+00:00,1786223050.269,524.42,33.99,3.1073,1.16,0.0,424.4,222.0
2026-08-08T21:04:10.470083+00:00,1786223050.47,524.62,33.99,3.1117,1.14,-0.495,407.5,222.0
2026-08-08T21:04:10.667139+00:00,1786223050.667,524.81,33.49,3.1117,1.13,-0.395,384.9,222.0
2026-08-08T21:04:10.870580+00:00,1786223050.871,525.02,30.13,3.1117,1.12,-0.702,360.6,222.0
2026-08-08T21:04:14.201741+00:00,1786223054.202,528.35,34.18,3.1447,1.11,0.0,354.2,222.0
2026-08-08T21:04:14.408538+00:00,1786223054.409,528.55,38.6,3.1447,1.1,0.26,370.9,222.0
2026-08-08T21:04:14.606326+00:00,1786223054.606,528.75,34.42,3.1491,1.09,0.0,360.9,222.0
2026-08-08T21:04:14.820111+00:00,1786223054.82,528.97,34.32,3.1491,1.1,0.0,356.9,222.0
2026-08-08T21:04:15.021202+00:00,1786223055.021,529.17,39.04,3.1557,1.12,0.427,372.9,222.0
2026-08-08T21:04:15.227986+00:00,1786223055.228,529.37,33.51,3.1557,1.14,0.067,354.8,222.0
2026-08-08T21:04:15.423159+00:00,1786223055.423,529.57,33.76,3.1557,1.16,0.0,350.1,222.0
2026-08-08T21:04:15.623040+00:00,1786223055.623,529.77,33.76,3.1601,1.19,0.0,341.3,222.0
2026-08-08T21:04:17.370909+00:00,1786223057.371,531.52,34.93,3.1755,1.21,0.06,340.5,222.0
2026-08-08T21:04:17.767084+00:00,1786223057.767,531.91,30.86,3.1755,1.23,0.0,334.8,222.0
2026-08-08T21:04:17.959030+00:00,1786223057.959,532.11,34.44,3.1821,1.24,0.0,332.3,222.0
2026-08-08T21:04:18.171705+00:00,1786223058.172,532.32,30.56,3.1821,1.25,-0.593,310.3,222.0
2026-08-08T21:04:18.375524+00:00,1786223058.375,532.52,39.61,3.1865,1.26,0.383,326.9,222.0
2026-08-08T21:04:18.577527+00:00,1786223058.578,532.72,33.92,3.1865,1.28,0.0,317.2,222.0
2026-08-08T21:04:20.514225+00:00,1786223060.514,534.66,33.23,3.2041,1.29,-0.294,301.0,222.0
2026-08-08T21:04:20.719016+00:00,1786223060.719,534.87,37.12,3.2041,1.3,0.182,331.4,222.0
2026-08-08T21:04:20.931354+00:00,1786223060.931,535.08,34.2,3.2085,1.31,0.0,334.3,222.0
2026-08-08T21:04:21.143170+00:00,1786223061.143,535.29,34.23,3.2085,1.32,0.0,337.7,222.0
2026-08-08T21:04:21.341367+00:00,1786223061.341,535.49,34.23,3.2129,1.3,0.0,340.6,222.0
2026-08-08T21:04:21.540253+00:00,1786223061.54,535.69,29.91,3.2129,1.28,-0.07,349.2,222.0
2026-08-08T21:04:21.743843+00:00,1786223061.744,535.89,33.31,3.2129,1.26,-0.083,354.1,222.0
2026-08-08T21:04:21.947521+00:00,1786223061.947,536.09,30.93,3.2195,1.25,0.0,352.0,222.0
2026-08-08T21:04:22.152551+00:00,1786223062.153,536.3,31.73,3.2195,1.23,-0.579,349.1,222.0
2026-08-08T21:04:22.742096+00:00,1786223062.742,536.89,33.0,3.2239,1.21,-0.062,359.5,222.0
2026-08-08T21:04:22.947503+00:00,1786223062.947,537.09,37.07,3.2239,1.19,0.438,400.3,222.0
2026-08-08T21:04:23.147234+00:00,1786223063.147,537.29,34.08,3.2283,1.19,-0.349,389.7,222.0
2026-08-08T21:04:23.341920+00:00,1786223063.342,537.49,33.98,3.2283,1.2,0.0,376.5,222.0
2026-08-08T21:04:23.546760+00:00,1786223063.547,537.69,33.61,3.2349,1.22,-0.072,374.3,222.0
2026-08-08T21:04:23.747497+00:00,1786223063.747,537.89,33.61,3.2349,1.24,-0.072,372.2,222.0
2026-08-08T21:04:23.944554+00:00,1786223063.945,538.09,29.93,3.2349,1.27,0.0,349.3,222.0
2026-08-08T21:04:24.147455+00:00,1786223064.147,538.29,30.36,3.2393,1.29,-0.341,335.9,222.0
2026-08-08T21:04:24.353438+00:00,1786223064.353,538.5,31.21,3.2393,1.31,0.0,334.5,222.0
2026-08-08T21:04:26.669561+00:00,1786223066.67,540.82,34.08,3.2591,1.34,0.144,340.2,222.0
2026-08-08T21:04:26.875128+00:00,1786223066.875,541.02,32.72,3.2591,1.37,0.0,337.2,222.0
2026-08-08T21:04:27.084620+00:00,1786223067.085,541.23,30.3,3.2635,1.39,-0.455,324.8,222.0
2026-08-08T21:04:27.297387+00:00,1786223067.297,541.44,31.39,3.2635,1.38,-0.18,317.7,222.0
2026-08-08T21:04:27.508442+00:00,1786223067.508,541.65,31.39,3.2679,1.37,-0.173,330.7,222.0
2026-08-08T21:04:27.702952+00:00,1786223067.703,541.85,29.96,3.2679,1.36,-0.244,301.5,222.0
2026-08-08T21:04:27.901479+00:00,1786223067.901,542.05,33.51,3.2679,1.35,0.0,301.5,222.0
2026-08-08T21:04:28.100936+00:00,1786223068.101,542.25,30.14,3.2745,1.34,0.0,308.3,222.0
2026-08-08T21:04:28.698075+00:00,1786223068.698,542.84,32.42,3.2789,1.32,0.126,301.5,222.0
2026-08-08T21:04:28.900060+00:00,1786223068.9,543.05,29.66,3.2789,1.3,-0.095,295.1,222.0
2026-08-08T21:04:29.102003+00:00,1786223069.102,543.25,33.89,3.2833,1.27,0.0,294.6,222.0
2026-08-08T21:04:29.302322+00:00,1786223069.302,543.45,33.89,3.2833,1.24,0.134,298.2,222.0
2026-08-08T21:04:29.502700+00:00,1786223069.503,543.65,33.1,3.2833,1.22,0.322,312.2,222.0
2026-08-08T21:04:29.706456+00:00,1786223069.706,543.85,29.87,3.2877,1.19,-0.176,306.8,222.0
2026-08-08T21:04:29.910474+00:00,1786223069.91,544.06,29.82,3.2877,1.16,-0.181,300.6,222.0
2026-08-08T21:04:30.510887+00:00,1786223070.511,544.66,32.56,3.2921,1.14,0.257,325.5,222.0
2026-08-08T21:04:30.705900+00:00,1786223070.706,544.85,31.41,3.2921,1.11,-0.207,319.6,222.0
2026-08-08T21:04:30.908915+00:00,1786223070.909,545.06,29.94,3.2965,1.09,0.0,298.0,222.0
2026-08-08T21:04:31.120208+00:00,1786223071.12,545.27,33.33,3.2965,1.09,0.104,311.0,222.0
2026-08-08T21:04:31.320267+00:00,1786223071.32,545.47,33.33,3.3009,1.1,0.422,322.9,222.0
2026-08-08T21:04:31.521232+00:00,1786223071.521,545.67,29.4,3.3009,1.1,-0.516,307.3,222.0
2026-08-08T21:04:31.719158+00:00,1786223071.719,545.87,29.39,3.3009,1.11,-0.518,291.5,222.0
2026-08-08T21:04:31.919996+00:00,1786223071.92,546.07,30.35,3.3075,1.11,-0.316,282.2,222.0
2026-08-08T21:04:32.122514+00:00,1786223072.122,546.27,30.35,3.3075,1.12,0.056,292.5,222.0
2026-08-08T21:04:34.062785+00:00,1786223074.063,548.21,33.42,3.3229,1.12,0.241,300.8,222.0
2026-08-08T21:04:34.264432+00:00,1786223074.264,548.41,32.12,3.3229,1.11,0.0,293.3,222.0
2026-08-08T21:04:34.474703+00:00,1786223074.475,548.62,30.2,3.3273,1.1,-0.089,287.5,222.0
2026-08-08T21:04:34.686862+00:00,1786223074.687,548.83,33.82,3.3273,1.08,0.285,310.5,222.0
2026-08-08T21:04:34.890286+00:00,1786223074.89,549.04,33.82,3.3317,1.07,0.0,316.1,222.0
2026-08-08T21:04:35.090540+00:00,1786223075.091,549.24,29.88,3.3317,1.05,-0.254,311.4,222.0
2026-08-08T21:04:35.291381+00:00,1786223075.291,549.44,33.31,3.3317,1.03,0.288,328.1,222.0
2026-08-08T21:04:35.493347+00:00,1786223075.493,549.64,30.68,3.3383,1.02,0.095,326.8,222.0
2026-08-08T21:04:35.895056+00:00,1786223075.895,550.04,30.84,3.3383,1.01,0.0,325.8,222.0
2026-08-08T21:04:36.099776+00:00,1786223076.1,550.25,31.65,3.3427,1.0,0.09,322.5,222.0
2026-08-08T21:04:36.304229+00:00,1786223076.304,550.45,30.06,3.3427,0.99,-0.417,312.4,222.0
2026-08-08T21:04:36.675229+00:00,1786223076.675,550.82,33.42,3.3471,0.98,0.15,315.1,222.0
2026-08-08T21:04:36.890949+00:00,1786223076.891,551.04,29.95,3.3471,0.97,0.0,306.4,222.0
2026-08-08T21:04:37.094214+00:00,1786223077.094,551.24,29.64,3.3515,0.96,-0.482,279.4,222.0
2026-08-08T21:04:37.296314+00:00,1786223077.296,551.44,30.54,3.3515,0.95,-0.378,272.9,222.0
2026-08-08T21:04:37.702515+00:00,1786223077.703,551.85,30.63,3.3558,0.94,0.079,279.7,222.0
2026-08-08T21:04:37.906304+00:00,1786223077.906,552.05,29.63,3.3558,0.92,-0.391,258.0,222.0
2026-08-08T21:04:38.109374+00:00,1786223078.109,552.26,30.03,3.3602,0.9,-0.069,260.1,222.0
2026-08-08T21:04:38.304459+00:00,1786223078.304,552.45,33.08,3.3602,0.89,0.259,269.4,222.0
2026-08-08T21:04:38.506061+00:00,1786223078.506,552.65,33.08,3.3602,0.88,0.166,270.0,222.0
2026-08-08T21:04:38.878099+00:00,1786223078.878,553.02,29.69,3.3646,0.86,0.0,253.1,222.0
2026-08-08T21:04:39.102065+00:00,1786223079.102,553.25,30.43,3.3646,0.85,-0.342,257.0,222.0
2026-08-08T21:04:39.299414+00:00,1786223079.299,553.45,30.43,3.369,0.84,0.056,272.1,222.0
2026-08-08T21:04:39.494315+00:00,1786223079.494,553.64,29.62,3.369,0.82,0.0,279.2,222.0
2026-08-08T21:04:41.072183+00:00,1786223081.072,555.22,33.24,3.3844,0.81,0.199,284.4,222.0
2026-08-08T21:04:41.274937+00:00,1786223081.275,555.42,29.86,3.3844,0.8,-0.059,271.0,222.0
2026-08-08T21:04:41.478587+00:00,1786223081.479,555.62,30.34,3.3888,0.83,0.055,269.9,222.0
2026-08-08T21:04:41.678717+00:00,1786223081.679,555.83,30.34,3.3888,0.87,0.0,271.4,222.0
2026-08-08T21:04:41.873290+00:00,1786223081.873,556.02,30.18,3.3888,0.91,-0.226,252.6,222.0
2026-08-08T21:04:42.248242+00:00,1786223082.248,556.39,29.88,3.3932,0.93,-0.238,242.3,222.0
2026-08-08T21:04:42.461714+00:00,1786223082.462,556.61,29.88,3.3932,0.94,0.0,248.8,222.0
2026-08-08T21:04:42.660500+00:00,1786223082.66,556.81,27.3,3.3976,0.96,-0.245,229.1,222.0
2026-08-08T21:04:42.869529+00:00,1786223082.87,557.02,30.06,3.3976,0.98,0.0,225.8,222.0
2026-08-08T21:04:43.064201+00:00,1786223083.064,557.21,29.66,3.3976,1.0,0.0,224.9,222.0
2026-08-08T21:04:43.460484+00:00,1786223083.46,557.61,32.87,3.402,1.02,0.0,223.3,222.0
2026-08-08T21:04:43.659640+00:00,1786223083.66,557.81,31.42,3.402,1.05,0.181,241.4,222.0
2026-08-08T21:04:43.866001+00:00,1786223083.866,558.01,29.71,3.4064,1.07,-0.073,232.4,222.0
2026-08-08T21:04:44.062939+00:00,1786223084.063,558.21,29.71,3.4064,1.09,-0.073,230.8,222.0
2026-08-08T21:04:44.260245+00:00,1786223084.26,558.41,29.52,3.4108,1.11,-0.077,242.5,222.0
2026-08-08T21:04:44.463508+00:00,1786223084.463,558.61,29.69,3.4108,1.12,0.0,253.4,222.0
2026-08-08T21:04:44.665963+00:00,1786223084.666,558.81,29.68,3.4108,1.14,0.0,251.4,222.0
2026-08-08T21:04:44.864787+00:00,1786223084.865,559.01,29.68,3.4152,1.12,0.3,271.3,222.0
2026-08-08T21:04:45.067766+00:00,1786223085.068,559.21,26.91,3.4152,1.09,-0.398,262.1,222.0
2026-08-08T21:04:45.859172+00:00,1786223085.859,560.01,33.45,3.4218,1.06,0.377,267.1,222.0
2026-08-08T21:04:46.067655+00:00,1786223086.068,560.21,31.79,3.4262,1.06,-0.115,258.5,222.0
2026-08-08T21:04:46.262110+00:00,1786223086.262,560.41,29.71,3.4262,1.08,-0.182,254.6,222.0
2026-08-08T21:04:46.465143+00:00,1786223086.465,560.61,29.71,3.4284,1.13,0.0,264.9,222.0
2026-08-08T21:04:46.663001+00:00,1786223086.663,560.81,33.48,3.4284,1.17,0.402,279.8,222.0
2026-08-08T21:04:46.867400+00:00,1786223086.867,561.01,29.84,3.4284,1.22,0.0,281.8,222.0
2026-08-08T21:04:47.069260+00:00,1786223087.069,561.22,29.66,3.435,1.26,0.0,275.2,222.0
2026-08-08T21:04:47.269119+00:00,1786223087.269,561.42,29.76,3.435,1.31,0.0,279.1,222.0
2026-08-08T21:04:47.663369+00:00,1786223087.663,561.81,29.76,3.4394,1.36,0.0,279.6,222.0
2026-08-08T21:04:47.859476+00:00,1786223087.859,562.01,30.47,3.4394,1.4,0.354,292.2,222.0
2026-08-08T21:04:48.063761+00:00,1786223088.064,562.21,30.47,3.4416,1.42,-0.376,290.5,222.0
2026-08-08T21:04:48.268763+00:00,1786223088.269,562.42,29.63,3.4416,1.42,-0.272,291.7,222.0
2026-08-08T21:04:48.469074+00:00,1786223088.469,562.62,31.84,3.4416,1.42,0.268,303.4,222.0
2026-08-08T21:04:48.670060+00:00,1786223088.67,562.82,29.66,3.446,1.4,0.0,313.1,222.0
2026-08-08T21:04:48.864693+00:00,1786223088.865,563.01,29.66,3.446,1.38,-0.482,301.5,222.0
2026-08-08T21:04:49.065803+00:00,1786223089.066,563.21,26.7,3.446,1.36,-0.397,291.3,222.0
2026-08-08T21:04:49.268645+00:00,1786223089.269,563.42,27.73,3.4526,1.34,-0.244,282.7,222.0
2026-08-08T21:04:49.470311+00:00,1786223089.47,563.62,28.88,3.4526,1.3,-0.111,273.8,222.0
2026-08-08T21:04:49.674954+00:00,1786223089.675,563.82,28.88,3.4526,1.23,-0.121,272.7,222.0
2026-08-08T21:04:49.875289+00:00,1786223089.875,564.02,26.71,3.457,1.16,-0.519,260.3,222.0
2026-08-08T21:04:50.675668+00:00,1786223090.676,564.82,31.81,3.4614,1.09,0.143,268.2,222.0
2026-08-08T21:04:50.872489+00:00,1786223090.872,565.02,30.25,3.4614,1.02,0.066,270.0,222.0
2026-08-08T21:04:51.071423+00:00,1786223091.071,565.22,30.25,3.4658,0.94,-0.17,264.7,222.0
2026-08-08T21:04:51.266978+00:00,1786223091.267,565.41,26.37,3.4658,0.85,-0.352,244.6,222.0
2026-08-08T21:04:51.475390+00:00,1786223091.475,565.62,29.75,3.4702,0.77,0.0,254.9,222.0
2026-08-08T21:04:51.672091+00:00,1786223091.672,565.82,29.51,3.4702,0.71,0.3,246.7,222.0
2026-08-08T21:04:51.872054+00:00,1786223091.872,566.02,29.51,3.4702,0.67,0.191,251.9,222.0
2026-08-08T21:04:52.069302+00:00,1786223092.069,566.22,26.56,3.4746,0.64,-0.249,246.9,222.0
2026-08-08T21:04:52.275452+00:00,1786223092.275,566.42,27.76,3.4746,0.61,-0.119,240.3,222.0
2026-08-08T21:04:53.452366+00:00,1786223093.452,567.6,29.2,3.4834,0.59,0.193,227.1,222.0
2026-08-08T21:04:53.658291+00:00,1786223093.658,567.8,31.66,3.4834,0.57,0.0,225.3,222.0
2026-08-08T21:04:53.857343+00:00,1786223093.857,568.0,29.96,3.4878,0.59,0.0,222.4,222.0
2026-08-08T21:04:54.050696+00:00,1786223094.051,568.2,29.96,3.4878,0.63,0.0,219.4,222.0
2026-08-08T21:04:54.249781+00:00,1786223094.25,568.4,26.87,3.4922,0.67,0.0,214.5,222.0
2026-08-08T21:04:54.452633+00:00,1786223094.453,568.6,29.93,3.4922,0.71,0.0,200.9,222.0
2026-08-08T21:04:54.651387+00:00,1786223094.651,568.8,29.74,3.4922,0.75,0.0,207.8,222.0
2026-08-08T21:04:54.852215+00:00,1786223094.852,569.0,29.74,3.4966,0.79,0.0,212.5,222.0
2026-08-08T21:04:55.054167+00:00,1786223095.054,569.2,27.16,3.4966,0.85,0.056,200.1,222.0
2026-08-08T21:04:55.652656+00:00,1786223095.653,569.8,29.23,3.501,0.91,0.121,200.8,222.0
2026-08-08T21:04:55.855191+00:00,1786223095.855,570.0,31.77,3.501,0.96,0.297,222.3,222.0
2026-08-08T21:04:56.059053+00:00,1786223096.059,570.21,29.64,3.5054,1.02,-0.234,226.2,222.0
2026-08-08T21:04:56.253761+00:00,1786223096.254,570.4,29.64,3.5054,1.07,0.0,232.6,222.0
2026-08-08T21:04:56.454158+00:00,1786223096.454,570.6,26.51,3.5098,1.11,-0.399,223.4,222.0
2026-08-08T21:04:56.656655+00:00,1786223096.657,570.8,29.66,3.5098,1.14,0.322,235.6,222.0
2026-08-08T21:04:56.858617+00:00,1786223096.859,571.01,29.41,3.5098,1.18,-0.06,248.6,222.0
2026-08-08T21:04:57.060686+00:00,1786223097.061,571.21,29.41,3.5142,1.22,0.0,243.3,222.0
2026-08-08T21:04:57.258077+00:00,1786223097.258,571.4,26.74,3.5142,1.22,-0.346,231.3,222.0
2026-08-08T21:04:58.411797+00:00,1786223098.412,572.56,28.7,3.523,1.19,0.127,239.5,222.0
2026-08-08T21:04:58.615695+00:00,1786223098.616,572.76,27.42,3.523,1.17,-0.17,245.7,222.0
2026-08-08T21:04:58.830632+00:00,1786223098.831,572.98,27.42,3.5274,1.12,-0.406,235.5,222.0
2026-08-08T21:04:59.038018+00:00,1786223099.038,573.18,26.64,3.5274,1.06,-0.279,220.2,222.0
2026-08-08T21:04:59.242671+00:00,1786223099.243,573.39,26.6,3.5318,1.0,-0.283,207.7,222.0
2026-08-08T21:04:59.441371+00:00,1786223099.441,573.59,26.6,3.5318,0.95,0.0,215.1,222.0
2026-08-08T21:04:59.641857+00:00,1786223099.642,573.79,26.39,3.5318,0.89,-0.304,211.2,222.0
2026-08-08T21:04:59.844360+00:00,1786223099.844,573.99,29.37,3.5362,0.84,0.0,207.2,222.0
2026-08-08T21:05:00.248472+00:00,1786223100.248,574.39,26.72,3.5362,0.79,-0.234,199.2,222.0
2026-08-08T21:05:00.453139+00:00,1786223100.453,574.6,26.57,3.5384,0.74,0.0,197.9,222.0
2026-08-08T21:05:00.656674+00:00,1786223100.657,574.8,26.57,3.5384,0.7,-0.264,189.7,222.0
2026-08-08T21:05:00.858428+00:00,1786223100.858,575.0,28.65,3.5428,0.66,0.153,194.7,222.0
2026-08-08T21:05:01.058699+00:00,1786223101.059,575.21,26.37,3.5428,0.61,-0.131,189.0,222.0
2026-08-08T21:05:01.256289+00:00,1786223101.256,575.4,26.37,3.5428,0.57,0.0,186.2,222.0
2026-08-08T21:05:01.628643+00:00,1786223101.629,575.78,26.4,3.5472,0.52,0.0,183.0,222.0
2026-08-08T21:05:01.836541+00:00,1786223101.837,575.98,26.4,3.5472,0.48,0.0,179.7,222.0
2026-08-08T21:05:02.039037+00:00,1786223102.039,576.19,24.3,3.5516,0.43,-0.243,166.3,222.0
2026-08-08T21:05:02.247252+00:00,1786223102.247,576.39,25.52,3.5516,0.42,-0.445,140.8,222.0
2026-08-08T21:05:02.445068+00:00,1786223102.445,576.59,25.52,3.5516,0.41,-0.152,138.6,222.0
2026-08-08T21:05:03.255514+00:00,1786223103.256,577.4,27.79,3.5604,0.39,0.121,137.6,222.0
2026-08-08T21:05:03.458987+00:00,1786223103.459,577.61,26.04,3.5604,0.38,-0.052,142.9,222.0
2026-08-08T21:05:03.659817+00:00,1786223103.66,577.81,26.04,3.5626,0.41,-0.259,122.4,222.0
2026-08-08T21:05:03.860610+00:00,1786223103.861,578.01,26.34,3.5626,0.43,0.0,119.0,222.0
2026-08-08T21:05:04.061677+00:00,1786223104.062,578.21,26.34,3.5626,0.46,0.0,113.8,222.0
2026-08-08T21:05:04.432176+00:00,1786223104.432,578.58,26.52,3.567,0.49,0.0,119.2,222.0
2026-08-08T21:05:04.640564+00:00,1786223104.641,578.79,26.52,3.567,0.51,0.0,111.6,222.0
2026-08-08T21:05:04.842938+00:00,1786223104.843,578.99,23.74,3.5714,0.55,-0.056,110.2,222.0
2026-08-08T21:05:05.049367+00:00,1786223105.049,579.2,24.85,3.5714,0.59,-0.066,115.4,222.0
2026-08-08T21:05:05.248302+00:00,1786223105.248,579.39,24.85,3.5714,0.63,-0.066,118.0,222.0
2026-08-08T21:05:05.443456+00:00,1786223105.443,579.59,23.97,3.5758,0.66,-0.486,111.4,222.0
2026-08-08T21:05:05.848920+00:00,1786223105.849,580.0,25.42,3.5758,0.7,-0.072,108.1,222.0
2026-08-08T21:05:06.050290+00:00,1786223106.05,580.2,26.34,3.578,0.74,0.0,114.9,222.0
2026-08-08T21:05:06.246271+00:00,1786223106.246,580.39,26.34,3.578,0.78,0.0,112.8,222.0
2026-08-08T21:05:06.442600+00:00,1786223106.443,580.59,23.72,3.5824,0.84,-0.305,110.5,222.0
2026-08-08T21:05:06.648295+00:00,1786223106.648,580.79,23.72,3.5824,0.9,-0.35,102.0,222.0
2026-08-08T21:05:06.862468+00:00,1786223106.862,581.01,23.46,3.5824,0.97,-0.383,99.6,222.0
2026-08-08T21:05:07.069458+00:00,1786223107.069,581.22,23.73,3.5868,0.99,0.0,94.2,222.0
2026-08-08T21:05:07.273219+00:00,1786223107.273,581.42,23.73,3.5868,1.02,-0.14,94.5,222.0
2026-08-08T21:05:08.621796+00:00,1786223108.622,582.77,23.68,3.5934,1.05,-0.097,92.9,222.0
2026-08-08T21:05:08.825382+00:00,1786223108.825,582.97,24.46,3.5956,1.07,0.0,94.0,222.0
2026-08-08T21:05:09.028443+00:00,1786223109.028,583.17,24.46,3.5956,1.09,-0.084,93.5,222.0
2026-08-08T21:05:09.228516+00:00,1786223109.229,583.37,22.48,3.6,1.09,-0.337,93.5,222.0
2026-08-08T21:05:09.425280+00:00,1786223109.425,583.57,22.48,3.6,1.1,-0.337,98.1,222.0
2026-08-08T21:05:09.620619+00:00,1786223109.621,583.77,22.85,3.6,1.11,-0.076,101.4,222.0
2026-08-08T21:05:09.839412+00:00,1786223109.839,583.99,22.85,3.6022,1.11,-0.076,97.0,222.0
2026-08-08T21:05:10.041412+00:00,1786223110.041,584.19,21.68,3.6022,1.11,-0.155,95.7,222.0
2026-08-08T21:05:10.247629+00:00,1786223110.248,584.39,21.68,3.6043,1.1,-0.179,98.8,222.0
2026-08-08T21:05:10.451195+00:00,1786223110.451,584.6,21.43,3.6043,1.1,-0.201,95.0,222.0
2026-08-08T21:05:10.648841+00:00,1786223110.649,584.8,21.43,3.6043,1.07,-0.308,88.8,222.0
2026-08-08T21:05:10.851004+00:00,1786223110.851,585.0,19.8,3.6087,1.04,-0.64,76.0,222.0
2026-08-08T21:05:11.058044+00:00,1786223111.058,585.2,21.11,3.6087,1.0,-0.46,66.2,222.0
2026-08-08T21:05:11.455312+00:00,1786223111.455,585.6,21.0,3.6109,0.97,-0.184,64.2,222.0
2026-08-08T21:05:11.656204+00:00,1786223111.656,585.8,21.0,3.6109,0.94,-0.184,61.6,222.0
2026-08-08T21:05:11.852129+00:00,1786223111.852,586.0,20.95,3.6153,0.91,-0.237,57.8,222.0
2026-08-08T21:05:12.046313+00:00,1786223112.046,586.19,20.95,3.6153,0.89,-0.24,63.4,222.0
2026-08-08T21:05:12.241632+00:00,1786223112.242,586.39,22.28,3.6153,0.89,0.075,65.8,222.0
2026-08-08T21:05:12.440380+00:00,1786223112.44,586.59,22.28,3.6175,0.89,0.076,65.9,222.0
2026-08-08T21:05:12.641656+00:00,1786223112.642,586.79,22.52,3.6175,0.89,0.138,67.3,222.0
2026-08-08T21:05:12.839804+00:00,1786223112.84,586.99,22.52,3.6175,0.89,0.138,76.5,222.0
2026-08-08T21:05:13.042155+00:00,1786223113.042,587.19,21.53,3.6197,0.88,0.22,87.4,222.0
2026-08-08T21:05:13.251962+00:00,1786223113.252,587.4,21.53,3.6197,0.88,0.054,95.5,222.0
2026-08-08T21:05:13.453812+00:00,1786223113.454,587.6,19.82,3.6241,0.87,-0.165,90.3,222.0
2026-08-08T21:05:13.653360+00:00,1786223113.653,587.8,21.38,3.6241,0.87,0.052,92.8,222.0
2026-08-08T21:05:13.852277+00:00,1786223113.852,588.0,21.38,3.6241,0.86,0.06,94.4,222.0
2026-08-08T21:05:14.055342+00:00,1786223114.055,588.2,21.18,3.6285,0.86,0.0,92.0,222.0
2026-08-08T21:05:14.257539+00:00,1786223114.258,588.4,21.18,3.6285,0.86,-0.151,88.6,222.0
2026-08-08T21:05:15.236766+00:00,1786223115.237,589.38,23.62,3.6351,0.85,0.133,98.2,222.0
2026-08-08T21:05:15.448985+00:00,1786223115.449,589.6,23.89,3.6351,0.85,0.136,108.0,222.0
2026-08-08T21:05:15.827756+00:00,1786223115.828,589.97,21.8,3.6373,0.91,-0.067,107.0,222.0
2026-08-08T21:05:16.035174+00:00,1786223116.035,590.18,21.8,3.6373,0.96,0.0,107.6,222.0
2026-08-08T21:05:16.235467+00:00,1786223116.235,590.38,21.76,3.6417,1.02,0.0,110.5,222.0
2026-08-08T21:05:16.436473+00:00,1786223116.436,590.58,21.76,3.6417,1.07,0.181,117.6,222.0
2026-08-08T21:05:17.621532+00:00,1786223117.622,591.77,22.44,3.6483,1.12,0.074,123.7,222.0
2026-08-08T21:05:17.825886+00:00,1786223117.826,591.97,22.44,3.6483,1.17,0.074,132.1,222.0
2026-08-08T21:05:18.026104+00:00,1786223118.026,592.17,22.78,3.6527,1.19,0.112,148.1,222.0
2026-08-08T21:05:18.218806+00:00,1786223118.219,592.37,22.78,3.6527,1.18,0.112,160.8,222.0
2026-08-08T21:05:18.422429+00:00,1786223118.422,592.57,21.75,3.6549,1.13,-0.163,162.0,222.0
2026-08-08T21:05:18.625795+00:00,1786223118.626,592.77,21.75,3.6549,1.06,-0.187,162.6,222.0
2026-08-08T21:05:18.824002+00:00,1786223118.824,592.97,21.72,3.6549,0.99,0.0,167.7,222.0
2026-08-08T21:05:19.027277+00:00,1786223119.027,593.17,21.78,3.6593,0.91,0.0,172.8,222.0
2026-08-08T21:05:19.227821+00:00,1786223119.228,593.37,21.78,3.6593,0.84,0.0,170.9,222.0
2026-08-08T21:05:19.437197+00:00,1786223119.437,593.58,21.69,3.6593,0.77,0.0,168.7,222.0
2026-08-08T21:05:20.806231+00:00,1786223120.806,594.95,25.69,3.6703,0.7,0.284,173.3,222.0
2026-08-08T21:05:21.013146+00:00,1786223121.013,595.16,24.08,3.6703,0.56,0.143,173.1,222.0
2026-08-08T21:05:21.206467+00:00,1786223121.206,595.35,24.08,3.6725,0.45,0.113,170.9,222.0
2026-08-08T21:05:21.413591+00:00,1786223121.414,595.56,24.13,3.6725,0.39,0.118,171.8,222.0
2026-08-08T21:05:21.612904+00:00,1786223121.613,595.76,26.44,3.6725,0.37,0.408,185.9,222.0
2026-08-08T21:05:21.985746+00:00,1786223121.986,596.13,24.15,3.6769,0.43,0.198,188.9,222.0
2026-08-08T21:05:22.193871+00:00,1786223122.194,596.34,24.15,3.6769,0.49,0.2,192.1,222.0
2026-08-08T21:05:22.391086+00:00,1786223122.391,596.54,23.91,3.6813,0.58,0.176,196.2,222.0
2026-08-08T21:05:22.595685+00:00,1786223122.596,596.74,24.65,3.6813,0.72,0.236,205.6,222.0
2026-08-08T21:05:22.798965+00:00,1786223122.799,596.95,24.65,3.6813,0.9,0.245,209.0,222.0
2026-08-08T21:05:23.592887+00:00,1786223123.593,597.74,26.42,3.6901,1.1,0.073,210.1,222.0
2026-08-08T21:05:23.787690+00:00,1786223123.788,597.93,27.81,3.6901,1.3,0.374,225.9,222.0
2026-08-08T21:05:23.982475+00:00,1786223123.982,598.13,29.91,3.6901,1.51,0.583,249.2,222.0
2026-08-08T21:05:24.183538+00:00,1786223124.183,598.33,29.91,3.6945,1.73,0.579,273.2,222.0
2026-08-08T21:05:24.390568+00:00,1786223124.391,598.54,26.54,3.6945,1.94,0.0,275.8,222.0
2026-08-08T21:05:24.598102+00:00,1786223124.598,598.74,29.84,3.6989,2.16,0.605,300.2,222.0
2026-08-08T21:05:24.808585+00:00,1786223124.809,598.95,29.55,3.6989,2.37,0.574,324.2,233.1
2026-08-08T21:05:25.017148+00:00,1786223125.017,599.16,29.55,3.6989,2.55,0.597,348.6,233.1
2026-08-08T21:05:25.213191+00:00,1786223125.213,599.36,26.71,3.7033,2.69,0.219,360.1,233.1
2026-08-08T21:05:25.622569+00:00,1786223125.623,599.77,29.18,3.7033,2.78,0.445,387.2,233.1
2026-08-08T21:05:25.989932+00:00,1786223125.99,600.14,29.49,3.7077,2.8,5.0,413.1,233.1
2026-08-08T21:05:26.203758+00:00,1786223126.204,600.35,29.63,3.7077,2.81,0.209,431.7,233.1
2026-08-08T21:05:26.404153+00:00,1786223126.404,600.55,29.67,3.7143,2.82,0.0,444.9,233.1
2026-08-08T21:05:26.603831+00:00,1786223126.604,600.75,29.67,3.7143,2.83,0.0,458.5,233.1
2026-08-08T21:05:26.799602+00:00,1786223126.8,600.95,29.66,3.7143,2.84,0.361,482.2,233.1
2026-08-08T21:05:27.004680+00:00,1786223127.005,601.15,29.66,3.7187,2.85,0.0,487.7,233.1
2026-08-08T21:05:27.610947+00:00,1786223127.611,601.76,32.85,3.7231,2.86,0.327,511.4,233.1
2026-08-08T21:05:27.806756+00:00,1786223127.807,601.95,31.54,3.7231,2.85,0.198,530.6,233.1
2026-08-08T21:05:28.002801+00:00,1786223128.003,602.15,30.62,3.7275,2.85,0.389,554.1,233.1
2026-08-08T21:05:28.198644+00:00,1786223128.199,602.35,33.48,3.7275,2.84,0.464,575.6,233.1
2026-08-08T21:05:28.394191+00:00,1786223128.394,602.54,33.48,3.7275,2.82,0.461,603.3,233.1
2026-08-08T21:05:28.595699+00:00,1786223128.596,602.74,32.2,3.7319,2.81,0.299,623.9,233.1
2026-08-08T21:05:28.792790+00:00,1786223128.793,602.94,30.98,3.7319,2.79,0.152,639.0,233.1
2026-08-08T21:05:28.989981+00:00,1786223128.99,603.14,30.86,3.7319,2.77,0.138,651.0,233.1
2026-08-08T21:05:29.190588+00:00,1786223129.191,603.34,30.86,3.7363,2.73,0.139,662.0,233.1
2026-08-08T21:05:29.399478+00:00,1786223129.399,603.55,27.82,3.7363,2.67,-0.214,662.4,233.1
2026-08-08T21:05:29.605965+00:00,1786223129.606,603.75,28.72,3.7407,2.61,-0.575,644.1,233.1
2026-08-08T21:05:29.814463+00:00,1786223129.814,603.96,29.7,3.7407,2.56,-0.255,625.7,233.1
2026-08-08T21:05:30.010524+00:00,1786223130.01,604.16,30.81,3.7407,2.5,0.0,614.1,233.1
2026-08-08T21:05:30.207566+00:00,1786223130.208,604.35,30.81,3.7451,2.45,-0.369,609.5,233.1
2026-08-08T21:05:30.407195+00:00,1786223130.407,604.55,28.47,3.7451,2.39,-0.692,574.5,233.1
2026-08-08T21:05:31.955103+00:00,1786223131.955,606.1,34.74,3.7605,2.34,0.21,570.5,233.1
2026-08-08T21:05:32.344388+00:00,1786223132.344,606.49,30.97,3.7605,2.28,0.0,554.3,233.1
2026-08-08T21:05:32.549421+00:00,1786223132.549,606.7,35.9,3.7649,2.19,0.393,568.5,233.1
2026-08-08T21:05:32.743995+00:00,1786223132.744,606.89,35.9,3.7649,2.06,0.394,572.7,233.1
2026-08-08T21:05:32.944772+00:00,1786223132.945,607.09,33.91,3.7693,1.93,0.477,578.0,233.1
2026-08-08T21:05:33.158892+00:00,1786223133.159,607.31,33.78,3.7693,1.85,0.395,583.8,233.1
2026-08-08T21:05:33.362025+00:00,1786223133.362,607.51,29.73,3.7693,1.76,0.0,579.0,233.1
2026-08-08T21:05:33.561819+00:00,1786223133.562,607.71,39.03,3.7759,1.68,0.643,605.9,233.1
2026-08-08T21:05:33.772680+00:00,1786223133.773,607.92,33.51,3.7759,1.62,0.21,600.2,222.0
2026-08-08T21:05:33.979711+00:00,1786223133.98,608.13,33.51,3.7759,1.58,0.392,609.7,222.0
2026-08-08T21:05:35.143003+00:00,1786223135.143,609.29,33.39,3.7869,1.54,-0.117,589.9,222.0
2026-08-08T21:05:35.338949+00:00,1786223135.339,609.49,32.39,3.7913,1.49,0.132,582.1,222.0
2026-08-08T21:05:35.533839+00:00,1786223135.534,609.68,32.47,3.7913,1.47,-0.32,556.4,222.0
2026-08-08T21:05:35.729165+00:00,1786223135.729,609.88,35.05,3.7913,1.44,-0.079,533.7,222.0
2026-08-08T21:05:35.933455+00:00,1786223135.933,610.08,35.05,3.7957,1.42,0.105,517.0,222.0
2026-08-08T21:05:36.144527+00:00,1786223136.145,610.29,33.82,3.7957,1.4,0.0,502.4,222.0
2026-08-08T21:05:36.346170+00:00,1786223136.346,610.49,29.69,3.8001,1.38,0.0,490.2,222.0
2026-08-08T21:05:36.543356+00:00,1786223136.543,610.69,30.38,3.8001,1.39,-0.806,456.7,222.0
2026-08-08T21:05:36.748516+00:00,1786223136.748,610.89,31.03,3.8001,1.45,-0.232,440.1,222.0
2026-08-08T21:05:36.950680+00:00,1786223136.951,611.1,32.12,3.8067,1.5,-0.13,440.1,222.0
2026-08-08T21:05:37.348846+00:00,1786223137.349,611.5,32.41,3.8067,1.52,-0.124,449.7,222.0
2026-08-08T21:05:37.554434+00:00,1786223137.554,611.7,32.46,3.8111,1.54,0.0,454.3,222.0
2026-08-08T21:05:37.760462+00:00,1786223137.76,611.91,36.18,3.8111,1.57,0.464,470.2,222.0
2026-08-08T21:05:37.967752+00:00,1786223137.968,612.11,34.64,3.8155,1.61,-0.051,478.5,222.0
2026-08-08T21:05:38.171447+00:00,1786223138.171,612.32,33.83,3.8155,1.66,-0.151,493.3,222.0
2026-08-08T21:05:38.369337+00:00,1786223138.369,612.52,33.83,3.8155,1.72,0.0,482.4,222.0
2026-08-08T21:05:38.574190+00:00,1786223138.574,612.72,29.53,3.8199,1.79,0.0,478.8,222.0
2026-08-08T21:05:38.770682+00:00,1786223138.771,612.92,30.32,3.8199,1.84,0.0,458.5,222.0
2026-08-08T21:05:38.970505+00:00,1786223138.97,613.12,31.19,3.8199,1.9,0.0,440.0,222.0
2026-08-08T21:05:39.332722+00:00,1786223139.333,613.48,32.14,3.8265,1.96,0.0,423.4,222.0
2026-08-08T21:05:39.545763+00:00,1786223139.546,613.69,28.93,3.8265,2.02,-0.44,395.9,222.0
2026-08-08T21:05:39.747936+00:00,1786223139.748,613.89,29.94,3.8309,2.08,-0.319,388.7,222.0
2026-08-08T21:05:39.955988+00:00,1786223139.956,614.1,34.08,3.8309,2.14,-0.266,354.3,233.1
2026-08-08T21:05:40.152131+00:00,1786223140.152,614.3,33.88,3.8309,2.2,-0.097,348.1,233.1
2026-08-08T21:05:40.348937+00:00,1786223140.349,614.5,33.88,3.8353,2.26,0.0,339.9,233.1
2026-08-08T21:05:41.543794+00:00,1786223141.544,615.69,33.33,3.8463,2.31,0.0,347.5,233.1
2026-08-08T21:05:41.740649+00:00,1786223141.741,615.89,29.62,3.8463,2.37,0.0,345.4,233.1
2026-08-08T21:05:42.141240+00:00,1786223142.141,616.29,33.95,3.8507,2.39,0.3,370.6,233.1
2026-08-08T21:05:42.365387+00:00,1786223142.365,616.51,33.38,3.8507,2.4,0.179,382.1,233.1
2026-08-08T21:05:42.569398+00:00,1786223142.569,616.72,33.38,3.855,2.4,0.106,385.5,233.1
2026-08-08T21:05:42.767437+00:00,1786223142.767,616.91,29.22,3.855,2.39,0.0,386.3,233.1
2026-08-08T21:05:44.544266+00:00,1786223144.544,618.69,33.32,3.8704,2.37,0.196,400.4,233.1
2026-08-08T21:05:44.748940+00:00,1786223144.749,618.9,32.05,3.8704,2.35,-0.117,425.7,233.1
2026-08-08T21:05:44.952098+00:00,1786223144.952,619.1,34.12,3.8748,2.31,0.0,439.6,233.1
2026-08-08T21:05:45.150855+00:00,1786223145.151,619.3,34.02,3.8748,2.24,0.0,449.0,233.1
2026-08-08T21:05:45.352402+00:00,1786223145.352,619.5,34.02,3.8792,2.13,0.05,459.0,233.1
2026-08-08T21:05:45.557890+00:00,1786223145.558,619.7,29.66,3.8792,2.0,0.0,458.8,233.1
2026-08-08T21:05:45.760425+00:00,1786223145.76,619.91,29.64,3.8792,1.86,-0.331,429.7,233.1
2026-08-08T21:05:45.955389+00:00,1786223145.955,620.1,30.24,3.8858,1.73,-0.242,421.2,233.1
2026-08-08T21:05:46.161407+00:00,1786223146.161,620.31,31.02,3.8858,1.6,-0.182,417.9,222.0
2026-08-08T21:05:46.566985+00:00,1786223146.567,620.71,32.02,3.8902,1.46,0.205,421.0,222.0
2026-08-08T21:05:46.772962+00:00,1786223146.773,620.92,31.01,3.8902,1.33,-0.287,411.8,222.0
2026-08-08T21:05:46.978716+00:00,1786223146.979,621.13,34.13,3.8946,1.27,0.259,420.4,222.0
2026-08-08T21:05:47.177621+00:00,1786223147.178,621.32,34.13,3.8946,1.23,0.0,419.6,222.0
2026-08-08T21:05:47.374806+00:00,1786223147.375,621.52,32.64,3.8946,1.2,-0.172,411.1,222.0
2026-08-08T21:05:47.738992+00:00,1786223147.739,621.89,30.19,3.899,1.17,-0.446,407.4,222.0
2026-08-08T21:05:47.953217+00:00,1786223147.953,622.1,31.01,3.899,1.14,0.156,417.2,222.0
2026-08-08T21:05:48.155133+00:00,1786223148.155,622.3,31.01,3.9034,1.1,0.159,422.1,222.0
2026-08-08T21:05:48.353863+00:00,1786223148.354,622.5,28.56,3.9034,1.08,-0.195,410.1,222.0
2026-08-08T21:05:48.556337+00:00,1786223148.556,622.7,29.35,3.9034,1.09,-0.195,395.2,222.0
2026-08-08T21:05:49.156674+00:00,1786223149.157,623.3,32.97,3.91,1.14,0.102,391.9,222.0
2026-08-08T21:05:49.362201+00:00,1786223149.362,623.51,31.84,3.9144,1.21,0.089,390.8,222.0
2026-08-08T21:05:49.566982+00:00,1786223149.567,623.71,31.03,3.9144,1.27,-0.333,363.4,222.0
2026-08-08T21:05:49.765983+00:00,1786223149.766,623.91,33.93,3.9188,1.32,0.0,352.8,222.0
2026-08-08T21:05:49.972982+00:00,1786223149.973,624.12,33.93,3.9188,1.37,0.137,349.0,222.0
2026-08-08T21:05:50.167427+00:00,1786223150.167,624.31,29.83,3.9188,1.43,0.0,345.1,222.0
2026-08-08T21:05:50.370814+00:00,1786223150.371,624.52,29.49,3.9232,1.52,-0.175,326.7,222.0
2026-08-08T21:05:50.572317+00:00,1786223150.572,624.72,30.39,3.9232,1.57,-0.071,322.8,222.0
2026-08-08T21:05:50.769344+00:00,1786223150.769,624.92,31.18,3.9232,1.59,0.302,325.1,222.0
2026-08-08T21:05:51.145254+00:00,1786223151.145,625.29,28.6,3.9276,1.63,-0.08,315.2,222.0
2026-08-08T21:05:51.358729+00:00,1786223151.359,625.51,29.65,3.9276,1.67,-0.419,295.8,222.0
2026-08-08T21:05:51.558094+00:00,1786223151.558,625.7,33.93,3.9342,1.7,0.265,306.5,222.0
2026-08-08T21:05:51.760090+00:00,1786223151.76,625.91,33.9,3.9342,1.74,0.364,330.2,222.0
2026-08-08T21:05:51.959294+00:00,1786223151.959,626.11,33.9,3.9342,1.78,0.0,340.4,222.0
2026-08-08T21:05:54.080930+00:00,1786223154.081,628.23,32.38,3.954,1.81,-0.105,344.8,222.0
2026-08-08T21:05:54.286351+00:00,1786223154.286,628.43,41.38,3.954,1.85,0.779,380.6,222.0
2026-08-08T21:05:54.493440+00:00,1786223154.493,628.64,41.38,3.9584,1.89,0.801,433.4,222.0
2026-08-08T21:05:54.730261+00:00,1786223154.73,628.88,33.92,3.9584,1.94,0.236,436.0,222.0
2026-08-08T21:05:55.111766+00:00,1786223155.112,629.26,29.72,3.9628,2.01,-0.093,433.4,222.0
2026-08-08T21:05:55.325991+00:00,1786223155.326,629.47,33.26,3.9628,2.07,0.309,453.1,222.0
2026-08-08T21:05:55.534907+00:00,1786223155.535,629.68,31.58,3.9694,2.12,0.128,475.1,222.0
2026-08-08T21:05:55.933422+00:00,1786223155.933,630.08,31.58,3.9694,2.14,-0.149,471.6,233.1
2026-08-08T21:05:56.136395+00:00,1786223156.136,630.28,31.66,3.9738,2.17,-0.142,468.7,233.1
2026-08-08T21:05:56.341996+00:00,1786223156.342,630.49,33.87,3.9738,2.18,0.0,483.6,233.1
2026-08-08T21:05:56.714115+00:00,1786223156.714,630.86,33.55,3.9782,2.16,0.124,501.6,233.1
2026-08-08T21:05:56.930956+00:00,1786223156.931,631.08,29.37,3.9782,2.15,-1.262,466.1,233.1
2026-08-08T21:05:57.131496+00:00,1786223157.131,631.28,29.66,3.9826,2.14,-1.234,432.3,233.1
2026-08-08T21:05:57.333511+00:00,1786223157.333,631.48,30.62,3.9826,2.13,-0.351,435.7,233.1
2026-08-08T21:05:58.710049+00:00,1786223158.71,632.86,33.64,3.9936,2.11,0.303,449.0,233.1
2026-08-08T21:05:58.915134+00:00,1786223158.915,633.06,32.42,3.998,2.1,-0.065,445.2,233.1
2026-08-08T21:05:59.114080+00:00,1786223159.114,633.26,30.22,3.998,2.07,-0.106,445.5,233.1
2026-08-08T21:05:59.314448+00:00,1786223159.314,633.46,34.31,4.0024,2.03,0.224,464.2,233.1
2026-08-08T21:05:59.518357+00:00,1786223159.518,633.66,34.31,4.0024,1.99,0.218,478.8,233.1
2026-08-08T21:05:59.727527+00:00,1786223159.727,633.87,29.75,4.0024,1.95,-0.338,461.3,233.1
2026-08-08T21:06:00.114474+00:00,1786223160.114,634.26,30.19,4.0068,1.91,-0.275,458.3,222.0
2026-08-08T21:06:00.723815+00:00,1786223160.724,634.87,32.63,4.0112,1.87,0.239,480.5,222.0
2026-08-08T21:06:00.919778+00:00,1786223160.92,635.07,31.5,4.0112,1.83,0.135,474.6,222.0
2026-08-08T21:06:01.126332+00:00,1786223161.126,635.27,34.15,4.0156,1.8,0.259,471.9,222.0
2026-08-08T21:06:01.330062+00:00,1786223161.33,635.48,33.53,4.0156,1.78,0.0,471.6,222.0
2026-08-08T21:06:01.530980+00:00,1786223161.531,635.68,33.53,4.02,1.77,0.118,479.2,222.0
2026-08-08T21:06:01.729368+00:00,1786223161.729,635.88,29.65,4.02,1.76,-0.061,435.1,222.0
2026-08-08T21:06:01.934728+00:00,1786223161.935,636.08,29.69,4.02,1.75,-0.491,378.1,222.0
2026-08-08T21:06:02.304249+00:00,1786223162.304,636.45,30.62,4.0266,1.74,-0.368,356.3,222.0
2026-08-08T21:06:02.517945+00:00,1786223162.518,636.66,28.06,4.0266,1.74,-0.168,351.9,222.0
2026-08-08T21:06:02.715956+00:00,1786223162.716,636.86,29.67,4.031,1.73,-0.055,336.0,222.0
2026-08-08T21:06:02.922344+00:00,1786223162.922,637.07,29.74,4.031,1.74,-0.366,318.8,222.0
2026-08-08T21:06:05.068683+00:00,1786223165.069,639.22,33.8,4.0508,1.75,0.154,328.1,222.0
2026-08-08T21:06:05.267202+00:00,1786223165.267,639.41,30.55,4.0508,1.76,-0.242,322.4,222.0
2026-08-08T21:06:05.474686+00:00,1786223165.475,639.62,30.3,4.0552,1.74,-0.217,310.9,222.0
2026-08-08T21:06:05.671768+00:00,1786223165.672,639.82,33.99,4.0552,1.71,0.0,305.1,222.0
2026-08-08T21:06:05.871236+00:00,1786223165.871,640.02,33.99,4.0552,1.69,0.291,350.4,222.0
2026-08-08T21:06:06.069110+00:00,1786223166.069,640.22,29.95,4.0596,1.66,0.0,382.2,222.0
2026-08-08T21:06:06.274581+00:00,1786223166.275,640.42,29.7,4.0596,1.63,-0.065,387.3,222.0
2026-08-08T21:06:08.010813+00:00,1786223168.011,642.16,30.8,4.075,1.59,0.139,376.6,222.0
2026-08-08T21:06:08.217017+00:00,1786223168.217,642.36,30.8,4.075,1.56,0.057,376.0,222.0
2026-08-08T21:06:08.422996+00:00,1786223168.423,642.57,33.96,4.0794,1.51,0.213,386.2,222.0
2026-08-08T21:06:08.636329+00:00,1786223168.636,642.78,30.32,4.0794,1.46,-0.271,365.1,222.0
2026-08-08T21:06:08.840236+00:00,1786223168.84,642.99,30.02,4.0838,1.4,0.0,351.4,222.0
2026-08-08T21:06:09.043288+00:00,1786223169.043,643.19,38.74,4.0838,1.35,0.657,389.7,222.0
2026-08-08T21:06:09.240071+00:00,1786223169.24,643.39,38.74,4.0838,1.3,0.369,415.5,222.0
2026-08-08T21:06:09.458110+00:00,1786223169.458,643.6,29.04,4.0882,1.24,-0.384,392.0,222.0
2026-08-08T21:06:10.996683+00:00,1786223170.997,645.14,34.68,4.0992,1.19,0.267,396.2,222.0
2026-08-08T21:06:11.202846+00:00,1786223171.203,645.35,32.85,4.1035,1.14,0.178,388.8,222.0
2026-08-08T21:06:11.408251+00:00,1786223171.408,645.55,31.68,4.1035,1.16,0.072,386.2,222.0
2026-08-08T21:06:11.613052+00:00,1786223171.613,645.76,34.96,4.1079,1.22,0.34,391.9,222.0
2026-08-08T21:06:11.807127+00:00,1786223171.807,645.95,34.96,4.1079,1.28,0.081,398.3,222.0
2026-08-08T21:06:12.010689+00:00,1786223172.011,646.16,37.87,4.1079,1.34,0.621,438.9,222.0
2026-08-08T21:06:12.210134+00:00,1786223172.21,646.36,29.41,4.1101,1.38,-0.05,445.3,222.0
2026-08-08T21:06:12.430552+00:00,1786223172.431,646.58,29.72,4.1101,1.43,-0.74,429.3,222.0
2026-08-08T21:06:12.629731+00:00,1786223172.63,646.78,30.51,4.1167,1.48,-0.675,411.3,222.0
2026-08-08T21:06:12.833627+00:00,1786223172.834,646.98,30.51,4.1167,1.54,0.121,424.4,222.0
2026-08-08T21:06:13.041594+00:00,1786223173.042,647.19,28.23,4.1167,1.6,-0.878,391.3,222.0
2026-08-08T21:06:13.242502+00:00,1786223173.242,647.39,29.23,4.1211,1.66,-0.493,383.3,222.0
2026-08-08T21:06:13.647365+00:00,1786223173.647,647.79,30.36,4.1211,1.73,-0.164,384.7,222.0
2026-08-08T21:06:14.012823+00:00,1786223174.013,648.16,29.72,4.1255,1.79,-0.606,364.7,222.0
2026-08-08T21:06:14.228190+00:00,1786223174.228,648.37,30.02,4.1255,1.82,-0.567,337.0,222.0
2026-08-08T21:06:14.430530+00:00,1786223174.43,648.58,33.35,4.1321,1.84,-0.519,324.8,222.0
2026-08-08T21:06:14.627824+00:00,1786223174.628,648.77,33.35,4.1321,1.87,0.452,344.9,222.0
2026-08-08T21:06:14.826730+00:00,1786223174.827,648.97,29.65,4.1321,1.86,0.0,341.3,222.0
2026-08-08T21:06:15.029112+00:00,1786223175.029,649.18,29.67,4.1365,1.81,-0.096,337.3,222.0
2026-08-08T21:06:15.628402+00:00,1786223175.628,649.77,32.52,4.1409,1.76,0.2,336.5,222.0
2026-08-08T21:06:15.833414+00:00,1786223175.833,649.98,31.29,4.1409,1.71,0.305,355.0,222.0
2026-08-08T21:06:16.040136+00:00,1786223176.04,650.19,30.72,4.1453,1.65,0.148,360.9,222.0
2026-08-08T21:06:16.243969+00:00,1786223176.244,650.39,33.34,4.1453,1.58,0.32,343.1,222.0
2026-08-08T21:06:16.442783+00:00,1786223176.443,650.59,33.34,4.1453,1.51,0.415,338.5,222.0
2026-08-08T21:06:16.814037+00:00,1786223176.814,650.96,29.88,4.1497,1.44,0.0,350.4,222.0
2026-08-08T21:06:17.028878+00:00,1786223177.029,651.18,30.84,4.1497,1.38,-0.268,331.9,222.0
2026-08-08T21:06:17.229706+00:00,1786223177.23,651.38,30.84,4.1541,1.33,-0.267,318.2,222.0
2026-08-08T21:06:17.427609+00:00,1786223177.428,651.57,28.14,4.1541,1.27,-0.162,309.8,222.0
2026-08-08T21:06:17.634414+00:00,1786223177.634,651.78,29.03,4.1541,1.21,-0.069,292.1,222.0
2026-08-08T21:06:17.832702+00:00,1786223177.833,651.98,30.09,4.1607,1.18,-0.306,276.4,222.0
2026-08-08T21:06:18.435722+00:00,1786223178.436,652.58,33.04,4.1651,1.16,0.187,254.9,222.0
2026-08-08T21:06:18.640697+00:00,1786223178.641,652.79,29.7,4.1651,1.14,-0.11,252.3,222.0
2026-08-08T21:06:19.015771+00:00,1786223179.016,653.16,34.0,4.1695,1.14,0.065,276.6,222.0
2026-08-08T21:06:19.225967+00:00,1786223179.226,653.37,34.0,4.1695,1.14,0.065,298.9,222.0
2026-08-08T21:06:19.422367+00:00,1786223179.422,653.57,29.72,4.1739,1.14,0.0,293.0,222.0
2026-08-08T21:06:19.627072+00:00,1786223179.627,653.77,29.72,4.1739,1.14,-0.12,311.6,222.0
2026-08-08T21:06:22.960940+00:00,1786223182.961,657.11,34.19,4.2047,1.17,0.162,331.7,222.0
2026-08-08T21:06:23.167822+00:00,1786223183.168,657.31,30.51,4.2047,1.2,0.115,337.2,222.0
2026-08-08T21:06:23.535943+00:00,1786223183.536,657.68,34.6,4.2091,1.17,0.263,363.2,222.0
2026-08-08T21:06:23.750166+00:00,1786223183.75,657.9,34.6,4.2091,1.14,0.212,386.3,222.0
2026-08-08T21:06:23.963257+00:00,1786223183.963,658.11,29.52,4.2135,1.1,-0.177,390.6,222.0
2026-08-08T21:06:24.157844+00:00,1786223184.158,658.3,29.86,4.2135,1.07,0.0,369.8,222.0
2026-08-08T21:06:25.118209+00:00,1786223185.118,659.26,32.22,4.2245,1.03,-0.081,365.5,222.0
2026-08-08T21:06:25.507764+00:00,1786223185.508,659.65,34.85,4.2245,0.99,0.0,368.4,222.0
2026-08-08T21:06:25.704755+00:00,1786223185.705,659.85,34.85,4.2289,0.94,0.227,367.5,222.0
2026-08-08T21:06:25.915518+00:00,1786223185.915,660.06,30.18,4.2289,0.88,0.0,353.8,222.0
2026-08-08T21:06:26.121822+00:00,1786223186.122,660.27,30.06,4.2333,0.83,-0.363,335.2,222.0
2026-08-08T21:06:26.324505+00:00,1786223186.324,660.47,33.98,4.2333,0.75,0.305,331.1,222.0
2026-08-08T21:06:27.903041+00:00,1786223187.903,662.05,33.44,4.2487,0.67,-0.074,311.7,222.0
2026-08-08T21:06:28.104650+00:00,1786223188.105,662.25,29.89,4.2487,0.59,-0.3,299.4,222.0
2026-08-08T21:06:28.307082+00:00,1786223188.307,662.45,34.08,4.2531,0.55,0.292,314.6,222.0
2026-08-08T21:06:28.507020+00:00,1786223188.507,662.65,34.09,4.2531,0.53,0.27,329.2,222.0
2026-08-08T21:06:28.705679+00:00,1786223188.706,662.85,34.09,4.2531,0.5,0.145,338.6,222.0
2026-08-08T21:06:28.909871+00:00,1786223188.91,663.06,33.61,4.2575,0.54,-0.101,337.4,222.0
2026-08-08T21:06:29.115808+00:00,1786223189.116,663.26,29.74,4.2575,0.57,-0.416,331.4,222.0
2026-08-08T21:06:29.912659+00:00,1786223189.913,664.06,33.5,4.2641,0.61,0.23,330.3,222.0
2026-08-08T21:06:30.277035+00:00,1786223190.277,664.42,30.53,4.2685,0.65,0.0,331.6,222.0
2026-08-08T21:06:30.488259+00:00,1786223190.488,664.63,34.67,4.2685,0.69,0.0,327.7,222.0
2026-08-08T21:06:30.688827+00:00,1786223190.689,664.84,34.67,4.2729,0.72,0.123,328.0,222.0
2026-08-08T21:06:30.891165+00:00,1786223190.891,665.04,29.82,4.2729,0.78,0.0,326.4,222.0
2026-08-08T21:06:31.092363+00:00,1786223191.092,665.24,29.85,4.2729,0.84,-0.422,316.8,222.0
2026-08-08T21:06:31.293411+00:00,1786223191.293,665.44,30.28,4.2795,0.89,-0.38,296.5,222.0
2026-08-08T21:06:31.888715+00:00,1786223191.889,666.04,32.69,4.2839,0.95,-0.123,290.0,222.0
2026-08-08T21:06:32.088656+00:00,1786223192.089,666.24,29.69,4.2839,1.01,-0.343,267.5,222.0
2026-08-08T21:06:32.294506+00:00,1786223192.294,666.44,34.16,4.2883,1.07,0.387,272.2,222.0
2026-08-08T21:06:32.495541+00:00,1786223192.496,666.64,34.12,4.2883,1.09,0.067,282.7,222.0
2026-08-08T21:06:32.693111+00:00,1786223192.693,666.84,34.12,4.2883,1.1,0.413,299.3,222.0
2026-08-08T21:06:32.892568+00:00,1786223192.893,667.04,29.66,4.2927,1.11,-0.579,284.3,222.0
2026-08-08T21:06:33.096937+00:00,1786223193.097,667.24,29.85,4.2927,1.12,-0.556,265.7,222.0
2026-08-08T21:06:34.659548+00:00,1786223194.66,668.81,33.9,4.3081,1.13,0.301,268.0,222.0
2026-08-08T21:06:34.858467+00:00,1786223194.858,669.0,30.36,4.3081,1.14,0.0,269.4,222.0
2026-08-08T21:06:35.062112+00:00,1786223195.062,669.21,30.43,4.3081,1.17,0.0,281.4,222.0
2026-08-08T21:06:35.260844+00:00,1786223195.261,669.41,34.55,4.3147,1.19,0.153,279.5,222.0
2026-08-08T21:06:35.464965+00:00,1786223195.465,669.61,34.55,4.3147,1.21,0.4,298.3,222.0
2026-08-08T21:06:35.660127+00:00,1786223195.66,669.81,33.42,4.3147,1.23,-0.062,310.5,222.0
2026-08-08T21:06:35.866412+00:00,1786223195.866,670.01,29.97,4.3191,1.25,-0.342,292.2,222.0
2026-08-08T21:06:36.668793+00:00,1786223196.669,670.82,32.65,4.3235,1.27,-0.103,283.2,222.0
2026-08-08T21:06:36.863786+00:00,1786223196.864,671.01,31.5,4.3235,1.29,0.129,284.4,222.0
2026-08-08T21:06:37.065823+00:00,1786223197.066,671.21,30.32,4.3279,1.29,0.0,288.7,222.0
2026-08-08T21:06:37.258548+00:00,1786223197.259,671.4,30.32,4.3279,1.28,-0.383,293.1,222.0
2026-08-08T21:06:37.459611+00:00,1786223197.46,671.61,33.37,4.3323,1.27,0.322,299.2,222.0
2026-08-08T21:06:37.664527+00:00,1786223197.665,671.81,29.67,4.3323,1.26,-0.081,299.3,222.0
2026-08-08T21:06:37.869523+00:00,1786223197.869,672.02,29.69,4.3323,1.25,-0.517,284.1,222.0
2026-08-08T21:06:38.068355+00:00,1786223198.068,672.21,30.66,4.3389,1.24,-0.415,267.8,222.0
2026-08-08T21:06:38.271004+00:00,1786223198.271,672.42,30.66,4.3389,1.23,-0.294,262.2,222.0
2026-08-08T21:06:41.012367+00:00,1786223201.012,675.16,33.46,4.363,1.22,0.188,284.3,222.0
2026-08-08T21:06:41.212167+00:00,1786223201.212,675.36,30.39,4.363,1.2,-0.138,292.5,222.0
2026-08-08T21:06:41.417090+00:00,1786223201.417,675.56,30.55,4.3674,1.16,-0.058,294.0,222.0
2026-08-08T21:06:41.617597+00:00,1786223201.618,675.76,30.55,4.3674,1.11,0.0,304.5,222.0
2026-08-08T21:06:41.811676+00:00,1786223201.812,675.96,30.24,4.3674,1.07,0.0,289.2,222.0
2026-08-08T21:06:42.185197+00:00,1786223202.185,676.33,30.21,4.3718,1.03,-0.186,278.4,222.0
2026-08-08T21:06:42.397646+00:00,1786223202.398,676.54,30.21,4.3718,0.98,0.0,261.7,222.0
2026-08-08T21:06:42.597868+00:00,1786223202.598,676.74,27.59,4.3762,0.93,-0.123,272.3,222.0
2026-08-08T21:06:42.805693+00:00,1786223202.806,676.95,29.87,4.3762,0.91,0.0,286.6,222.0
2026-08-08T21:06:43.002606+00:00,1786223203.003,677.15,29.67,4.3762,0.89,-0.058,271.1,222.0
2026-08-08T21:06:43.599247+00:00,1786223203.599,677.75,32.63,4.3828,0.86,-0.089,268.8,222.0
2026-08-08T21:06:43.803743+00:00,1786223203.804,677.95,31.36,4.3872,0.84,0.105,270.9,222.0
2026-08-08T21:06:44.000435+00:00,1786223204.0,678.15,33.72,4.3872,0.81,0.341,274.0,222.0
2026-08-08T21:06:44.209847+00:00,1786223204.21,678.36,33.33,4.3916,0.79,0.299,267.2,222.0
2026-08-08T21:06:44.405514+00:00,1786223204.405,678.55,33.33,4.3916,0.76,0.331,276.8,222.0
2026-08-08T21:06:44.602441+00:00,1786223204.602,678.75,29.68,4.3916,0.74,-0.061,282.1,222.0
2026-08-08T21:06:44.804623+00:00,1786223204.805,678.95,29.83,4.396,0.71,0.0,280.4,222.0
2026-08-08T21:06:45.009604+00:00,1786223205.01,679.16,30.65,4.396,0.71,0.352,283.1,222.0
2026-08-08T21:06:45.415109+00:00,1786223205.415,679.56,31.08,4.4004,0.7,0.129,284.6,222.0
2026-08-08T21:06:45.619141+00:00,1786223205.619,679.77,31.87,4.4004,0.69,0.233,300.5,222.0
2026-08-08T21:06:45.825503+00:00,1786223205.825,679.97,31.07,4.4048,0.71,-0.195,280.4,222.0
2026-08-08T21:06:46.021303+00:00,1786223206.021,680.17,33.25,4.4048,0.78,0.237,290.3,222.0
2026-08-08T21:06:46.222048+00:00,1786223206.222,680.37,33.25,4.4048,0.84,-0.058,303.4,222.0
2026-08-08T21:06:46.420550+00:00,1786223206.421,680.57,29.37,4.4092,0.91,-0.498,299.1,222.0
2026-08-08T21:06:46.625949+00:00,1786223206.626,680.77,29.39,4.4092,0.97,-0.493,291.9,222.0
2026-08-08T21:06:46.825309+00:00,1786223206.825,680.97,30.04,4.4092,1.04,0.0,282.5,222.0
2026-08-08T21:06:47.024243+00:00,1786223207.024,681.17,30.81,4.4158,1.1,0.122,289.8,222.0
2026-08-08T21:06:47.431427+00:00,1786223207.431,681.58,30.94,4.4158,1.17,0.0,291.8,222.0
2026-08-08T21:06:47.635224+00:00,1786223207.635,681.78,31.27,4.418,1.23,0.0,292.9,222.0
2026-08-08T21:06:47.836349+00:00,1786223207.836,681.98,34.39,4.418,1.3,0.316,307.4,222.0
2026-08-08T21:06:48.039001+00:00,1786223208.039,682.19,33.04,4.4224,1.36,0.247,324.1,222.0
2026-08-08T21:06:48.241373+00:00,1786223208.241,682.39,33.04,4.4224,1.42,0.0,328.5,222.0
2026-08-08T21:06:48.443291+00:00,1786223208.443,682.59,29.1,4.4224,1.49,-0.519,321.2,222.0
2026-08-08T21:06:48.642358+00:00,1786223208.642,682.79,29.5,4.429,1.55,0.0,323.8,222.0
2026-08-08T21:06:48.846526+00:00,1786223208.847,682.99,30.64,4.429,1.61,0.156,334.0,222.0
2026-08-08T21:06:49.041317+00:00,1786223209.041,683.19,30.64,4.429,1.65,0.075,341.1,222.0
2026-08-08T21:06:49.238738+00:00,1786223209.239,683.39,31.26,4.4334,1.65,0.057,343.6,222.0
2026-08-08T21:06:50.780712+00:00,1786223210.781,684.93,31.06,4.4466,1.64,0.0,334.9,222.0
2026-08-08T21:06:50.985545+00:00,1786223210.986,685.13,34.16,4.4466,1.64,0.24,338.5,222.0
2026-08-08T21:06:51.209350+00:00,1786223211.209,685.36,33.19,4.451,1.67,-0.099,329.9,222.0
2026-08-08T21:06:51.595199+00:00,1786223211.595,685.74,34.4,4.4554,1.71,0.106,343.6,222.0
2026-08-08T21:06:51.792699+00:00,1786223211.793,685.94,34.4,4.4554,1.74,0.106,355.8,222.0
2026-08-08T21:06:51.991840+00:00,1786223211.992,686.14,38.46,4.4554,1.77,0.733,384.8,222.0
2026-08-08T21:06:52.187950+00:00,1786223212.188,686.33,32.23,4.4598,1.82,0.214,393.9,222.0
2026-08-08T21:06:52.393455+00:00,1786223212.393,686.54,31.88,4.4598,1.87,0.097,395.7,222.0
2026-08-08T21:06:52.599380+00:00,1786223212.599,686.75,31.8,4.4642,1.93,0.091,410.5,222.0
2026-08-08T21:06:52.805728+00:00,1786223212.806,686.95,39.13,4.4642,1.98,0.612,438.0,222.0
2026-08-08T21:06:53.002941+00:00,1786223213.003,687.15,39.13,4.4642,2.01,1.008,488.7,222.0
2026-08-08T21:06:53.210375+00:00,1786223213.21,687.36,32.48,4.4686,2.04,-0.21,503.9,233.1
2026-08-08T21:06:53.423126+00:00,1786223213.423,687.57,29.82,4.4686,2.07,-0.423,511.1,233.1
2026-08-08T21:06:53.798444+00:00,1786223213.798,687.94,31.74,4.473,2.09,-0.335,507.7,233.1
2026-08-08T21:06:54.012117+00:00,1786223214.012,688.16,31.74,4.473,2.12,-0.333,500.2,233.1
2026-08-08T21:06:54.209940+00:00,1786223214.21,688.36,28.92,4.4774,2.14,-1.195,471.2,233.1
2026-08-08T21:06:54.418543+00:00,1786223214.419,688.56,29.81,4.4774,2.17,-0.302,466.1,233.1
2026-08-08T21:06:55.568181+00:00,1786223215.568,689.71,35.72,4.4884,2.16,0.336,473.2,233.1
2026-08-08T21:06:55.762495+00:00,1786223215.762,689.91,35.72,4.4884,2.14,0.344,483.8,233.1
2026-08-08T21:06:55.981722+00:00,1786223215.982,690.13,34.26,4.4928,2.09,-0.425,475.0,233.1
2026-08-08T21:06:56.196050+00:00,1786223216.196,690.34,30.27,4.4928,2.03,-0.77,470.8,233.1
2026-08-08T21:06:56.399075+00:00,1786223216.399,690.55,30.07,4.4972,1.96,-0.21,467.4,233.1
2026-08-08T21:06:56.605275+00:00,1786223216.605,690.75,39.02,4.4972,1.88,0.803,501.7,222.0
2026-08-08T21:06:56.800969+00:00,1786223216.801,690.95,33.5,4.4972,1.8,0.163,507.9,222.0
2026-08-08T21:06:57.000983+00:00,1786223217.001,691.15,33.5,4.5016,1.73,0.164,513.7,222.0
2026-08-08T21:06:59.950466+00:00,1786223219.95,694.1,32.76,4.528,1.67,0.185,521.0,222.0
2026-08-08T21:07:00.156766+00:00,1786223220.157,694.3,29.97,4.528,1.62,0.0,509.6,222.0
2026-08-08T21:07:00.356118+00:00,1786223220.356,694.5,34.37,4.5324,1.55,-0.078,510.7,222.0
2026-08-08T21:07:00.551790+00:00,1786223220.552,694.7,34.37,4.5324,1.48,-0.078,503.6,222.0
2026-08-08T21:07:00.755278+00:00,1786223220.755,694.9,29.95,4.5324,1.4,-0.251,487.7,222.0
2026-08-08T21:07:01.122594+00:00,1786223221.123,695.27,30.09,4.5368,1.32,0.0,451.3,222.0
2026-08-08T21:07:01.353629+00:00,1786223221.354,695.5,30.61,4.5368,1.24,0.0,440.7,222.0
2026-08-08T21:07:01.553724+00:00,1786223221.554,695.7,30.61,4.5412,1.16,-0.472,420.0,222.0
2026-08-08T21:07:01.749475+00:00,1786223221.749,695.9,29.89,4.5412,1.09,-0.203,406.1,222.0
2026-08-08T21:07:01.950329+00:00,1786223221.95,696.1,29.79,4.5412,1.05,-0.209,364.4,222.0
2026-08-08T21:07:02.321446+00:00,1786223222.321,696.47,33.64,4.5478,1.01,0.104,319.9,222.0
2026-08-08T21:07:02.535985+00:00,1786223222.536,696.68,29.75,4.5478,0.96,0.0,318.8,222.0
2026-08-08T21:07:02.736824+00:00,1786223222.737,696.88,29.5,4.5522,0.92,-0.568,309.4,222.0
2026-08-08T21:07:02.940068+00:00,1786223222.94,697.09,30.02,4.5522,0.88,-0.506,297.9,222.0
2026-08-08T21:07:03.144494+00:00,1786223223.144,697.29,30.02,4.5522,0.83,0.0,300.1,222.0
2026-08-08T21:07:03.917832+00:00,1786223223.918,698.06,29.44,4.561,0.79,-0.064,324.5,222.0
2026-08-08T21:07:04.135790+00:00,1786223224.136,698.28,29.69,4.561,0.74,-0.091,323.6,222.0
2026-08-08T21:07:04.338708+00:00,1786223224.339,698.49,29.95,4.5654,0.69,-0.066,298.2,222.0
2026-08-08T21:07:04.539667+00:00,1786223224.54,698.69,29.95,4.5654,0.65,0.0,274.2,222.0
2026-08-08T21:07:04.736532+00:00,1786223224.736,698.88,29.24,4.5654,0.61,-0.055,274.8,222.0
2026-08-08T21:07:05.106853+00:00,1786223225.107,699.25,29.99,4.5698,0.56,-0.364,279.1,222.0
2026-08-08T21:07:05.318756+00:00,1786223225.319,699.47,29.99,4.5698,0.56,0.0,278.4,222.0
2026-08-08T21:07:05.517288+00:00,1786223225.517,699.66,26.97,4.5742,0.6,-0.253,226.3,222.0
2026-08-08T21:07:05.724875+00:00,1786223225.725,699.87,29.68,4.5742,0.68,0.0,212.7,222.0
2026-08-08T21:07:05.923143+00:00,1786223225.923,700.07,29.49,4.5742,14.0,-0.053,198.2,222.0
2026-08-08T21:07:06.123340+00:00,1786223226.123,700.27,29.49,4.5786,0.85,0.0,186.1,222.0
2026-08-08T21:07:08.458799+00:00,1786223228.459,702.61,26.98,4.594,0.95,-0.174,176.7,222.0
2026-08-08T21:07:08.659233+00:00,1786223228.659,702.81,28.59,4.5983,1.04,-0.087,169.7,222.0
2026-08-08T21:07:08.874077+00:00,1786223228.874,703.02,26.85,4.5983,1.09,-0.198,159.6,222.0
2026-08-08T21:07:09.072840+00:00,1786223229.073,703.22,26.85,4.6005,1.1,-0.153,159.3,222.0
2026-08-08T21:07:09.272483+00:00,1786223229.272,703.42,26.74,4.6005,1.08,-0.217,150.6,222.0
2026-08-08T21:07:09.473677+00:00,1786223229.474,703.62,26.74,4.6005,1.05,-0.218,141.7,222.0
2026-08-08T21:07:09.669535+00:00,1786223229.67,703.82,24.11,4.6049,1.06,-0.191,146.2,222.0
2026-08-08T21:07:09.878682+00:00,1786223229.879,704.03,26.42,4.6049,1.07,-0.218,144.1,222.0
2026-08-08T21:07:10.275082+00:00,1786223230.275,704.42,25.12,4.6093,1.07,-0.279,140.5,222.0
2026-08-08T21:07:10.468221+00:00,1786223230.468,704.61,25.12,4.6093,1.08,-0.28,125.2,222.0
2026-08-08T21:07:10.669965+00:00,1786223230.67,704.82,22.62,4.6115,1.03,-0.548,109.9,222.0
2026-08-08T21:07:10.879315+00:00,1786223230.879,705.03,23.6,4.6115,0.94,-0.625,108.4,222.0
2026-08-08T21:07:11.074961+00:00,1786223231.075,705.22,23.6,4.6115,0.81,-0.41,109.5,222.0
2026-08-08T21:07:11.278571+00:00,1786223231.279,705.42,23.6,4.6137,0.67,-0.41,96.3,222.0
2026-08-08T21:07:11.473285+00:00,1786223231.473,705.62,23.48,4.6137,0.54,-0.411,84.8,222.0
2026-08-08T21:07:11.868821+00:00,1786223231.869,706.02,23.19,4.6181,0.41,-0.412,73.8,222.0
2026-08-08T21:07:12.070478+00:00,1786223232.07,706.22,23.19,4.6181,0.28,-0.107,68.1,222.0
2026-08-08T21:07:12.272526+00:00,1786223232.272,706.42,19.79,4.6203,0.15,-0.77,47.5,222.0
2026-08-08T21:07:12.474497+00:00,1786223232.474,706.62,19.79,4.6203,0.02,-0.673,30.4,222.0
2026-08-08T21:07:12.674667+00:00,1786223232.675,706.82,19.79,4.6203,-0.12,-0.671,21.2,222.0
2026-08-08T21:07:12.877038+00:00,1786223232.877,707.02,17.5,4.6225,-0.29,-0.644,2.8,222.0
2026-08-08T21:07:13.085570+00:00,1786223233.086,707.23,17.5,4.6225,-0.48,-0.768,0.0,188.7
2026-08-08T21:07:13.483709+00:00,1786223233.484,707.63,17.92,4.6247,-0.67,-0.654,0.0,188.7
2026-08-08T21:07:13.688901+00:00,1786223233.689,707.84,17.92,4.6247,-0.86,-0.654,0.0,188.7
2026-08-08T21:07:13.885839+00:00,1786223233.886,708.03,17.92,4.6247,-1.05,-0.639,0.0,188.7
2026-08-08T21:07:14.091510+00:00,1786223234.091,708.24,14.94,4.6247,-1.21,-1.03,0.0,188.7
2026-08-08T21:07:14.288906+00:00,1786223234.289,708.44,14.94,4.6247,-1.36,-1.032,0.0,188.7
2026-08-08T21:07:14.832384+00:00,1786223234.832,708.98,13.4,4.6269,-1.46,-0.693,0.0,188.7
2026-08-08T21:07:15.041775+00:00,1786223235.042,709.19,13.4,4.6291,-1.57,-0.691,0.0,188.7
2026-08-08T21:07:15.239826+00:00,1786223235.24,709.39,13.4,4.6291,-1.67,-0.691,0.0,188.7
2026-08-08T21:07:15.444887+00:00,1786223235.445,709.59,12.76,4.6291,-1.82,-0.513,0.0,188.7
2026-08-08T21:07:15.828373+00:00,1786223235.828,709.97,12.76,4.6313,-2.0,-0.48,0.0,188.7
2026-08-08T21:07:16.028703+00:00,1786223236.029,710.18,12.76,4.6313,-2.14,-0.564,0.0,188.7
2026-08-08T21:07:16.228571+00:00,1786223236.229,710.37,12.76,4.6313,-2.24,-0.565,0.0,188.7
2026-08-08T21:07:16.826984+00:00,1786223236.827,710.97,11.4,4.6335,-2.31,-0.616,0.0,188.7
2026-08-08T21:07:17.028954+00:00,1786223237.029,711.18,11.4,4.6335,-2.33,-0.335,0.0,188.7
2026-08-08T21:07:17.227297+00:00,1786223237.227,711.37,11.4,4.6335,-2.3,-0.334,0.0,188.7
2026-08-08T21:07:17.430908+00:00,1786223237.431,711.58,10.44,4.6335,-2.22,-0.316,0.0,188.7
2026-08-08T21:07:17.631453+00:00,1786223237.631,711.78,10.44,4.6335,-2.11,-0.317,0.0,188.7
2026-08-08T21:07:18.186943+00:00,1786223238.187,712.33,10.44,4.6357,-1.99,-0.279,0.0,188.7
2026-08-08T21:07:18.387088+00:00,1786223238.387,712.53,10.44,4.6357,-1.85,-0.219,0.0,188.7
2026-08-08T21:07:18.589632+00:00,1786223238.59,712.74,9.22,4.6357,-1.7,-0.356,0.0,188.7
2026-08-08T21:07:18.785275+00:00,1786223238.785,712.93,9.22,4.6357,-1.57,-0.357,0.0,188.7
2026-08-08T21:07:18.997875+00:00,1786223238.998,713.14,9.22,4.6379,-1.39,-0.355,0.0,188.7
2026-08-08T21:07:19.199634+00:00,1786223239.2,713.35,9.22,4.6379,-1.17,-0.256,0.0,188.7
2026-08-08T21:07:19.399448+00:00,1786223239.399,713.55,9.22,4.6379,-0.87,-0.256,0.0,188.7
2026-08-08T21:07:19.596549+00:00,1786223239.597,713.74,8.58,4.6379,-0.49,-0.331,0.0,188.7
2026-08-08T21:07:19.974362+00:00,1786223239.974,714.12,8.58,4.6401,-0.04,-0.202,0.0,188.7
2026-08-08T21:07:20.371065+00:00,1786223240.371,714.52,8.6,4.6401,0.49,-0.186,0.0,188.7
2026-08-08T21:07:20.573107+00:00,1786223240.573,714.72,8.6,4.6423,1.06,-0.214,0.0,222.0
2026-08-08T21:07:20.769811+00:00,1786223240.77,714.92,8.6,4.6423,1.67,-0.214,0.0,222.0
2026-08-08T21:07:20.966305+00:00,1786223240.966,715.11,8.6,4.6423,2.29,-0.072,0.0,222.0
2026-08-08T21:07:21.167656+00:00,1786223241.168,715.31,8.29,4.6445,2.9,-0.109,0.0,222.0
2026-08-08T21:07:21.387349+00:00,1786223241.387,715.53,8.29,4.6445,3.51,-0.109,0.0,233.1
2026-08-08T21:07:21.593510+00:00,1786223241.593,715.74,8.29,4.6445,4.16,-0.108,0.0,233.1
2026-08-08T21:07:22.367542+00:00,1786223242.368,716.51,8.43,4.6467,4.9,-0.074,0.0,233.1
2026-08-08T21:07:22.567836+00:00,1786223242.568,716.71,8.43,4.6467,5.65,0.0,0.0,233.1
2026-08-08T21:07:22.769062+00:00,1786223242.769,716.92,8.43,4.6467,6.31,0.0,0.0,233.1
2026-08-08T21:07:22.971508+00:00,1786223242.971,717.12,8.56,4.6489,6.89,0.0,0.0,233.1
2026-08-08T21:07:23.179417+00:00,1786223243.179,717.33,8.56,4.6489,7.38,0.0,0.0,244.2
2026-08-08T21:07:23.385252+00:00,1786223243.385,717.53,8.56,4.6489,7.8,0.0,16.2,244.2
2026-08-08T21:07:23.580534+00:00,1786223243.581,717.73,8.56,4.6489,8.14,0.0,34.4,244.2
2026-08-08T21:07:24.183992+00:00,1786223244.184,718.33,8.96,4.6511,8.28,0.062,52.9,244.2
2026-08-08T21:07:24.380501+00:00,1786223244.38,718.53,9.94,4.6511,8.3,0.154,73.6,244.2
2026-08-08T21:07:24.586513+00:00,1786223244.586,718.73,9.94,4.6533,8.28,0.154,93.7,244.2
2026-08-08T21:07:24.786407+00:00,1786223244.786,718.93,9.94,4.6533,8.21,0.174,113.0,244.2
2026-08-08T21:07:24.985290+00:00,1786223244.985,719.13,10.3,4.6533,8.1,0.215,133.6,244.2
2026-08-08T21:07:25.200123+00:00,1786223245.2,719.35,10.3,4.6555,7.95,0.214,153.8,244.2
2026-08-08T21:07:25.403420+00:00,1786223245.403,719.55,10.3,4.6555,7.76,0.199,173.2,244.2
2026-08-08T21:07:26.170733+00:00,1786223246.171,720.32,11.86,4.6577,7.53,0.306,194.6,244.2
2026-08-08T21:07:26.373490+00:00,1786223246.373,720.52,11.86,4.6599,7.16,0.306,214.8,244.2
2026-08-08T21:07:26.571497+00:00,1786223246.571,720.72,11.86,4.6599,6.8,0.306,234.3,244.2
2026-08-08T21:07:26.770585+00:00,1786223246.771,720.92,12.81,4.6621,6.48,0.413,254.2,244.2
2026-08-08T21:07:26.969724+00:00,1786223246.97,721.12,12.81,4.6621,6.2,0.308,271.5,244.2
2026-08-08T21:07:27.171125+00:00,1786223247.171,721.32,12.81,4.6621,5.93,0.308,287.6,244.2
2026-08-08T21:07:27.369932+00:00,1786223247.37,721.52,13.8,4.6643,5.65,0.414,305.1,244.2
2026-08-08T21:07:27.573663+00:00,1786223247.574,721.72,13.8,4.6643,5.37,0.376,319.5,244.2
2026-08-08T21:07:27.776365+00:00,1786223247.776,721.92,14.07,4.6665,5.17,0.407,333.8,244.2
2026-08-08T21:07:27.975170+00:00,1786223247.975,722.12,14.07,4.6665,4.99,0.407,347.0,244.2
2026-08-08T21:07:28.173989+00:00,1786223248.174,722.32,14.07,4.6665,4.82,0.307,357.6,244.2
2026-08-08T21:07:28.386739+00:00,1786223248.387,722.53,14.45,4.6687,4.67,0.358,367.7,233.1
2026-08-08T21:07:28.592735+00:00,1786223248.593,722.74,14.45,4.6687,4.52,0.357,375.9,233.1
2026-08-08T21:07:28.789928+00:00,1786223248.79,722.94,14.86,4.6709,4.36,0.282,382.4,233.1
2026-08-08T21:07:28.995677+00:00,1786223248.996,723.14,14.86,4.6709,4.21,0.281,387.6,233.1
2026-08-08T21:07:29.206144+00:00,1786223249.206,723.35,14.86,4.6709,4.06,0.28,391.7,233.1
2026-08-08T21:07:29.406823+00:00,1786223249.407,723.55,15.07,4.6731,3.91,0.173,393.7,233.1
2026-08-08T21:07:29.611593+00:00,1786223249.612,723.76,15.07,4.6731,3.75,0.173,394.9,233.1
2026-08-08T21:07:30.576512+00:00,1786223250.576,724.72,16.92,4.6775,3.58,0.283,397.7,233.1
2026-08-08T21:07:30.771722+00:00,1786223250.772,724.92,16.92,4.6775,3.42,0.283,397.9,233.1
2026-08-08T21:07:30.969498+00:00,1786223250.969,725.12,16.92,4.6775,3.33,0.283,397.9,233.1
2026-08-08T21:07:31.182501+00:00,1786223251.182,725.33,17.35,4.6819,3.29,0.288,398.2,233.1
2026-08-08T21:07:31.392470+00:00,1786223251.392,725.54,17.35,4.6819,3.29,0.288,397.8,233.1
2026-08-08T21:07:31.599079+00:00,1786223251.599,725.75,16.9,4.6841,3.34,0.201,395.9,233.1
2026-08-08T21:07:31.799760+00:00,1786223251.8,725.95,16.9,4.6841,3.4,0.202,394.6,233.1
2026-08-08T21:07:32.010280+00:00,1786223252.01,726.16,17.21,4.6841,3.47,0.232,391.3,233.1
2026-08-08T21:07:32.776012+00:00,1786223252.776,726.92,19.17,4.6907,3.52,0.338,392.5,233.1
2026-08-08T21:07:32.990884+00:00,1786223252.991,727.14,19.17,4.6907,3.56,0.337,394.5,233.1
2026-08-08T21:07:33.192177+00:00,1786223253.192,727.34,18.22,4.6907,3.59,0.139,390.2,233.1
2026-08-08T21:07:33.395344+00:00,1786223253.395,727.54,18.22,4.6929,3.61,0.138,387.7,233.1
2026-08-08T21:07:33.590883+00:00,1786223253.591,727.74,18.5,4.6929,3.63,0.168,386.6,233.1
2026-08-08T21:07:33.796029+00:00,1786223253.796,727.94,18.5,4.6929,3.65,0.122,382.6,233.1
2026-08-08T21:07:34.166870+00:00,1786223254.167,728.31,19.99,4.6973,3.68,0.264,383.9,233.1
2026-08-08T21:07:34.380183+00:00,1786223254.38,728.53,19.95,4.6973,3.66,0.305,385.4,233.1
2026-08-08T21:07:34.582625+00:00,1786223254.583,728.73,19.95,4.6995,3.59,0.304,387.2,233.1
2026-08-08T21:07:34.778319+00:00,1786223254.778,728.92,19.85,4.6995,3.47,0.264,389.4,233.1
2026-08-08T21:07:34.981556+00:00,1786223254.982,729.13,20.41,4.6995,3.34,0.156,388.9,233.1
2026-08-08T21:07:35.182696+00:00,1786223255.183,729.33,20.41,4.7039,3.21,0.157,388.4,233.1
2026-08-08T21:07:35.782594+00:00,1786223255.783,729.93,21.58,4.7061,3.08,0.36,393.5,233.1
2026-08-08T21:07:35.979848+00:00,1786223255.98,730.13,21.58,4.7061,2.95,0.36,398.5,233.1
2026-08-08T21:07:36.178875+00:00,1786223256.179,730.33,21.59,4.7105,2.81,0.331,402.9,233.1
2026-08-08T21:07:36.387713+00:00,1786223256.388,730.53,21.59,4.7105,2.67,0.33,408.3,233.1
2026-08-08T21:07:36.593563+00:00,1786223256.594,730.74,21.44,4.7105,2.53,0.167,410.3,233.1
2026-08-08T21:07:36.968465+00:00,1786223256.968,731.11,23.85,4.7149,2.41,0.418,416.6,233.1
2026-08-08T21:07:37.967113+00:00,1786223257.967,732.11,23.16,4.7215,2.29,0.263,418.7,233.1
2026-08-08T21:07:38.165957+00:00,1786223258.166,732.31,23.72,4.7215,2.17,0.317,422.3,233.1
2026-08-08T21:07:38.369140+00:00,1786223258.369,732.52,23.72,4.7237,2.1,0.271,424.3,233.1
2026-08-08T21:07:38.570853+00:00,1786223258.571,732.72,23.88,4.7237,2.06,0.285,426.5,233.1
2026-08-08T21:07:38.769625+00:00,1786223258.77,732.92,23.88,4.7237,2.07,0.214,429.0,233.1
2026-08-08T21:07:38.968512+00:00,1786223258.968,733.11,21.74,4.7281,2.13,0.0,425.3,233.1
2026-08-08T21:07:39.173710+00:00,1786223259.174,733.32,21.74,4.7281,2.2,0.0,420.9,233.1
2026-08-08T21:07:39.982516+00:00,1786223259.983,734.13,23.09,4.7325,2.28,0.117,416.2,233.1
2026-08-08T21:07:40.178676+00:00,1786223260.179,734.33,23.09,4.7347,2.35,0.128,411.9,233.1
2026-08-08T21:07:40.383263+00:00,1786223260.383,734.53,21.75,4.7347,2.43,-0.17,405.2,233.1
2026-08-08T21:07:40.754910+00:00,1786223260.755,734.9,23.9,4.7391,2.51,0.074,405.2,233.1
2026-08-08T21:07:40.967241+00:00,1786223260.967,735.11,23.78,4.7391,2.6,0.0,403.1,233.1
2026-08-08T21:07:41.171356+00:00,1786223261.171,735.32,23.78,4.7413,2.69,0.0,401.9,233.1
2026-08-08T21:07:41.367160+00:00,1786223261.367,735.51,23.76,4.7413,2.78,0.0,397.1,233.1
2026-08-08T21:07:42.523705+00:00,1786223262.524,736.67,24.1,4.7501,2.87,0.0,392.1,233.1
2026-08-08T21:07:42.724879+00:00,1786223262.725,736.87,24.1,4.7501,2.96,0.175,391.7,233.1
2026-08-08T21:07:42.940117+00:00,1786223262.94,737.09,23.88,4.7523,3.0,0.158,392.0,233.1
2026-08-08T21:07:43.151303+00:00,1786223263.151,737.3,23.88,4.7523,3.01,0.069,392.2,233.1
2026-08-08T21:07:43.354017+00:00,1786223263.354,737.5,23.93,4.7567,2.98,0.073,392.9,233.1
2026-08-08T21:07:43.554669+00:00,1786223263.555,737.7,23.91,4.7567,2.94,0.189,391.2,233.1
2026-08-08T21:07:43.759188+00:00,1786223263.759,737.91,23.91,4.7567,2.89,0.0,385.7,233.1
2026-08-08T21:07:43.956604+00:00,1786223263.957,738.1,23.73,4.7611,2.85,0.0,380.9,233.1
2026-08-08T21:07:44.552176+00:00,1786223264.552,738.7,24.27,4.7633,2.81,0.0,376.8,233.1
2026-08-08T21:07:44.753622+00:00,1786223264.754,738.9,24.27,4.7633,2.77,0.0,376.5,233.1
2026-08-08T21:07:44.951243+00:00,1786223264.951,739.1,25.48,4.7677,2.73,0.158,373.5,233.1
2026-08-08T21:07:45.149423+00:00,1786223265.149,739.3,26.54,4.7677,2.68,0.279,378.9,233.1
2026-08-08T21:07:45.354392+00:00,1786223265.354,739.5,26.54,4.7677,2.63,0.306,383.4,233.1
2026-08-08T21:07:45.556323+00:00,1786223265.556,739.7,24.79,4.7721,2.58,0.104,382.5,233.1
2026-08-08T21:07:45.761396+00:00,1786223265.761,739.91,24.79,4.7721,2.54,0.099,380.9,233.1
2026-08-08T21:07:45.960351+00:00,1786223265.96,740.11,25.89,4.7743,2.49,0.229,384.8,233.1
2026-08-08T21:07:46.156075+00:00,1786223266.156,740.3,24.4,4.7743,2.43,0.057,389.0,233.1
2026-08-08T21:07:46.360612+00:00,1786223266.361,740.51,24.4,4.7743,2.42,0.077,393.4,233.1
2026-08-08T21:07:46.558780+00:00,1786223266.559,740.71,24.49,4.7787,2.41,0.0,392.4,233.1
2026-08-08T21:07:46.769496+00:00,1786223266.769,740.92,24.45,4.7787,2.4,0.0,390.8,233.1
2026-08-08T21:07:47.143597+00:00,1786223267.144,741.29,23.58,4.7809,2.43,-0.241,390.3,233.1
2026-08-08T21:07:47.353881+00:00,1786223267.354,741.5,23.58,4.7809,2.45,-0.373,380.1,233.1
2026-08-08T21:07:47.556537+00:00,1786223267.557,741.7,22.78,4.7853,2.48,-0.475,368.9,233.1
2026-08-08T21:07:47.769406+00:00,1786223267.769,741.92,24.14,4.7853,2.5,-0.08,366.7,233.1
2026-08-08T21:07:47.975694+00:00,1786223267.976,742.12,24.14,4.7853,2.53,-0.081,364.3,233.1
2026-08-08T21:07:48.738425+00:00,1786223268.738,742.88,25.35,4.7941,2.55,-0.055,362.8,233.1
2026-08-08T21:07:48.955642+00:00,1786223268.956,743.1,26.31,4.7941,2.58,0.19,363.9,233.1
2026-08-08T21:07:49.160895+00:00,1786223269.161,743.31,26.31,4.7963,2.61,0.19,365.5,233.1
2026-08-08T21:07:49.358876+00:00,1786223269.359,743.51,26.19,4.7963,2.65,0.168,368.6,233.1
2026-08-08T21:07:49.562085+00:00,1786223269.562,743.71,26.35,4.7963,2.67,0.189,372.4,233.1
2026-08-08T21:07:49.767378+00:00,1786223269.767,743.91,26.35,4.8007,2.7,0.293,376.5,233.1
2026-08-08T21:07:49.965635+00:00,1786223269.966,744.11,26.36,4.8007,2.73,0.296,385.1,233.1
2026-08-08T21:07:50.945425+00:00,1786223270.945,745.09,26.17,4.8095,2.77,0.278,393.5,233.1
2026-08-08T21:07:51.144768+00:00,1786223271.145,745.29,26.66,4.8095,2.8,0.207,400.5,233.1
2026-08-08T21:07:51.347380+00:00,1786223271.347,745.49,26.66,4.8117,2.79,0.207,407.7,233.1
2026-08-08T21:07:51.543477+00:00,1786223271.543,745.69,23.9,4.8117,2.75,-0.143,399.7,233.1
2026-08-08T21:07:51.748984+00:00,1786223271.749,745.9,26.76,4.8117,2.72,0.0,393.2,233.1
2026-08-08T21:07:51.949814+00:00,1786223271.95,746.1,26.76,4.8161,2.68,0.0,386.0,233.1
2026-08-08T21:07:52.531948+00:00,1786223272.532,746.68,26.78,4.8205,2.64,0.052,386.8,233.1
2026-08-08T21:07:52.732834+00:00,1786223272.733,746.88,26.34,4.8205,2.6,0.0,386.1,233.1
2026-08-08T21:07:52.928604+00:00,1786223272.929,747.08,27.44,4.8205,2.55,0.095,384.6,233.1
2026-08-08T21:07:53.131809+00:00,1786223273.132,747.28,27.44,4.8249,2.5,0.094,388.3,233.1
2026-08-08T21:07:53.343549+00:00,1786223273.344,747.49,26.46,4.8249,2.43,0.0,388.3,233.1
2026-08-08T21:07:53.551081+00:00,1786223273.551,747.7,26.39,4.8293,2.37,0.0,389.6,233.1
2026-08-08T21:07:53.752603+00:00,1786223273.752,747.9,26.39,4.8293,2.31,0.0,390.7,233.1
2026-08-08T21:07:53.945847+00:00,1786223273.946,748.09,26.37,4.8293,2.24,0.285,404.2,233.1
2026-08-08T21:07:54.149807+00:00,1786223274.15,748.3,26.14,4.8337,2.18,-0.072,411.5,233.1
2026-08-08T21:07:54.757091+00:00,1786223274.757,748.9,26.85,4.8381,2.11,0.0,423.1,233.1
2026-08-08T21:07:54.962416+00:00,1786223274.962,749.11,29.83,4.8381,2.05,0.349,437.2,233.1
2026-08-08T21:07:55.165095+00:00,1786223275.165,749.31,29.83,4.8403,2.03,0.4,452.5,233.1
2026-08-08T21:07:55.364826+00:00,1786223275.365,749.51,26.35,4.8403,2.01,-0.124,449.3,233.1
2026-08-08T21:07:55.567067+00:00,1786223275.567,749.71,26.92,4.8403,1.99,-0.059,441.3,233.1
2026-08-08T21:07:55.947610+00:00,1786223275.948,750.09,26.35,4.8447,1.97,0.0,434.0,222.0
2026-08-08T21:07:57.885577+00:00,1786223277.886,752.03,28.81,4.8578,1.95,0.155,433.3,222.0
2026-08-08T21:07:58.105644+00:00,1786223278.106,752.25,30.2,4.8622,1.93,0.243,435.4,222.0
2026-08-08T21:07:58.317673+00:00,1786223278.318,752.46,30.2,4.8622,1.95,0.244,435.1,222.0
2026-08-08T21:07:58.513393+00:00,1786223278.513,752.66,26.79,4.8666,2.02,0.0,425.3,222.0
2026-08-08T21:07:58.726010+00:00,1786223278.726,752.87,29.85,4.8666,2.1,0.21,424.6,233.1
2026-08-08T21:07:58.921337+00:00,1786223278.921,753.07,33.03,4.8666,2.18,0.224,429.4,233.1
2026-08-08T21:07:59.120853+00:00,1786223279.121,753.27,33.03,4.871,2.26,0.225,434.7,233.1
2026-08-08T21:08:00.472674+00:00,1786223280.473,754.62,28.68,4.8798,2.34,0.127,443.4,233.1
2026-08-08T21:08:00.667380+00:00,1786223280.667,754.81,27.57,4.8798,2.42,0.0,442.8,233.1
2026-08-08T21:08:00.889657+00:00,1786223280.89,755.04,27.57,4.8842,2.45,0.069,444.3,233.1
2026-08-08T21:08:01.100910+00:00,1786223281.101,755.25,26.66,4.8842,2.48,-0.186,437.7,233.1
2026-08-08T21:08:01.306716+00:00,1786223281.307,755.45,26.6,4.8886,2.5,-0.312,429.8,233.1
2026-08-08T21:08:01.509864+00:00,1786223281.51,755.66,29.56,4.8886,2.53,-0.056,427.7,233.1
2026-08-08T21:08:01.706332+00:00,1786223281.706,755.85,29.56,4.8886,2.55,0.241,434.0,233.1
2026-08-08T21:08:01.906103+00:00,1786223281.906,756.05,29.18,4.893,2.57,-0.058,435.3,233.1
2026-08-08T21:08:02.510199+00:00,1786223282.51,756.66,27.62,4.8974,2.6,-0.418,426.7,233.1
2026-08-08T21:08:02.716384+00:00,1786223282.716,756.86,29.72,4.8974,2.62,-0.256,423.9,233.1
2026-08-08T21:08:03.091589+00:00,1786223283.092,757.24,26.36,4.8996,2.6,-0.246,412.4,233.1
2026-08-08T21:08:03.304837+00:00,1786223283.305,757.45,26.7,4.8996,2.54,-0.091,413.9,233.1
2026-08-08T21:08:03.508153+00:00,1786223283.508,757.65,26.7,4.904,2.49,-0.092,413.0,233.1
2026-08-08T21:08:03.717273+00:00,1786223283.717,757.86,29.33,4.904,2.44,0.284,412.5,233.1
2026-08-08T21:08:05.093270+00:00,1786223285.093,759.24,28.47,4.915,2.38,0.137,405.5,233.1
2026-08-08T21:08:05.298506+00:00,1786223285.298,759.44,27.56,4.9172,2.33,-0.146,407.1,233.1
2026-08-08T21:08:05.504085+00:00,1786223285.504,759.65,27.56,4.9172,2.28,-0.146,406.6,233.1
2026-08-08T21:08:05.701186+00:00,1786223285.701,759.85,28.97,4.9216,2.25,0.0,409.9,233.1
2026-08-08T21:08:05.908411+00:00,1786223285.908,760.05,26.65,4.9216,2.21,-0.08,403.2,233.1
2026-08-08T21:08:06.109574+00:00,1786223286.11,760.26,29.31,4.9216,2.18,0.0,396.9,233.1
2026-08-08T21:08:06.480892+00:00,1786223286.481,760.63,26.52,4.926,2.14,0.0,387.9,233.1
2026-08-08T21:08:06.689655+00:00,1786223286.69,760.84,27.48,4.926,2.11,0.063,390.4,233.1
2026-08-08T21:08:06.893561+00:00,1786223286.894,761.04,27.48,4.9304,2.07,0.063,384.2,233.1
2026-08-08T21:08:07.090704+00:00,1786223287.091,761.24,25.92,4.9304,2.04,-0.28,363.8,233.1
2026-08-08T21:08:07.299488+00:00,1786223287.299,761.45,27.22,4.9304,2.0,-0.158,346.7,233.1
2026-08-08T21:08:07.493974+00:00,1786223287.494,761.64,27.22,4.9348,1.97,0.0,340.5,233.1
2026-08-08T21:08:10.599011+00:00,1786223290.599,764.75,33.86,4.9568,1.94,0.343,354.7,222.0
2026-08-08T21:08:10.805940+00:00,1786223290.806,764.95,28.0,4.9568,1.91,-0.053,349.6,222.0
2026-08-08T21:08:11.015593+00:00,1786223291.016,765.16,29.81,4.9612,1.85,0.172,358.8,222.0
2026-08-08T21:08:11.228915+00:00,1786223291.229,765.38,29.81,4.9612,1.79,0.0,365.9,222.0
2026-08-08T21:08:11.432099+00:00,1786223291.432,765.58,26.33,4.9656,1.73,0.0,361.4,222.0
2026-08-08T21:08:11.630300+00:00,1786223291.63,765.78,29.95,4.9656,1.66,0.139,354.9,222.0
2026-08-08T21:08:11.834629+00:00,1786223291.835,765.98,29.95,4.9656,1.62,0.139,356.6,222.0
2026-08-08T21:08:12.036713+00:00,1786223292.037,766.18,29.34,4.97,1.59,0.192,369.4,222.0
2026-08-08T21:08:12.234125+00:00,1786223292.234,766.38,26.64,4.97,1.56,0.0,369.3,222.0
2026-08-08T21:08:12.828644+00:00,1786223292.829,766.98,27.2,4.9744,1.52,0.0,371.4,222.0
2026-08-08T21:08:13.030207+00:00,1786223293.03,767.18,27.2,4.9766,1.49,-0.761,350.5,222.0
2026-08-08T21:08:13.226492+00:00,1786223293.226,767.37,28.87,4.9766,1.49,0.1,352.8,222.0
2026-08-08T21:08:13.428393+00:00,1786223293.428,767.57,27.37,4.9766,1.49,-0.281,332.3,222.0
2026-08-08T21:08:13.630526+00:00,1786223293.631,767.78,29.28,4.981,1.5,-0.062,323.7,222.0
2026-08-08T21:08:13.834990+00:00,1786223293.835,767.98,29.28,4.981,1.51,0.341,334.3,222.0
2026-08-08T21:08:14.039214+00:00,1786223294.039,768.19,27.71,4.9854,1.52,-0.259,328.3,222.0
2026-08-08T21:08:14.247004+00:00,1786223294.247,768.39,27.09,4.9854,1.54,-0.33,315.5,222.0
2026-08-08T21:08:14.446708+00:00,1786223294.447,768.59,27.09,4.9854,1.57,-0.259,308.6,222.0
2026-08-08T21:08:14.819532+00:00,1786223294.82,768.97,27.02,4.9898,1.62,0.0,304.3,222.0
2026-08-08T21:08:15.029750+00:00,1786223295.03,769.18,27.02,4.9898,1.67,0.0,302.7,222.0
2026-08-08T21:08:15.228383+00:00,1786223295.228,769.37,25.43,4.9942,1.71,-0.223,292.8,222.0
2026-08-08T21:08:15.434267+00:00,1786223295.434,769.58,26.57,4.9942,1.76,-0.29,282.0,222.0
2026-08-08T21:08:15.633521+00:00,1786223295.634,769.78,26.57,4.9942,1.81,-0.101,285.8,222.0
2026-08-08T21:08:16.441515+00:00,1786223296.442,770.59,28.48,5.003,1.85,-0.079,288.0,222.0
2026-08-08T21:08:16.645307+00:00,1786223296.645,770.79,26.91,5.003,1.9,-0.234,281.7,222.0
2026-08-08T21:08:16.851746+00:00,1786223296.852,771.0,26.91,5.0052,1.96,-0.078,263.1,222.0
2026-08-08T21:08:17.050146+00:00,1786223297.05,771.2,26.36,5.0052,1.98,-0.072,261.7,222.0
2026-08-08T21:08:17.252310+00:00,1786223297.252,771.4,26.33,5.0052,2.01,-0.075,253.1,222.0
2026-08-08T21:08:17.626262+00:00,1786223297.626,771.77,26.39,5.0096,2.03,-0.062,250.0,233.1
2026-08-08T21:08:17.835532+00:00,1786223297.836,771.98,26.38,5.0096,2.01,-0.064,249.6,233.1
2026-08-08T21:08:18.031645+00:00,1786223298.032,772.18,26.38,5.014,1.98,0.094,246.7,233.1
2026-08-08T21:08:18.236959+00:00,1786223298.237,772.38,24.54,5.014,1.96,-0.2,235.7,222.0
2026-08-08T21:08:18.449006+00:00,1786223298.449,772.6,25.83,5.014,1.93,-0.072,227.7,222.0
2026-08-08T21:08:19.415338+00:00,1786223299.415,773.56,27.76,5.0228,1.91,-0.067,228.3,222.0
2026-08-08T21:08:19.614911+00:00,1786223299.615,773.76,27.76,5.0228,1.88,0.079,232.2,222.0
2026-08-08T21:08:19.824744+00:00,1786223299.825,773.97,25.91,5.0272,1.85,-0.094,249.7,222.0
2026-08-08T21:08:20.034989+00:00,1786223300.035,774.18,26.39,5.0272,1.82,0.0,246.6,222.0
2026-08-08T21:08:20.237048+00:00,1786223300.237,774.38,26.39,5.0294,1.77,0.0,254.2,222.0
2026-08-08T21:08:20.434304+00:00,1786223300.434,774.58,23.72,5.0294,1.73,-0.265,247.2,222.0
2026-08-08T21:08:20.636453+00:00,1786223300.636,774.78,23.72,5.0294,1.69,-0.264,229.1,222.0
2026-08-08T21:08:20.833462+00:00,1786223300.833,774.98,23.73,5.0338,1.63,-0.262,227.8,222.0
2026-08-08T21:08:21.036336+00:00,1786223301.036,775.18,23.72,5.0338,1.58,-0.082,232.3,222.0
2026-08-08T21:08:21.831981+00:00,1786223301.832,775.98,23.17,5.0404,1.53,-0.219,231.4,222.0
2026-08-08T21:08:22.038076+00:00,1786223302.038,776.18,23.17,5.0404,1.47,-0.486,218.0,222.0
2026-08-08T21:08:22.238878+00:00,1786223302.239,776.39,23.25,5.0404,1.42,-0.477,204.3,222.0
2026-08-08T21:08:22.441370+00:00,1786223302.441,776.59,23.86,5.0426,1.32,-0.218,202.3,222.0
2026-08-08T21:08:22.644062+00:00,1786223302.644,776.79,23.86,5.0426,1.21,-0.27,199.6,222.0
2026-08-08T21:08:22.846256+00:00,1786223302.846,776.99,24.43,5.047,1.11,-0.209,193.2,222.0
2026-08-08T21:08:23.040881+00:00,1786223303.041,777.19,24.43,5.047,1.04,0.076,191.0,222.0
2026-08-08T21:08:23.245715+00:00,1786223303.246,777.39,21.47,5.047,1.0,-0.239,185.4,222.0
2026-08-08T21:08:23.440767+00:00,1786223303.441,777.59,21.47,5.0492,1.02,-0.241,175.8,222.0
2026-08-08T21:08:23.649455+00:00,1786223303.649,777.8,21.58,5.0492,1.07,-0.228,166.7,222.0
2026-08-08T21:08:23.856609+00:00,1786223303.857,778.0,21.58,5.0492,1.12,-0.218,158.0,222.0
2026-08-08T21:08:24.224782+00:00,1786223304.225,778.37,20.44,5.0536,1.18,-0.347,146.3,222.0
2026-08-08T21:08:25.236991+00:00,1786223305.237,779.38,20.44,5.0602,1.24,-0.261,136.6,222.0
2026-08-08T21:08:25.439004+00:00,1786223305.439,779.59,20.44,5.0602,1.29,-0.316,122.2,222.0
2026-08-08T21:08:25.641854+00:00,1786223305.642,779.79,21.1,5.0624,1.31,-0.256,117.4,222.0
2026-08-08T21:08:25.854692+00:00,1786223305.855,780.0,21.1,5.0624,1.31,-0.308,108.0,222.0
2026-08-08T21:08:26.051688+00:00,1786223306.052,780.2,19.64,5.0624,1.31,-0.442,94.6,222.0
2026-08-08T21:08:26.254921+00:00,1786223306.255,780.4,19.64,5.0646,1.35,-0.169,82.5,222.0
2026-08-08T21:08:26.454270+00:00,1786223306.454,780.6,21.15,5.0646,1.43,0.0,80.3,222.0
2026-08-08T21:08:26.656584+00:00,1786223306.657,780.8,21.2,5.0646,1.52,0.0,76.0,222.0
2026-08-08T21:08:26.857444+00:00,1786223306.857,781.0,21.2,5.069,1.6,0.0,72.1,222.0
2026-08-08T21:08:27.455811+00:00,1786223307.456,781.6,20.34,5.0712,1.65,0.0,75.7,222.0
2026-08-08T21:08:27.653536+00:00,1786223307.654,781.8,20.34,5.0712,1.66,0.0,79.5,222.0
2026-08-08T21:08:27.848940+00:00,1786223307.849,782.0,20.47,5.0712,1.66,0.0,83.5,222.0
2026-08-08T21:08:28.048021+00:00,1786223308.048,782.19,20.47,5.0756,1.65,-0.073,82.3,222.0
2026-08-08T21:08:28.255063+00:00,1786223308.255,782.4,21.52,5.0756,1.64,0.0,86.4,222.0
2026-08-08T21:08:28.459116+00:00,1786223308.459,782.61,21.52,5.0778,1.62,0.217,100.7,222.0
2026-08-08T21:08:28.657409+00:00,1786223308.657,782.8,20.02,5.0778,1.61,0.0,109.9,222.0
2026-08-08T21:08:28.860469+00:00,1786223308.86,783.01,20.02,5.0778,1.59,-0.131,111.2,222.0
2026-08-08T21:08:29.058294+00:00,1786223309.058,783.2,19.92,5.0822,1.62,-0.148,113.7,222.0
2026-08-08T21:08:29.461694+00:00,1786223309.462,783.61,21.09,5.0822,1.67,0.0,118.6,222.0
2026-08-08T21:08:29.664931+00:00,1786223309.665,783.81,21.19,5.0844,1.71,0.107,119.6,222.0
2026-08-08T21:08:29.868904+00:00,1786223309.869,784.02,21.19,5.0844,1.76,0.107,128.8,222.0
2026-08-08T21:08:30.066798+00:00,1786223310.067,784.21,21.36,5.0888,1.82,0.112,138.4,222.0
2026-08-08T21:08:30.271335+00:00,1786223310.271,784.42,21.36,5.0888,1.9,0.112,147.8,222.0
2026-08-08T21:08:30.472361+00:00,1786223310.472,784.62,21.59,5.0888,1.98,0.0,155.0,222.0
2026-08-08T21:08:30.850099+00:00,1786223310.85,785.0,21.56,5.091,2.07,0.0,165.1,222.0
2026-08-08T21:08:31.059476+00:00,1786223311.059,785.21,21.56,5.091,2.16,0.178,177.2,222.0
2026-08-08T21:08:31.261197+00:00,1786223311.261,785.41,21.57,5.0953,2.22,0.18,190.4,222.0
2026-08-08T21:08:31.464709+00:00,1786223311.465,785.61,22.01,5.0953,2.27,0.241,204.0,233.1
2026-08-08T21:08:31.665739+00:00,1786223311.666,785.81,22.01,5.0953,2.31,0.115,216.3,233.1
2026-08-08T21:08:32.264213+00:00,1786223312.264,786.41,22.26,5.0997,2.35,0.114,231.5,233.1
2026-08-08T21:08:32.467016+00:00,1786223312.467,786.61,22.26,5.1019,2.4,0.114,241.9,233.1
2026-08-08T21:08:32.666319+00:00,1786223312.666,786.81,23.03,5.1019,2.42,0.178,250.2,233.1
2026-08-08T21:08:32.872567+00:00,1786223312.873,787.02,23.62,5.1063,2.45,0.241,260.3,233.1
2026-08-08T21:08:33.068589+00:00,1786223313.069,787.21,23.62,5.1063,2.48,0.217,269.6,233.1
2026-08-08T21:08:33.269447+00:00,1786223313.269,787.42,24.25,5.1063,2.51,0.309,282.0,233.1
2026-08-08T21:08:33.474864+00:00,1786223313.475,787.62,24.25,5.1085,2.53,0.309,294.5,233.1
2026-08-08T21:08:33.672655+00:00,1786223313.673,787.82,22.76,5.1085,2.55,0.136,301.8,233.1
2026-08-08T21:08:33.867722+00:00,1786223313.868,788.01,22.76,5.1085,2.54,0.086,309.4,233.1
2026-08-08T21:08:34.066477+00:00,1786223314.066,788.21,23.34,5.1129,2.52,0.154,317.0,233.1
2026-08-08T21:08:34.262030+00:00,1786223314.262,788.41,22.79,5.1129,2.51,0.075,318.2,233.1
2026-08-08T21:08:34.466905+00:00,1786223314.467,788.61,22.79,5.1151,2.5,0.075,324.4,233.1
2026-08-08T21:08:34.668398+00:00,1786223314.668,788.81,22.22,5.1151,2.48,-0.113,328.8,233.1
2026-08-08T21:08:34.868619+00:00,1786223314.869,789.02,22.22,5.1151,2.47,-0.196,331.7,233.1
2026-08-08T21:08:35.066774+00:00,1786223315.067,789.21,21.58,5.1195,2.46,-0.284,328.9,233.1
2026-08-08T21:08:35.271153+00:00,1786223315.271,789.42,23.11,5.1195,2.44,-0.158,327.2,233.1
2026-08-08T21:08:35.469267+00:00,1786223315.469,789.62,23.11,5.1195,2.43,-0.158,325.3,233.1
2026-08-08T21:08:37.404415+00:00,1786223317.404,791.55,23.28,5.1349,2.43,0.0,326.5,233.1
2026-08-08T21:08:37.606481+00:00,1786223317.606,791.75,23.28,5.1349,2.43,0.0,327.4,233.1
2026-08-08T21:08:37.813320+00:00,1786223317.813,791.96,23.85,5.1349,2.42,0.0,330.5,233.1
2026-08-08T21:08:38.023731+00:00,1786223318.024,792.17,24.06,5.1371,2.4,0.093,335.4,233.1
2026-08-08T21:08:38.235835+00:00,1786223318.236,792.38,24.06,5.1371,2.37,0.093,336.4,233.1
2026-08-08T21:08:38.434659+00:00,1786223318.435,792.58,23.87,5.1415,2.34,0.122,337.5,233.1
2026-08-08T21:08:38.636913+00:00,1786223318.637,792.78,23.87,5.1415,2.31,0.122,336.7,233.1
2026-08-08T21:08:38.832497+00:00,1786223318.832,792.98,21.63,5.1415,2.28,0.0,334.0,233.1
2026-08-08T21:08:39.038848+00:00,1786223319.039,793.19,25.91,5.1459,2.25,0.206,338.8,233.1
2026-08-08T21:08:39.242830+00:00,1786223319.243,793.39,25.91,5.1459,2.22,0.206,343.4,233.1
2026-08-08T21:08:40.805359+00:00,1786223320.805,794.95,22.8,5.1547,2.18,0.0,338.6,233.1
2026-08-08T21:08:40.999543+00:00,1786223321.0,795.15,22.02,5.1547,2.15,-0.103,329.1,233.1
2026-08-08T21:08:41.207084+00:00,1786223321.207,795.35,22.02,5.1569,2.08,-0.149,318.8,233.1
2026-08-08T21:08:41.408158+00:00,1786223321.408,795.55,20.19,5.1569,2.01,-0.317,301.5,233.1
2026-08-08T21:08:41.606399+00:00,1786223321.606,795.75,20.19,5.1569,1.94,-0.319,283.9,233.1
2026-08-08T21:08:41.803211+00:00,1786223321.803,795.95,19.97,5.1613,1.86,-0.321,271.1,233.1
2026-08-08T21:08:42.009886+00:00,1786223322.01,796.16,19.97,5.1613,1.79,-0.321,259.1,222.0
2026-08-08T21:08:42.217915+00:00,1786223322.218,796.36,21.78,5.1613,1.73,0.0,251.9,222.0
2026-08-08T21:08:42.618611+00:00,1786223322.619,796.77,20.5,5.1635,1.68,-0.42,238.2,222.0
2026-08-08T21:08:42.813219+00:00,1786223322.813,796.96,20.5,5.1635,1.64,-0.421,224.3,222.0
2026-08-08T21:08:43.018611+00:00,1786223323.019,797.17,19.22,5.1657,1.56,-0.449,213.9,222.0
2026-08-08T21:08:43.220581+00:00,1786223323.221,797.37,19.22,5.1657,1.44,-0.351,206.6,222.0
2026-08-08T21:08:43.419514+00:00,1786223323.419,797.57,19.75,5.1701,1.31,-0.285,202.3,222.0
2026-08-08T21:08:43.620582+00:00,1786223323.621,797.77,19.75,5.1701,1.19,-0.055,198.6,222.0
2026-08-08T21:08:43.821190+00:00,1786223323.821,797.97,19.55,5.1701,1.11,-0.081,194.1,222.0
2026-08-08T21:08:44.193735+00:00,1786223324.194,798.34,19.55,5.1723,1.02,0.0,187.2,222.0
2026-08-08T21:08:44.402351+00:00,1786223324.402,798.55,18.36,5.1723,0.94,-0.187,176.5,222.0
2026-08-08T21:08:44.612952+00:00,1786223324.613,798.76,18.36,5.1745,0.89,-0.397,161.8,222.0
2026-08-08T21:08:44.810635+00:00,1786223324.811,798.96,18.19,5.1745,0.85,-0.293,146.5,222.0
2026-08-08T21:08:45.210289+00:00,1786223325.21,799.36,17.76,5.1767,0.81,-0.319,130.7,222.0
2026-08-08T21:08:45.404299+00:00,1786223325.404,799.55,17.76,5.1767,0.77,-0.17,117.0,222.0
2026-08-08T21:08:45.606078+00:00,1786223325.606,799.75,17.76,5.1789,0.73,-0.17,103.2,222.0
2026-08-08T21:08:45.805288+00:00,1786223325.805,799.95,-10.0,5.1789,0.7,-0.198,93.3,222.0
2026-08-08T21:08:46.008465+00:00,1786223326.008,800.15,18.06,5.1789,0.67,-0.197,75.4,222.0
2026-08-08T21:08:46.204065+00:00,1786223326.204,800.35,16.91,5.1833,0.64,-0.308,55.7,222.0
2026-08-08T21:08:46.407508+00:00,1786223326.407,800.55,16.91,5.1833,0.64,-0.331,42.9,222.0
2026-08-08T21:08:47.394116+00:00,1786223327.394,801.54,18.54,5.1877,0.69,0.0,38.6,222.0
2026-08-08T21:08:47.596838+00:00,1786223327.597,801.74,18.54,5.1877,0.74,0.0,35.7,222.0
2026-08-08T21:08:47.792810+00:00,1786223327.793,801.94,18.38,5.1921,0.83,0.0,37.2,222.0
2026-08-08T21:08:47.994025+00:00,1786223327.994,802.14,18.38,5.1921,0.9,0.062,40.2,222.0
2026-08-08T21:08:48.193201+00:00,1786223328.193,802.34,18.52,5.1921,0.98,0.076,44.1,222.0
2026-08-08T21:08:48.395619+00:00,1786223328.396,802.54,18.52,5.1943,1.06,0.076,48.5,222.0
2026-08-08T21:08:48.591001+00:00,1786223328.591,802.74,19.91,5.1943,1.16,0.185,49.1,222.0
2026-08-08T21:08:48.794116+00:00,1786223328.794,802.94,19.91,5.1965,1.27,0.185,58.8,222.0
2026-08-08T21:08:48.996212+00:00,1786223328.996,803.14,19.88,5.1965,1.39,0.295,71.1,222.0
2026-08-08T21:08:49.198562+00:00,1786223329.199,803.34,19.88,5.1965,1.52,0.295,84.7,222.0
2026-08-08T21:08:49.394795+00:00,1786223329.395,803.54,19.9,5.1987,1.65,0.188,95.4,222.0
2026-08-08T21:08:49.597362+00:00,1786223329.597,803.74,19.9,5.1987,1.79,0.188,105.6,222.0
2026-08-08T21:08:49.795081+00:00,1786223329.795,803.94,19.73,5.2031,1.93,0.188,112.3,222.0
2026-08-08T21:08:49.997502+00:00,1786223329.997,804.14,19.73,5.2031,2.08,0.188,120.2,222.0
2026-08-08T21:08:50.193850+00:00,1786223330.194,804.34,19.93,5.2031,2.22,0.196,127.7,222.0
2026-08-08T21:08:50.408090+00:00,1786223330.408,804.55,19.93,5.2053,2.35,0.195,139.4,233.1
2026-08-08T21:08:50.609078+00:00,1786223330.609,804.76,19.72,5.2053,2.47,0.0,151.5,233.1
2026-08-08T21:08:50.815169+00:00,1786223330.815,804.96,19.72,5.2075,2.56,0.0,162.3,233.1
2026-08-08T21:08:51.014128+00:00,1786223331.014,805.16,19.69,5.2075,2.62,0.0,173.8,233.1
2026-08-08T21:08:51.212138+00:00,1786223331.212,805.36,19.69,5.2075,2.68,0.0,183.1,233.1
2026-08-08T21:08:51.410181+00:00,1786223331.41,805.56,19.66,5.2119,2.73,0.0,192.7,233.1
2026-08-08T21:08:51.612141+00:00,1786223331.612,805.76,19.66,5.2119,2.77,0.0,202.9,233.1
2026-08-08T21:08:52.595075+00:00,1786223332.595,806.74,20.69,5.2185,2.8,0.095,215.7,233.1
2026-08-08T21:08:52.809324+00:00,1786223332.809,806.96,20.69,5.2185,2.81,0.094,230.6,233.1
2026-08-08T21:08:53.010529+00:00,1786223333.011,807.16,19.77,5.2207,2.8,0.0,243.4,233.1
2026-08-08T21:08:53.219977+00:00,1786223333.22,807.37,21.49,5.2207,2.79,0.154,254.6,233.1
2026-08-08T21:08:53.417690+00:00,1786223333.418,807.56,21.49,5.2207,2.76,0.175,265.9,233.1
2026-08-08T21:08:53.615730+00:00,1786223333.616,807.76,21.58,5.2251,2.72,0.184,277.2,233.1
2026-08-08T21:08:53.820310+00:00,1786223333.82,807.97,21.58,5.2251,2.69,0.187,287.2,233.1
2026-08-08T21:08:54.413901+00:00,1786223334.414,808.56,22.54,5.2273,2.66,0.247,298.7,233.1
2026-08-08T21:08:54.617735+00:00,1786223334.618,808.76,22.54,5.2273,2.64,0.249,309.9,233.1
2026-08-08T21:08:54.818382+00:00,1786223334.818,808.96,21.47,5.2317,2.63,0.156,315.3,233.1
2026-08-08T21:08:55.016329+00:00,1786223335.016,809.16,21.47,5.2317,2.61,0.089,318.9,233.1
2026-08-08T21:08:55.217225+00:00,1786223335.217,809.36,21.57,5.2339,2.6,0.102,320.4,233.1
2026-08-08T21:08:55.420522+00:00,1786223335.42,809.57,21.55,5.2339,2.58,0.205,323.5,233.1
2026-08-08T21:08:55.618963+00:00,1786223335.619,809.77,21.55,5.2339,2.56,0.0,324.0,233.1
2026-08-08T21:08:55.817673+00:00,1786223335.818,809.96,21.46,5.2383,2.55,0.0,323.9,233.1
2026-08-08T21:08:56.019193+00:00,1786223336.019,810.17,21.46,5.2383,2.53,0.0,323.5,233.1
2026-08-08T21:08:56.628499+00:00,1786223336.628,810.77,21.7,5.2405,2.51,0.0,322.7,233.1
2026-08-08T21:08:56.830043+00:00,1786223336.83,810.98,21.7,5.2405,2.51,-0.096,319.3,233.1
2026-08-08T21:08:57.030936+00:00,1786223337.031,811.18,21.75,5.2449,2.46,-0.091,315.5,233.1
2026-08-08T21:08:57.238912+00:00,1786223337.239,811.39,23.57,5.2449,2.41,0.242,323.2,233.1
2026-08-08T21:08:57.604405+00:00,1786223337.604,811.75,21.7,5.2471,2.36,0.0,323.8,233.1
2026-08-08T21:08:57.814901+00:00,1786223337.815,811.96,21.7,5.2471,2.31,0.0,324.2,233.1
2026-08-08T21:08:58.016239+00:00,1786223338.016,812.16,21.68,5.2515,2.26,0.0,324.1,233.1
2026-08-08T21:08:58.218519+00:00,1786223338.218,812.36,21.68,5.2515,2.21,0.0,323.8,233.1
2026-08-08T21:08:58.615641+00:00,1786223338.616,812.76,22.39,5.2537,2.16,0.093,325.6,233.1
2026-08-08T21:08:58.819803+00:00,1786223338.82,812.97,22.39,5.2537,2.11,0.093,324.6,233.1
2026-08-08T21:08:59.017907+00:00,1786223339.018,813.16,22.56,5.2581,2.06,0.1,323.6,233.1
2026-08-08T21:08:59.214852+00:00,1786223339.215,813.36,22.56,5.2581,2.02,0.1,325.0,233.1
2026-08-08T21:08:59.416195+00:00,1786223339.416,813.56,22.73,5.2581,1.97,0.115,322.4,233.1
2026-08-08T21:08:59.615235+00:00,1786223339.615,813.76,22.73,5.2603,1.92,-0.098,314.8,222.0
2026-08-08T21:08:59.820785+00:00,1786223339.821,813.97,21.47,5.2603,1.88,0.0,308.2,222.0
2026-08-08T21:09:00.023296+00:00,1786223340.023,814.17,23.73,5.2647,1.84,0.255,308.5,222.0
2026-08-08T21:09:00.224867+00:00,1786223340.225,814.37,23.73,5.2647,1.81,0.257,306.8,222.0
2026-08-08T21:09:00.434465+00:00,1786223340.434,814.58,23.72,5.2647,1.82,0.255,305.0,222.0
2026-08-08T21:09:00.810991+00:00,1786223340.811,814.96,21.66,5.2669,1.83,-0.093,297.5,222.0
2026-08-08T21:09:01.419586+00:00,1786223341.42,815.57,23.32,5.2713,1.85,0.098,296.4,222.0
2026-08-08T21:09:01.624226+00:00,1786223341.624,815.77,23.32,5.2713,1.86,0.08,294.7,222.0
2026-08-08T21:09:01.825808+00:00,1786223341.826,815.97,25.48,5.2757,1.88,0.311,298.1,222.0
2026-08-08T21:09:02.024468+00:00,1786223342.024,816.17,23.61,5.2757,1.89,0.093,299.2,222.0
2026-08-08T21:09:02.225991+00:00,1786223342.226,816.37,23.61,5.2779,1.9,0.093,300.4,222.0
2026-08-08T21:09:02.420861+00:00,1786223342.421,816.57,23.62,5.2779,1.9,0.23,304.7,222.0
2026-08-08T21:09:02.621444+00:00,1786223342.621,816.77,23.62,5.2779,1.9,0.0,303.8,222.0
2026-08-08T21:09:02.821340+00:00,1786223342.821,816.97,23.62,5.2823,1.91,0.0,304.9,222.0
2026-08-08T21:09:03.022472+00:00,1786223343.022,817.17,23.66,5.2823,1.91,0.0,306.1,222.0
2026-08-08T21:09:03.419087+00:00,1786223343.419,817.57,23.6,5.2845,1.92,0.207,303.5,222.0
2026-08-08T21:09:03.622832+00:00,1786223343.623,817.77,23.6,5.2845,1.92,0.0,303.2,222.0
2026-08-08T21:09:03.819037+00:00,1786223343.819,817.97,23.61,5.2889,1.9,0.0,303.0,222.0
2026-08-08T21:09:04.023180+00:00,1786223344.023,818.17,23.65,5.2889,1.88,-0.231,297.9,222.0
2026-08-08T21:09:04.227332+00:00,1786223344.227,818.37,23.65,5.2889,1.86,0.0,297.9,222.0
2026-08-08T21:09:04.427268+00:00,1786223344.427,818.57,24.43,5.2911,1.83,0.103,298.5,222.0
2026-08-08T21:09:04.630764+00:00,1786223344.631,818.78,24.43,5.2911,1.81,0.101,299.1,222.0
2026-08-08T21:09:04.829869+00:00,1786223344.83,818.98,25.26,5.2955,1.78,0.205,302.5,222.0
2026-08-08T21:09:05.027309+00:00,1786223345.027,819.17,23.65,5.2955,1.71,0.0,300.0,222.0
2026-08-08T21:09:05.226949+00:00,1786223345.227,819.37,23.65,5.2955,1.65,0.0,297.0,222.0
2026-08-08T21:09:05.422520+00:00,1786223345.422,819.57,23.12,5.2999,1.59,-0.066,296.7,222.0
2026-08-08T21:09:05.626435+00:00,1786223345.626,819.77,23.12,5.2999,1.53,-0.066,295.1,222.0
2026-08-08T21:09:05.823510+00:00,1786223345.823,819.97,22.4,5.2999,1.48,-0.168,283.9,222.0
2026-08-08T21:09:06.030323+00:00,1786223346.03,820.18,23.79,5.3043,1.42,0.0,276.9,222.0
2026-08-08T21:09:06.441028+00:00,1786223346.441,820.59,23.9,5.3043,1.37,0.0,269.7,222.0
2026-08-08T21:09:06.637742+00:00,1786223346.638,820.78,23.9,5.3065,1.31,-0.067,269.5,222.0
2026-08-08T21:09:06.836647+00:00,1786223346.837,820.98,22.51,5.3065,1.29,-0.242,259.9,222.0
2026-08-08T21:09:07.031511+00:00,1786223347.031,821.18,23.98,5.3109,1.27,-0.161,252.9,222.0
2026-08-08T21:09:07.239914+00:00,1786223347.24,821.39,23.98,5.3109,1.26,0.0,242.2,222.0
2026-08-08T21:09:07.447613+00:00,1786223347.448,821.59,23.59,5.3109,1.25,0.0,237.8,222.0
2026-08-08T21:09:07.827100+00:00,1786223347.827,821.97,23.64,5.3131,1.24,0.059,234.7,222.0
2026-08-08T21:09:08.029722+00:00,1786223348.03,822.18,23.88,5.3131,1.23,0.087,229.3,222.0
2026-08-08T21:09:08.229801+00:00,1786223348.23,822.38,23.88,5.3175,1.23,0.17,230.7,222.0
2026-08-08T21:09:08.831072+00:00,1786223348.831,822.98,25.8,5.3219,1.26,0.199,234.3,222.0
2026-08-08T21:09:09.028157+00:00,1786223349.028,823.17,23.64,5.3219,1.29,0.0,232.0,222.0
2026-08-08T21:09:09.242880+00:00,1786223349.243,823.39,23.64,5.3241,1.31,0.0,225.3,222.0
2026-08-08T21:09:09.444622+00:00,1786223349.445,823.59,23.56,5.3241,1.32,0.111,225.5,222.0
2026-08-08T21:09:09.644245+00:00,1786223349.644,823.79,23.56,5.3241,1.33,0.0,223.3,222.0
2026-08-08T21:09:09.845837+00:00,1786223349.846,823.99,23.53,5.3285,1.34,0.0,226.3,222.0
2026-08-08T21:09:10.048882+00:00,1786223350.049,824.2,23.52,5.3285,1.36,0.0,224.4,222.0
2026-08-08T21:09:10.642125+00:00,1786223350.642,824.79,24.38,5.3307,1.37,0.074,222.0,222.0
2026-08-08T21:09:10.844383+00:00,1786223350.844,824.99,23.1,5.3351,1.35,-0.077,215.5,222.0
2026-08-08T21:09:11.040865+00:00,1786223351.041,825.19,23.1,5.3351,1.31,-0.077,206.0,222.0
2026-08-08T21:09:11.238739+00:00,1786223351.239,825.39,23.25,5.3351,1.26,-0.293,197.9,222.0
2026-08-08T21:09:11.442447+00:00,1786223351.442,825.59,24.04,5.3373,1.21,0.0,196.5,222.0
2026-08-08T21:09:11.647831+00:00,1786223351.648,825.79,24.04,5.3373,1.17,0.0,196.8,222.0
2026-08-08T21:09:11.844471+00:00,1786223351.844,825.99,24.56,5.3416,1.12,0.116,200.1,222.0
2026-08-08T21:09:12.049953+00:00,1786223352.05,826.2,24.56,5.3416,1.06,0.116,205.9,222.0
2026-08-08T21:09:12.246366+00:00,1786223352.246,826.39,22.56,5.3416,1.0,-0.111,201.4,222.0
2026-08-08T21:09:12.449829+00:00,1786223352.45,826.6,22.56,5.3438,0.94,-0.111,196.8,222.0
2026-08-08T21:09:12.646298+00:00,1786223352.646,826.79,22.2,5.3438,0.9,-0.302,189.8,222.0
2026-08-08T21:09:12.849661+00:00,1786223352.85,827.0,22.2,5.346,0.88,-0.124,190.7,222.0
2026-08-08T21:09:13.055807+00:00,1786223353.056,827.2,21.91,5.346,0.88,-0.163,188.5,222.0
2026-08-08T21:09:13.254900+00:00,1786223353.255,827.4,21.82,5.346,0.88,-0.197,182.1,222.0
2026-08-08T21:09:13.453879+00:00,1786223353.454,827.6,21.82,5.3504,0.88,-0.306,173.7,222.0
2026-08-08T21:09:13.650192+00:00,1786223353.65,827.8,21.59,5.3504,0.88,-0.34,163.3,222.0
2026-08-08T21:09:13.855295+00:00,1786223353.855,828.0,21.59,5.3526,0.87,-0.409,150.8,222.0
2026-08-08T21:09:14.058344+00:00,1786223354.058,828.2,21.37,5.3526,0.89,-0.441,135.9,222.0
2026-08-08T21:09:14.260726+00:00,1786223354.261,828.41,21.37,5.3526,0.91,-0.165,124.3,222.0
2026-08-08T21:09:14.460490+00:00,1786223354.46,828.61,21.09,5.3548,0.93,-0.204,117.8,222.0
2026-08-08T21:09:14.662590+00:00,1786223354.663,828.81,21.09,5.3548,0.94,-0.154,112.3,222.0
2026-08-08T21:09:14.864594+00:00,1786223354.865,829.01,20.8,5.3592,0.93,-0.194,103.4,222.0
2026-08-08T21:09:15.059460+00:00,1786223355.059,829.21,20.8,5.3592,0.93,-0.154,97.7,222.0
2026-08-08T21:09:15.261931+00:00,1786223355.262,829.41,20.58,5.3592,0.93,-0.171,91.6,222.0
2026-08-08T21:09:15.460113+00:00,1786223355.46,829.61,20.58,5.3614,0.94,-0.171,85.4,222.0
2026-08-08T21:09:15.656058+00:00,1786223355.656,829.8,20.2,5.3614,0.95,-0.192,76.6,222.0
2026-08-08T21:09:15.862332+00:00,1786223355.862,830.01,20.2,5.3636,0.96,-0.192,72.0,222.0
2026-08-08T21:09:16.063175+00:00,1786223356.063,830.21,19.88,5.3636,0.93,-0.205,67.0,222.0
2026-08-08T21:09:16.264778+00:00,1786223356.265,830.41,19.88,5.3636,0.91,-0.206,66.8,222.0
2026-08-08T21:09:16.473475+00:00,1786223356.473,830.62,19.53,5.368,0.89,-0.215,59.7,222.0
2026-08-08T21:09:16.666954+00:00,1786223356.667,830.81,19.53,5.368,0.87,-0.216,52.7,222.0
2026-08-08T21:09:16.872534+00:00,1786223356.873,831.02,19.21,5.368,0.85,-0.22,42.8,222.0
2026-08-08T21:09:17.236820+00:00,1786223357.237,831.38,19.21,5.3702,0.83,-0.203,33.4,222.0
2026-08-08T21:09:17.443823+00:00,1786223357.444,831.59,17.93,5.3702,0.81,-0.337,27.6,222.0
2026-08-08T21:09:17.822743+00:00,1786223357.823,831.97,18.0,5.3724,0.79,-0.304,22.6,222.0
2026-08-08T21:09:18.031350+00:00,1786223358.031,832.18,18.0,5.3724,0.79,-0.258,22.4,222.0
2026-08-08T21:09:18.231050+00:00,1786223358.231,832.38,18.01,5.3768,0.81,-0.258,18.8,222.0
2026-08-08T21:09:18.633253+00:00,1786223358.633,832.78,18.01,5.3768,0.82,-0.203,17.0,222.0
2026-08-08T21:09:18.841121+00:00,1786223358.841,832.99,17.92,5.379,0.84,-0.212,15.8,222.0
2026-08-08T21:09:19.035004+00:00,1786223359.035,833.18,17.92,5.379,0.88,-0.175,17.5,222.0
2026-08-08T21:09:19.234928+00:00,1786223359.235,833.38,17.0,5.3812,0.91,-0.273,18.3,222.0
2026-08-08T21:09:19.435476+00:00,1786223359.435,833.58,17.0,5.3812,0.94,-0.239,21.1,222.0
2026-08-08T21:09:19.635555+00:00,1786223359.636,833.78,17.21,5.3812,0.98,-0.231,24.8,222.0
2026-08-08T21:09:19.838675+00:00,1786223359.839,833.99,17.21,5.3834,1.01,-0.084,25.4,222.0
2026-08-08T21:09:20.036925+00:00,1786223360.037,834.18,17.21,5.3834,1.04,-0.099,26.5,222.0
2026-08-08T21:09:21.018131+00:00,1786223361.018,835.16,16.96,5.3878,1.07,-0.097,26.8,222.0
2026-08-08T21:09:21.222004+00:00,1786223361.222,835.37,16.95,5.3878,1.11,-0.098,27.9,222.0
2026-08-08T21:09:21.425570+00:00,1786223361.426,835.57,16.95,5.39,1.1,-0.105,28.2,222.0
2026-08-08T21:09:21.621371+00:00,1786223361.621,835.77,16.19,5.39,1.08,-0.172,27.7,222.0
2026-08-08T21:09:21.825751+00:00,1786223361.826,835.97,16.19,5.39,1.06,-0.172,27.0,222.0
2026-08-08T21:09:22.191006+00:00,1786223362.191,836.34,17.16,5.3944,1.05,0.0,29.7,222.0
2026-08-08T21:09:22.399536+00:00,1786223362.4,836.55,17.16,5.3944,1.03,0.0,32.3,222.0
2026-08-08T21:09:22.775553+00:00,1786223362.776,836.92,16.08,5.3966,1.01,-0.1,33.4,222.0
2026-08-08T21:09:22.986482+00:00,1786223362.986,837.13,17.28,5.3966,0.99,0.0,36.4,222.0
2026-08-08T21:09:23.946357+00:00,1786223363.946,838.09,16.28,5.401,0.93,-0.066,38.2,222.0
2026-08-08T21:09:24.154775+00:00,1786223364.155,838.3,16.28,5.401,0.87,-0.06,40.0,222.0
2026-08-08T21:09:24.356837+00:00,1786223364.357,838.5,17.26,5.4054,0.86,0.0,43.2,222.0
2026-08-08T21:09:24.558879+00:00,1786223364.559,838.71,17.26,5.4054,0.89,0.0,46.3,222.0
2026-08-08T21:09:24.768003+00:00,1786223364.768,838.91,17.27,5.4054,0.94,0.095,53.5,222.0
2026-08-08T21:09:25.342708+00:00,1786223365.343,839.49,18.37,5.4076,1.0,0.172,62.2,222.0
2026-08-08T21:09:25.543965+00:00,1786223365.544,839.69,18.37,5.4098,1.06,0.101,69.1,222.0
2026-08-08T21:09:25.743415+00:00,1786223365.743,839.89,18.16,5.4098,1.12,0.083,75.7,222.0
2026-08-08T21:09:25.940056+00:00,1786223365.94,840.09,18.16,5.4098,1.24,0.183,83.4,222.0
2026-08-08T21:09:26.146231+00:00,1786223366.146,840.29,17.16,5.412,1.37,0.0,88.1,222.0
2026-08-08T21:09:26.355569+00:00,1786223366.356,840.5,17.16,5.412,1.5,0.101,94.0,222.0
2026-08-08T21:09:26.557858+00:00,1786223366.558,840.7,18.3,5.4164,1.63,0.233,104.7,222.0
2026-08-08T21:09:26.768789+00:00,1786223366.769,840.92,18.3,5.4164,1.76,0.119,113.3,222.0
2026-08-08T21:09:26.978735+00:00,1786223366.979,841.13,18.22,5.4164,1.89,0.11,121.8,222.0
2026-08-08T21:09:27.741428+00:00,1786223367.741,841.89,18.23,5.4208,2.02,0.09,127.9,222.0
2026-08-08T21:09:27.946008+00:00,1786223367.946,842.09,17.14,5.4208,2.16,-0.132,130.4,222.0
2026-08-08T21:09:28.147291+00:00,1786223368.147,842.29,17.14,5.4208,2.25,-0.132,133.0,222.0
2026-08-08T21:09:28.342976+00:00,1786223368.343,842.49,17.25,5.4252,2.26,-0.097,136.2,222.0
2026-08-08T21:09:28.549964+00:00,1786223368.55,842.7,17.25,5.4252,2.23,-0.097,139.4,233.1
2026-08-08T21:09:28.745949+00:00,1786223368.746,842.89,18.33,5.4252,2.16,0.126,148.0,233.1
2026-08-08T21:09:28.948936+00:00,1786223368.949,843.1,18.33,5.4274,2.09,0.126,156.4,233.1
2026-08-08T21:09:29.546032+00:00,1786223369.546,843.69,18.44,5.4296,2.03,0.0,159.8,233.1
2026-08-08T21:09:29.750305+00:00,1786223369.75,843.9,18.44,5.4296,1.96,0.0,162.9,233.1
2026-08-08T21:09:29.952814+00:00,1786223369.953,844.1,18.29,5.434,1.88,0.0,167.7,233.1
2026-08-08T21:09:30.158282+00:00,1786223370.158,844.3,18.29,5.434,1.82,0.0,170.5,222.0
2026-08-08T21:09:30.354784+00:00,1786223370.355,844.5,18.29,5.434,1.78,0.133,176.8,222.0
2026-08-08T21:09:30.556753+00:00,1786223370.557,844.7,19.42,5.4362,1.74,0.263,186.2,222.0
2026-08-08T21:09:30.758070+00:00,1786223370.758,844.9,19.42,5.4362,1.7,0.25,194.0,222.0
2026-08-08T21:09:30.962792+00:00,1786223370.963,845.11,18.3,5.4384,1.66,0.121,198.6,222.0
2026-08-08T21:09:31.156617+00:00,1786223371.157,845.3,18.3,5.4384,1.65,0.0,199.4,222.0
2026-08-08T21:09:31.362603+00:00,1786223371.363,845.51,18.27,5.4384,1.64,0.0,198.3,222.0
2026-08-08T21:09:31.560619+00:00,1786223371.561,845.71,18.27,5.4406,1.67,0.0,198.3,222.0
2026-08-08T21:09:31.763777+00:00,1786223371.764,845.91,18.26,5.4406,1.75,0.0,198.7,222.0
2026-08-08T21:09:31.957171+00:00,1786223371.957,846.1,18.26,5.4406,1.82,0.0,197.4,222.0
2026-08-08T21:09:32.337402+00:00,1786223372.337,846.48,18.21,5.445,1.9,0.0,199.3,222.0
2026-08-08T21:09:32.550424+00:00,1786223372.55,846.7,18.33,5.445,1.97,0.0,199.6,222.0
2026-08-08T21:09:32.746770+00:00,1786223372.747,846.89,18.33,5.4472,2.05,-0.138,194.6,222.0
2026-08-08T21:09:32.953739+00:00,1786223372.954,847.1,18.47,5.4472,2.13,-0.121,191.6,233.1
2026-08-08T21:09:33.150328+00:00,1786223373.15,847.3,18.47,5.4472,2.19,0.0,190.8,233.1
2026-08-08T21:09:33.550866+00:00,1786223373.551,847.7,19.43,5.4494,2.25,0.13,192.9,233.1
2026-08-08T21:09:33.744874+00:00,1786223373.745,847.89,19.43,5.4494,2.28,0.134,199.1,233.1
2026-08-08T21:09:33.952075+00:00,1786223373.952,848.1,19.1,5.4538,2.28,0.096,204.1,233.1
2026-08-08T21:09:34.146380+00:00,1786223374.146,848.29,19.1,5.4538,2.25,0.098,208.4,233.1
2026-08-08T21:09:34.348467+00:00,1786223374.348,848.49,18.3,5.456,2.19,0.0,210.5,233.1
2026-08-08T21:09:34.553177+00:00,1786223374.553,848.7,18.3,5.456,2.1,0.0,208.2,233.1
2026-08-08T21:09:34.762869+00:00,1786223374.763,848.91,18.25,5.456,2.01,0.0,205.7,233.1
2026-08-08T21:09:35.138482+00:00,1786223375.138,849.28,18.27,5.4582,1.92,0.0,205.3,233.1
2026-08-08T21:09:35.949100+00:00,1786223375.949,850.1,18.51,5.4604,1.83,0.0,205.0,222.0
2026-08-08T21:09:36.153928+00:00,1786223376.154,850.3,18.51,5.4648,1.74,0.0,204.7,222.0
2026-08-08T21:09:36.360178+00:00,1786223376.36,850.51,18.51,5.4648,1.69,-0.091,202.9,222.0
2026-08-08T21:09:36.560205+00:00,1786223376.56,850.71,17.44,5.467,1.68,-0.196,196.8,222.0
2026-08-08T21:09:36.761991+00:00,1786223376.762,850.91,17.44,5.467,1.67,-0.164,188.3,222.0
2026-08-08T21:09:36.955732+00:00,1786223376.956,851.1,18.24,5.467,1.66,-0.085,181.7,222.0
2026-08-08T21:09:37.154744+00:00,1786223377.155,851.3,18.24,5.4692,1.66,0.0,179.6,222.0
2026-08-08T21:09:37.352630+00:00,1786223377.353,851.5,18.19,5.4692,1.65,0.0,179.5,222.0
2026-08-08T21:09:37.548409+00:00,1786223377.548,851.69,18.19,5.4692,1.65,0.0,179.5,222.0
2026-08-08T21:09:37.745286+00:00,1786223377.745,851.89,18.19,5.4736,1.67,0.0,179.5,222.0
2026-08-08T21:09:38.149778+00:00,1786223378.15,852.3,18.4,5.4736,1.72,0.0,179.5,222.0
2026-08-08T21:09:38.354056+00:00,1786223378.354,852.5,18.4,5.4758,1.81,0.0,179.5,222.0
2026-08-08T21:09:38.559226+00:00,1786223378.559,852.71,18.21,5.4758,1.92,0.0,179.6,222.0
2026-08-08T21:09:38.941493+00:00,1786223378.941,853.09,18.21,5.478,2.02,0.089,181.1,222.0
2026-08-08T21:09:39.150497+00:00,1786223379.15,853.3,18.27,5.478,2.13,0.096,185.3,222.0
2026-08-08T21:09:39.355321+00:00,1786223379.355,853.5,18.27,5.4802,2.24,0.0,187.6,222.0
2026-08-08T21:09:39.555138+00:00,1786223379.555,853.7,18.27,5.4802,2.35,0.0,187.9,233.1
2026-08-08T21:09:39.957103+00:00,1786223379.957,854.1,18.31,5.4824,2.42,0.0,185.4,233.1
2026-08-08T21:09:40.150707+00:00,1786223380.151,854.3,18.31,5.4824,2.45,0.0,182.8,233.1
2026-08-08T21:09:40.350720+00:00,1786223380.351,854.5,18.32,5.4868,2.43,0.0,181.1,233.1
2026-08-08T21:09:40.555289+00:00,1786223380.555,854.7,18.32,5.4868,2.41,0.0,179.3,233.1
2026-08-08T21:09:40.752688+00:00,1786223380.753,854.9,18.06,5.4868,2.38,0.0,179.7,233.1
2026-08-08T21:09:40.953341+00:00,1786223380.953,855.1,18.06,5.489,2.36,0.0,180.3,233.1
2026-08-08T21:09:41.154655+00:00,1786223381.155,855.3,18.06,5.489,2.34,0.0,181.1,233.1
2026-08-08T21:09:41.755364+00:00,1786223381.755,855.9,19.19,5.4912,2.31,0.097,184.5,233.1
2026-08-08T21:09:41.958194+00:00,1786223381.958,856.1,19.19,5.4912,2.29,0.098,188.0,233.1
2026-08-08T21:09:42.159219+00:00,1786223382.159,856.31,18.24,5.4934,2.27,0.0,189.4,233.1
2026-08-08T21:09:42.367078+00:00,1786223382.367,856.51,18.24,5.4934,2.21,0.0,192.3,233.1
2026-08-08T21:09:42.744852+00:00,1786223382.745,856.89,18.2,5.4978,2.15,0.0,197.1,233.1
2026-08-08T21:09:42.954119+00:00,1786223382.954,857.1,18.27,5.4978,2.09,0.0,201.4,233.1
2026-08-08T21:09:43.158314+00:00,1786223383.158,857.3,18.27,5.5,2.04,0.0,203.9,233.1
2026-08-08T21:09:43.356815+00:00,1786223383.357,857.5,18.27,5.5,1.98,0.0,204.8,233.1
2026-08-08T21:09:44.765662+00:00,1786223384.766,858.91,18.96,5.5088,1.92,0.066,207.1,222.0
2026-08-08T21:09:44.964163+00:00,1786223384.964,859.11,18.96,5.5088,1.86,0.066,209.3,222.0
2026-08-08T21:09:45.172177+00:00,1786223385.172,859.32,18.25,5.5088,1.84,-0.076,208.5,222.0
2026-08-08T21:09:45.376054+00:00,1786223385.376,859.52,18.25,5.511,1.82,-0.076,207.4,222.0
2026-08-08T21:09:45.574021+00:00,1786223385.574,859.72,18.21,5.511,1.8,0.0,207.3,222.0
2026-08-08T21:09:45.773790+00:00,1786223385.774,859.92,18.21,5.511,1.79,0.0,207.0,222.0
2026-08-08T21:09:46.150011+00:00,1786223386.15,860.3,18.4,5.5154,1.81,0.0,205.0,222.0
2026-08-08T21:09:46.357600+00:00,1786223386.358,860.5,18.4,5.5154,1.84,0.0,202.6,222.0
2026-08-08T21:09:46.558673+00:00,1786223386.559,860.71,19.57,5.5176,1.86,0.106,204.1,222.0
2026-08-08T21:09:46.765672+00:00,1786223386.766,860.91,19.57,5.5176,1.89,0.106,205.4,222.0
2026-08-08T21:09:46.961202+00:00,1786223386.961,861.11,17.36,5.5176,1.92,-0.202,200.2,222.0
2026-08-08T21:09:47.760673+00:00,1786223387.761,861.91,18.83,5.5242,1.95,0.0,199.1,222.0
2026-08-08T21:09:47.958390+00:00,1786223387.958,862.1,18.83,5.5242,1.99,0.058,199.1,222.0
2026-08-08T21:09:48.161098+00:00,1786223388.161,862.31,18.32,5.5242,1.98,0.0,197.9,222.0
2026-08-08T21:09:48.533860+00:00,1786223388.534,862.68,18.4,5.5264,1.9,0.0,196.7,222.0
2026-08-08T21:09:48.744247+00:00,1786223388.744,862.89,18.4,5.5264,1.82,0.0,195.4,222.0
2026-08-08T21:09:48.945177+00:00,1786223388.945,863.09,18.46,5.5308,1.73,0.0,193.9,222.0
2026-08-08T21:09:49.346257+00:00,1786223389.346,863.49,19.97,5.5308,1.65,0.146,193.3,222.0
2026-08-08T21:09:49.547216+00:00,1786223389.547,863.69,19.97,5.533,1.56,0.0,189.7,222.0
2026-08-08T21:09:49.747322+00:00,1786223389.747,863.89,19.8,5.533,1.52,0.0,188.4,222.0
2026-08-08T21:09:49.947647+00:00,1786223389.948,864.09,19.8,5.5352,1.52,0.226,191.3,222.0
2026-08-08T21:09:50.149849+00:00,1786223390.15,864.3,19.16,5.5352,1.48,0.0,189.8,222.0
2026-08-08T21:09:50.352553+00:00,1786223390.353,864.5,19.16,5.5352,1.45,0.0,188.4,222.0
2026-08-08T21:09:50.548732+00:00,1786223390.549,864.7,19.16,5.5374,1.42,0.097,188.8,222.0
2026-08-08T21:09:50.747456+00:00,1786223390.747,864.89,19.54,5.5374,1.4,0.143,190.4,222.0
2026-08-08T21:09:50.951793+00:00,1786223390.952,865.1,19.54,5.5396,1.41,0.144,190.6,222.0
2026-08-08T21:09:51.149363+00:00,1786223391.149,865.3,19.45,5.5396,1.41,0.124,190.5,222.0
2026-08-08T21:09:51.346710+00:00,1786223391.347,865.49,19.45,5.5396,1.42,-0.072,189.9,222.0
2026-08-08T21:09:51.547139+00:00,1786223391.547,865.69,19.52,5.544,1.44,-0.062,189.5,222.0
2026-08-08T21:09:51.748320+00:00,1786223391.748,865.89,19.52,5.544,1.53,0.0,189.4,222.0
2026-08-08T21:09:51.948532+00:00,1786223391.949,866.09,19.44,5.5462,1.62,0.0,189.5,222.0
2026-08-08T21:09:52.150657+00:00,1786223392.151,866.3,19.44,5.5462,1.72,0.0,189.8,222.0
2026-08-08T21:09:52.357290+00:00,1786223392.357,866.5,19.5,5.5462,1.82,0.0,190.3,222.0
2026-08-08T21:09:52.556078+00:00,1786223392.556,866.7,19.5,5.5484,1.92,0.0,188.5,222.0
2026-08-08T21:09:52.753264+00:00,1786223392.753,866.9,19.52,5.5484,1.98,0.0,186.8,222.0
2026-08-08T21:09:52.950915+00:00,1786223392.951,867.1,19.52,5.5506,2.0,0.0,191.4,222.0
2026-08-08T21:09:53.147606+00:00,1786223393.148,867.29,18.46,5.5506,2.02,-0.137,189.1,222.0
2026-08-08T21:09:53.351460+00:00,1786223393.351,867.5,18.46,5.5506,2.04,-0.137,185.7,222.0
2026-08-08T21:09:53.546439+00:00,1786223393.546,867.69,18.49,5.555,2.06,-0.144,183.6,222.0
2026-08-08T21:09:53.759340+00:00,1786223393.759,867.91,18.49,5.555,2.07,-0.143,181.7,233.1
2026-08-08T21:09:53.965616+00:00,1786223393.966,868.11,18.53,5.555,2.06,-0.126,180.3,233.1
2026-08-08T21:09:54.732629+00:00,1786223394.733,868.88,19.67,5.5616,2.04,0.0,181.8,233.1
2026-08-08T21:09:54.947218+00:00,1786223394.947,869.09,19.67,5.5616,2.03,0.0,180.2,233.1
2026-08-08T21:09:55.149360+00:00,1786223395.149,869.3,18.75,5.5638,2.01,-0.081,179.5,233.1
2026-08-08T21:09:55.351556+00:00,1786223395.352,869.5,18.75,5.5638,2.0,-0.083,178.9,233.1
2026-08-08T21:09:55.546279+00:00,1786223395.546,869.69,19.98,5.5638,1.99,0.0,176.4,233.1
2026-08-08T21:09:55.934498+00:00,1786223395.934,870.08,19.97,5.566,1.98,0.15,181.1,222.0
2026-08-08T21:09:56.137293+00:00,1786223396.137,870.28,19.97,5.566,1.96,0.15,185.8,222.0
2026-08-08T21:09:56.333525+00:00,1786223396.333,870.48,19.92,5.5704,1.93,0.143,188.6,222.0
2026-08-08T21:09:56.540057+00:00,1786223396.54,870.69,19.92,5.5704,1.9,0.143,190.4,222.0
2026-08-08T21:09:56.748512+00:00,1786223396.748,870.89,19.91,5.5704,1.87,0.138,192.0,222.0
2026-08-08T21:09:57.519435+00:00,1786223397.519,871.67,20.15,5.5748,1.84,0.0,191.4,222.0
2026-08-08T21:09:57.720760+00:00,1786223397.721,871.87,20.15,5.5748,1.8,0.0,194.2,222.0
2026-08-08T21:09:57.915247+00:00,1786223397.915,872.06,19.99,5.5748,1.73,0.125,198.8,222.0
2026-08-08T21:09:58.126984+00:00,1786223398.127,872.27,19.99,5.5792,1.66,0.124,201.7,222.0
2026-08-08T21:09:58.333174+00:00,1786223398.333,872.48,19.79,5.5792,1.59,0.0,201.8,222.0
2026-08-08T21:09:58.537227+00:00,1786223398.537,872.68,19.79,5.5814,1.52,0.0,201.3,222.0
2026-08-08T21:09:58.733522+00:00,1786223398.733,872.88,19.71,5.5814,1.45,0.0,200.3,222.0
2026-08-08T21:09:58.937301+00:00,1786223398.937,873.08,19.71,5.5814,1.4,0.0,198.9,222.0
2026-08-08T21:09:59.135819+00:00,1786223399.136,873.28,19.71,5.5836,1.36,0.0,197.1,222.0
2026-08-08T21:10:00.134750+00:00,1786223400.135,874.28,19.08,5.5901,1.31,-0.068,193.6,222.0
2026-08-08T21:10:00.330956+00:00,1786223400.331,874.48,19.08,5.5901,1.27,-0.106,192.1,222.0
2026-08-08T21:10:00.534958+00:00,1786223400.535,874.68,19.14,5.5901,1.28,-0.099,190.8,222.0
2026-08-08T21:10:00.742578+00:00,1786223400.742,874.89,19.14,5.5923,1.33,-0.083,190.0,222.0
2026-08-08T21:10:00.938163+00:00,1786223400.938,875.08,18.2,5.5923,1.37,-0.176,187.3,222.0
2026-08-08T21:10:01.142428+00:00,1786223401.142,875.29,18.2,5.5945,1.41,-0.157,184.8,222.0
2026-08-08T21:10:01.340836+00:00,1786223401.341,875.49,18.25,5.5945,1.44,-0.153,179.7,222.0
2026-08-08T21:10:01.542941+00:00,1786223401.543,875.69,18.25,5.5945,1.48,-0.145,174.9,222.0
2026-08-08T21:10:01.746974+00:00,1786223401.747,875.89,18.4,5.5989,1.55,-0.129,172.6,222.0
2026-08-08T21:10:01.951653+00:00,1786223401.952,876.1,18.4,5.5989,1.62,-0.129,170.6,222.0
2026-08-08T21:10:02.752623+00:00,1786223402.753,876.9,19.44,5.6011,1.69,0.0,169.3,222.0
2026-08-08T21:10:02.955348+00:00,1786223402.955,877.1,19.33,5.6055,1.75,0.0,165.5,222.0
2026-08-08T21:10:03.153375+00:00,1786223403.153,877.3,19.33,5.6055,1.82,0.0,162.0,222.0
2026-08-08T21:10:03.352047+00:00,1786223403.352,877.5,19.82,5.6077,1.89,0.072,160.5,222.0
2026-08-08T21:10:03.555707+00:00,1786223403.556,877.7,19.82,5.6077,1.95,0.172,161.1,222.0
2026-08-08T21:10:03.760797+00:00,1786223403.761,877.91,19.85,5.6077,2.0,0.175,162.1,222.0
2026-08-08T21:10:04.129891+00:00,1786223404.13,878.28,19.85,5.6099,2.05,0.16,165.6,222.0
2026-08-08T21:10:04.339279+00:00,1786223404.339,878.49,18.29,5.6099,2.01,0.0,165.2,222.0
2026-08-08T21:10:04.542116+00:00,1786223404.542,878.69,18.29,5.6121,1.95,0.0,162.6,222.0
2026-08-08T21:10:04.739832+00:00,1786223404.74,878.89,18.25,5.6121,1.88,0.0,160.1,222.0
2026-08-08T21:10:04.943265+00:00,1786223404.943,879.09,18.25,5.6121,1.82,-0.151,157.5,222.0
2026-08-08T21:10:05.142821+00:00,1786223405.143,879.29,17.49,5.6165,1.76,-0.233,153.3,222.0
2026-08-08T21:10:05.548909+00:00,1786223405.549,879.7,18.08,5.6165,1.7,-0.145,150.8,222.0
2026-08-08T21:10:05.746461+00:00,1786223405.746,879.89,18.08,5.6187,1.64,-0.202,147.4,222.0
2026-08-08T21:10:05.941328+00:00,1786223405.941,880.09,18.27,5.6187,1.59,-0.181,144.4,222.0
2026-08-08T21:10:06.145865+00:00,1786223406.146,880.29,18.27,5.6209,1.56,-0.184,142.8,222.0
2026-08-08T21:10:06.342712+00:00,1786223406.343,880.49,18.27,5.6209,1.52,-0.199,141.7,222.0
2026-08-08T21:10:06.544535+00:00,1786223406.545,880.69,16.94,5.6209,1.49,-0.17,140.4,222.0
2026-08-08T21:10:06.746064+00:00,1786223406.746,880.89,16.94,5.6231,1.45,-0.17,138.6,222.0
2026-08-08T21:10:06.945581+00:00,1786223406.946,881.09,18.22,5.6231,1.42,0.0,141.7,222.0
2026-08-08T21:10:07.347215+00:00,1786223407.347,881.49,18.31,5.6253,1.4,0.0,144.4,222.0
2026-08-08T21:10:07.555354+00:00,1786223407.555,881.7,18.31,5.6253,1.39,0.095,148.4,222.0
2026-08-08T21:10:07.935692+00:00,1786223407.936,882.08,16.95,5.6275,1.41,-0.132,148.0,222.0
2026-08-08T21:10:08.144220+00:00,1786223408.144,882.29,16.95,5.6275,1.43,-0.131,147.2,222.0
2026-08-08T21:10:08.342480+00:00,1786223408.342,882.49,16.56,5.6319,1.46,-0.197,145.1,222.0
2026-08-08T21:10:08.547530+00:00,1786223408.548,882.69,16.56,5.6319,1.48,-0.197,140.2,222.0
2026-08-08T21:10:09.330213+00:00,1786223409.33,883.48,17.79,5.6341,1.5,0.0,138.7,222.0
2026-08-08T21:10:09.534952+00:00,1786223409.535,883.68,17.79,5.6363,1.52,0.079,138.4,222.0
2026-08-08T21:10:09.741390+00:00,1786223409.741,883.89,16.98,5.6363,1.55,0.0,134.7,222.0
2026-08-08T21:10:09.948602+00:00,1786223409.949,884.1,16.98,5.6385,1.6,-0.114,127.3,222.0
2026-08-08T21:10:10.149982+00:00,1786223410.15,884.3,16.95,5.6385,1.65,-0.135,119.5,222.0
2026-08-08T21:10:10.348939+00:00,1786223410.349,884.5,16.95,5.6385,1.7,-0.135,111.9,222.0
2026-08-08T21:10:10.550169+00:00,1786223410.55,884.7,16.95,5.6407,1.75,0.0,110.5,222.0
2026-08-08T21:10:10.748316+00:00,1786223410.748,884.89,16.95,5.6407,1.81,0.0,109.4,222.0
2026-08-08T21:10:11.545104+00:00,1786223411.545,885.69,17.26,5.6473,1.86,0.061,109.9,222.0
2026-08-08T21:10:11.745835+00:00,1786223411.746,885.89,17.26,5.6473,1.91,0.061,113.1,222.0
2026-08-08T21:10:11.947376+00:00,1786223411.947,886.09,17.35,5.6473,1.96,0.0,117.4,222.0
2026-08-08T21:10:12.151584+00:00,1786223412.152,886.3,17.35,5.6495,2.01,0.0,120.3,222.0
2026-08-08T21:10:12.358187+00:00,1786223412.358,886.5,17.35,5.6495,2.06,0.0,124.4,222.0
2026-08-08T21:10:12.742112+00:00,1786223412.742,886.89,16.88,5.6517,2.12,0.0,128.2,233.1
2026-08-08T21:10:12.950392+00:00,1786223412.95,887.1,16.94,5.6517,2.17,0.0,132.3,233.1
2026-08-08T21:10:13.151420+00:00,1786223413.151,887.3,16.94,5.6539,2.22,0.0,136.9,233.1
2026-08-08T21:10:13.348919+00:00,1786223413.349,887.5,18.21,5.6539,2.27,0.125,144.5,233.1
2026-08-08T21:10:13.761196+00:00,1786223413.761,887.91,17.55,5.6561,2.32,0.056,150.7,233.1
2026-08-08T21:10:13.950618+00:00,1786223413.951,888.1,17.55,5.6561,2.33,0.0,152.9,233.1
2026-08-08T21:10:14.150339+00:00,1786223414.15,888.3,17.91,5.6605,2.37,0.075,156.7,233.1
2026-08-08T21:10:14.353103+00:00,1786223414.353,888.5,17.91,5.6605,2.42,0.065,158.8,233.1
2026-08-08T21:10:14.554504+00:00,1786223414.554,888.7,18.27,5.6605,2.47,0.106,166.2,233.1
2026-08-08T21:10:14.759527+00:00,1786223414.759,888.91,18.27,5.6627,2.51,0.106,173.7,233.1
2026-08-08T21:10:14.953635+00:00,1786223414.954,889.1,19.82,5.6627,2.56,0.369,188.4,233.1
2026-08-08T21:10:15.353465+00:00,1786223415.353,889.5,20.26,5.6649,2.6,0.384,203.8,233.1
2026-08-08T21:10:15.557643+00:00,1786223415.558,889.7,20.26,5.6649,2.65,0.383,215.8,233.1
2026-08-08T21:10:15.756043+00:00,1786223415.756,889.9,20.49,5.6693,2.7,0.263,224.6,233.1
2026-08-08T21:10:15.952388+00:00,1786223415.952,890.1,20.49,5.6693,2.74,0.372,237.1,233.1
2026-08-08T21:10:16.153307+00:00,1786223416.153,890.3,20.61,5.6693,2.77,0.386,251.8,233.1
2026-08-08T21:10:16.359387+00:00,1786223416.359,890.51,20.61,5.6715,2.76,0.339,265.7,233.1
2026-08-08T21:10:16.559960+00:00,1786223416.56,890.71,20.89,5.6715,2.76,0.375,280.5,233.1
2026-08-08T21:10:16.762409+00:00,1786223416.762,890.91,20.89,5.6737,2.75,0.329,292.1,233.1
2026-08-08T21:10:16.966908+00:00,1786223416.967,891.11,21.13,5.6737,2.76,0.36,304.5,233.1
2026-08-08T21:10:17.171117+00:00,1786223417.171,891.32,21.5,5.6737,2.77,0.211,313.1,233.1
2026-08-08T21:10:17.366712+00:00,1786223417.367,891.51,21.5,5.6781,2.75,0.171,320.6,233.1
2026-08-08T21:10:17.567505+00:00,1786223417.567,891.71,21.07,5.6781,2.71,0.112,327.3,233.1
2026-08-08T21:10:17.773228+00:00,1786223417.773,891.92,21.07,5.6803,2.67,0.079,333.1,233.1
2026-08-08T21:10:17.974368+00:00,1786223417.974,892.12,20.73,5.6803,2.63,0.0,336.9,233.1
2026-08-08T21:10:18.171303+00:00,1786223418.171,892.32,20.73,5.6803,2.58,0.0,340.6,233.1
2026-08-08T21:10:18.368549+00:00,1786223418.369,892.51,20.66,5.6847,2.53,0.0,343.9,233.1
2026-08-08T21:10:18.570996+00:00,1786223418.571,892.72,20.66,5.6847,2.48,0.0,346.9,233.1
2026-08-08T21:10:18.767010+00:00,1786223418.767,892.91,20.38,5.6847,2.43,-0.07,345.3,233.1
2026-08-08T21:10:18.961141+00:00,1786223418.961,893.11,21.87,5.6891,2.39,0.103,349.4,233.1
2026-08-08T21:10:19.165276+00:00,1786223419.165,893.31,21.87,5.6891,2.35,0.051,353.2,233.1
2026-08-08T21:10:19.359764+00:00,1786223419.36,893.51,21.54,5.6891,2.36,0.0,354.2,233.1
2026-08-08T21:10:19.560942+00:00,1786223419.561,893.71,21.54,5.6913,2.36,0.066,356.5,233.1
2026-08-08T21:10:19.757891+00:00,1786223419.758,893.9,21.45,5.6913,2.37,0.053,357.5,233.1
2026-08-08T21:10:19.961887+00:00,1786223419.962,894.11,21.45,5.6913,2.35,0.099,359.2,233.1
2026-08-08T21:10:20.561168+00:00,1786223420.561,894.71,23.18,5.6957,2.33,0.284,360.1,233.1
2026-08-08T21:10:20.762822+00:00,1786223420.763,894.91,23.66,5.6979,2.31,0.348,361.8,233.1
2026-08-08T21:10:20.958764+00:00,1786223420.959,895.11,23.66,5.6979,2.28,0.349,363.4,233.1
2026-08-08T21:10:21.157245+00:00,1786223421.157,895.3,21.74,5.7023,2.23,0.158,360.8,233.1
2026-08-08T21:10:21.361222+00:00,1786223421.361,895.51,21.74,5.7023,2.18,0.0,352.8,233.1
2026-08-08T21:10:21.559322+00:00,1786223421.559,895.71,21.68,5.7023,2.13,0.0,344.0,233.1
2026-08-08T21:10:21.761285+00:00,1786223421.761,895.91,21.68,5.7045,2.09,0.0,336.1,233.1
2026-08-08T21:10:21.960492+00:00,1786223421.96,896.11,21.66,5.7045,2.04,0.0,327.0,233.1
2026-08-08T21:10:22.946679+00:00,1786223422.947,897.09,21.76,5.7111,2.0,0.0,318.8,233.1
2026-08-08T21:10:23.143588+00:00,1786223423.144,897.29,21.76,5.7111,1.96,0.0,309.5,233.1
2026-08-08T21:10:23.343213+00:00,1786223423.343,897.49,21.64,5.7155,1.94,-0.154,299.5,233.1
2026-08-08T21:10:23.551561+00:00,1786223423.552,897.7,23.94,5.7155,1.93,0.0,294.9,222.0
2026-08-08T21:10:23.746707+00:00,1786223423.747,897.89,23.94,5.7155,1.91,0.0,291.8,222.0
2026-08-08T21:10:23.944593+00:00,1786223423.945,898.09,23.9,5.7199,1.89,0.215,294.3,222.0
2026-08-08T21:10:24.157831+00:00,1786223424.158,898.3,23.9,5.7199,1.88,0.215,298.5,222.0
2026-08-08T21:10:24.958101+00:00,1786223424.958,899.1,25.03,5.7243,1.86,0.274,305.2,222.0
2026-08-08T21:10:25.158658+00:00,1786223425.159,899.31,26.23,5.7265,1.85,0.371,315.5,222.0
2026-08-08T21:10:25.360184+00:00,1786223425.36,899.51,26.23,5.7265,1.88,0.373,326.2,222.0
2026-08-08T21:10:25.559236+00:00,1786223425.559,899.71,23.71,5.7309,1.95,0.207,332.6,222.0
2026-08-08T21:10:25.765438+00:00,1786223425.765,899.91,23.71,5.7309,-12.0,0.207,335.0,222.0
2026-08-08T21:10:25.960768+00:00,1786223425.961,900.11,23.75,5.7309,-12.0,0.224,339.2,222.0
2026-08-08T21:10:26.348963+00:00,1786223426.349,900.5,26.38,5.7353,2.13,0.242,347.7,233.1
2026-08-08T21:10:26.550569+00:00,1786223426.551,900.7,23.73,5.7353,2.19,0.0,347.2,233.1
2026-08-08T21:10:26.749155+00:00,1786223426.749,900.9,24.97,5.7397,2.24,0.105,350.6,233.1
2026-08-08T21:10:26.954119+00:00,1786223426.954,901.1,24.97,5.7397,2.3,0.105,353.4,233.1
2026-08-08T21:10:27.554725+00:00,1786223427.555,901.7,25.95,5.7419,2.32,0.098,351.7,233.1
2026-08-08T21:10:27.761743+00:00,1786223427.762,901.91,26.47,5.7419,2.35,0.0,346.4,233.1
2026-08-08T21:10:28.137412+00:00,1786223428.137,902.28,23.81,5.7463,2.38,-0.242,334.0,233.1
2026-08-08T21:10:28.349768+00:00,1786223428.35,902.5,26.25,5.7463,2.42,0.253,341.0,233.1
2026-08-08T21:10:28.550038+00:00,1786223428.55,902.7,26.25,5.7507,2.46,0.253,351.4,233.1
2026-08-08T21:10:28.746992+00:00,1786223428.747,902.89,23.61,5.7507,2.51,0.0,354.1,233.1
2026-08-08T21:10:28.952404+00:00,1786223428.952,903.1,26.13,5.7507,2.55,0.0,359.0,233.1
2026-08-08T21:10:29.150549+00:00,1786223429.151,903.3,26.13,5.7551,2.55,0.257,370.3,233.1
2026-08-08T21:10:29.758847+00:00,1786223429.759,903.91,25.45,5.7595,2.54,0.0,375.0,233.1
2026-08-08T21:10:29.966544+00:00,1786223429.967,904.11,26.28,5.7595,2.54,0.121,383.3,233.1
2026-08-08T21:10:30.165843+00:00,1786223430.166,904.31,26.28,5.7617,2.51,0.0,391.8,233.1
2026-08-08T21:10:30.371195+00:00,1786223430.371,904.52,23.77,5.7617,2.44,-0.287,387.3,233.1
2026-08-08T21:10:30.569913+00:00,1786223430.57,904.72,26.27,5.7617,2.36,0.282,397.6,233.1
2026-08-08T21:10:30.941436+00:00,1786223430.941,905.09,23.92,5.7661,2.35,-0.25,389.0,233.1
2026-08-08T21:10:31.151769+00:00,1786223431.152,905.3,23.92,5.7661,2.33,-0.249,380.5,233.1
2026-08-08T21:10:31.348327+00:00,1786223431.348,905.49,23.73,5.7705,2.32,0.0,375.0,233.1
2026-08-08T21:10:31.553666+00:00,1786223431.554,905.7,24.48,5.7705,2.31,-0.177,362.6,233.1
2026-08-08T21:10:31.754843+00:00,1786223431.755,905.9,24.48,5.7705,2.29,-0.177,349.9,233.1
2026-08-08T21:10:32.557150+00:00,1786223432.557,906.7,23.98,5.7771,2.27,-0.146,343.5,233.1
2026-08-08T21:10:32.766830+00:00,1786223432.767,906.91,23.98,5.7771,2.24,-0.228,334.9,233.1
2026-08-08T21:10:33.121266+00:00,1786223433.121,907.27,23.93,5.7815,2.21,-0.221,325.7,233.1
2026-08-08T21:10:33.506927+00:00,1786223433.507,907.65,24.31,5.7859,2.17,0.0,318.4,233.1
2026-08-08T21:10:33.702013+00:00,1786223433.702,907.85,24.31,5.7859,2.11,-0.174,314.6,233.1
2026-08-08T21:10:33.904664+00:00,1786223433.905,908.05,25.84,5.7859,2.05,0.179,316.4,233.1
2026-08-08T21:10:34.107841+00:00,1786223434.108,908.25,24.38,5.7881,1.99,0.0,312.3,233.1
2026-08-08T21:10:34.318595+00:00,1786223434.319,908.46,24.38,5.7881,1.97,0.061,308.8,233.1
2026-08-08T21:10:34.520208+00:00,1786223434.52,908.67,24.08,5.7925,1.99,0.0,305.6,233.1
2026-08-08T21:10:34.723517+00:00,1786223434.723,908.87,24.08,5.7925,2.02,0.0,309.8,222.0
2026-08-08T21:10:34.918516+00:00,1786223434.918,909.06,23.93,5.7925,1.99,0.0,300.3,222.0
2026-08-08T21:10:35.120761+00:00,1786223435.121,909.27,24.06,5.7969,1.96,0.0,290.5,222.0
2026-08-08T21:10:35.324175+00:00,1786223435.324,909.47,24.06,5.7969,1.92,0.0,288.6,222.0
2026-08-08T21:10:36.502309+00:00,1786223436.502,910.65,25.56,5.8035,1.89,0.116,288.3,222.0
2026-08-08T21:10:36.704086+00:00,1786223436.704,910.85,26.65,5.8035,1.85,0.217,285.0,222.0
2026-08-08T21:10:36.908985+00:00,1786223436.909,911.06,26.65,5.8079,1.82,0.076,284.8,222.0
2026-08-08T21:10:37.102154+00:00,1786223437.102,911.25,23.85,5.8079,1.77,0.0,277.1,222.0
2026-08-08T21:10:37.308135+00:00,1786223437.308,911.45,23.85,5.8101,1.72,0.0,272.3,222.0
2026-08-08T21:10:37.517335+00:00,1786223437.517,911.66,23.86,5.8101,1.66,0.0,275.7,222.0
2026-08-08T21:10:37.719838+00:00,1786223437.72,911.87,26.56,5.8101,1.63,0.23,271.7,222.0
2026-08-08T21:10:38.093315+00:00,1786223438.093,912.24,23.85,5.8145,1.6,0.0,274.4,222.0
2026-08-08T21:10:39.072863+00:00,1786223439.073,913.22,25.51,5.8233,1.56,0.102,280.4,222.0
2026-08-08T21:10:39.286396+00:00,1786223439.286,913.43,26.6,5.8233,1.53,0.178,283.7,222.0
2026-08-08T21:10:39.491444+00:00,1786223439.491,913.64,26.6,5.8255,1.51,0.097,288.4,222.0
2026-08-08T21:10:39.691720+00:00,1786223439.692,913.84,24.12,5.8255,1.49,-0.236,283.9,222.0
2026-08-08T21:10:39.895997+00:00,1786223439.896,914.04,24.12,5.8255,1.47,-0.236,278.9,222.0
2026-08-08T21:10:40.265675+00:00,1786223440.266,914.41,24.3,5.8299,1.45,0.0,281.2,222.0
2026-08-08T21:10:40.689611+00:00,1786223440.69,914.84,27.63,5.8343,1.43,0.31,293.5,222.0
2026-08-08T21:10:40.887227+00:00,1786223440.887,915.03,27.63,5.8343,1.41,0.31,300.6,222.0
2026-08-08T21:10:41.091845+00:00,1786223441.092,915.24,24.33,5.8365,1.43,-0.183,297.9,222.0
2026-08-08T21:10:41.297335+00:00,1786223441.297,915.44,24.05,5.8365,1.46,0.0,290.1,222.0
2026-08-08T21:10:41.494253+00:00,1786223441.494,915.64,24.05,5.8365,1.5,-0.168,284.3,222.0
2026-08-08T21:10:41.864689+00:00,1786223441.865,916.01,23.74,5.8408,1.56,-0.308,274.2,222.0
2026-08-08T21:10:42.076679+00:00,1786223442.077,916.22,26.27,5.8408,1.6,0.0,274.1,222.0
2026-08-08T21:10:42.279773+00:00,1786223442.28,916.43,23.76,5.8452,1.63,0.0,272.5,222.0
2026-08-08T21:10:42.477583+00:00,1786223442.478,916.62,23.76,5.8452,1.67,0.0,271.2,222.0
2026-08-08T21:10:42.674358+00:00,1786223442.674,916.82,22.82,5.8452,1.71,-0.171,265.9,222.0
2026-08-08T21:10:43.280430+00:00,1786223443.28,917.43,25.14,5.8496,1.75,-0.267,259.7,222.0
2026-08-08T21:10:43.484932+00:00,1786223443.485,917.63,26.39,5.8518,1.77,-0.133,253.9,222.0
2026-08-08T21:10:43.688581+00:00,1786223443.689,917.83,26.39,5.8518,1.8,0.219,253.4,222.0
2026-08-08T21:10:43.890033+00:00,1786223443.89,918.04,25.22,5.8562,1.85,0.125,253.6,222.0
2026-08-08T21:10:44.093219+00:00,1786223444.093,918.24,26.36,5.8562,1.9,0.247,261.8,222.0
2026-08-08T21:10:44.293670+00:00,1786223444.294,918.44,26.36,5.8562,1.97,0.3,271.8,222.0
2026-08-08T21:10:44.493441+00:00,1786223444.493,918.64,26.36,5.8606,2.06,0.0,275.0,222.0
2026-08-08T21:10:44.696592+00:00,1786223444.697,918.84,26.18,5.8606,2.1,0.278,277.8,222.0
2026-08-08T21:10:44.895679+00:00,1786223444.896,919.04,26.18,5.8606,2.14,0.278,288.3,222.0
2026-08-08T21:10:45.279592+00:00,1786223445.28,919.43,26.33,5.865,2.14,0.375,297.9,233.1
2026-08-08T21:10:45.480333+00:00,1786223445.48,919.63,26.33,5.865,2.14,0.151,299.5,233.1
2026-08-08T21:10:45.677407+00:00,1786223445.677,919.82,24.99,5.8694,2.17,-0.177,294.6,233.1
2026-08-08T21:10:45.888653+00:00,1786223445.889,920.04,26.33,5.8694,2.19,0.0,304.1,233.1
2026-08-08T21:10:46.084376+00:00,1786223446.084,920.23,26.33,5.8694,2.21,0.141,317.2,233.1
2026-08-08T21:10:46.884209+00:00,1786223446.884,921.03,29.1,5.8782,2.23,0.272,331.3,233.1
2026-08-08T21:10:47.083941+00:00,1786223447.084,921.23,26.39,5.8782,2.25,0.0,325.9,233.1
2026-08-08T21:10:47.284227+00:00,1786223447.284,921.43,29.5,5.8826,2.3,0.312,331.9,233.1
2026-08-08T21:10:47.483260+00:00,1786223447.483,921.63,29.5,5.8826,2.34,0.331,352.7,233.1
2026-08-08T21:10:47.682460+00:00,1786223447.682,921.83,26.4,5.8826,2.35,0.0,357.9,233.1
2026-08-08T21:10:47.897195+00:00,1786223447.897,922.04,29.56,5.887,2.37,0.342,378.7,233.1
2026-08-08T21:10:48.093481+00:00,1786223448.093,922.24,29.56,5.887,2.36,0.343,402.5,233.1
2026-08-08T21:10:49.089630+00:00,1786223449.09,923.24,28.28,5.8958,2.34,0.268,414.2,233.1
2026-08-08T21:10:49.296658+00:00,1786223449.297,923.44,29.77,5.8958,2.32,0.28,429.3,233.1
2026-08-08T21:10:49.495114+00:00,1786223449.495,923.64,29.77,5.898,2.32,0.28,444.3,233.1
2026-08-08T21:10:49.700756+00:00,1786223449.701,923.85,26.73,5.898,2.35,-0.233,447.4,233.1
2026-08-08T21:10:49.905881+00:00,1786223449.906,924.05,30.0,5.898,2.39,0.355,470.0,233.1
2026-08-08T21:10:50.255449+00:00,1786223450.255,924.4,29.77,5.9046,2.42,0.0,478.8,233.1
2026-08-08T21:10:50.469067+00:00,1786223450.469,924.62,26.78,5.9046,2.46,-0.253,470.3,233.1
2026-08-08T21:10:50.673165+00:00,1786223450.673,924.82,27.97,5.909,2.49,0.146,475.9,233.1
2026-08-08T21:10:50.879786+00:00,1786223450.88,925.03,29.35,5.909,2.52,0.0,475.1,233.1
2026-08-08T21:10:51.074859+00:00,1786223451.075,925.22,29.35,5.909,2.55,0.0,472.8,233.1
2026-08-08T21:10:51.270976+00:00,1786223451.271,925.42,29.45,5.9134,2.57,0.149,481.6,233.1
2026-08-08T21:10:51.885606+00:00,1786223451.886,926.03,29.04,5.9178,2.58,-0.078,477.2,233.1
2026-08-08T21:10:52.090930+00:00,1786223452.091,926.24,29.62,5.9178,2.59,0.0,475.4,233.1
2026-08-08T21:10:52.288687+00:00,1786223452.289,926.44,29.65,5.9222,2.6,0.314,479.6,233.1
2026-08-08T21:10:52.486721+00:00,1786223452.487,926.63,29.65,5.9222,2.61,0.0,480.8,233.1
2026-08-08T21:10:52.687717+00:00,1786223452.688,926.83,26.61,5.9222,2.58,-0.361,478.9,233.1
2026-08-08T21:10:53.060117+00:00,1786223453.06,927.21,29.53,5.9266,2.56,0.295,491.3,233.1
2026-08-08T21:10:53.273312+00:00,1786223453.273,927.42,29.53,5.9266,2.52,0.167,496.5,233.1
2026-08-08T21:10:53.473870+00:00,1786223453.474,927.62,27.04,5.931,2.48,-0.247,482.3,233.1
2026-08-08T21:10:53.676476+00:00,1786223453.676,927.82,29.63,5.931,2.44,0.0,485.9,233.1
2026-08-08T21:10:54.074691+00:00,1786223454.075,928.22,29.19,5.9354,2.4,0.0,477.6,233.1
2026-08-08T21:10:54.272385+00:00,1786223454.272,928.42,29.9,5.9354,2.36,0.099,471.8,233.1
2026-08-08T21:10:54.477220+00:00,1786223454.477,928.62,29.44,5.9398,2.33,0.0,474.2,233.1
2026-08-08T21:10:54.676126+00:00,1786223454.676,928.82,29.44,5.9398,2.29,0.0,464.4,233.1
2026-08-08T21:10:54.871775+00:00,1786223454.872,929.02,26.31,5.9398,2.26,-0.389,442.4,233.1
2026-08-08T21:10:55.076155+00:00,1786223455.076,929.22,29.67,5.9442,2.23,0.355,445.9,233.1
2026-08-08T21:10:55.280460+00:00,1786223455.28,929.43,29.66,5.9442,2.19,0.0,437.4,233.1
2026-08-08T21:10:55.683105+00:00,1786223455.683,929.83,29.06,5.9486,2.16,-0.055,426.9,233.1
2026-08-08T21:10:55.889804+00:00,1786223455.89,930.04,29.69,5.9486,2.12,0.305,442.5,233.1
2026-08-08T21:10:56.259404+00:00,1786223456.259,930.41,29.66,5.953,2.06,0.0,430.8,233.1
2026-08-08T21:10:56.472927+00:00,1786223456.473,930.62,29.96,5.953,2.04,0.09,431.7,233.1
2026-08-08T21:10:56.678060+00:00,1786223456.678,930.82,29.65,5.9574,2.01,0.0,438.4,233.1
2026-08-08T21:10:56.884180+00:00,1786223456.884,931.03,29.17,5.9574,1.98,0.0,433.4,233.1
2026-08-08T21:10:57.293335+00:00,1786223457.293,931.44,28.94,5.9618,1.96,-0.053,429.0,222.0
2026-08-08T21:10:57.492189+00:00,1786223457.492,931.64,29.44,5.9618,1.93,0.332,435.3,222.0
2026-08-08T21:10:57.862497+00:00,1786223457.862,932.01,26.55,5.964,1.91,-0.311,418.3,222.0
2026-08-08T21:10:58.077044+00:00,1786223458.077,932.22,29.63,5.964,1.89,0.0,417.8,222.0
2026-08-08T21:10:58.279630+00:00,1786223458.28,932.43,29.33,5.9706,1.86,0.0,414.2,222.0
2026-08-08T21:10:58.477493+00:00,1786223458.477,932.62,29.33,5.9706,1.84,0.0,401.8,222.0
2026-08-08T21:11:00.062877+00:00,1786223460.063,934.21,28.79,5.9838,1.81,-0.064,395.8,222.0
2026-08-08T21:11:00.276912+00:00,1786223460.277,934.42,29.93,5.9838,1.79,0.0,403.9,222.0
2026-08-08T21:11:00.480051+00:00,1786223460.48,934.63,29.93,5.986,1.75,0.0,392.5,222.0
2026-08-08T21:11:00.677478+00:00,1786223460.677,934.82,29.12,5.986,1.71,0.0,383.9,222.0
2026-08-08T21:11:00.878631+00:00,1786223460.879,935.03,29.63,5.986,1.67,0.053,390.1,222.0
2026-08-08T21:11:01.082495+00:00,1786223461.082,935.23,29.56,5.9926,1.66,0.0,386.4,222.0
2026-08-08T21:11:01.282660+00:00,1786223461.283,935.43,29.56,5.9926,1.65,0.244,389.9,222.0
2026-08-08T21:11:02.857835+00:00,1786223462.858,937.0,28.36,6.0058,1.64,-0.074,380.7,222.0
2026-08-08T21:11:03.060729+00:00,1786223463.061,937.21,30.36,6.0058,1.62,0.06,379.8,222.0
2026-08-08T21:11:03.260876+00:00,1786223463.261,937.41,30.36,6.008,1.59,0.06,379.0,222.0
2026-08-08T21:11:03.458304+00:00,1786223463.458,937.6,26.86,6.008,1.55,-0.158,382.0,222.0
2026-08-08T21:11:03.664812+00:00,1786223463.665,937.81,30.05,6.008,1.51,0.0,369.2,222.0
2026-08-08T21:11:04.033239+00:00,1786223464.033,938.18,26.77,6.0124,1.47,-0.247,357.7,222.0
2026-08-08T21:11:06.209113+00:00,1786223466.209,940.36,29.16,6.0322,1.42,0.0,355.9,222.0
2026-08-08T21:11:06.412543+00:00,1786223466.413,940.56,30.75,6.0322,1.38,0.057,346.6,222.0
2026-08-08T21:11:06.617412+00:00,1786223466.617,940.76,29.74,6.0344,1.35,0.0,343.3,222.0
2026-08-08T21:11:06.813723+00:00,1786223466.814,940.96,29.74,6.0344,1.34,0.0,337.4,222.0
2026-08-08T21:11:07.012165+00:00,1786223467.012,941.16,29.77,6.0344,1.37,0.094,337.2,222.0
2026-08-08T21:11:07.386081+00:00,1786223467.386,941.53,29.89,6.041,1.4,0.0,335.0,222.0
2026-08-08T21:11:07.615687+00:00,1786223467.616,941.76,26.4,6.041,1.43,-0.252,326.1,222.0
2026-08-08T21:11:07.820081+00:00,1786223467.82,941.97,27.34,6.0454,1.45,0.0,313.4,222.0
2026-08-08T21:11:08.028766+00:00,1786223468.029,942.18,28.86,6.0454,1.48,-0.075,318.9,222.0
2026-08-08T21:11:08.434010+00:00,1786223468.434,942.58,28.99,6.0498,1.51,0.14,320.4,222.0
2026-08-08T21:11:08.639496+00:00,1786223468.639,942.79,31.04,6.0498,1.53,0.214,326.4,222.0
2026-08-08T21:11:08.843757+00:00,1786223468.844,942.99,29.38,6.0542,1.59,-0.158,321.0,222.0
2026-08-08T21:11:09.043768+00:00,1786223469.044,943.19,29.38,6.0542,1.63,0.0,322.3,222.0
2026-08-08T21:11:09.242361+00:00,1786223469.242,943.39,29.58,6.0542,1.67,0.0,321.5,222.0
2026-08-08T21:11:09.604356+00:00,1786223469.604,943.75,29.68,6.0586,1.72,0.0,321.2,222.0
2026-08-08T21:11:09.816617+00:00,1786223469.817,943.96,26.62,6.0586,1.76,-0.374,310.3,222.0
2026-08-08T21:11:10.021537+00:00,1786223470.022,944.17,27.09,6.063,1.81,0.08,309.5,222.0
2026-08-08T21:11:10.224271+00:00,1786223470.224,944.37,28.13,6.063,1.84,0.091,311.6,222.0
2026-08-08T21:11:10.420809+00:00,1786223470.421,944.57,28.13,6.063,1.85,-0.085,302.5,222.0
2026-08-08T21:11:11.426928+00:00,1786223471.427,945.57,31.7,6.0718,1.84,0.252,315.5,222.0
2026-08-08T21:11:11.633849+00:00,1786223471.634,945.78,30.16,6.0718,1.83,-0.081,312.4,222.0
2026-08-08T21:11:11.833300+00:00,1786223471.833,945.98,30.16,6.0762,1.81,0.073,313.7,222.0
2026-08-08T21:11:12.033586+00:00,1786223472.034,946.18,26.52,6.0762,1.8,-0.266,311.9,222.0
2026-08-08T21:11:12.238818+00:00,1786223472.239,946.39,29.66,6.0806,1.78,0.0,312.8,222.0
2026-08-08T21:11:12.434586+00:00,1786223472.435,946.58,29.42,6.0806,1.77,0.0,322.2,222.0
2026-08-08T21:11:12.636243+00:00,1786223472.636,946.78,29.42,6.0806,1.73,0.276,331.3,222.0
2026-08-08T21:11:13.008057+00:00,1786223473.008,947.15,27.81,6.085,1.69,0.067,330.6,222.0
2026-08-08T21:11:13.219809+00:00,1786223473.22,947.37,27.81,6.085,1.66,0.0,330.5,222.0
2026-08-08T21:11:13.425159+00:00,1786223473.425,947.57,25.78,6.0893,1.63,-0.217,323.8,222.0
2026-08-08T21:11:13.627051+00:00,1786223473.627,947.77,29.63,6.0893,1.6,-0.262,315.0,222.0
2026-08-08T21:11:15.387047+00:00,1786223475.387,949.53,28.86,6.1025,1.57,-0.096,312.4,222.0
2026-08-08T21:11:15.590878+00:00,1786223475.591,949.74,27.79,6.1025,1.54,-0.176,315.5,222.0
2026-08-08T21:11:15.796451+00:00,1786223475.796,949.94,27.79,6.1069,1.52,0.094,318.5,222.0
2026-08-08T21:11:16.006317+00:00,1786223476.006,950.15,26.63,6.1069,1.49,-0.223,313.5,222.0
2026-08-08T21:11:16.210787+00:00,1786223476.211,950.36,26.51,6.1113,1.47,-0.214,302.6,222.0
2026-08-08T21:11:16.410994+00:00,1786223476.411,950.56,29.42,6.1113,1.45,0.0,294.8,222.0
2026-08-08T21:11:16.610765+00:00,1786223476.611,950.76,29.42,6.1113,1.43,0.124,301.8,222.0
2026-08-08T21:11:16.809239+00:00,1786223476.809,950.96,26.18,6.1157,1.42,-0.126,295.6,222.0
2026-08-08T21:11:17.412546+00:00,1786223477.413,951.56,27.4,6.1201,1.4,0.113,295.6,222.0
2026-08-08T21:11:17.619116+00:00,1786223477.619,951.77,30.25,6.1201,1.39,0.0,294.5,222.0
2026-08-08T21:11:17.814553+00:00,1786223477.815,951.96,30.25,6.1223,1.39,0.159,309.2,222.0
2026-08-08T21:11:18.017658+00:00,1786223478.018,952.16,28.63,6.1223,1.38,0.097,309.0,222.0
2026-08-08T21:11:18.221386+00:00,1786223478.221,952.37,27.32,6.1223,1.38,-0.054,302.7,222.0
2026-08-08T21:11:18.419014+00:00,1786223478.419,952.57,27.32,6.1267,1.37,0.079,304.3,222.0
2026-08-08T21:11:18.622333+00:00,1786223478.622,952.77,26.57,6.1267,1.37,0.0,290.8,222.0
2026-08-08T21:11:18.995686+00:00,1786223478.996,953.14,26.38,6.1311,1.36,-0.327,280.2,222.0
2026-08-08T21:11:19.207772+00:00,1786223479.208,953.35,24.76,6.1311,1.36,-0.499,261.0,222.0
2026-08-08T21:11:19.413045+00:00,1786223479.413,953.56,25.91,6.1355,1.35,0.0,265.3,222.0
2026-08-08T21:11:19.617123+00:00,1786223479.617,953.76,27.21,6.1355,1.34,0.0,261.5,222.0
2026-08-08T21:11:19.825641+00:00,1786223479.826,953.97,27.21,6.1355,1.33,-0.383,248.3,222.0
2026-08-08T21:11:20.593561+00:00,1786223480.594,954.74,28.23,6.1443,1.32,-0.202,232.8,222.0
2026-08-08T21:11:20.789359+00:00,1786223480.789,954.94,30.02,6.1443,1.31,0.139,234.9,222.0
2026-08-08T21:11:20.993709+00:00,1786223480.994,955.14,30.02,6.1443,1.3,0.271,242.4,222.0
2026-08-08T21:11:21.200954+00:00,1786223481.201,955.35,26.36,6.1465,1.31,-0.096,244.3,222.0
2026-08-08T21:11:21.411417+00:00,1786223481.411,955.56,26.42,6.1465,1.31,0.0,248.0,222.0
2026-08-08T21:11:21.611396+00:00,1786223481.611,955.76,26.42,6.1509,1.33,0.0,247.8,222.0
2026-08-08T21:11:21.810493+00:00,1786223481.81,955.96,26.37,6.1509,1.34,0.172,254.7,222.0
2026-08-08T21:11:22.016666+00:00,1786223482.017,956.16,26.21,6.1509,1.36,0.0,250.6,222.0
2026-08-08T21:11:22.216452+00:00,1786223482.216,956.36,26.21,6.1553,1.38,-0.107,252.7,222.0
2026-08-08T21:11:23.372499+00:00,1786223483.372,957.52,26.8,6.1641,1.4,0.0,257.9,222.0
2026-08-08T21:11:23.574301+00:00,1786223483.574,957.72,28.89,6.1641,1.41,0.062,259.0,222.0
2026-08-08T21:11:23.778768+00:00,1786223483.779,957.93,27.41,6.1641,1.45,-0.243,248.0,222.0
2026-08-08T21:11:23.987246+00:00,1786223483.987,958.13,27.41,6.1685,1.48,-0.243,246.0,222.0
2026-08-08T21:11:24.192601+00:00,1786223484.193,958.34,26.65,6.1685,1.52,0.0,243.1,222.0
2026-08-08T21:11:24.399803+00:00,1786223484.4,958.55,26.62,6.1729,1.55,0.0,241.2,222.0
2026-08-08T21:11:24.597215+00:00,1786223484.597,958.74,26.62,6.1729,1.58,0.0,235.0,222.0
2026-08-08T21:11:24.797565+00:00,1786223484.798,958.94,29.19,6.1729,1.62,0.262,241.0,222.0
2026-08-08T21:11:25.000616+00:00,1786223485.001,959.15,26.16,6.1773,1.65,0.0,242.7,222.0
2026-08-08T21:11:25.405212+00:00,1786223485.405,959.55,26.77,6.1773,1.67,0.0,241.6,222.0
2026-08-08T21:11:25.605688+00:00,1786223485.606,959.75,26.92,6.1795,1.69,0.0,243.2,222.0
2026-08-08T21:11:25.806772+00:00,1786223485.807,959.95,29.49,6.1795,1.71,0.074,256.9,222.0
2026-08-08T21:11:26.009534+00:00,1786223486.01,960.16,29.49,6.1839,1.73,0.259,280.2,222.0
2026-08-08T21:11:26.215777+00:00,1786223486.216,960.36,26.37,6.1839,1.76,-0.13,279.0,222.0
2026-08-08T21:11:26.419312+00:00,1786223486.419,960.57,29.64,6.1839,1.78,0.373,293.0,222.0
2026-08-08T21:11:26.791327+00:00,1786223486.791,960.94,26.34,6.1883,1.81,0.0,304.0,222.0
2026-08-08T21:11:27.003689+00:00,1786223487.004,961.15,26.83,6.1883,1.85,0.0,310.6,222.0
2026-08-08T21:11:27.201057+00:00,1786223487.201,961.35,26.83,6.1927,1.87,-0.272,300.1,222.0
2026-08-08T21:11:27.400766+00:00,1786223487.401,961.55,25.27,6.1927,1.89,-0.103,289.2,222.0
2026-08-08T21:11:27.603140+00:00,1786223487.603,961.75,26.48,6.1927,1.9,0.0,294.1,222.0
2026-08-08T21:11:27.803823+00:00,1786223487.804,961.95,26.48,6.1971,1.92,-0.056,295.3,222.0
2026-08-08T21:11:28.606503+00:00,1786223488.606,962.75,28.34,6.2015,1.94,-0.114,296.3,222.0
2026-08-08T21:11:28.801704+00:00,1786223488.802,962.95,26.7,6.2015,1.96,-0.277,288.1,222.0
2026-08-08T21:11:29.005338+00:00,1786223489.005,963.15,26.7,6.2059,1.96,0.0,290.9,222.0
2026-08-08T21:11:29.201247+00:00,1786223489.201,963.35,26.4,6.2059,1.95,-0.324,288.0,222.0
2026-08-08T21:11:29.416526+00:00,1786223489.417,963.56,26.49,6.2103,1.95,0.0,290.1,222.0
2026-08-08T21:11:29.614026+00:00,1786223489.614,963.76,26.49,6.2103,1.94,0.0,289.0,222.0
2026-08-08T21:11:29.816049+00:00,1786223489.816,963.96,26.51,6.2103,1.93,0.0,296.5,222.0
2026-08-08T21:11:30.189710+00:00,1786223490.19,964.34,26.24,6.2147,1.9,0.097,305.9,222.0
2026-08-08T21:11:30.402072+00:00,1786223490.402,964.55,24.58,6.2147,1.87,-0.188,301.7,222.0
2026-08-08T21:11:30.606479+00:00,1786223490.606,964.75,25.88,6.2191,1.84,-0.06,300.9,222.0
2026-08-08T21:11:30.811792+00:00,1786223490.812,964.96,25.88,6.2191,1.79,-0.31,293.9,222.0
2026-08-08T21:11:31.610849+00:00,1786223491.611,965.76,27.4,6.2213,1.75,0.068,287.7,222.0
2026-08-08T21:11:31.808761+00:00,1786223491.809,965.96,27.4,6.2257,1.71,0.069,290.6,222.0
2026-08-08T21:11:32.014045+00:00,1786223492.014,966.16,23.87,6.2257,1.66,-0.25,283.1,222.0
2026-08-08T21:11:32.221945+00:00,1786223492.222,966.37,26.34,6.2301,1.62,0.0,282.5,222.0
2026-08-08T21:11:32.421173+00:00,1786223492.421,966.57,26.34,6.2301,1.58,0.0,277.6,222.0
2026-08-08T21:11:32.617357+00:00,1786223492.617,966.76,23.87,6.2301,1.53,-0.261,260.0,222.0
2026-08-08T21:11:32.992098+00:00,1786223492.992,967.14,26.24,6.2345,1.55,0.0,262.2,222.0
2026-08-08T21:11:33.206713+00:00,1786223493.207,967.35,24.13,6.2345,1.57,0.0,247.2,222.0
2026-08-08T21:11:33.406729+00:00,1786223493.407,967.55,25.43,6.2389,1.58,0.0,245.7,222.0
2026-08-08T21:11:33.612576+00:00,1786223493.613,967.76,25.43,6.2389,1.6,0.0,243.7,222.0
2026-08-08T21:11:33.819779+00:00,1786223493.82,967.97,26.2,6.2389,1.61,-0.151,245.3,222.0
2026-08-08T21:11:36.911419+00:00,1786223496.911,971.06,26.61,6.2631,1.65,0.0,247.7,222.0
2026-08-08T21:11:37.125423+00:00,1786223497.125,971.27,27.39,6.2631,1.69,0.191,252.2,222.0
2026-08-08T21:11:37.327599+00:00,1786223497.328,971.47,27.39,6.2653,1.71,0.057,254.8,222.0
2026-08-08T21:11:37.527326+00:00,1786223497.527,971.67,24.21,6.2653,1.74,-0.116,251.4,222.0
2026-08-08T21:11:37.728499+00:00,1786223497.728,971.87,29.99,6.2653,1.77,0.333,269.2,222.0
2026-08-08T21:11:37.929966+00:00,1786223497.93,972.08,29.99,6.2697,1.79,0.211,276.9,222.0
2026-08-08T21:11:38.129847+00:00,1786223498.13,972.28,26.56,6.2697,1.82,0.137,287.8,222.0
2026-08-08T21:11:38.725951+00:00,1786223498.726,972.87,25.61,6.2741,1.84,0.0,286.7,222.0
2026-08-08T21:11:38.930805+00:00,1786223498.931,973.08,26.22,6.2741,1.87,0.0,286.2,222.0
2026-08-08T21:11:39.130326+00:00,1786223499.13,973.28,26.22,6.2785,1.93,0.0,286.0,222.0
2026-08-08T21:11:39.336515+00:00,1786223499.336,973.48,26.54,6.2785,1.95,0.0,284.0,222.0
2026-08-08T21:11:39.540090+00:00,1786223499.54,973.69,26.03,6.2807,1.96,-0.156,285.9,222.0
2026-08-08T21:11:39.741941+00:00,1786223499.742,973.89,26.03,6.2807,1.98,-0.156,284.3,222.0
2026-08-08T21:11:39.942070+00:00,1786223499.942,974.09,26.21,6.2807,1.97,0.229,298.2,222.0
2026-08-08T21:11:40.318027+00:00,1786223500.318,974.46,23.83,6.2851,1.96,-0.661,280.3,222.0
2026-08-08T21:11:40.528089+00:00,1786223500.528,974.67,25.01,6.2851,1.96,-0.533,265.6,222.0
2026-08-08T21:11:40.727797+00:00,1786223500.728,974.87,25.01,6.2895,1.95,-0.166,269.1,222.0
2026-08-08T21:11:40.931092+00:00,1786223500.931,975.08,23.81,6.2895,1.95,-0.227,263.7,222.0
2026-08-08T21:11:41.130113+00:00,1786223501.13,975.28,26.32,6.2895,1.95,0.0,265.2,222.0
2026-08-08T21:11:41.328724+00:00,1786223501.329,975.48,26.32,6.2939,1.95,0.0,274.2,222.0
2026-08-08T21:11:42.686020+00:00,1786223502.686,976.83,28.2,6.3027,1.95,0.138,280.9,222.0
2026-08-08T21:11:42.886584+00:00,1786223502.887,977.03,28.2,6.3027,1.95,0.18,290.0,222.0
2026-08-08T21:11:43.102907+00:00,1786223503.103,977.25,26.45,6.3071,1.95,0.0,292.2,222.0
2026-08-08T21:11:43.312389+00:00,1786223503.312,977.46,26.65,6.3071,1.94,0.0,294.4,222.0
2026-08-08T21:11:43.513822+00:00,1786223503.514,977.66,26.37,6.3115,1.9,0.221,304.7,222.0
2026-08-08T21:11:43.717256+00:00,1786223503.717,977.86,26.37,6.3115,1.85,0.119,308.2,222.0
2026-08-08T21:11:43.922256+00:00,1786223503.922,978.07,26.43,6.3115,1.81,0.124,306.3,222.0
2026-08-08T21:11:44.873608+00:00,1786223504.874,979.02,26.06,6.3181,1.77,0.159,307.9,222.0
2026-08-08T21:11:45.078225+00:00,1786223505.078,979.22,27.37,6.3181,1.76,0.074,314.6,222.0
2026-08-08T21:11:45.282203+00:00,1786223505.282,979.43,27.37,6.3225,1.77,0.074,305.3,222.0
2026-08-08T21:11:45.479991+00:00,1786223505.48,979.63,26.09,6.3225,1.79,-0.21,291.4,222.0
2026-08-08T21:11:45.687675+00:00,1786223505.688,979.83,27.46,6.3269,1.8,-0.073,286.7,222.0
2026-08-08T21:11:45.900376+00:00,1786223505.9,980.05,27.46,6.3269,1.8,0.101,290.4,222.0
2026-08-08T21:11:46.098663+00:00,1786223506.099,980.25,26.45,6.3269,1.79,0.0,290.3,222.0
2026-08-08T21:11:46.299830+00:00,1786223506.3,980.45,29.41,6.3313,1.78,0.303,300.3,222.0
2026-08-08T21:11:46.500401+00:00,1786223506.5,980.65,29.41,6.3313,1.78,0.303,310.0,222.0
2026-08-08T21:11:46.709506+00:00,1786223506.709,980.86,24.34,6.3313,1.77,-0.208,307.2,222.0
2026-08-08T21:11:46.905415+00:00,1786223506.905,981.05,25.61,6.3356,1.76,-0.061,308.3,222.0
2026-08-08T21:11:47.308604+00:00,1786223507.309,981.46,26.28,6.3356,1.77,-0.137,298.7,222.0
2026-08-08T21:11:47.512440+00:00,1786223507.512,981.66,26.22,6.3378,1.78,-0.143,310.7,222.0
2026-08-08T21:11:47.712804+00:00,1786223507.713,981.86,26.22,6.3378,1.79,0.0,323.2,222.0
2026-08-08T21:11:47.915374+00:00,1786223507.915,982.06,28.69,6.3422,1.8,0.153,333.2,222.0
2026-08-08T21:11:48.119781+00:00,1786223508.12,982.27,26.37,6.3422,1.82,-0.137,336.1,222.0
2026-08-08T21:11:48.318534+00:00,1786223508.318,982.46,26.37,6.3422,1.86,0.0,335.8,222.0
2026-08-08T21:11:48.689881+00:00,1786223508.69,982.84,26.41,6.3466,1.86,-0.349,327.0,222.0
2026-08-08T21:11:48.897531+00:00,1786223508.898,983.04,26.41,6.3466,1.87,-0.348,313.2,222.0
2026-08-08T21:11:49.099390+00:00,1786223509.099,983.25,24.34,6.351,1.87,0.0,305.4,222.0
2026-08-08T21:11:49.304386+00:00,1786223509.304,983.45,25.84,6.351,1.9,0.0,304.7,222.0
2026-08-08T21:11:49.501119+00:00,1786223509.501,983.65,25.84,6.351,1.92,-0.055,302.8,222.0
2026-08-08T21:11:49.703301+00:00,1786223509.703,983.85,24.52,6.3554,1.95,-0.216,291.4,222.0
2026-08-08T21:11:50.315558+00:00,1786223510.316,984.46,28.37,6.3598,1.97,0.229,296.6,222.0
2026-08-08T21:11:50.520597+00:00,1786223510.521,984.67,26.72,6.3598,2.0,-0.21,289.4,222.0
2026-08-08T21:11:50.722400+00:00,1786223510.722,984.87,26.72,6.362,1.99,0.0,286.9,233.1
2026-08-08T21:11:50.919341+00:00,1786223510.919,985.07,26.47,6.362,1.97,0.0,285.3,233.1
2026-08-08T21:11:51.118533+00:00,1786223511.118,985.26,26.21,6.362,1.95,0.0,283.3,233.1
2026-08-08T21:11:51.505486+00:00,1786223511.505,985.65,26.33,6.3664,1.93,0.0,289.1,222.0
2026-08-08T21:11:51.704644+00:00,1786223511.705,985.85,26.5,6.3664,1.9,0.231,296.3,222.0
2026-08-08T21:11:51.908914+00:00,1786223511.909,986.06,26.5,6.3708,1.87,0.07,295.1,222.0
2026-08-08T21:11:52.108792+00:00,1786223512.109,986.26,24.49,6.3708,1.82,-0.144,290.6,222.0
2026-08-08T21:11:52.308364+00:00,1786223512.308,986.45,25.99,6.3708,1.77,0.157,283.5,222.0
2026-08-08T21:11:52.508396+00:00,1786223512.508,986.65,25.99,6.3752,1.73,-0.302,265.3,222.0
2026-08-08T21:11:53.659017+00:00,1786223513.659,987.81,26.84,6.384,1.68,0.0,271.3,222.0
2026-08-08T21:11:53.861087+00:00,1786223513.861,988.01,29.0,6.384,1.64,0.201,280.1,222.0
2026-08-08T21:11:54.065199+00:00,1786223514.065,988.21,27.23,6.384,1.59,0.067,285.0,222.0
2026-08-08T21:11:54.279635+00:00,1786223514.28,988.43,27.23,6.3884,1.55,0.089,290.4,222.0
2026-08-08T21:11:54.489044+00:00,1786223514.489,988.64,26.64,6.3884,1.53,0.0,289.7,222.0
2026-08-08T21:11:54.692860+00:00,1786223514.693,988.84,26.72,6.3928,1.51,0.0,282.9,222.0
2026-08-08T21:11:54.899282+00:00,1786223514.899,989.05,26.72,6.3928,1.52,0.0,285.3,222.0
2026-08-08T21:11:55.104264+00:00,1786223515.104,989.25,29.35,6.3928,1.55,0.451,298.4,222.0
2026-08-08T21:11:56.275719+00:00,1786223516.276,990.42,29.24,6.4016,1.58,0.227,313.9,222.0
2026-08-08T21:11:56.480493+00:00,1786223516.48,990.63,27.71,6.4038,1.61,0.12,325.4,222.0
2026-08-08T21:11:56.686508+00:00,1786223516.686,990.83,29.6,6.4038,1.64,0.253,335.1,222.0
2026-08-08T21:11:56.895370+00:00,1786223516.895,991.04,29.6,6.4082,1.68,0.055,338.5,222.0
2026-08-08T21:11:57.091201+00:00,1786223517.091,991.24,26.47,6.4082,1.71,-0.069,337.7,222.0
2026-08-08T21:11:57.284492+00:00,1786223517.284,991.43,29.75,6.4082,1.73,0.233,352.0,222.0
2026-08-08T21:11:57.482480+00:00,1786223517.482,991.63,29.75,6.4126,1.75,0.288,354.0,222.0
2026-08-08T21:11:57.677116+00:00,1786223517.677,991.82,26.52,6.4126,1.78,0.0,358.1,222.0
2026-08-08T21:11:57.880174+00:00,1786223517.88,992.03,26.92,6.4126,1.8,0.0,357.5,222.0
2026-08-08T21:11:58.077646+00:00,1786223518.078,992.22,26.92,6.417,1.82,-0.228,351.5,222.0
2026-08-08T21:11:58.281942+00:00,1786223518.282,992.43,25.37,6.417,1.84,-0.536,337.9,222.0
2026-08-08T21:11:58.481471+00:00,1786223518.481,992.63,26.68,6.417,1.83,-0.143,334.2,222.0
2026-08-08T21:12:00.597052+00:00,1786223520.597,994.74,28.78,6.4346,1.83,-0.058,328.4,222.0
2026-08-08T21:12:00.799359+00:00,1786223520.799,994.95,28.78,6.4346,1.82,-0.058,326.7,222.0
2026-08-08T21:12:01.001629+00:00,1786223521.002,995.15,26.94,6.439,1.82,0.0,331.7,222.0
2026-08-08T21:12:01.210822+00:00,1786223521.211,995.36,27.14,6.439,1.81,-0.185,324.2,222.0
2026-08-08T21:12:01.414626+00:00,1786223521.415,995.56,26.76,6.4434,1.8,-0.211,327.1,222.0
2026-08-08T21:12:01.615048+00:00,1786223521.615,995.76,26.76,6.4434,1.79,0.0,327.5,222.0
2026-08-08T21:12:01.812885+00:00,1786223521.813,995.96,29.5,6.4434,1.77,0.183,328.1,222.0
2026-08-08T21:12:02.015569+00:00,1786223522.016,996.16,26.4,6.4478,1.76,0.0,326.6,222.0
2026-08-08T21:12:02.222417+00:00,1786223522.222,996.37,26.4,6.4478,1.75,0.072,326.3,222.0
2026-08-08T21:12:03.396675+00:00,1786223523.397,997.54,26.11,6.4544,1.75,0.0,326.9,222.0
2026-08-08T21:12:03.596410+00:00,1786223523.596,997.74,27.48,6.4544,1.75,-0.121,325.4,222.0
2026-08-08T21:12:03.802358+00:00,1786223523.802,997.95,27.48,6.4588,1.72,-0.121,323.7,222.0
2026-08-08T21:12:04.010380+00:00,1786223524.01,998.16,23.98,6.4588,1.68,-0.273,302.2,222.0
2026-08-08T21:12:04.216292+00:00,1786223524.216,998.36,26.46,6.4632,1.64,-0.063,292.7,222.0
2026-08-08T21:12:04.418781+00:00,1786223524.419,998.57,26.46,6.4632,1.6,0.0,288.7,222.0
2026-08-08T21:12:04.613332+00:00,1786223524.613,998.76,26.64,6.4632,1.55,0.0,279.2,222.0
2026-08-08T21:12:04.991027+00:00,1786223524.991,999.14,26.53,6.4676,1.51,-0.26,268.4,222.0
2026-08-08T21:12:05.205005+00:00,1786223525.205,999.35,24.37,6.4676,1.47,-0.176,263.8,222.0
2026-08-08T21:12:05.409221+00:00,1786223525.409,999.56,25.68,6.472,1.43,-0.062,251.6,222.0
2026-08-08T21:12:05.603129+00:00,1786223525.603,999.75,25.68,6.472,1.39,-0.055,237.9,222.0
2026-08-08T21:12:05.803846+00:00,1786223525.804,999.95,26.58,6.472,1.35,-6.0,233.5,222.0
2026-08-08T21:12:06.406300+00:00,1786223526.406,1000.55,27.54,6.4764,1.31,0.0,231.8,222.0
2026-08-08T21:12:06.601289+00:00,1786223526.601,1000.75,27.54,6.4786,1.28,0.381,245.3,222.0
2026-08-08T21:12:06.805636+00:00,1786223526.806,1000.95,25.82,6.4786,1.25,-0.068,254.2,222.0
2026-08-08T21:12:07.001965+00:00,1786223527.002,1001.15,27.25,6.483,1.23,0.085,257.7,222.0
2026-08-08T21:12:07.199799+00:00,1786223527.2,1001.35,27.25,6.483,1.2,0.066,257.1,222.0
2026-08-08T21:12:07.401750+00:00,1786223527.402,1001.55,25.71,6.483,1.21,-0.095,251.7,222.0
2026-08-08T21:12:07.598428+00:00,1786223527.598,1001.74,26.34,6.4852,1.21,0.228,254.3,222.0
2026-08-08T21:12:07.803335+00:00,1786223527.803,1001.95,26.34,6.4852,1.2,0.077,257.7,222.0
2026-08-08T21:12:08.007367+00:00,1786223528.007,1002.15,23.94,6.4896,1.19,-0.201,254.3,222.0
2026-08-08T21:12:08.210929+00:00,1786223528.211,1002.36,25.3,6.4896,1.18,-0.148,247.4,222.0
2026-08-08T21:12:08.420809+00:00,1786223528.421,1002.57,25.3,6.4896,1.17,-0.309,229.7,222.0
2026-08-08T21:12:08.790398+00:00,1786223528.79,1002.94,25.52,6.494,1.16,-0.256,220.7,222.0
2026-08-08T21:12:09.204745+00:00,1786223529.205,1003.35,26.04,6.4984,1.15,0.0,216.3,222.0
2026-08-08T21:12:09.402503+00:00,1786223529.402,1003.55,26.34,6.4984,1.14,-0.106,211.4,222.0
2026-08-08T21:12:09.605991+00:00,1786223529.606,1003.75,26.34,6.5006,1.18,-0.106,208.7,222.0
2026-08-08T21:12:09.803063+00:00,1786223529.803,1003.95,26.39,6.5006,1.22,0.079,210.9,222.0
2026-08-08T21:12:10.005193+00:00,1786223530.005,1004.15,26.26,6.5006,1.26,0.0,216.7,222.0
2026-08-08T21:12:10.206723+00:00,1786223530.207,1004.35,26.26,6.505,1.3,0.0,216.7,222.0
2026-08-08T21:12:10.415777+00:00,1786223530.416,1004.56,26.24,6.505,1.33,0.265,221.9,222.0
2026-08-08T21:12:11.589541+00:00,1786223531.59,1005.74,27.86,6.5138,1.35,0.211,227.3,222.0
2026-08-08T21:12:11.793441+00:00,1786223531.793,1005.94,26.37,6.5138,1.39,0.088,235.2,222.0
2026-08-08T21:12:11.993503+00:00,1786223531.993,1006.14,26.37,6.5182,1.4,0.073,241.9,222.0
2026-08-08T21:12:12.189751+00:00,1786223532.19,1006.34,26.77,6.5182,1.42,0.068,245.7,222.0
2026-08-08T21:12:12.388681+00:00,1786223532.389,1006.54,26.77,6.5204,1.42,0.0,247.8,222.0
2026-08-08T21:12:12.588480+00:00,1786223532.588,1006.73,23.93,6.5204,1.43,-0.224,244.3,222.0
2026-08-08T21:12:12.794946+00:00,1786223532.795,1006.94,26.55,6.5204,1.43,0.0,244.1,222.0
2026-08-08T21:12:13.177119+00:00,1786223533.177,1007.32,23.95,6.5248,1.43,-0.202,228.3,222.0
2026-08-08T21:12:14.776046+00:00,1786223534.776,1008.92,26.62,6.538,1.44,0.0,231.2,222.0
2026-08-08T21:12:14.973300+00:00,1786223534.973,1009.12,26.65,6.538,1.44,0.0,229.6,222.0
2026-08-08T21:12:15.173396+00:00,1786223535.173,1009.32,26.56,6.5424,1.45,-0.101,226.1,222.0
2026-08-08T21:12:15.378883+00:00,1786223535.379,1009.53,26.56,6.5424,1.47,0.0,229.9,222.0
2026-08-08T21:12:15.577602+00:00,1786223535.578,1009.72,26.33,6.5424,1.49,0.0,225.5,222.0
2026-08-08T21:12:15.781304+00:00,1786223535.781,1009.93,26.55,6.5468,1.51,0.0,225.1,222.0
2026-08-08T21:12:15.978622+00:00,1786223535.979,1010.13,26.55,6.5468,1.53,0.0,232.4,222.0
2026-08-08T21:12:16.772508+00:00,1786223536.772,1010.92,28.3,6.5512,1.56,0.29,247.0,222.0
2026-08-08T21:12:16.980054+00:00,1786223536.98,1011.13,26.33,6.5534,1.58,0.0,256.5,222.0
2026-08-08T21:12:17.175789+00:00,1786223537.176,1011.32,26.33,6.5534,1.62,0.165,268.9,222.0
2026-08-08T21:12:17.377010+00:00,1786223537.377,1011.52,26.59,6.5578,1.67,0.0,271.4,222.0
2026-08-08T21:12:17.582098+00:00,1786223537.582,1011.73,26.44,6.5578,1.73,0.0,276.4,222.0
2026-08-08T21:12:17.778962+00:00,1786223537.779,1011.93,26.44,6.5578,1.79,0.0,281.6,222.0
2026-08-08T21:12:17.979787+00:00,1786223537.98,1012.13,26.37,6.5622,1.86,0.0,282.3,222.0
2026-08-08T21:12:18.181008+00:00,1786223538.181,1012.33,26.35,6.5622,1.92,0.0,285.1,222.0
2026-08-08T21:12:18.581064+00:00,1786223538.581,1012.73,25.87,6.5666,1.99,-0.067,286.0,222.0
2026-08-08T21:12:18.779059+00:00,1786223538.779,1012.93,26.15,6.5666,2.05,0.0,282.5,222.0
2026-08-08T21:12:18.983187+00:00,1786223538.983,1013.13,26.15,6.5688,2.04,-0.271,272.1,222.0
2026-08-08T21:12:19.183775+00:00,1786223539.184,1013.33,26.35,6.5688,1.99,0.0,272.5,233.1
2026-08-08T21:12:19.381698+00:00,1786223539.382,1013.53,26.35,6.5688,1.94,0.0,272.9,233.1
2026-08-08T21:12:19.773624+00:00,1786223539.774,1013.92,26.37,6.5732,1.89,0.0,272.9,222.0
2026-08-08T21:12:20.182802+00:00,1786223540.183,1014.33,25.7,6.5776,1.84,-0.079,272.0,222.0
2026-08-08T21:12:20.379533+00:00,1786223540.38,1014.53,25.12,6.5776,1.79,-0.14,275.8,222.0
2026-08-08T21:12:20.583357+00:00,1786223540.583,1014.73,25.12,6.5798,1.75,-0.133,273.1,222.0
2026-08-08T21:12:20.786214+00:00,1786223540.786,1014.93,23.92,6.5798,1.72,-0.259,272.9,222.0
2026-08-08T21:12:20.984227+00:00,1786223540.984,1015.13,26.37,6.5798,1.69,0.058,275.2,222.0
2026-08-08T21:12:21.183052+00:00,1786223541.183,1015.33,26.37,6.5841,1.66,0.0,275.9,222.0
2026-08-08T21:12:21.381885+00:00,1786223541.382,1015.53,26.37,6.5841,1.63,0.0,279.0,222.0
2026-08-08T21:12:22.364234+00:00,1786223542.364,1016.51,26.25,6.5929,1.6,0.0,279.3,222.0
2026-08-08T21:12:22.565206+00:00,1786223542.565,1016.71,27.73,6.5929,1.57,0.12,283.7,222.0
2026-08-08T21:12:22.770946+00:00,1786223542.771,1016.92,27.73,6.5951,1.55,0.126,287.9,222.0
2026-08-08T21:12:22.965975+00:00,1786223542.966,1017.11,25.94,6.5951,1.55,0.0,287.5,222.0
2026-08-08T21:12:23.165079+00:00,1786223543.165,1017.31,27.49,6.5951,1.59,0.236,285.5,222.0
2026-08-08T21:12:23.369714+00:00,1786223543.37,1017.52,27.49,6.5995,1.63,0.235,292.5,222.0
2026-08-08T21:12:23.567463+00:00,1786223543.567,1017.71,25.8,6.5995,1.67,0.187,292.8,222.0
2026-08-08T21:12:23.770823+00:00,1786223543.771,1017.92,26.93,6.6039,1.71,0.055,294.6,222.0
2026-08-08T21:12:23.965560+00:00,1786223543.966,1018.11,26.93,6.6039,1.74,0.056,296.4,222.0
2026-08-08T21:12:24.163189+00:00,1786223544.163,1018.31,25.38,6.6039,1.77,-0.099,293.3,222.0
2026-08-08T21:12:24.371666+00:00,1786223544.372,1018.52,25.14,6.6061,1.78,-0.154,288.5,222.0
2026-08-08T21:12:24.582293+00:00,1786223544.582,1018.73,25.14,6.6061,1.78,-0.357,278.8,222.0
2026-08-08T21:12:24.782558+00:00,1786223544.783,1018.93,24.08,6.6105,1.78,-0.504,267.2,222.0
2026-08-08T21:12:24.985873+00:00,1786223544.986,1019.13,25.18,6.6105,1.78,-0.105,263.0,222.0
2026-08-08T21:12:25.185419+00:00,1786223545.185,1019.33,25.18,6.6105,1.78,-0.317,260.5,222.0
2026-08-08T21:12:25.382328+00:00,1786223545.382,1019.53,24.32,6.6149,1.78,-0.438,248.4,222.0
2026-08-08T21:12:25.583376+00:00,1786223545.583,1019.73,24.32,6.6149,1.79,-0.204,241.8,222.0
2026-08-08T21:12:26.766270+00:00,1786223546.766,1020.91,26.18,6.6215,1.77,-0.069,239.5,222.0
2026-08-08T21:12:26.971675+00:00,1786223546.972,1021.12,24.83,6.6215,1.74,-0.194,236.0,222.0
2026-08-08T21:12:27.173244+00:00,1786223547.173,1021.32,24.83,6.6259,1.71,-0.05,237.6,222.0
2026-08-08T21:12:27.368019+00:00,1786223547.368,1021.51,23.95,6.6259,1.69,-0.111,237.2,222.0
2026-08-08T21:12:27.570935+00:00,1786223547.571,1021.72,26.74,6.6303,1.67,0.149,248.3,222.0
2026-08-08T21:12:27.773375+00:00,1786223547.773,1021.92,26.74,6.6303,1.66,0.247,253.1,222.0
2026-08-08T21:12:27.970475+00:00,1786223547.97,1022.12,23.87,6.6303,1.66,-0.122,248.8,222.0
2026-08-08T21:12:28.170742+00:00,1786223548.171,1022.32,23.87,6.6325,1.66,-0.122,244.6,222.0
2026-08-08T21:12:28.367022+00:00,1786223548.367,1022.51,26.16,6.6325,1.66,0.171,249.0,222.0
2026-08-08T21:12:29.551677+00:00,1786223549.552,1023.7,25.04,6.6413,1.68,0.051,245.7,222.0
2026-08-08T21:12:29.755829+00:00,1786223549.756,1023.9,25.04,6.6413,1.69,-0.106,238.7,222.0
2026-08-08T21:12:29.961503+00:00,1786223549.961,1024.11,26.29,6.6457,1.71,0.136,242.9,222.0
2026-08-08T21:12:30.155224+00:00,1786223550.155,1024.3,24.26,6.6457,1.75,-0.053,234.2,222.0
2026-08-08T21:12:30.358272+00:00,1786223550.358,1024.5,24.26,6.6479,1.8,0.0,226.7,222.0
2026-08-08T21:12:30.555848+00:00,1786223550.556,1024.7,23.92,6.6479,1.84,-0.262,215.8,222.0
2026-08-08T21:12:30.760774+00:00,1786223550.761,1024.91,26.38,6.6479,1.89,0.0,214.8,222.0
2026-08-08T21:12:30.961197+00:00,1786223550.961,1025.11,26.38,6.6523,1.93,0.233,219.5,222.0
2026-08-08T21:12:31.158686+00:00,1786223551.159,1025.31,23.92,6.6523,1.98,0.0,221.6,222.0
2026-08-08T21:12:31.359612+00:00,1786223551.36,1025.51,25.02,6.6523,2.02,-0.106,223.6,222.0
2026-08-08T21:12:32.155128+00:00,1786223552.155,1026.3,25.95,6.6611,2.05,0.096,235.8,233.1
2026-08-08T21:12:32.354708+00:00,1786223552.355,1026.5,26.29,6.6611,2.08,0.133,252.9,233.1
2026-08-08T21:12:32.562143+00:00,1786223552.562,1026.71,26.29,6.6633,2.12,0.0,257.5,233.1
2026-08-08T21:12:32.759771+00:00,1786223552.76,1026.91,23.89,6.6633,2.16,0.0,265.5,233.1
2026-08-08T21:12:32.958270+00:00,1786223552.958,1027.1,26.36,6.6633,2.2,0.225,283.9,233.1
2026-08-08T21:12:33.161489+00:00,1786223553.161,1027.31,26.36,6.6677,2.25,0.26,298.1,233.1
2026-08-08T21:12:33.362052+00:00,1786223553.362,1027.51,23.84,6.6677,2.29,-0.271,294.2,233.1
2026-08-08T21:12:35.100233+00:00,1786223555.1,1029.25,28.09,6.6809,2.33,0.115,306.5,233.1
2026-08-08T21:12:35.306012+00:00,1786223555.306,1029.45,28.09,6.6809,2.35,0.28,320.0,233.1
2026-08-08T21:12:35.513881+00:00,1786223555.514,1029.66,26.42,6.6853,2.36,0.094,329.1,233.1
2026-08-08T21:12:35.727609+00:00,1786223555.728,1029.87,26.98,6.6853,2.37,0.08,330.5,233.1
2026-08-08T21:12:35.931698+00:00,1786223555.932,1030.08,26.98,6.6875,2.38,0.053,328.9,233.1
2026-08-08T21:12:36.132693+00:00,1786223556.133,1030.28,24.07,6.6875,2.39,-0.173,330.6,233.1
2026-08-08T21:12:36.331340+00:00,1786223556.331,1030.48,26.63,6.6875,2.4,0.213,343.4,233.1
2026-08-08T21:12:36.532386+00:00,1786223556.532,1030.68,26.63,6.6919,2.4,0.0,342.7,233.1
2026-08-08T21:12:36.726995+00:00,1786223556.727,1030.87,25.93,6.6919,2.41,0.0,345.1,233.1
2026-08-08T21:12:38.669182+00:00,1786223558.669,1032.82,27.34,6.7073,2.42,0.183,356.8,233.1
2026-08-08T21:12:38.871153+00:00,1786223558.871,1033.02,26.29,6.7073,2.42,-0.133,353.2,233.1
2026-08-08T21:12:39.085904+00:00,1786223559.086,1033.23,26.79,6.7095,2.37,-0.095,356.3,233.1
2026-08-08T21:12:39.296919+00:00,1786223559.297,1033.44,26.79,6.7095,2.3,0.0,360.1,233.1
2026-08-08T21:12:39.500299+00:00,1786223559.5,1033.65,24.08,6.7139,2.22,-0.214,362.7,233.1
2026-08-08T21:12:39.700883+00:00,1786223559.701,1033.85,26.5,6.7139,2.15,0.0,363.9,233.1
2026-08-08T21:12:39.901017+00:00,1786223559.901,1034.05,26.5,6.7139,2.07,0.179,363.3,233.1
2026-08-08T21:12:40.100083+00:00,1786223560.1,1034.25,24.03,6.7183,2.0,-0.191,359.2,233.1
2026-08-08T21:12:40.706652+00:00,1786223560.707,1034.85,24.37,6.7205,1.93,-0.15,357.4,222.0
2026-08-08T21:12:40.916858+00:00,1786223560.917,1035.06,24.37,6.7205,1.86,-0.103,350.9,222.0
2026-08-08T21:12:41.114877+00:00,1786223561.115,1035.26,23.67,6.7249,1.81,-0.417,335.8,222.0
2026-08-08T21:12:41.314799+00:00,1786223561.315,1035.46,26.36,6.7249,1.77,0.0,334.4,222.0
2026-08-08T21:12:41.526908+00:00,1786223561.527,1035.67,26.36,6.7249,1.75,0.0,334.5,222.0
2026-08-08T21:12:41.906602+00:00,1786223561.907,1036.05,26.15,6.7293,1.73,-0.069,325.3,222.0
2026-08-08T21:12:42.119515+00:00,1786223562.119,1036.27,26.15,6.7293,1.71,0.219,321.9,222.0
2026-08-08T21:12:42.317425+00:00,1786223562.317,1036.46,23.75,6.7337,1.68,-0.292,319.1,222.0
2026-08-08T21:12:42.522617+00:00,1786223562.523,1036.67,25.92,6.7337,1.66,-0.062,310.1,222.0
2026-08-08T21:12:42.921759+00:00,1786223562.922,1037.07,27.53,6.7381,1.68,0.345,308.3,222.0
2026-08-08T21:12:43.119841+00:00,1786223563.12,1037.27,27.53,6.7381,1.73,0.363,313.5,222.0
2026-08-08T21:12:43.318408+00:00,1786223563.318,1037.46,25.73,6.7403,1.78,0.156,311.8,222.0
2026-08-08T21:12:43.520330+00:00,1786223563.52,1037.67,26.42,6.7403,1.82,0.317,315.5,222.0
2026-08-08T21:12:43.721185+00:00,1786223563.721,1037.87,26.42,6.7403,1.87,0.0,319.0,222.0
2026-08-08T21:12:43.921261+00:00,1786223563.921,1038.07,23.7,6.7447,1.92,-0.309,303.0,222.0
2026-08-08T21:12:44.133338+00:00,1786223564.133,1038.28,26.18,6.7447,1.96,0.0,300.8,222.0
2026-08-08T21:12:44.541606+00:00,1786223564.542,1038.69,25.49,6.7491,2.01,-0.076,297.1,222.0
2026-08-08T21:12:44.742939+00:00,1786223564.743,1038.89,25.05,6.7491,2.03,0.148,292.5,222.0
2026-08-08T21:12:45.116394+00:00,1786223565.116,1039.26,23.93,6.7513,2.06,-0.213,287.9,233.1
2026-08-08T21:12:45.320432+00:00,1786223565.32,1039.47,26.24,6.7513,2.06,-0.149,284.9,233.1
2026-08-08T21:12:45.519341+00:00,1786223565.519,1039.67,26.24,6.7557,2.07,-0.149,279.9,233.1
2026-08-08T21:12:45.720120+00:00,1786223565.72,1039.87,26.41,6.7557,2.07,0.079,287.7,233.1
2026-08-08T21:12:45.919540+00:00,1786223565.92,1040.07,26.41,6.7557,2.08,0.0,287.3,233.1
2026-08-08T21:12:46.118273+00:00,1786223566.118,1040.26,26.18,6.7601,2.08,0.0,282.7,233.1
2026-08-08T21:12:46.717460+00:00,1786223566.717,1040.86,25.9,6.7645,2.08,0.22,293.9,233.1
2026-08-08T21:12:46.916571+00:00,1786223566.917,1041.06,26.46,6.7645,2.09,0.0,299.4,233.1
2026-08-08T21:12:47.122226+00:00,1786223567.122,1041.27,26.46,6.7667,2.12,0.104,306.8,233.1
2026-08-08T21:12:47.324212+00:00,1786223567.324,1041.47,23.73,6.7667,2.14,-0.142,314.0,233.1
2026-08-08T21:12:47.523822+00:00,1786223567.524,1041.67,26.22,6.7667,2.17,0.265,322.0,233.1
2026-08-08T21:12:47.738258+00:00,1786223567.738,1041.88,26.22,6.7711,2.19,0.0,323.7,233.1
2026-08-08T21:12:47.941699+00:00,1786223567.942,1042.09,24.03,6.7711,2.22,-0.253,320.2,233.1
2026-08-08T21:12:48.907099+00:00,1786223568.907,1043.05,26.07,6.7799,2.25,0.0,317.0,233.1
2026-08-08T21:12:49.105854+00:00,1786223569.106,1043.25,26.79,6.7799,2.27,0.0,327.9,233.1
2026-08-08T21:12:49.305289+00:00,1786223569.305,1043.45,26.79,6.7821,2.29,0.053,333.9,233.1
2026-08-08T21:12:49.506828+00:00,1786223569.507,1043.65,23.93,6.7821,2.3,-0.196,320.7,233.1
2026-08-08T21:12:49.711289+00:00,1786223569.711,1043.86,26.62,6.7821,2.31,0.0,313.2,233.1
2026-08-08T21:12:49.909581+00:00,1786223569.91,1044.06,26.62,6.7865,2.33,0.0,312.4,233.1
2026-08-08T21:12:50.109111+00:00,1786223570.109,1044.26,24.06,6.7865,2.34,0.0,305.0,233.1
2026-08-08T21:12:50.505915+00:00,1786223570.506,1044.65,26.16,6.7909,2.36,0.0,306.8,233.1
2026-08-08T21:12:50.706824+00:00,1786223570.707,1044.85,24.89,6.7909,2.37,-0.125,313.3,233.1
2026-08-08T21:12:50.905024+00:00,1786223570.905,1045.05,24.89,6.7931,2.37,0.08,315.8,233.1
2026-08-08T21:12:51.099134+00:00,1786223571.099,1045.25,25.36,6.7931,2.35,-0.09,316.7,233.1
2026-08-08T21:12:51.296967+00:00,1786223571.297,1045.44,26.63,6.7931,2.31,0.0,315.6,233.1
2026-08-08T21:12:51.494888+00:00,1786223571.495,1045.64,26.63,6.7975,2.27,0.0,323.1,233.1
2026-08-08T21:12:51.706658+00:00,1786223571.707,1045.85,23.63,6.7975,2.21,0.0,325.4,233.1
2026-08-08T21:12:51.922069+00:00,1786223571.922,1046.07,23.63,6.7997,2.15,-0.375,319.3,233.1
2026-08-08T21:12:52.130178+00:00,1786223572.13,1046.28,25.82,6.7997,2.09,-0.1,314.7,233.1
2026-08-08T21:12:52.327269+00:00,1786223572.327,1046.47,24.1,6.7997,2.04,0.0,312.9,233.1
2026-08-08T21:12:52.525141+00:00,1786223572.525,1046.67,24.1,6.8041,1.99,-0.284,304.7,233.1
2026-08-08T21:12:53.706431+00:00,1786223573.706,1047.85,25.72,6.8129,1.94,0.078,300.6,222.0
2026-08-08T21:12:53.907460+00:00,1786223573.907,1048.05,24.25,6.8129,1.89,-0.059,296.9,222.0
2026-08-08T21:12:54.111523+00:00,1786223574.111,1048.26,24.25,6.8151,1.88,-0.102,289.5,222.0
2026-08-08T21:12:54.313195+00:00,1786223574.313,1048.46,23.72,6.8151,1.87,-0.268,285.8,222.0
2026-08-08T21:12:54.514049+00:00,1786223574.514,1048.66,26.04,6.8151,1.86,-0.054,276.7,222.0
2026-08-08T21:12:54.720431+00:00,1786223574.72,1048.87,26.04,6.8195,1.86,0.222,280.5,222.0
2026-08-08T21:12:54.927002+00:00,1786223574.927,1049.07,23.82,6.8195,1.86,0.0,284.6,222.0
2026-08-08T21:12:55.322410+00:00,1786223575.322,1049.47,25.34,6.8239,1.87,0.0,282.6,222.0
2026-08-08T21:12:55.523004+00:00,1786223575.523,1049.67,24.51,6.8239,1.9,0.0,279.4,222.0
2026-08-08T21:12:55.723166+00:00,1786223575.723,1049.87,24.51,6.8261,1.92,0.0,275.0,222.0
2026-08-08T21:12:55.926277+00:00,1786223575.926,1050.07,24.75,6.8261,1.97,-0.122,275.8,222.0
2026-08-08T21:12:56.130774+00:00,1786223576.131,1050.28,25.84,6.8261,2.01,0.198,278.7,222.0
2026-08-08T21:12:56.329464+00:00,1786223576.329,1050.48,25.84,6.8305,2.07,0.199,281.8,233.1
2026-08-08T21:12:56.531415+00:00,1786223576.531,1050.68,24.01,6.8305,2.12,0.0,280.9,233.1
2026-08-08T21:12:56.900792+00:00,1786223576.901,1051.05,23.73,6.8326,2.17,-0.269,272.5,233.1
2026-08-08T21:12:57.120267+00:00,1786223577.12,1051.27,24.31,6.8326,2.17,-0.201,269.7,233.1
2026-08-08T21:12:57.498418+00:00,1786223577.498,1051.64,23.63,6.837,2.17,0.0,266.2,233.1
2026-08-08T21:12:57.900376+00:00,1786223577.9,1052.05,22.79,6.8414,2.13,-0.274,259.9,233.1
2026-08-08T21:12:58.105004+00:00,1786223578.105,1052.25,24.13,6.8414,2.09,0.0,257.2,233.1
2026-08-08T21:12:58.300336+00:00,1786223578.3,1052.45,24.13,6.8414,2.05,0.0,254.5,233.1
2026-08-08T21:12:58.500542+00:00,1786223578.501,1052.65,24.54,6.8436,2.02,0.0,254.4,233.1
2026-08-08T21:12:58.701719+00:00,1786223578.702,1052.85,24.54,6.8436,1.99,-0.14,259.5,233.1
2026-08-08T21:12:58.907356+00:00,1786223578.907,1053.05,25.55,6.848,1.97,0.0,261.1,233.1
2026-08-08T21:12:59.107309+00:00,1786223579.107,1053.25,24.15,6.848,1.97,0.0,260.9,222.0
2026-08-08T21:12:59.303169+00:00,1786223579.303,1053.45,24.15,6.848,1.96,0.0,267.2,222.0
2026-08-08T21:12:59.499753+00:00,1786223579.5,1053.65,24.72,6.8524,1.96,0.0,264.7,222.0
2026-08-08T21:12:59.696235+00:00,1786223579.696,1053.84,24.72,6.8524,1.93,0.137,269.6,222.0
2026-08-08T21:12:59.897092+00:00,1786223579.897,1054.04,25.59,6.8524,1.89,0.389,282.1,222.0
2026-08-08T21:13:00.286760+00:00,1786223580.287,1054.43,21.74,6.8546,1.83,-0.304,280.5,222.0
2026-08-08T21:13:00.497063+00:00,1786223580.497,1054.64,23.96,6.859,1.78,0.0,280.1,222.0
2026-08-08T21:13:00.709058+00:00,1786223580.709,1054.86,23.96,6.859,1.76,-0.073,271.4,222.0
2026-08-08T21:13:00.917323+00:00,1786223580.917,1055.06,22.3,6.859,1.75,-0.281,264.2,222.0
2026-08-08T21:13:01.286295+00:00,1786223581.286,1055.43,23.75,6.8634,1.74,-0.21,258.1,222.0
2026-08-08T21:13:01.496950+00:00,1786223581.497,1055.64,22.94,6.8634,1.73,-0.141,253.5,222.0
2026-08-08T21:13:01.701237+00:00,1786223581.701,1055.85,22.94,6.8656,1.72,-0.14,248.7,222.0
2026-08-08T21:13:02.494128+00:00,1786223582.494,1056.64,24.04,6.87,1.69,-0.062,248.6,222.0
2026-08-08T21:13:02.695963+00:00,1786223582.696,1056.84,24.04,6.87,1.67,-0.062,239.9,222.0
2026-08-08T21:13:02.894691+00:00,1786223582.895,1057.04,25.91,6.8744,1.66,0.0,233.6,222.0
2026-08-08T21:13:03.097824+00:00,1786223583.098,1057.24,23.98,6.8744,1.63,0.222,236.6,222.0
2026-08-08T21:13:03.470265+00:00,1786223583.47,1057.62,23.99,6.8766,1.6,0.0,240.6,222.0
2026-08-08T21:13:03.682715+00:00,1786223583.683,1057.83,23.99,6.8766,1.57,0.0,242.6,222.0
2026-08-08T21:13:03.881224+00:00,1786223583.881,1058.03,26.18,6.881,1.57,0.363,250.8,222.0
2026-08-08T21:13:04.088106+00:00,1786223584.088,1058.23,23.92,6.881,1.57,0.0,255.2,222.0
2026-08-08T21:13:04.486977+00:00,1786223584.487,1058.63,23.98,6.8854,1.58,0.097,255.4,222.0
2026-08-08T21:13:04.682987+00:00,1786223584.683,1058.83,23.98,6.8854,1.6,0.097,255.7,222.0
2026-08-08T21:13:04.885134+00:00,1786223584.885,1059.03,21.96,6.8876,1.65,-0.243,247.8,222.0
2026-08-08T21:13:05.092952+00:00,1786223585.093,1059.24,23.67,6.8876,1.69,0.0,249.3,222.0
2026-08-08T21:13:05.289909+00:00,1786223585.29,1059.44,23.67,6.8876,1.74,-0.26,241.5,222.0
2026-08-08T21:13:05.490221+00:00,1786223585.49,1059.64,23.55,6.892,1.78,0.0,240.4,222.0
2026-08-08T21:13:05.687719+00:00,1786223585.688,1059.83,23.55,6.892,1.83,-0.055,238.3,222.0
2026-08-08T21:13:07.452805+00:00,1786223587.453,1061.6,24.91,6.903,1.87,0.067,239.7,222.0
2026-08-08T21:13:07.657293+00:00,1786223587.657,1061.8,24.91,6.903,1.92,-0.094,234.4,222.0
2026-08-08T21:13:07.861064+00:00,1786223587.861,1062.01,25.54,6.9074,1.94,0.119,228.2,222.0
2026-08-08T21:13:08.054007+00:00,1786223588.054,1062.2,25.54,6.9074,1.94,0.121,240.1,222.0
2026-08-08T21:13:08.249480+00:00,1786223588.249,1062.4,21.91,6.9096,1.93,-0.162,236.0,222.0
2026-08-08T21:13:08.459356+00:00,1786223588.459,1062.61,24.05,6.9096,1.93,0.162,241.9,222.0
2026-08-08T21:13:08.655162+00:00,1786223588.655,1062.8,24.05,6.9096,1.92,0.0,249.4,222.0
2026-08-08T21:13:08.856728+00:00,1786223588.857,1063.0,23.88,6.914,1.92,0.0,254.8,222.0
2026-08-08T21:13:09.055156+00:00,1786223589.055,1063.2,23.88,6.914,1.91,0.0,259.0,222.0
2026-08-08T21:13:09.253054+00:00,1786223589.253,1063.4,21.72,6.914,1.91,-0.143,259.1,222.0
2026-08-08T21:13:09.858915+00:00,1786223589.859,1064.01,23.16,6.9184,1.88,-0.202,256.3,222.0
2026-08-08T21:13:10.059011+00:00,1786223590.059,1064.21,23.16,6.9206,1.85,-0.202,253.5,222.0
2026-08-08T21:13:10.266504+00:00,1786223590.266,1064.41,23.76,6.9206,1.83,-0.206,248.2,222.0
2026-08-08T21:13:10.473003+00:00,1786223590.473,1064.62,23.76,6.9228,1.81,-0.205,239.3,222.0
2026-08-08T21:13:10.675470+00:00,1786223590.675,1064.82,23.28,6.9228,1.79,0.158,243.0,222.0
2026-08-08T21:13:10.873378+00:00,1786223590.873,1065.02,23.73,6.9228,1.77,0.0,243.5,222.0
2026-08-08T21:13:11.249188+00:00,1786223591.249,1065.4,23.71,6.9272,1.75,0.0,233.8,222.0
2026-08-08T21:13:11.454999+00:00,1786223591.455,1065.6,23.71,6.9272,1.72,0.0,234.3,222.0
2026-08-08T21:13:11.654874+00:00,1786223591.655,1065.8,21.59,6.9316,1.72,-0.245,226.3,222.0
2026-08-08T21:13:11.860417+00:00,1786223591.86,1066.01,21.59,6.9316,1.72,0.0,223.2,222.0
2026-08-08T21:13:12.054850+00:00,1786223592.055,1066.2,22.76,6.9316,1.72,0.0,228.8,222.0
2026-08-08T21:13:12.660066+00:00,1786223592.66,1066.81,22.83,6.936,1.72,0.0,228.4,222.0
2026-08-08T21:13:12.861160+00:00,1786223592.861,1067.01,22.83,6.9382,1.72,-0.1,231.4,222.0
2026-08-08T21:13:13.068374+00:00,1786223593.068,1067.21,21.61,6.9382,1.72,-0.23,225.5,222.0
2026-08-08T21:13:13.271426+00:00,1786223593.271,1067.42,23.52,6.9404,1.69,0.0,226.1,222.0
2026-08-08T21:13:13.474672+00:00,1786223593.475,1067.62,23.52,6.9404,1.65,0.0,222.8,222.0
2026-08-08T21:13:13.671987+00:00,1786223593.672,1067.82,23.71,6.9404,1.57,0.0,222.9,222.0
2026-08-08T21:13:14.049710+00:00,1786223594.05,1068.2,21.86,6.9448,1.49,-0.198,212.1,222.0
2026-08-08T21:13:14.260969+00:00,1786223594.261,1068.41,21.86,6.9448,1.4,0.0,205.0,222.0
2026-08-08T21:13:14.461180+00:00,1786223594.461,1068.61,23.36,6.9492,1.31,0.189,211.0,222.0
2026-08-08T21:13:14.665642+00:00,1786223594.666,1068.81,22.8,6.9492,1.22,0.0,204.1,222.0
2026-08-08T21:13:15.064833+00:00,1786223595.065,1069.21,25.02,6.9536,1.14,0.253,207.5,222.0
2026-08-08T21:13:15.261298+00:00,1786223595.261,1069.41,25.02,6.9536,1.05,0.253,210.8,222.0
2026-08-08T21:13:15.462476+00:00,1786223595.462,1069.61,21.67,6.9558,1.01,0.0,206.4,222.0
2026-08-08T21:13:15.666642+00:00,1786223595.667,1069.81,23.74,6.9558,1.01,0.0,207.2,222.0
2026-08-08T21:13:15.873685+00:00,1786223595.874,1070.02,23.74,6.9558,1.05,0.0,208.8,222.0
2026-08-08T21:13:16.249249+00:00,1786223596.249,1070.4,23.72,6.9602,1.17,0.0,210.9,222.0
2026-08-08T21:13:17.423756+00:00,1786223597.424,1071.57,25.25,6.9668,1.31,0.279,220.9,222.0
2026-08-08T21:13:17.627421+00:00,1786223597.627,1071.77,25.25,6.9668,1.45,0.28,231.4,222.0
2026-08-08T21:13:17.836078+00:00,1786223597.836,1071.98,23.37,6.9712,1.58,0.0,227.3,222.0
2026-08-08T21:13:18.046342+00:00,1786223598.046,1072.19,23.87,6.9712,1.68,0.088,229.0,222.0
2026-08-08T21:13:18.250119+00:00,1786223598.25,1072.4,23.87,6.9734,1.77,-0.1,227.0,222.0
2026-08-08T21:13:18.449949+00:00,1786223598.45,1072.6,23.76,6.9734,1.84,-0.11,225.1,222.0
2026-08-08T21:13:18.652730+00:00,1786223598.653,1072.8,23.76,6.9734,1.91,0.181,235.9,222.0
2026-08-08T21:13:18.849596+00:00,1786223598.85,1073.0,21.75,6.9778,1.99,-0.174,233.4,222.0
2026-08-08T21:13:19.461502+00:00,1786223599.461,1073.61,23.02,6.98,2.06,-0.055,233.6,222.0
2026-08-08T21:13:19.663986+00:00,1786223599.664,1073.81,23.02,6.98,2.13,-0.056,234.0,222.0
2026-08-08T21:13:19.870451+00:00,1786223599.87,1074.02,23.03,6.9844,2.21,-0.253,232.6,233.1
2026-08-08T21:13:20.070451+00:00,1786223600.07,1074.22,23.03,6.9844,2.26,-0.253,234.6,233.1
2026-08-08T21:13:20.264983+00:00,1786223600.265,1074.41,21.62,6.9844,2.28,-0.201,231.5,233.1
2026-08-08T21:13:20.639647+00:00,1786223600.64,1074.79,23.85,6.9888,2.25,0.0,233.9,233.1
2026-08-08T21:13:20.851115+00:00,1786223600.851,1075.0,23.67,6.9888,2.15,0.0,236.0,233.1
2026-08-08T21:13:21.053232+00:00,1786223601.053,1075.2,23.67,6.991,2.02,0.0,243.0,233.1
2026-08-08T21:13:21.259004+00:00,1786223601.259,1075.41,21.78,6.991,1.89,-0.211,240.4,233.1
2026-08-08T21:13:21.458962+00:00,1786223601.459,1075.61,21.78,6.991,1.81,0.0,237.1,233.1
2026-08-08T21:13:22.251229+00:00,1786223602.251,1076.4,24.77,6.9998,1.76,0.174,244.3,222.0
2026-08-08T21:13:22.454720+00:00,1786223602.455,1076.6,24.77,6.9998,1.76,0.174,244.7,222.0
2026-08-08T21:13:22.657783+00:00,1786223602.658,1076.8,23.02,7.002,1.78,0.0,240.4,222.0
2026-08-08T21:13:22.855487+00:00,1786223602.855,1077.0,23.67,7.002,1.8,0.064,245.7,222.0
2026-08-08T21:13:23.055038+00:00,1786223603.055,1077.2,23.67,7.002,1.81,0.204,253.1,222.0
2026-08-08T21:13:23.254515+00:00,1786223603.254,1077.4,23.73,7.0064,1.81,0.0,255.9,222.0
2026-08-08T21:13:23.453895+00:00,1786223603.454,1077.6,23.73,7.0064,1.81,0.0,258.3,222.0
2026-08-08T21:13:23.660949+00:00,1786223603.661,1077.81,21.97,7.0064,1.81,-0.182,247.9,222.0
2026-08-08T21:13:24.634440+00:00,1786223604.634,1078.78,23.2,7.013,1.79,0.117,244.0,222.0
2026-08-08T21:13:24.839574+00:00,1786223604.84,1078.99,23.2,7.013,1.78,0.117,247.1,222.0
2026-08-08T21:13:25.040720+00:00,1786223605.041,1079.19,23.35,7.0174,1.79,-0.141,242.2,222.0
2026-08-08T21:13:25.236980+00:00,1786223605.237,1079.38,23.85,7.0174,1.81,-0.092,242.5,222.0
2026-08-08T21:13:25.437017+00:00,1786223605.437,1079.58,23.85,7.0196,1.83,0.083,246.8,222.0
2026-08-08T21:13:25.638743+00:00,1786223605.639,1079.79,23.91,7.0196,1.84,0.0,242.6,222.0
2026-08-08T21:13:25.840244+00:00,1786223605.84,1079.99,23.91,7.0196,1.86,0.0,247.0,222.0
2026-08-08T21:13:26.035689+00:00,1786223606.036,1080.18,23.92,7.024,1.88,0.0,248.1,222.0
2026-08-08T21:13:26.238571+00:00,1786223606.239,1080.38,23.72,7.024,1.89,0.0,248.9,222.0
2026-08-08T21:13:26.641749+00:00,1786223606.642,1080.79,22.85,7.0262,1.91,0.083,254.8,222.0
2026-08-08T21:13:26.838618+00:00,1786223606.839,1080.99,22.85,7.0262,1.93,0.0,258.9,222.0
2026-08-08T21:13:27.038785+00:00,1786223607.039,1081.19,22.18,7.0306,1.94,-0.129,259.5,222.0
2026-08-08T21:13:27.243452+00:00,1786223607.243,1081.39,22.18,7.0306,1.96,-0.147,254.3,222.0
2026-08-08T21:13:27.438861+00:00,1786223607.439,1081.59,23.46,7.0306,1.97,0.0,253.5,222.0
2026-08-08T21:13:27.642323+00:00,1786223607.642,1081.79,23.75,7.035,1.99,0.0,253.5,222.0
2026-08-08T21:13:27.841098+00:00,1786223607.841,1081.99,23.75,7.035,2.0,0.0,259.3,222.0
2026-08-08T21:13:29.407701+00:00,1786223609.408,1083.55,23.67,7.046,2.01,0.0,261.2,233.1
2026-08-08T21:13:29.793545+00:00,1786223609.794,1083.94,21.95,7.046,1.99,-0.145,253.4,233.1
2026-08-08T21:13:30.004987+00:00,1786223610.005,1084.15,24.25,7.0482,1.96,0.0,249.8,222.0
2026-08-08T21:13:30.210280+00:00,1786223610.21,1084.36,24.25,7.0482,1.92,0.108,253.5,222.0
2026-08-08T21:13:30.409618+00:00,1786223610.41,1084.56,23.96,7.0526,1.88,0.086,254.5,222.0
2026-08-08T21:13:30.611387+00:00,1786223610.611,1084.76,23.98,7.0526,1.84,0.14,253.4,222.0
2026-08-08T21:13:30.812103+00:00,1786223610.812,1084.96,23.98,7.0526,1.8,0.14,256.6,222.0
2026-08-08T21:13:31.412889+00:00,1786223611.413,1085.56,23.73,7.057,1.76,0.0,256.4,222.0
2026-08-08T21:13:31.614467+00:00,1786223611.614,1085.76,26.22,7.0592,1.72,0.173,266.7,222.0
2026-08-08T21:13:31.818148+00:00,1786223611.818,1085.96,26.22,7.0592,1.68,0.173,269.9,222.0
2026-08-08T21:13:32.027468+00:00,1786223612.027,1086.17,24.49,7.0636,1.65,0.087,269.7,222.0
2026-08-08T21:13:32.226653+00:00,1786223612.227,1086.37,24.49,7.0636,1.61,0.29,279.4,222.0
2026-08-08T21:13:32.422353+00:00,1786223612.422,1086.57,23.84,7.0636,1.58,0.0,280.5,222.0
2026-08-08T21:13:32.800648+00:00,1786223612.801,1086.95,23.71,7.068,1.54,-0.057,276.3,222.0
2026-08-08T21:13:33.011778+00:00,1786223613.012,1087.16,23.87,7.068,1.51,0.0,275.0,222.0
2026-08-08T21:13:33.213705+00:00,1786223613.214,1087.36,23.87,7.0702,1.48,0.0,273.6,222.0
2026-08-08T21:13:33.424178+00:00,1786223613.424,1087.57,22.18,7.0702,1.46,-0.191,267.1,222.0
2026-08-08T21:13:33.630719+00:00,1786223613.631,1087.78,23.79,7.0702,1.45,0.0,265.5,222.0
2026-08-08T21:13:34.393220+00:00,1786223614.393,1088.54,25.83,7.079,1.44,0.0,263.9,222.0
2026-08-08T21:13:34.605404+00:00,1786223614.605,1088.75,23.94,7.079,1.43,-0.227,257.7,222.0
2026-08-08T21:13:34.813650+00:00,1786223614.814,1088.96,23.94,7.079,1.44,-0.054,258.4,222.0
2026-08-08T21:13:35.182440+00:00,1786223615.182,1089.33,23.9,7.0833,1.45,-0.055,259.4,222.0
2026-08-08T21:13:35.394275+00:00,1786223615.394,1089.54,24.08,7.0833,1.45,0.0,257.8,222.0
2026-08-08T21:13:35.596869+00:00,1786223615.597,1089.74,23.8,7.0877,1.46,0.0,255.9,222.0
2026-08-08T21:13:36.001312+00:00,1786223616.001,1090.15,25.44,7.0877,1.48,0.146,258.5,222.0
2026-08-08T21:13:36.204767+00:00,1786223616.205,1090.35,24.29,7.0899,1.49,0.0,256.9,222.0
2026-08-08T21:13:36.408022+00:00,1786223616.408,1090.55,24.29,7.0899,1.51,0.196,264.0,222.0
2026-08-08T21:13:36.606963+00:00,1786223616.607,1090.75,24.69,7.0943,1.53,0.084,264.5,222.0
2026-08-08T21:13:36.815407+00:00,1786223616.815,1090.96,24.69,7.0943,1.55,-0.13,258.1,222.0
2026-08-08T21:13:37.012843+00:00,1786223617.013,1091.16,23.72,7.0943,1.56,0.0,254.8,222.0
2026-08-08T21:13:37.383764+00:00,1786223617.384,1091.53,26.3,7.0987,1.57,0.255,258.4,222.0
2026-08-08T21:13:37.596996+00:00,1786223617.597,1091.74,23.81,7.0987,1.56,0.0,254.3,222.0
2026-08-08T21:13:37.801983+00:00,1786223617.802,1091.95,23.81,7.1009,1.54,0.0,253.6,222.0
2026-08-08T21:13:37.998426+00:00,1786223617.998,1092.14,24.39,7.1009,1.52,0.068,248.9,222.0
2026-08-08T21:13:38.201159+00:00,1786223618.201,1092.35,23.84,7.1009,1.51,-0.203,238.1,222.0
2026-08-08T21:13:38.403413+00:00,1786223618.403,1092.55,23.84,7.1053,1.47,-0.057,233.8,222.0
2026-08-08T21:13:39.581839+00:00,1786223619.582,1093.73,25.82,7.1141,1.44,0.134,230.6,222.0
2026-08-08T21:13:39.786667+00:00,1786223619.787,1093.93,24.66,7.1141,1.41,0.0,230.4,222.0
2026-08-08T21:13:39.988140+00:00,1786223619.988,1094.13,24.66,7.1163,1.37,0.0,231.6,222.0
2026-08-08T21:13:40.191026+00:00,1786223620.191,1094.34,25.48,7.1163,1.31,0.154,235.5,222.0
2026-08-08T21:13:40.394689+00:00,1786223620.395,1094.54,26.77,7.1163,1.25,0.0,236.3,222.0
2026-08-08T21:13:40.598741+00:00,1786223620.599,1094.75,26.77,7.1207,1.2,0.274,248.7,222.0
2026-08-08T21:13:40.800290+00:00,1786223620.8,1094.95,25.22,7.1207,1.15,0.131,251.5,222.0
2026-08-08T21:13:41.005463+00:00,1786223621.005,1095.15,26.45,7.1251,1.1,0.19,255.1,222.0
2026-08-08T21:13:41.210637+00:00,1786223621.211,1095.36,26.45,7.1251,1.05,0.241,266.0,222.0
2026-08-08T21:13:41.407446+00:00,1786223621.407,1095.55,24.44,7.1251,1.0,0.056,267.1,222.0
2026-08-08T21:13:41.609670+00:00,1786223621.61,1095.76,25.66,7.1295,1.01,0.0,267.6,222.0
2026-08-08T21:13:41.809957+00:00,1786223621.81,1095.96,25.66,7.1295,1.01,0.137,270.1,222.0
2026-08-08T21:13:42.009447+00:00,1786223622.009,1096.16,24.65,7.1295,1.04,0.0,269.0,222.0
2026-08-08T21:13:42.374637+00:00,1786223622.375,1096.52,23.56,7.1317,1.08,-0.245,257.6,222.0
2026-08-08T21:13:42.585422+00:00,1786223622.585,1096.73,25.0,7.1317,1.12,-0.223,251.5,222.0
2026-08-08T21:13:42.788915+00:00,1786223622.789,1096.94,25.0,7.1361,1.16,-0.223,241.0,222.0
2026-08-08T21:13:42.998866+00:00,1786223622.999,1097.15,23.8,7.1361,1.2,-0.179,233.3,222.0
2026-08-08T21:13:43.205960+00:00,1786223623.206,1097.35,26.39,7.1361,1.24,0.0,236.1,222.0
2026-08-08T21:13:43.407564+00:00,1786223623.408,1097.55,26.39,7.1405,1.28,0.0,236.7,222.0
2026-08-08T21:13:43.609955+00:00,1786223623.61,1097.76,23.82,7.1405,1.35,-0.079,226.3,222.0
2026-08-08T21:13:43.812733+00:00,1786223623.813,1097.96,26.4,7.1405,1.42,0.093,229.7,222.0
2026-08-08T21:13:44.176921+00:00,1786223624.177,1098.32,26.35,7.1449,1.51,0.081,233.1,222.0
2026-08-08T21:13:44.386851+00:00,1786223624.387,1098.53,26.36,7.1449,1.6,0.201,238.1,222.0
2026-08-08T21:13:44.591423+00:00,1786223624.591,1098.74,26.36,7.1493,1.74,0.352,253.7,222.0
2026-08-08T21:13:44.794486+00:00,1786223624.794,1098.94,26.23,7.1493,1.9,0.154,261.9,222.0
2026-08-08T21:13:44.991418+00:00,1786223624.991,1099.14,26.21,7.1493,2.06,0.152,265.2,222.0
2026-08-08T21:13:45.188535+00:00,1786223625.189,1099.33,26.21,7.1537,2.19,0.306,276.7,222.0
2026-08-08T21:13:45.791653+00:00,1786223625.792,1099.94,25.97,7.1581,2.28,0.0,281.2,233.1
2026-08-08T21:13:45.993927+00:00,1786223625.994,1100.14,26.27,7.1581,2.38,0.0,282.4,233.1
2026-08-08T21:13:46.190051+00:00,1786223626.19,1100.34,26.27,7.1603,2.43,0.264,293.3,233.1
2026-08-08T21:13:46.389502+00:00,1786223626.389,1100.54,23.59,7.1603,2.45,-0.303,282.7,233.1
2026-08-08T21:13:46.593089+00:00,1786223626.593,1100.74,26.5,7.1603,2.42,0.0,285.7,233.1
2026-08-08T21:13:46.800094+00:00,1786223626.8,1100.95,26.5,7.1647,2.4,0.0,286.4,233.1
2026-08-08T21:13:47.008074+00:00,1786223627.008,1101.15,23.8,7.1647,2.37,-0.295,277.5,233.1
2026-08-08T21:13:48.935347+00:00,1786223628.935,1103.08,27.32,7.1801,2.35,0.073,285.5,233.1
2026-08-08T21:13:49.139660+00:00,1786223629.14,1103.29,27.32,7.1801,2.32,0.074,294.0,233.1
2026-08-08T21:13:49.337416+00:00,1786223629.337,1103.48,28.95,7.1845,2.28,0.183,303.4,233.1
2026-08-08T21:13:49.541396+00:00,1786223629.541,1103.69,27.33,7.1845,2.23,0.101,312.5,233.1
2026-08-08T21:13:49.748118+00:00,1786223629.748,1103.89,27.33,7.1867,2.15,0.078,326.5,233.1
2026-08-08T21:13:49.959357+00:00,1786223629.959,1104.11,26.62,7.1867,2.04,0.0,336.4,233.1
2026-08-08T21:13:50.165274+00:00,1786223630.165,1104.31,26.52,7.1867,1.94,0.216,351.0,233.1
2026-08-08T21:13:50.362846+00:00,1786223630.363,1104.51,26.52,7.1911,1.83,0.0,359.1,233.1
2026-08-08T21:13:50.562241+00:00,1786223630.562,1104.71,26.14,7.1911,1.73,0.0,360.9,222.0
2026-08-08T21:13:50.762025+00:00,1786223630.762,1104.91,25.8,7.1911,1.62,0.147,365.4,222.0
2026-08-08T21:13:50.966165+00:00,1786223630.966,1105.11,25.8,7.1955,1.56,-0.209,364.2,222.0
2026-08-08T21:13:51.757618+00:00,1786223631.758,1105.9,29.05,7.1999,1.53,0.183,369.2,222.0
2026-08-08T21:13:51.954917+00:00,1786223631.955,1106.1,27.55,7.1999,1.55,-0.149,364.4,222.0
2026-08-08T21:13:52.164732+00:00,1786223632.165,1106.31,29.45,7.2043,1.55,0.225,367.6,222.0
2026-08-08T21:13:52.370146+00:00,1786223632.37,1106.52,29.45,7.2043,1.56,0.225,366.7,222.0
2026-08-08T21:13:52.746961+00:00,1786223632.747,1106.89,29.7,7.2087,1.57,0.307,372.6,222.0
2026-08-08T21:13:52.961522+00:00,1786223632.961,1107.11,29.7,7.2087,1.58,0.316,378.2,222.0
2026-08-08T21:13:53.165176+00:00,1786223633.165,1107.31,26.37,7.2131,1.58,0.0,368.4,222.0
2026-08-08T21:13:53.365008+00:00,1786223633.365,1107.51,26.85,7.2131,1.58,0.071,367.9,222.0
2026-08-08T21:13:53.766248+00:00,1786223633.766,1107.91,27.41,7.2175,1.57,0.149,369.2,222.0
2026-08-08T21:13:53.965889+00:00,1786223633.966,1108.11,26.41,7.2175,1.57,0.057,360.8,222.0
2026-08-08T21:13:54.164151+00:00,1786223634.164,1108.31,26.41,7.2197,1.56,-0.304,358.5,222.0
2026-08-08T21:13:54.365193+00:00,1786223634.365,1108.51,29.09,7.2197,1.55,0.178,361.5,222.0
2026-08-08T21:13:54.566799+00:00,1786223634.567,1108.71,26.34,7.2197,1.54,-0.359,349.1,222.0
2026-08-08T21:13:54.768744+00:00,1786223634.769,1108.92,29.34,7.2263,1.53,0.0,356.2,222.0
2026-08-08T21:13:54.972488+00:00,1786223634.972,1109.12,29.34,7.2263,1.53,0.0,352.4,222.0
2026-08-08T21:13:55.771521+00:00,1786223635.772,1109.92,28.82,7.2307,1.52,-0.088,345.8,222.0
2026-08-08T21:13:55.976524+00:00,1786223635.977,1110.12,26.82,7.2329,1.51,0.0,335.9,222.0
2026-08-08T21:13:56.180529+00:00,1786223636.18,1110.33,29.34,7.2329,1.47,0.245,338.3,222.0
2026-08-08T21:13:56.552052+00:00,1786223636.552,1110.7,26.58,7.2373,1.41,-0.082,330.6,222.0
2026-08-08T21:13:56.765799+00:00,1786223636.766,1110.91,29.58,7.2373,1.35,0.314,338.4,222.0
2026-08-08T21:13:56.969043+00:00,1786223636.969,1111.12,29.58,7.2417,1.28,0.313,341.0,222.0
2026-08-08T21:13:57.166512+00:00,1786223637.166,1111.31,26.34,7.2417,1.22,-0.272,331.8,222.0
2026-08-08T21:13:58.552095+00:00,1786223638.552,1112.7,28.69,7.2527,1.16,0.164,335.5,222.0
2026-08-08T21:13:58.760045+00:00,1786223638.76,1112.91,29.57,7.2549,1.1,0.0,332.3,222.0
2026-08-08T21:13:58.969819+00:00,1786223638.97,1113.12,29.57,7.2549,1.08,0.0,337.7,222.0
2026-08-08T21:13:59.165259+00:00,1786223639.165,1113.31,29.3,7.2593,1.07,0.0,330.9,222.0
2026-08-08T21:13:59.369487+00:00,1786223639.369,1113.52,29.7,7.2593,1.07,0.236,340.6,222.0
2026-08-08T21:13:59.568752+00:00,1786223639.569,1113.72,29.51,7.2593,1.06,0.0,332.3,222.0
2026-08-08T21:13:59.773021+00:00,1786223639.773,1113.92,29.51,7.2637,1.06,0.253,330.8,222.0
2026-08-08T21:13:59.969499+00:00,1786223639.969,1114.12,26.32,7.2637,1.06,-0.282,310.9,222.0
2026-08-08T21:14:01.537205+00:00,1786223641.537,1115.68,30.03,7.2769,1.05,0.0,300.0,222.0
2026-08-08T21:14:01.760136+00:00,1786223641.76,1115.91,30.03,7.2769,1.05,0.223,306.4,222.0
2026-08-08T21:14:01.952795+00:00,1786223641.953,1116.1,26.77,7.2813,1.07,-0.157,298.6,222.0
2026-08-08T21:14:02.158200+00:00,1786223642.158,1116.3,29.94,7.2813,1.12,0.0,294.6,222.0
2026-08-08T21:14:02.356510+00:00,1786223642.356,1116.5,29.69,7.2813,1.16,0.0,293.7,222.0
2026-08-08T21:14:02.553366+00:00,1786223642.553,1116.7,29.69,7.2857,1.21,0.0,301.8,222.0
2026-08-08T21:14:02.758775+00:00,1786223642.759,1116.91,26.57,7.2857,1.25,-0.257,287.7,222.0
2026-08-08T21:14:05.910101+00:00,1786223645.91,1120.06,29.53,7.3099,1.3,0.0,297.6,222.0
2026-08-08T21:14:06.112743+00:00,1786223646.113,1120.26,28.26,7.3143,1.34,-0.055,294.5,222.0
2026-08-08T21:14:06.309461+00:00,1786223646.309,1120.46,30.19,7.3143,1.38,0.169,299.2,222.0
2026-08-08T21:14:06.509093+00:00,1786223646.509,1120.66,30.19,7.3165,1.4,0.0,302.0,222.0
2026-08-08T21:14:06.710762+00:00,1786223646.711,1120.86,26.43,7.3165,1.42,-0.202,296.5,222.0
2026-08-08T21:14:06.912788+00:00,1786223646.913,1121.06,29.71,7.3165,1.44,0.165,294.6,222.0
2026-08-08T21:14:07.111541+00:00,1786223647.112,1121.26,29.71,7.3209,1.47,0.0,299.1,222.0
2026-08-08T21:14:07.311197+00:00,1786223647.311,1121.46,26.37,7.3209,1.49,-0.186,284.3,222.0
2026-08-08T21:14:07.512548+00:00,1786223647.513,1121.66,26.79,7.3209,1.51,-0.162,270.8,222.0
2026-08-08T21:14:08.309899+00:00,1786223648.31,1122.46,30.29,7.3296,1.53,0.186,286.7,222.0
2026-08-08T21:14:08.514489+00:00,1786223648.514,1122.66,30.29,7.3296,1.56,0.081,287.7,222.0
2026-08-08T21:14:08.716084+00:00,1786223648.716,1122.86,28.69,7.334,1.59,0.0,289.3,222.0
2026-08-08T21:14:08.910499+00:00,1786223648.91,1123.06,30.63,7.334,1.6,0.0,292.6,222.0
2026-08-08T21:14:09.110670+00:00,1786223649.111,1123.26,30.63,7.334,1.61,0.0,296.1,222.0
2026-08-08T21:14:09.309771+00:00,1786223649.31,1123.46,29.02,7.3384,1.61,0.276,299.0,222.0
2026-08-08T21:14:09.504986+00:00,1786223649.505,1123.65,26.59,7.3384,1.66,-0.335,291.3,222.0
2026-08-08T21:14:09.718395+00:00,1786223649.718,1123.86,26.59,7.3406,1.75,-0.333,277.2,222.0
2026-08-08T21:14:09.924350+00:00,1786223649.924,1124.07,27.21,7.3406,1.83,0.089,290.1,222.0
2026-08-08T21:14:10.127163+00:00,1786223650.127,1124.27,26.04,7.3406,1.91,-0.079,289.1,222.0
2026-08-08T21:14:10.496667+00:00,1786223650.497,1124.64,24.58,7.345,1.99,-0.726,266.7,222.0
2026-08-08T21:14:10.708833+00:00,1786223650.709,1124.86,25.72,7.345,2.07,-0.579,260.2,222.0
2026-08-08T21:14:11.871461+00:00,1786223651.871,1126.02,26.71,7.356,2.15,-0.174,258.0,233.1
2026-08-08T21:14:12.066223+00:00,1786223652.066,1126.21,26.71,7.356,2.23,-0.345,252.0,233.1
2026-08-08T21:14:12.271705+00:00,1786223652.272,1126.42,28.08,7.3582,2.27,-0.224,249.7,233.1
2026-08-08T21:14:12.475256+00:00,1786223652.475,1126.62,28.08,7.3582,2.27,-0.082,259.4,233.1
2026-08-08T21:14:12.673250+00:00,1786223652.673,1126.82,26.41,7.3626,2.24,0.0,261.1,233.1
2026-08-08T21:14:12.868234+00:00,1786223652.868,1127.01,27.65,7.3626,2.2,0.094,268.3,233.1
2026-08-08T21:14:13.073980+00:00,1786223653.074,1127.22,27.65,7.3626,2.19,0.0,265.2,233.1
2026-08-08T21:14:13.282895+00:00,1786223653.283,1127.43,25.85,7.367,2.16,0.0,265.2,233.1
2026-08-08T21:14:13.490862+00:00,1786223653.491,1127.64,26.26,7.367,2.08,0.155,276.5,233.1
2026-08-08T21:14:13.703209+00:00,1786223653.703,1127.85,26.26,7.3692,1.94,0.0,271.5,233.1
2026-08-08T21:14:13.903545+00:00,1786223653.904,1128.05,23.63,7.3692,1.74,-0.421,259.3,222.0
2026-08-08T21:14:14.101610+00:00,1786223654.102,1128.25,24.9,7.3692,1.53,-0.247,257.3,222.0
2026-08-08T21:14:14.299144+00:00,1786223654.299,1128.45,24.9,7.3736,1.31,-0.437,249.3,222.0
2026-08-08T21:14:14.496423+00:00,1786223654.496,1128.64,23.95,7.3736,1.1,-0.568,225.5,222.0
2026-08-08T21:14:15.650365+00:00,1786223655.65,1129.8,27.73,7.3824,0.88,0.123,221.5,222.0
2026-08-08T21:14:15.855038+00:00,1786223655.855,1130.0,27.73,7.3824,0.67,0.0,216.8,222.0
2026-08-08T21:14:16.071815+00:00,1786223656.072,1130.22,26.28,7.3868,0.5,-0.127,205.9,222.0
2026-08-08T21:14:16.284370+00:00,1786223656.284,1130.43,26.63,7.3868,0.41,0.072,199.7,222.0
2026-08-08T21:14:16.484682+00:00,1786223656.485,1130.63,26.63,7.389,0.4,0.0,185.5,222.0
2026-08-08T21:14:16.701205+00:00,1786223656.701,1130.85,23.72,7.389,0.45,-0.235,182.3,222.0
2026-08-08T21:14:16.902668+00:00,1786223656.903,1131.05,26.3,7.389,0.51,0.247,191.2,222.0
2026-08-08T21:14:17.101694+00:00,1786223657.102,1131.25,26.3,7.3934,0.57,0.13,186.3,222.0
2026-08-08T21:14:18.481238+00:00,1786223658.481,1132.63,29.13,7.4022,0.64,0.281,192.4,222.0
2026-08-08T21:14:18.684679+00:00,1786223658.685,1132.83,27.25,7.4022,0.76,0.219,211.1,222.0
2026-08-08T21:14:18.888749+00:00,1786223658.889,1133.04,27.25,7.4066,0.9,0.0,221.0,222.0
2026-08-08T21:14:19.082793+00:00,1786223659.083,1133.23,24.36,7.4066,1.02,-0.29,212.7,222.0
2026-08-08T21:14:19.286251+00:00,1786223659.286,1133.43,26.62,7.411,1.15,0.0,216.7,222.0
2026-08-08T21:14:19.486789+00:00,1786223659.487,1133.63,26.62,7.411,1.27,0.0,217.1,222.0
2026-08-08T21:14:19.682113+00:00,1786223659.682,1133.83,26.46,7.411,1.39,0.0,214.3,222.0
2026-08-08T21:14:19.884542+00:00,1786223659.885,1134.03,26.53,7.4154,1.52,0.245,217.4,222.0
2026-08-08T21:14:20.092149+00:00,1786223660.092,1134.24,26.53,7.4154,1.64,0.0,211.8,222.0
2026-08-08T21:14:20.895031+00:00,1786223660.895,1135.04,28.05,7.4198,1.72,0.128,213.4,222.0
2026-08-08T21:14:21.098934+00:00,1786223661.099,1135.25,26.33,7.422,1.76,-0.297,204.9,222.0
2026-08-08T21:14:21.300598+00:00,1786223661.301,1135.45,26.33,7.422,1.76,-0.098,197.5,222.0
2026-08-08T21:14:21.674756+00:00,1786223661.675,1135.82,26.48,7.4264,1.74,-0.077,195.0,222.0
2026-08-08T21:14:21.886976+00:00,1786223661.887,1136.03,26.09,7.4264,1.71,0.172,209.8,222.0
2026-08-08T21:14:22.089963+00:00,1786223662.09,1136.24,26.5,7.4308,1.69,0.0,217.2,222.0
2026-08-08T21:14:22.291047+00:00,1786223662.291,1136.44,26.5,7.4308,1.66,0.0,229.7,222.0
2026-08-08T21:14:23.670203+00:00,1786223663.67,1137.82,25.59,7.4396,1.64,-0.06,243.9,222.0
2026-08-08T21:14:23.874702+00:00,1786223663.875,1138.02,26.54,7.4418,1.63,0.0,243.1,222.0
2026-08-08T21:14:24.069729+00:00,1786223664.07,1138.22,26.54,7.4418,1.66,0.0,246.6,222.0
2026-08-08T21:14:24.270074+00:00,1786223664.27,1138.42,26.61,7.4462,1.68,-0.118,251.9,222.0
2026-08-08T21:14:24.477196+00:00,1786223664.477,1138.62,26.61,7.4462,1.71,0.0,255.5,222.0
2026-08-08T21:14:24.673848+00:00,1786223664.674,1138.82,23.81,7.4462,1.74,-0.207,254.6,222.0
2026-08-08T21:14:24.877468+00:00,1786223664.877,1139.02,26.53,7.4506,1.77,0.0,266.5,222.0
2026-08-08T21:14:25.078789+00:00,1786223665.079,1139.23,26.53,7.4506,1.8,0.0,265.9,222.0
2026-08-08T21:14:25.883004+00:00,1786223665.883,1140.03,25.02,7.455,1.82,-0.108,264.5,222.0
2026-08-08T21:14:26.087049+00:00,1786223666.087,1140.23,25.99,7.4572,1.85,0.0,260.1,222.0
2026-08-08T21:14:26.287608+00:00,1786223666.288,1140.43,25.99,7.4572,1.87,0.0,258.3,222.0
2026-08-08T21:14:26.486035+00:00,1786223666.486,1140.63,26.49,7.4616,1.9,0.0,262.0,222.0
2026-08-08T21:14:26.684972+00:00,1786223666.685,1140.83,26.49,7.4616,1.9,0.0,273.3,222.0
2026-08-08T21:14:26.884789+00:00,1786223666.885,1141.03,23.73,7.4616,1.87,-0.306,267.6,222.0
2026-08-08T21:14:27.077496+00:00,1786223667.077,1141.22,26.38,7.466,1.85,0.0,269.8,222.0
2026-08-08T21:14:27.282627+00:00,1786223667.283,1141.43,26.38,7.466,1.82,0.273,278.2,222.0
2026-08-08T21:14:27.490977+00:00,1786223667.491,1141.64,23.64,7.466,1.8,-0.308,264.7,222.0
2026-08-08T21:14:27.861854+00:00,1786223667.862,1142.01,24.9,7.4704,1.75,-0.162,260.3,222.0
2026-08-08T21:14:28.473935+00:00,1786223668.474,1142.62,25.85,7.4726,1.7,0.089,257.5,222.0
2026-08-08T21:14:28.679034+00:00,1786223668.679,1142.83,27.12,7.4726,1.66,0.121,267.9,222.0
2026-08-08T21:14:28.879673+00:00,1786223668.88,1143.03,27.12,7.477,1.61,0.121,273.2,222.0
2026-08-08T21:14:29.073713+00:00,1786223669.074,1143.22,23.66,7.477,1.57,-0.304,265.9,222.0
2026-08-08T21:14:29.282212+00:00,1786223669.282,1143.43,26.38,7.4814,1.54,0.0,261.3,222.0
2026-08-08T21:14:29.482028+00:00,1786223669.482,1143.63,26.38,7.4814,1.52,0.283,267.4,222.0
2026-08-08T21:14:29.677557+00:00,1786223669.678,1143.82,23.83,7.4814,1.49,-0.272,259.0,222.0
2026-08-08T21:14:29.881558+00:00,1786223669.882,1144.03,26.2,7.4858,1.46,0.0,260.1,222.0
2026-08-08T21:14:30.085384+00:00,1786223670.085,1144.23,26.2,7.4858,1.43,0.274,265.7,222.0
2026-08-08T21:14:30.680345+00:00,1786223670.68,1144.83,25.08,7.488,1.42,0.0,263.8,222.0
2026-08-08T21:14:30.883723+00:00,1786223670.884,1145.03,27.24,7.488,1.44,0.16,270.2,222.0
2026-08-08T21:14:31.088835+00:00,1786223671.089,1145.24,27.24,7.4924,1.46,0.0,269.6,222.0
2026-08-08T21:14:31.299567+00:00,1786223671.3,1145.45,23.66,7.4924,1.48,-0.398,264.4,222.0
2026-08-08T21:14:31.665525+00:00,1786223671.665,1145.81,26.23,7.4968,1.55,0.276,270.0,222.0
2026-08-08T21:14:31.877441+00:00,1786223671.877,1146.02,23.97,7.4968,1.62,-0.258,261.9,222.0
2026-08-08T21:14:32.080999+00:00,1786223672.081,1146.23,26.4,7.5012,1.69,0.0,264.8,222.0
2026-08-08T21:14:32.283451+00:00,1786223672.283,1146.43,26.4,7.5012,1.76,0.274,271.4,222.0
2026-08-08T21:14:33.461406+00:00,1786223673.461,1147.61,26.37,7.5078,1.83,0.0,271.5,222.0
2026-08-08T21:14:33.663438+00:00,1786223673.663,1147.81,27.66,7.5078,1.88,0.113,275.2,222.0
2026-08-08T21:14:33.865566+00:00,1786223673.866,1148.01,27.66,7.5122,1.9,0.225,281.8,222.0
2026-08-08T21:14:34.062291+00:00,1786223674.062,1148.21,23.97,7.5122,1.91,-0.286,282.5,222.0
2026-08-08T21:14:34.266550+00:00,1786223674.267,1148.41,26.62,7.5166,1.93,-0.054,281.7,222.0
2026-08-08T21:14:34.468574+00:00,1786223674.469,1148.61,26.62,7.5166,1.94,0.26,282.1,222.0
2026-08-08T21:14:34.663502+00:00,1786223674.663,1148.81,26.14,7.5166,1.96,0.0,291.1,222.0
2026-08-08T21:14:34.869235+00:00,1786223674.869,1149.02,26.47,7.521,1.98,0.232,302.6,222.0
2026-08-08T21:14:35.069580+00:00,1786223675.07,1149.22,26.47,7.521,1.99,0.0,302.0,222.0
2026-08-08T21:14:38.740593+00:00,1786223678.741,1152.89,28.61,7.5474,2.01,0.095,304.2,222.0
2026-08-08T21:14:38.938235+00:00,1786223678.938,1153.08,28.61,7.5474,2.02,0.113,307.1,222.0
2026-08-08T21:14:39.165253+00:00,1786223679.165,1153.31,26.86,7.5518,1.98,0.0,317.4,233.1
2026-08-08T21:14:39.370432+00:00,1786223679.37,1153.52,26.71,7.5518,1.93,0.0,319.3,233.1
2026-08-08T21:14:39.569231+00:00,1786223679.569,1153.72,26.56,7.5562,1.88,0.131,317.2,233.1
2026-08-08T21:14:39.782733+00:00,1786223679.783,1153.93,26.56,7.5562,1.83,0.0,326.3,222.0
2026-08-08T21:14:39.987437+00:00,1786223679.987,1154.13,26.4,7.5562,1.77,0.0,327.7,222.0
2026-08-08T21:14:40.355165+00:00,1786223680.355,1154.5,29.15,7.5606,1.72,0.147,328.4,222.0
2026-08-08T21:14:40.933191+00:00,1786223680.933,1155.08,26.3,7.5628,1.71,0.0,330.3,222.0
2026-08-08T21:14:41.138020+00:00,1786223681.138,1155.28,27.66,7.5628,1.69,0.054,329.1,222.0
2026-08-08T21:14:41.339655+00:00,1786223681.34,1155.49,27.66,7.5672,1.67,-0.101,327.7,222.0
2026-08-08T21:14:41.549804+00:00,1786223681.55,1155.7,24.18,7.5672,1.64,-0.472,326.7,222.0
2026-08-08T21:14:41.762513+00:00,1786223681.762,1155.91,26.82,7.5716,1.6,0.0,320.6,222.0
2026-08-08T21:14:41.962299+00:00,1786223681.962,1156.11,26.82,7.5716,1.56,0.0,328.0,222.0
2026-08-08T21:14:42.170416+00:00,1786223682.17,1156.32,24.08,7.5716,1.53,-0.265,319.9,222.0
2026-08-08T21:14:42.558878+00:00,1786223682.559,1156.71,29.37,7.576,1.49,0.281,321.9,222.0
2026-08-08T21:14:44.124358+00:00,1786223684.124,1158.27,26.82,7.5869,1.46,0.0,320.7,222.0
2026-08-08T21:14:44.335011+00:00,1786223684.335,1158.48,24.0,7.5869,1.43,-0.36,305.5,222.0
2026-08-08T21:14:44.542641+00:00,1786223684.543,1158.69,27.04,7.5913,1.41,0.057,298.7,222.0
2026-08-08T21:14:44.741167+00:00,1786223684.741,1158.89,27.04,7.5913,1.39,0.0,304.9,222.0
2026-08-08T21:14:44.938543+00:00,1786223684.939,1159.08,24.38,7.5913,1.36,-0.253,296.8,222.0
2026-08-08T21:14:45.309873+00:00,1786223685.31,1159.46,24.28,7.5935,1.34,0.0,286.5,222.0
2026-08-08T21:14:45.694707+00:00,1786223685.695,1159.84,22.4,7.5979,1.34,-0.312,275.3,222.0
2026-08-08T21:14:45.899108+00:00,1786223685.899,1160.05,25.59,7.5979,1.34,-0.087,264.4,222.0
2026-08-08T21:14:46.099401+00:00,1786223686.099,1160.25,26.88,7.5979,1.33,0.198,266.9,222.0
2026-08-08T21:14:46.304020+00:00,1786223686.304,1160.45,26.88,7.6023,1.34,-0.184,255.6,222.0
2026-08-08T21:14:46.505422+00:00,1786223686.505,1160.65,25.07,7.6023,1.36,-0.205,242.6,222.0
2026-08-08T21:14:46.709781+00:00,1786223686.71,1160.86,25.07,7.6045,1.37,0.126,241.9,222.0
2026-08-08T21:14:46.909090+00:00,1786223686.909,1161.06,23.94,7.6045,1.39,-0.364,229.9,222.0
2026-08-08T21:14:47.111335+00:00,1786223687.111,1161.26,26.6,7.6045,1.4,-0.052,223.4,222.0
2026-08-08T21:14:47.310847+00:00,1786223687.311,1161.46,26.6,7.6089,1.4,0.259,228.1,222.0
2026-08-08T21:14:47.508602+00:00,1786223687.509,1161.65,26.13,7.6089,1.41,0.235,232.0,222.0
2026-08-08T21:14:47.711209+00:00,1786223687.711,1161.86,24.69,7.6089,1.41,0.315,230.8,222.0
2026-08-08T21:14:47.909584+00:00,1786223687.91,1162.06,24.69,7.6133,1.42,-0.124,225.8,222.0
2026-08-08T21:14:48.506637+00:00,1786223688.507,1162.65,24.62,7.6177,1.42,-0.261,215.4,222.0
2026-08-08T21:14:48.703465+00:00,1786223688.703,1162.85,26.46,7.6177,1.43,0.0,216.1,222.0
2026-08-08T21:14:48.912082+00:00,1786223688.912,1163.06,26.46,7.6199,1.46,0.161,231.3,222.0
2026-08-08T21:14:49.111582+00:00,1786223689.112,1163.26,23.92,7.6199,1.47,-0.133,226.0,222.0
2026-08-08T21:14:49.310228+00:00,1786223689.31,1163.46,26.49,7.6199,1.47,0.295,232.6,222.0
2026-08-08T21:14:49.514422+00:00,1786223689.514,1163.66,26.49,7.6243,1.48,0.0,239.9,222.0
2026-08-08T21:14:49.714944+00:00,1786223689.715,1163.86,23.94,7.6243,1.52,-0.307,221.9,222.0
2026-08-08T21:14:49.920238+00:00,1786223689.92,1164.07,25.99,7.6243,1.55,0.0,221.7,222.0
2026-08-08T21:14:50.283160+00:00,1786223690.283,1164.43,24.42,7.6287,1.58,0.0,230.5,222.0
2026-08-08T21:14:50.491520+00:00,1786223690.491,1164.64,24.42,7.6287,1.6,0.0,228.1,222.0
2026-08-08T21:14:50.691194+00:00,1786223690.691,1164.84,23.76,7.6331,1.64,-0.109,224.6,222.0
2026-08-08T21:14:50.899330+00:00,1786223690.899,1165.05,26.25,7.6331,1.68,0.0,232.8,222.0
2026-08-08T21:14:51.097407+00:00,1786223691.097,1165.24,26.25,7.6331,1.72,0.0,235.5,222.0
2026-08-08T21:14:51.293120+00:00,1786223691.293,1165.44,23.83,7.6375,1.75,0.0,244.3,222.0
2026-08-08T21:14:51.697590+00:00,1786223691.698,1165.84,25.77,7.6375,1.79,-0.083,246.3,222.0
2026-08-08T21:14:51.899006+00:00,1786223691.899,1166.05,24.23,7.6397,1.83,-0.264,235.7,222.0
2026-08-08T21:14:52.095702+00:00,1786223692.096,1166.24,24.23,7.6397,1.91,0.0,240.8,222.0
2026-08-08T21:14:52.298419+00:00,1786223692.298,1166.44,23.71,7.6441,1.97,-0.267,241.2,222.0
2026-08-08T21:14:52.498820+00:00,1786223692.499,1166.65,26.29,7.6441,2.03,0.234,247.4,222.0
2026-08-08T21:14:52.701652+00:00,1786223692.702,1166.85,26.29,7.6441,2.08,0.234,265.4,222.0
2026-08-08T21:14:52.897250+00:00,1786223692.897,1167.04,23.8,7.6485,2.14,0.0,267.7,222.0
2026-08-08T21:14:53.106456+00:00,1786223693.106,1167.25,23.8,7.6485,2.18,-0.309,255.7,233.1
2026-08-08T21:14:53.906686+00:00,1786223693.907,1168.05,24.79,7.6529,2.21,-0.144,249.0,233.1
2026-08-08T21:14:54.113093+00:00,1786223694.113,1168.26,24.79,7.6551,2.25,0.095,247.3,233.1
2026-08-08T21:14:54.313955+00:00,1786223694.314,1168.46,25.74,7.6551,2.25,0.0,254.2,233.1
2026-08-08T21:14:54.513088+00:00,1786223694.513,1168.66,23.88,7.6595,2.25,0.0,262.7,233.1
2026-08-08T21:14:54.707208+00:00,1786223694.707,1168.85,23.88,7.6595,2.25,0.0,264.2,233.1
2026-08-08T21:14:54.908656+00:00,1786223694.909,1169.06,23.75,7.6595,2.27,0.0,261.6,233.1
2026-08-08T21:14:55.286478+00:00,1786223695.286,1169.43,26.13,7.6639,2.3,0.0,269.3,233.1
2026-08-08T21:14:55.497479+00:00,1786223695.497,1169.64,23.76,7.6639,2.32,-0.251,258.0,233.1
2026-08-08T21:14:55.701813+00:00,1786223695.702,1169.85,23.76,7.6661,2.34,0.0,259.4,233.1
2026-08-08T21:14:55.906715+00:00,1786223695.907,1170.05,22.75,7.6661,2.33,-0.104,266.2,233.1
2026-08-08T21:14:56.500111+00:00,1786223696.5,1170.65,24.58,7.6705,2.31,0.0,268.3,233.1
2026-08-08T21:14:56.703818+00:00,1786223696.704,1170.85,24.58,7.6705,2.29,0.0,271.1,233.1
2026-08-08T21:14:56.902989+00:00,1786223696.903,1171.05,25.43,7.6749,2.27,0.0,274.4,233.1
2026-08-08T21:14:57.098683+00:00,1786223697.099,1171.25,23.84,7.6749,2.24,0.0,279.1,233.1
2026-08-08T21:14:57.299681+00:00,1786223697.3,1171.45,23.84,7.6771,2.19,0.0,279.4,233.1
2026-08-08T21:14:57.498175+00:00,1786223697.498,1171.64,23.71,7.6771,2.15,0.0,279.3,233.1
2026-08-08T21:14:57.700167+00:00,1786223697.7,1171.85,23.71,7.6771,2.1,-0.279,274.4,233.1
2026-08-08T21:14:57.902807+00:00,1786223697.903,1172.05,23.74,7.6815,2.09,0.0,276.1,233.1
2026-08-08T21:14:58.106780+00:00,1786223698.107,1172.25,23.75,7.6815,2.08,0.0,282.7,233.1
2026-08-08T21:14:58.509166+00:00,1786223698.509,1172.66,23.73,7.6837,2.08,0.104,285.3,233.1
2026-08-08T21:14:58.709397+00:00,1786223698.709,1172.86,23.73,7.6837,2.05,-0.108,289.1,233.1
2026-08-08T21:14:58.912501+00:00,1786223698.912,1173.06,23.7,7.6881,2.05,-0.112,279.2,233.1
2026-08-08T21:14:59.115130+00:00,1786223699.115,1173.26,23.72,7.6881,2.05,-0.215,266.8,233.1
2026-08-08T21:14:59.317691+00:00,1786223699.318,1173.46,23.72,7.6881,2.05,0.0,266.4,233.1
2026-08-08T21:14:59.520731+00:00,1786223699.521,1173.67,23.74,7.6925,2.05,0.0,272.7,233.1
2026-08-08T21:14:59.722820+00:00,1786223699.723,1173.87,23.74,7.6925,2.04,0.0,274.6,233.1
2026-08-08T21:14:59.925820+00:00,1786223699.926,1174.07,23.63,7.6925,2.03,0.0,270.8,233.1
2026-08-08T21:15:00.292294+00:00,1786223700.292,1174.44,23.57,7.6969,1.99,0.0,268.2,233.1
2026-08-08T21:15:00.501877+00:00,1786223700.502,1174.65,22.97,7.6969,1.97,-0.091,264.7,233.1
2026-08-08T21:15:00.706426+00:00,1786223700.706,1174.85,22.97,7.6991,1.97,-0.096,261.0,233.1
2026-08-08T21:15:00.907962+00:00,1786223700.908,1175.05,22.26,7.6991,1.96,-0.186,255.0,222.0
2026-08-08T21:15:01.107441+00:00,1786223701.107,1175.25,22.26,7.6991,1.95,-0.182,247.3,222.0
2026-08-08T21:15:01.904960+00:00,1786223701.905,1176.05,25.13,7.7079,1.95,0.14,255.6,222.0
2026-08-08T21:15:02.101371+00:00,1786223702.101,1176.25,25.13,7.7079,1.94,0.141,258.3,222.0
2026-08-08T21:15:02.303971+00:00,1786223702.304,1176.45,21.71,7.7101,1.95,-0.203,254.5,222.0
2026-08-08T21:15:02.508257+00:00,1786223702.508,1176.65,23.7,7.7101,1.96,0.0,252.5,222.0
2026-08-08T21:15:02.709510+00:00,1786223702.709,1176.86,23.7,7.7101,1.95,0.0,250.6,222.0
2026-08-08T21:15:02.905693+00:00,1786223702.906,1177.05,23.73,7.7145,1.92,0.0,248.1,222.0
2026-08-08T21:15:03.109291+00:00,1786223703.109,1177.26,23.73,7.7145,1.9,0.082,248.6,222.0
2026-08-08T21:15:04.851374+00:00,1786223704.851,1179.0,25.01,7.7255,1.88,0.137,251.4,222.0
2026-08-08T21:15:05.056147+00:00,1786223705.056,1179.2,25.01,7.7255,1.87,0.184,255.5,222.0
2026-08-08T21:15:05.257455+00:00,1786223705.257,1179.4,25.98,7.7299,1.82,0.249,268.1,222.0
2026-08-08T21:15:05.461730+00:00,1786223705.462,1179.61,24.29,7.7299,1.79,-0.065,265.9,222.0
2026-08-08T21:15:05.662964+00:00,1786223705.663,1179.81,24.29,7.7321,1.75,-0.065,263.5,222.0
2026-08-08T21:15:05.874241+00:00,1786223705.874,1180.02,24.09,7.7321,1.69,0.185,264.1,222.0
2026-08-08T21:15:06.082334+00:00,1786223706.082,1180.23,24.09,7.7321,1.62,0.0,265.1,222.0
2026-08-08T21:15:06.279362+00:00,1786223706.279,1180.43,26.1,7.7365,1.56,0.187,271.8,222.0
2026-08-08T21:15:06.485331+00:00,1786223706.485,1180.63,26.2,7.7365,1.49,0.192,280.7,222.0
2026-08-08T21:15:06.686662+00:00,1786223706.687,1180.83,26.2,7.7365,1.43,0.192,284.5,222.0
2026-08-08T21:15:07.064299+00:00,1786223707.064,1181.21,24.48,7.7409,1.35,-0.067,280.9,222.0
2026-08-08T21:15:07.478992+00:00,1786223707.479,1181.63,24.91,7.7453,1.27,0.0,278.7,222.0
2026-08-08T21:15:07.678579+00:00,1786223707.679,1181.82,26.24,7.7453,1.18,0.0,277.0,222.0
2026-08-08T21:15:07.880987+00:00,1786223707.881,1182.03,26.24,7.7475,1.06,0.223,280.5,222.0
2026-08-08T21:15:08.083936+00:00,1786223708.084,1182.23,23.99,7.7475,0.93,0.0,279.2,222.0
2026-08-08T21:15:08.281638+00:00,1786223708.282,1182.43,26.37,7.7475,0.79,0.263,285.2,222.0
2026-08-08T21:15:08.480108+00:00,1786223708.48,1182.63,26.37,7.7519,0.66,0.264,292.9,222.0
2026-08-08T21:15:08.675406+00:00,1786223708.675,1182.82,26.18,7.7519,0.57,0.0,293.6,222.0
2026-08-08T21:15:10.033388+00:00,1786223710.033,1184.18,28.26,7.7607,0.48,0.161,290.4,222.0
2026-08-08T21:15:10.250241+00:00,1786223710.25,1184.4,30.24,7.7651,0.4,0.314,292.7,222.0
2026-08-08T21:15:10.461970+00:00,1786223710.462,1184.61,30.24,7.7651,0.36,0.471,308.6,222.0
2026-08-08T21:15:10.663640+00:00,1786223710.664,1184.81,29.71,7.7695,0.33,0.418,317.0,222.0
2026-08-08T21:15:10.869705+00:00,1786223710.87,1185.02,29.72,7.7695,0.29,0.303,322.1,222.0
2026-08-08T21:15:11.069696+00:00,1786223711.07,1185.22,33.5,7.7695,0.25,0.632,340.8,222.0
2026-08-08T21:15:11.267575+00:00,1786223711.268,1185.41,30.22,7.7761,0.22,0.544,351.1,222.0
2026-08-08T21:15:11.669166+00:00,1786223711.669,1185.82,30.76,7.7761,0.18,0.36,354.4,222.0
2026-08-08T21:15:11.867563+00:00,1786223711.868,1186.01,31.83,7.7805,0.14,0.449,360.2,222.0
2026-08-08T21:15:12.066932+00:00,1786223712.067,1186.21,30.17,7.7805,0.14,0.327,358.6,222.0
2026-08-08T21:15:12.266616+00:00,1786223712.267,1186.41,34.13,7.7849,0.21,0.73,382.6,222.0
2026-08-08T21:15:12.470004+00:00,1786223712.47,1186.62,34.13,7.7849,0.29,0.487,399.5,222.0
2026-08-08T21:15:12.667236+00:00,1786223712.667,1186.81,33.2,7.7849,0.36,0.372,406.9,222.0
2026-08-08T21:15:12.876190+00:00,1786223712.876,1187.02,29.65,7.7893,0.44,0.0,405.3,222.0
2026-08-08T21:15:13.075728+00:00,1786223713.076,1187.22,30.2,7.7893,0.52,0.061,400.6,222.0
2026-08-08T21:15:15.216680+00:00,1786223715.217,1189.36,37.04,7.8113,0.59,0.237,408.0,222.0
2026-08-08T21:15:15.432117+00:00,1786223715.432,1189.58,34.73,7.8113,0.67,0.3,415.6,222.0
2026-08-08T21:15:15.636905+00:00,1786223715.637,1189.78,34.43,7.8157,0.77,0.257,429.6,222.0
2026-08-08T21:15:15.843128+00:00,1786223715.843,1189.99,34.43,7.8157,0.91,0.181,440.4,222.0
2026-08-08T21:15:16.043329+00:00,1786223716.043,1190.19,33.49,7.8157,1.04,0.232,452.1,222.0
2026-08-08T21:15:16.246005+00:00,1786223716.246,1190.39,39.74,7.8201,1.18,0.392,473.0,222.0
2026-08-08T21:15:16.444790+00:00,1786223716.445,1190.59,34.05,7.8201,1.31,0.0,481.7,222.0
2026-08-08T21:15:16.647281+00:00,1786223716.647,1190.79,32.24,7.8201,1.41,-0.067,480.2,222.0
2026-08-08T21:15:17.007652+00:00,1786223717.008,1191.15,33.84,7.8266,1.51,0.282,492.0,222.0
2026-08-08T21:15:17.221735+00:00,1786223717.222,1191.37,29.92,7.8266,1.56,0.0,498.8,222.0
2026-08-08T21:15:17.423331+00:00,1786223717.423,1191.57,30.6,7.831,1.6,-0.81,478.4,222.0
2026-08-08T21:15:17.626056+00:00,1786223717.626,1191.77,33.5,7.831,1.64,-0.155,473.5,222.0
2026-08-08T21:15:17.825056+00:00,1786223717.825,1191.97,33.88,7.831,1.67,-0.069,467.6,222.0
2026-08-08T21:15:18.026304+00:00,1786223718.026,1192.17,33.88,7.8354,1.71,-0.069,464.0,222.0
2026-08-08T21:15:19.205546+00:00,1786223719.206,1193.35,33.82,7.8464,1.75,0.0,466.1,222.0
2026-08-08T21:15:19.405984+00:00,1786223719.406,1193.55,30.04,7.8464,1.78,-0.853,427.8,222.0
2026-08-08T21:15:19.611547+00:00,1786223719.612,1193.76,30.38,7.8508,1.78,-0.322,411.1,222.0
2026-08-08T21:15:19.810052+00:00,1786223719.81,1193.96,34.27,7.8508,1.74,0.178,417.1,222.0
2026-08-08T21:15:20.009411+00:00,1786223720.009,1194.16,34.27,7.8508,1.66,0.0,413.7,222.0
2026-08-08T21:15:20.208180+00:00,1786223720.208,1194.35,29.89,7.8552,1.58,0.0,411.1,222.0
2026-08-08T21:15:20.409866+00:00,1786223720.41,1194.56,29.65,7.8552,1.5,-0.089,388.7,222.0
2026-08-08T21:15:21.562177+00:00,1786223721.562,1195.71,34.79,7.8662,1.42,0.091,382.9,222.0
2026-08-08T21:15:21.768399+00:00,1786223721.768,1195.91,34.79,7.8662,1.38,0.064,380.2,222.0
2026-08-08T21:15:21.979101+00:00,1786223721.979,1196.13,33.66,7.8706,1.34,0.0,387.7,222.0
2026-08-08T21:15:22.190707+00:00,1786223722.191,1196.34,30.05,7.8706,1.3,-0.35,379.9,222.0
2026-08-08T21:15:22.394930+00:00,1786223722.395,1196.54,30.06,7.875,1.27,0.0,369.6,222.0
2026-08-08T21:15:22.602023+00:00,1786223722.602,1196.75,38.61,7.875,1.23,0.765,394.1,222.0
2026-08-08T21:15:22.810740+00:00,1786223722.811,1196.96,38.61,7.875,1.19,0.402,406.7,222.0
2026-08-08T21:15:23.771340+00:00,1786223723.771,1197.92,32.7,7.8838,1.16,-0.116,397.3,222.0
2026-08-08T21:15:23.966892+00:00,1786223723.967,1198.11,31.48,7.8838,1.12,0.117,392.3,222.0
2026-08-08T21:15:24.164550+00:00,1786223724.165,1198.31,30.29,7.8882,1.1,0.0,368.8,222.0
2026-08-08T21:15:24.375783+00:00,1786223724.376,1198.52,30.29,7.8882,1.11,-0.444,352.3,222.0
2026-08-08T21:15:24.578074+00:00,1786223724.578,1198.72,30.02,7.8926,1.14,-0.472,338.2,222.0
2026-08-08T21:15:24.782387+00:00,1786223724.782,1198.93,29.91,7.8926,1.16,-0.372,314.1,222.0
2026-08-08T21:15:24.982294+00:00,1786223724.982,1199.13,29.87,7.8926,1.18,0.0,312.3,222.0
2026-08-08T21:15:25.180000+00:00,1786223725.18,1199.33,29.87,7.897,1.2,0.0,332.7,222.0
2026-08-08T21:15:25.379943+00:00,1786223725.38,1199.53,27.2,7.897,1.23,-1.141,302.0,222.0
2026-08-08T21:15:26.532753+00:00,1786223726.533,1200.68,30.48,7.908,1.25,-0.606,282.1,222.0
2026-08-08T21:15:26.736968+00:00,1786223726.737,1200.88,30.48,7.908,1.27,-0.207,273.3,222.0
2026-08-08T21:15:26.949645+00:00,1786223726.95,1201.1,33.62,7.9124,1.25,0.199,276.7,222.0
2026-08-08T21:15:27.161134+00:00,1786223727.161,1201.31,29.88,7.9124,1.24,0.0,297.7,222.0
2026-08-08T21:15:27.364484+00:00,1786223727.364,1201.51,30.01,7.9168,1.23,0.0,303.8,222.0
2026-08-08T21:15:27.565488+00:00,1786223727.565,1201.71,30.01,7.9168,1.21,0.0,291.9,222.0
2026-08-08T21:15:27.761315+00:00,1786223727.761,1201.91,33.32,7.9168,1.2,0.317,298.4,222.0
2026-08-08T21:15:27.965954+00:00,1786223727.966,1202.11,29.37,7.9212,1.19,0.0,296.2,222.0
2026-08-08T21:15:28.569515+00:00,1786223728.57,1202.72,29.69,7.9256,1.16,0.0,297.1,222.0
2026-08-08T21:15:28.933197+00:00,1786223728.933,1203.08,30.03,7.9256,1.14,0.221,295.0,222.0
2026-08-08T21:15:29.132958+00:00,1786223729.133,1203.28,30.03,7.93,1.12,0.0,287.6,222.0
2026-08-08T21:15:29.344840+00:00,1786223729.345,1203.49,30.21,7.93,1.1,0.0,283.7,222.0
2026-08-08T21:15:29.547645+00:00,1786223729.548,1203.69,29.78,7.9344,1.08,-0.41,280.9,222.0
2026-08-08T21:15:29.749240+00:00,1786223729.749,1203.9,30.0,7.9344,1.06,0.0,279.8,222.0
2026-08-08T21:15:30.146079+00:00,1786223730.146,1204.29,29.35,7.9388,1.04,-0.065,241.7,222.0
2026-08-08T21:15:30.353329+00:00,1786223730.353,1204.5,33.31,7.9388,1.02,0.329,231.5,222.0
2026-08-08T21:15:30.566793+00:00,1786223730.567,1204.71,29.33,7.9432,1.04,-0.394,221.2,222.0
2026-08-08T21:15:30.764398+00:00,1786223730.764,1204.91,29.33,7.9432,1.08,0.0,216.1,222.0
2026-08-08T21:15:30.963011+00:00,1786223730.963,1205.11,29.32,7.9432,1.13,0.0,215.6,222.0
2026-08-08T21:15:31.164907+00:00,1786223731.165,1205.31,29.56,7.9476,1.18,-0.058,226.2,222.0
2026-08-08T21:15:31.371221+00:00,1786223731.371,1205.52,29.24,7.9476,1.22,-0.097,236.5,222.0
2026-08-08T21:15:31.766877+00:00,1786223731.767,1205.91,29.05,7.952,1.27,-0.133,243.1,222.0
2026-08-08T21:15:31.967191+00:00,1786223731.967,1206.11,29.6,7.952,1.32,0.0,243.5,222.0
2026-08-08T21:15:32.164875+00:00,1786223732.165,1206.31,29.6,7.9542,1.33,0.0,243.9,222.0
2026-08-08T21:15:32.362169+00:00,1786223732.362,1206.51,26.36,7.9542,1.35,-0.375,263.4,222.0
2026-08-08T21:15:32.568408+00:00,1786223732.568,1206.71,29.68,7.9542,1.36,-0.456,267.9,222.0
2026-08-08T21:15:32.778375+00:00,1786223732.778,1206.92,29.38,7.9608,1.36,0.0,273.3,222.0
2026-08-08T21:15:32.975741+00:00,1786223732.976,1207.12,29.38,7.9608,1.36,0.0,264.3,222.0
2026-08-08T21:15:33.953686+00:00,1786223733.954,1208.1,32.2,7.9696,1.37,0.268,274.7,222.0
2026-08-08T21:15:34.151646+00:00,1786223734.152,1208.3,29.98,7.9696,1.37,0.0,275.3,222.0
2026-08-08T21:15:34.350400+00:00,1786223734.35,1208.5,29.98,7.9718,1.38,0.069,278.0,222.0
2026-08-08T21:15:34.551130+00:00,1786223734.551,1208.7,26.85,7.9718,1.35,-0.219,258.6,222.0
2026-08-08T21:15:34.758576+00:00,1786223734.759,1208.9,29.99,7.9718,1.33,0.0,259.7,222.0
2026-08-08T21:15:34.955592+00:00,1786223734.956,1209.1,29.73,7.9784,1.3,0.0,260.4,222.0
2026-08-08T21:15:35.156212+00:00,1786223735.156,1209.3,29.73,7.9784,1.27,0.335,263.9,222.0
2026-08-08T21:15:35.946662+00:00,1786223735.947,1210.09,29.04,7.9828,1.25,-0.052,262.4,222.0
2026-08-08T21:15:36.156016+00:00,1786223736.156,1210.3,31.47,7.9872,1.22,0.172,269.0,222.0
2026-08-08T21:15:36.354537+00:00,1786223736.355,1210.5,29.68,7.9872,1.21,0.0,280.8,222.0
2026-08-08T21:15:36.558262+00:00,1786223736.558,1210.7,29.68,7.9894,1.22,-0.269,273.9,222.0
2026-08-08T21:15:36.758574+00:00,1786223736.759,1210.9,26.54,7.9894,1.24,-0.368,265.7,222.0
2026-08-08T21:15:36.956878+00:00,1786223736.957,1211.1,29.66,7.9894,1.25,0.0,253.8,222.0
2026-08-08T21:15:37.156385+00:00,1786223737.156,1211.3,29.66,7.9938,1.27,0.299,274.0,222.0
2026-08-08T21:15:37.355611+00:00,1786223737.356,1211.5,29.03,7.9938,1.28,-0.102,271.9,222.0
2026-08-08T21:15:38.737543+00:00,1786223738.738,1212.88,28.93,8.0048,1.3,-0.059,270.8,222.0
2026-08-08T21:15:38.938918+00:00,1786223738.939,1213.09,26.95,8.007,1.31,-0.205,266.1,222.0
2026-08-08T21:15:39.152506+00:00,1786223739.152,1213.3,29.68,8.007,1.33,0.055,271.1,222.0
2026-08-08T21:15:39.363819+00:00,1786223739.364,1213.51,29.68,8.0114,1.35,-0.155,271.2,222.0
2026-08-08T21:15:39.570398+00:00,1786223739.57,1213.72,26.39,8.0114,1.37,-0.285,262.3,222.0
2026-08-08T21:15:39.765704+00:00,1786223739.766,1213.91,29.37,8.0114,1.39,0.0,262.4,222.0
2026-08-08T21:15:40.144560+00:00,1786223740.145,1214.29,26.27,8.0158,1.41,0.0,271.7,222.0
2026-08-08T21:15:40.950790+00:00,1786223740.951,1215.1,28.2,8.0202,1.43,-0.101,280.9,222.0
2026-08-08T21:15:41.158112+00:00,1786223741.158,1215.3,29.65,8.0246,1.45,0.0,281.5,222.0
2026-08-08T21:15:41.355127+00:00,1786223741.355,1215.5,29.65,8.0246,1.47,0.0,282.2,222.0
2026-08-08T21:15:41.553761+00:00,1786223741.554,1215.7,26.43,8.029,1.49,-0.247,264.4,222.0
2026-08-08T21:15:41.765960+00:00,1786223741.766,1215.91,29.74,8.029,1.51,0.275,272.5,222.0
2026-08-08T21:15:41.969555+00:00,1786223741.97,1216.12,29.13,8.029,1.53,-0.055,269.1,222.0
2026-08-08T21:15:42.345277+00:00,1786223742.345,1216.49,26.61,8.0334,1.55,-0.286,268.2,222.0
2026-08-08T21:15:43.538658+00:00,1786223743.539,1217.69,28.73,8.0422,1.57,0.164,272.7,222.0
2026-08-08T21:15:43.733539+00:00,1786223743.734,1217.88,27.66,8.0422,1.59,-0.12,269.4,222.0
2026-08-08T21:15:43.943032+00:00,1786223743.943,1218.09,27.66,8.0466,1.63,0.102,262.9,222.0
2026-08-08T21:15:44.326989+00:00,1786223744.327,1218.47,26.65,8.0466,1.68,-0.127,261.4,222.0
2026-08-08T21:15:44.528321+00:00,1786223744.528,1218.67,26.65,8.051,1.72,-0.247,248.9,222.0
2026-08-08T21:15:44.729439+00:00,1786223744.729,1218.88,29.13,8.051,1.76,0.0,251.1,222.0
2026-08-08T21:15:44.933992+00:00,1786223744.934,1219.08,27.5,8.0554,1.79,0.087,261.6,222.0
2026-08-08T21:15:45.143286+00:00,1786223745.143,1219.29,27.5,8.0554,1.82,-0.185,269.0,222.0
2026-08-08T21:15:45.343501+00:00,1786223745.343,1219.49,24.56,8.0554,1.85,-0.376,259.5,222.0
2026-08-08T21:15:45.546454+00:00,1786223745.546,1219.69,25.77,8.0598,1.89,-0.073,249.4,222.0
2026-08-08T21:15:45.752886+00:00,1786223745.753,1219.9,25.77,8.0598,1.91,-0.372,243.6,222.0
2026-08-08T21:15:45.951324+00:00,1786223745.951,1220.1,32.65,8.0598,1.93,0.625,270.2,222.0
2026-08-08T21:15:46.150617+00:00,1786223746.151,1220.3,26.24,8.0642,1.95,-0.178,273.1,222.0
2026-08-08T21:15:46.552329+00:00,1786223746.552,1220.7,26.34,8.0642,1.97,0.0,271.9,222.0
2026-08-08T21:15:46.749546+00:00,1786223746.75,1220.9,25.48,8.0664,1.99,-0.147,272.4,222.0
2026-08-08T21:15:46.946244+00:00,1786223746.946,1221.09,25.48,8.0664,2.04,-0.458,270.7,222.0
2026-08-08T21:15:47.146256+00:00,1786223747.146,1221.29,26.35,8.0708,2.09,-0.144,267.9,222.0
2026-08-08T21:15:47.350841+00:00,1786223747.351,1221.5,26.36,8.0708,2.11,-0.143,267.3,233.1
2026-08-08T21:15:47.560808+00:00,1786223747.561,1221.71,26.36,8.0708,2.12,0.226,277.0,233.1
2026-08-08T21:15:47.935829+00:00,1786223747.936,1222.08,26.4,8.0751,2.14,0.073,279.4,233.1
2026-08-08T21:15:48.346574+00:00,1786223748.347,1222.49,25.59,8.0795,2.16,0.0,279.3,233.1
2026-08-08T21:15:48.548584+00:00,1786223748.549,1222.69,26.09,8.0795,2.19,-0.701,271.0,233.1
2026-08-08T21:15:48.753861+00:00,1786223748.754,1222.9,26.09,8.0817,2.22,0.0,263.7,233.1
2026-08-08T21:15:48.958572+00:00,1786223748.959,1223.1,27.42,8.0817,2.24,0.124,270.1,233.1
2026-08-08T21:15:49.162404+00:00,1786223749.162,1223.31,27.42,8.0817,2.27,0.222,286.4,233.1
2026-08-08T21:15:49.365596+00:00,1786223749.366,1223.51,25.57,8.0861,2.29,0.0,282.7,233.1
2026-08-08T21:15:49.563812+00:00,1786223749.564,1223.71,26.18,8.0861,2.32,0.0,287.7,233.1
2026-08-08T21:15:49.765483+00:00,1786223749.765,1223.91,26.18,8.0883,2.3,0.0,286.8,233.1
2026-08-08T21:15:49.965940+00:00,1786223749.966,1224.11,23.53,8.0883,2.26,-0.327,282.9,233.1
2026-08-08T21:15:50.170717+00:00,1786223750.171,1224.32,24.73,8.0883,2.22,-0.207,284.9,233.1
2026-08-08T21:15:50.380448+00:00,1786223750.38,1224.53,24.73,8.0927,2.16,-0.118,280.5,233.1
2026-08-08T21:15:50.578308+00:00,1786223750.578,1224.72,23.77,8.0927,2.09,-0.318,269.9,233.1
2026-08-08T21:15:50.970848+00:00,1786223750.971,1225.12,24.75,8.0971,2.02,-0.168,269.6,233.1
2026-08-08T21:15:51.167845+00:00,1786223751.168,1225.31,24.21,8.0971,1.96,-0.403,269.3,233.1
2026-08-08T21:15:51.366604+00:00,1786223751.367,1225.51,24.21,8.0971,1.89,-0.404,260.9,233.1
2026-08-08T21:15:51.563603+00:00,1786223751.564,1225.71,23.69,8.1015,1.82,-0.238,262.8,233.1
2026-08-08T21:15:51.775553+00:00,1786223751.776,1225.92,26.13,8.1015,1.76,0.0,237.9,222.0
2026-08-08T21:15:51.974628+00:00,1786223751.975,1226.12,26.13,8.1015,1.69,0.0,241.1,222.0
2026-08-08T21:15:52.749020+00:00,1786223752.749,1226.9,24.14,8.1081,1.63,0.061,239.6,222.0
2026-08-08T21:15:53.137904+00:00,1786223753.138,1227.28,24.11,8.1081,1.56,-0.059,239.2,222.0
2026-08-08T21:15:53.335593+00:00,1786223753.336,1227.48,24.11,8.1125,1.54,-0.059,245.8,222.0
2026-08-08T21:15:53.533988+00:00,1786223753.534,1227.68,24.02,8.1125,1.55,0.0,245.6,222.0
2026-08-08T21:15:53.737689+00:00,1786223753.738,1227.88,24.02,8.1125,1.6,-0.074,243.9,222.0
2026-08-08T21:15:53.939418+00:00,1786223753.939,1228.09,21.97,8.1169,1.67,-0.225,229.2,222.0
2026-08-08T21:15:54.549036+00:00,1786223754.549,1228.7,24.73,8.1191,1.75,0.0,224.7,222.0
2026-08-08T21:15:54.744084+00:00,1786223754.744,1228.89,24.73,8.1191,1.82,0.091,224.8,222.0
2026-08-08T21:15:54.949297+00:00,1786223754.949,1229.1,22.69,8.1235,1.85,-0.301,231.8,222.0
2026-08-08T21:15:55.156520+00:00,1786223755.156,1229.3,22.69,8.1235,1.87,-0.3,221.8,222.0
2026-08-08T21:15:55.357039+00:00,1786223755.357,1229.5,21.58,8.1235,1.88,-0.272,207.8,222.0
2026-08-08T21:15:55.724383+00:00,1786223755.724,1229.87,21.66,8.1257,1.93,-0.263,191.6,222.0
2026-08-08T21:15:55.941448+00:00,1786223755.941,1230.09,21.66,8.1257,1.97,-0.261,182.5,222.0
2026-08-08T21:15:56.323601+00:00,1786223756.324,1230.47,21.57,8.1301,2.02,-0.244,173.3,222.0
2026-08-08T21:15:56.534104+00:00,1786223756.534,1230.68,19.94,8.1301,2.06,-0.405,160.7,222.0
2026-08-08T21:15:58.475688+00:00,1786223758.476,1232.62,22.14,8.1433,2.1,0.0,166.3,233.1
2026-08-08T21:15:58.677052+00:00,1786223758.677,1232.82,23.04,8.1433,2.15,-0.114,167.1,233.1
2026-08-08T21:15:58.895242+00:00,1786223758.895,1233.04,23.04,8.1455,2.15,-0.113,166.2,233.1
2026-08-08T21:15:59.097501+00:00,1786223759.097,1233.24,20.32,8.1455,2.14,-0.158,168.2,233.1
2026-08-08T21:15:59.308680+00:00,1786223759.309,1233.46,21.95,8.1455,2.17,0.0,170.7,233.1
2026-08-08T21:15:59.506736+00:00,1786223759.507,1233.65,21.95,8.1499,2.2,0.0,179.1,233.1
2026-08-08T21:15:59.701995+00:00,1786223759.702,1233.85,21.84,8.1499,2.24,0.0,187.8,233.1
2026-08-08T21:15:59.910645+00:00,1786223759.911,1234.06,21.84,8.1499,2.27,0.0,193.4,233.1
2026-08-08T21:16:00.697056+00:00,1786223760.697,1234.84,23.63,8.1587,2.34,0.131,196.7,233.1
2026-08-08T21:16:00.891053+00:00,1786223760.891,1235.04,23.63,8.1587,2.43,0.235,203.0,233.1
2026-08-08T21:16:01.094639+00:00,1786223761.095,1235.24,23.76,8.1587,2.52,0.173,208.5,233.1
2026-08-08T21:16:01.293592+00:00,1786223761.294,1235.44,23.94,8.1631,2.57,0.095,215.5,233.1
2026-08-08T21:16:01.492872+00:00,1786223761.493,1235.64,23.94,8.1631,2.62,0.096,222.9,233.1
2026-08-08T21:16:01.690063+00:00,1786223761.69,1235.84,23.81,8.1631,2.67,0.374,235.1,233.1
2026-08-08T21:16:01.895198+00:00,1786223761.895,1236.04,24.13,8.1675,2.72,0.235,246.2,233.1
2026-08-08T21:16:02.101365+00:00,1786223762.101,1236.25,24.13,8.1675,2.77,0.234,261.4,233.1
2026-08-08T21:16:02.704760+00:00,1786223762.705,1236.85,24.42,8.1697,2.82,0.239,270.7,233.1
2026-08-08T21:16:02.910426+00:00,1786223762.91,1237.06,26.9,8.1697,2.88,0.468,286.2,233.1
2026-08-08T21:16:03.117180+00:00,1786223763.117,1237.26,26.9,8.1741,2.91,0.375,309.0,233.1
2026-08-08T21:16:03.314304+00:00,1786223763.314,1237.46,23.77,8.1741,2.89,0.0,319.8,233.1
2026-08-08T21:16:03.680777+00:00,1786223763.681,1237.83,26.23,8.1785,2.88,0.266,338.8,233.1
2026-08-08T21:16:03.896466+00:00,1786223763.896,1238.04,23.97,8.1785,2.88,0.0,349.1,233.1
2026-08-08T21:16:04.098205+00:00,1786223764.098,1238.24,23.97,8.1807,2.88,0.0,359.1,233.1
2026-08-08T21:16:04.292793+00:00,1786223764.293,1238.44,23.76,8.1807,2.87,0.0,368.6,233.1
2026-08-08T21:16:04.493373+00:00,1786223764.493,1238.64,24.32,8.1807,2.87,0.0,381.9,233.1
2026-08-08T21:16:04.691152+00:00,1786223764.691,1238.84,24.32,8.1851,2.88,0.0,386.3,233.1
2026-08-08T21:16:05.295115+00:00,1786223765.295,1239.44,25.9,8.1895,2.89,0.159,397.6,233.1
2026-08-08T21:16:05.500254+00:00,1786223765.5,1239.65,24.56,8.1895,2.9,-0.25,398.2,233.1
2026-08-08T21:16:05.705676+00:00,1786223765.706,1239.85,24.56,8.1917,2.87,-0.251,401.1,233.1
2026-08-08T21:16:05.910336+00:00,1786223765.91,1240.06,23.57,8.1917,2.81,0.0,404.5,233.1
2026-08-08T21:16:06.116158+00:00,1786223766.116,1240.26,26.36,8.1917,2.75,0.0,409.9,233.1
2026-08-08T21:16:06.481353+00:00,1786223766.481,1240.63,23.82,8.1961,2.7,0.0,413.0,233.1
2026-08-08T21:16:06.692302+00:00,1786223766.692,1240.84,23.82,8.1961,2.64,0.0,415.7,233.1
2026-08-08T21:16:06.896770+00:00,1786223766.897,1241.04,23.75,8.2005,2.58,0.0,413.8,233.1
2026-08-08T21:16:07.100584+00:00,1786223767.101,1241.25,24.09,8.2005,2.53,0.0,409.4,233.1
2026-08-08T21:16:07.298001+00:00,1786223767.298,1241.44,24.09,8.2005,2.47,0.0,405.7,233.1
2026-08-08T21:16:07.496051+00:00,1786223767.496,1241.64,23.16,8.2049,2.41,-0.346,395.0,233.1
2026-08-08T21:16:08.098807+00:00,1786223768.099,1242.25,24.86,8.2093,2.34,0.0,392.5,233.1
2026-08-08T21:16:08.306041+00:00,1786223768.306,1242.45,26.1,8.2093,2.27,0.164,388.5,233.1
2026-08-08T21:16:08.502652+00:00,1786223768.503,1242.65,26.1,8.2115,2.18,0.271,389.2,233.1
2026-08-08T21:16:08.698600+00:00,1786223768.699,1242.85,26.38,8.2115,2.1,0.0,383.1,233.1
2026-08-08T21:16:08.905743+00:00,1786223768.906,1243.05,26.38,8.2115,2.01,0.293,383.1,233.1
2026-08-08T21:16:09.287175+00:00,1786223769.287,1243.43,26.34,8.2159,1.92,0.27,373.7,233.1
2026-08-08T21:16:09.695723+00:00,1786223769.696,1243.84,25.64,8.2203,1.87,0.188,363.6,222.0
2026-08-08T21:16:09.903298+00:00,1786223769.903,1244.05,25.12,8.2203,1.85,0.103,363.0,222.0
2026-08-08T21:16:10.102276+00:00,1786223770.102,1244.25,25.12,8.2225,1.86,0.102,354.0,222.0
2026-08-08T21:16:10.298855+00:00,1786223770.299,1244.45,23.82,8.2225,1.86,0.066,351.6,222.0
2026-08-08T21:16:10.499226+00:00,1786223770.499,1244.65,26.37,8.2225,1.87,0.175,353.8,222.0
2026-08-08T21:16:10.701915+00:00,1786223770.702,1244.85,26.37,8.2269,1.88,0.0,351.9,222.0
2026-08-08T21:16:10.906830+00:00,1786223770.907,1245.05,24.18,8.2269,1.89,-0.222,343.1,222.0
2026-08-08T21:16:11.499006+00:00,1786223771.499,1245.65,26.0,8.2313,1.89,0.0,340.5,222.0
2026-08-08T21:16:11.700338+00:00,1786223771.7,1245.85,26.6,8.2313,1.9,0.0,333.2,222.0
2026-08-08T21:16:11.905273+00:00,1786223771.905,1246.05,26.6,8.2357,1.91,0.0,336.6,222.0
2026-08-08T21:16:12.099535+00:00,1786223772.1,1246.25,26.39,8.2357,1.94,0.087,342.1,222.0
2026-08-08T21:16:12.304197+00:00,1786223772.304,1246.45,26.23,8.2401,2.03,0.129,344.2,222.0
2026-08-08T21:16:12.505345+00:00,1786223772.505,1246.65,26.23,8.2401,2.16,0.129,344.8,233.1
2026-08-08T21:16:12.711785+00:00,1786223772.712,1246.86,26.22,8.2401,2.33,0.276,351.9,233.1
2026-08-08T21:16:12.907390+00:00,1786223772.907,1247.05,26.13,8.2445,2.54,0.0,353.4,233.1
2026-08-08T21:16:13.106857+00:00,1786223773.107,1247.25,26.13,8.2445,2.77,0.0,356.0,233.1
2026-08-08T21:16:15.251692+00:00,1786223775.252,1249.4,26.65,8.2599,2.99,0.158,363.9,233.1
2026-08-08T21:16:15.457266+00:00,1786223775.457,1249.6,27.75,8.2599,3.18,0.123,373.0,233.1
2026-08-08T21:16:15.660394+00:00,1786223775.66,1249.81,27.75,8.2621,3.34,0.08,390.1,233.1
2026-08-08T21:16:15.869939+00:00,1786223775.87,1250.02,23.96,8.2621,3.45,-0.185,389.4,233.1
2026-08-08T21:16:16.075221+00:00,1786223776.075,1250.22,26.57,8.2621,3.52,0.0,391.0,233.1
2026-08-08T21:16:16.274187+00:00,1786223776.274,1250.42,26.57,8.2665,3.55,0.0,390.5,233.1
2026-08-08T21:16:16.469289+00:00,1786223776.469,1250.62,23.85,8.2665,3.54,-0.167,390.3,233.1
2026-08-08T21:16:16.672878+00:00,1786223776.673,1250.82,26.21,8.2665,3.52,0.0,389.3,233.1
2026-08-08T21:16:16.875188+00:00,1786223776.875,1251.02,26.21,8.2709,3.51,0.0,389.1,233.1
2026-08-08T21:16:17.467839+00:00,1786223777.468,1251.61,24.81,8.2753,3.47,-0.084,388.3,233.1
2026-08-08T21:16:17.673361+00:00,1786223777.673,1251.82,26.53,8.2753,3.39,0.0,393.2,233.1
2026-08-08T21:16:17.879727+00:00,1786223777.88,1252.03,26.53,8.2775,3.23,-0.14,394.1,233.1
2026-08-08T21:16:18.076929+00:00,1786223778.077,1252.22,23.91,8.2775,3.01,-0.442,387.2,233.1
2026-08-08T21:16:18.271643+00:00,1786223778.272,1252.42,23.91,8.2775,2.75,0.0,384.5,233.1
2026-08-08T21:16:18.472545+00:00,1786223778.473,1252.62,23.92,8.2819,2.51,-0.307,378.4,233.1
2026-08-08T21:16:18.677127+00:00,1786223778.677,1252.82,23.95,8.2819,2.27,-0.303,377.9,233.1
2026-08-08T21:16:18.873657+00:00,1786223778.874,1253.02,23.95,8.2819,2.02,0.0,377.0,233.1
2026-08-08T21:16:19.245214+00:00,1786223779.245,1253.39,24.09,8.2863,1.79,-0.229,369.7,233.1
2026-08-08T21:16:19.458029+00:00,1786223779.458,1253.6,22.3,8.2863,1.59,-0.42,357.1,233.1
2026-08-08T21:16:19.661397+00:00,1786223779.661,1253.81,23.78,8.2907,1.44,-0.13,348.4,233.1
2026-08-08T21:16:19.865292+00:00,1786223779.865,1254.01,23.78,8.2907,1.33,-0.348,333.4,222.0
2026-08-08T21:16:20.074016+00:00,1786223780.074,1254.22,23.72,8.2907,1.26,-0.355,317.3,222.0
2026-08-08T21:16:20.669197+00:00,1786223780.669,1254.82,24.5,8.2929,1.19,0.063,306.4,222.0
2026-08-08T21:16:20.871196+00:00,1786223780.871,1255.02,24.5,8.2973,1.13,0.063,301.1,222.0
2026-08-08T21:16:21.077572+00:00,1786223781.078,1255.22,23.76,8.2973,1.07,0.0,292.9,222.0
2026-08-08T21:16:21.282310+00:00,1786223781.282,1255.43,26.19,8.3017,1.03,0.239,286.4,222.0
2026-08-08T21:16:21.481687+00:00,1786223781.482,1255.63,26.19,8.3017,1.02,0.239,278.7,222.0
2026-08-08T21:16:21.682184+00:00,1786223781.682,1255.83,23.73,8.3017,1.03,0.0,264.4,222.0
2026-08-08T21:16:22.046870+00:00,1786223782.047,1256.19,23.75,8.3039,1.05,0.155,262.8,222.0
2026-08-08T21:16:22.259952+00:00,1786223782.26,1256.41,23.92,8.3039,1.01,0.0,251.0,222.0
2026-08-08T21:16:22.462080+00:00,1786223782.462,1256.61,23.92,8.3083,0.97,0.0,238.9,222.0
2026-08-08T21:16:22.663573+00:00,1786223782.664,1256.81,23.01,8.3083,0.93,-0.076,230.8,222.0
2026-08-08T21:16:22.861838+00:00,1786223782.862,1257.01,26.07,8.3083,0.92,0.199,224.9,222.0
2026-08-08T21:16:23.062522+00:00,1786223783.062,1257.21,26.07,8.3127,0.92,0.2,219.1,222.0
2026-08-08T21:16:23.666410+00:00,1786223783.666,1257.81,25.51,8.3171,0.91,0.188,215.9,222.0
2026-08-08T21:16:23.871822+00:00,1786223783.872,1258.02,26.33,8.3171,0.9,0.0,205.5,222.0
2026-08-08T21:16:24.230677+00:00,1786223784.231,1258.38,24.02,8.3193,0.89,-0.219,193.0,222.0
2026-08-08T21:16:24.443704+00:00,1786223784.444,1258.59,24.02,8.3193,0.88,0.0,194.9,222.0
2026-08-08T21:16:24.643129+00:00,1786223784.643,1258.79,24.07,8.3236,0.9,0.0,188.1,222.0
2026-08-08T21:16:24.845910+00:00,1786223784.846,1258.99,24.15,8.3236,0.9,0.0,189.0,222.0
2026-08-08T21:16:25.040810+00:00,1786223785.041,1259.19,24.15,8.3236,0.9,0.0,190.7,222.0
2026-08-08T21:16:25.238890+00:00,1786223785.239,1259.39,23.93,8.328,0.9,0.099,188.7,222.0
2026-08-08T21:16:25.445966+00:00,1786223785.446,1259.59,24.82,8.328,0.89,-0.134,187.7,222.0
2026-08-08T21:16:25.850677+00:00,1786223785.851,1260.0,23.93,8.3302,0.88,-0.214,189.9,222.0
2026-08-08T21:16:26.049028+00:00,1786223786.049,1260.2,23.93,8.3302,0.91,-0.185,186.8,222.0
2026-08-08T21:16:26.245779+00:00,1786223786.246,1260.39,23.72,8.3346,0.93,-0.305,186.3,222.0
2026-08-08T21:16:26.446752+00:00,1786223786.447,1260.59,26.36,8.3346,0.95,0.293,201.5,222.0
2026-08-08T21:16:26.648950+00:00,1786223786.649,1260.8,26.36,8.3346,0.98,0.294,207.4,222.0
2026-08-08T21:16:26.846279+00:00,1786223786.846,1260.99,23.61,8.339,1.0,-0.058,203.8,222.0
2026-08-08T21:16:27.054503+00:00,1786223787.054,1261.2,26.23,8.339,1.03,0.262,211.3,222.0
2026-08-08T21:16:27.448962+00:00,1786223787.449,1261.6,25.21,8.3434,1.05,0.122,207.9,222.0
2026-08-08T21:16:27.652197+00:00,1786223787.652,1261.8,26.53,8.3434,1.07,0.299,209.8,222.0
2026-08-08T21:16:27.855986+00:00,1786223787.856,1262.0,26.53,8.3456,1.13,0.197,216.6,222.0
2026-08-08T21:16:28.062347+00:00,1786223788.062,1262.21,27.86,8.3456,1.16,0.493,228.8,222.0
2026-08-08T21:16:28.264985+00:00,1786223788.265,1262.41,26.15,8.3456,1.19,0.279,237.4,222.0
2026-08-08T21:16:28.468015+00:00,1786223788.468,1262.61,26.15,8.35,1.22,0.304,247.0,222.0
2026-08-08T21:16:28.671048+00:00,1786223788.671,1262.82,27.71,8.35,1.24,0.168,256.8,222.0
2026-08-08T21:16:28.872903+00:00,1786223788.873,1263.02,25.9,8.3522,1.26,-0.057,251.9,222.0
2026-08-08T21:16:29.078678+00:00,1786223789.079,1263.23,25.9,8.3522,1.27,0.285,255.3,222.0
2026-08-08T21:16:29.284728+00:00,1786223789.285,1263.43,24.53,8.3522,1.27,-0.212,246.9,222.0
2026-08-08T21:16:29.651452+00:00,1786223789.651,1263.8,23.45,8.3566,1.27,-0.221,241.9,222.0
2026-08-08T21:16:29.863269+00:00,1786223789.863,1264.01,24.72,8.3566,1.27,-0.227,243.4,222.0
2026-08-08T21:16:30.065918+00:00,1786223790.066,1264.21,24.72,8.361,1.27,-0.227,240.1,222.0
2026-08-08T21:16:30.262853+00:00,1786223790.263,1264.41,23.7,8.361,1.27,-0.525,229.8,222.0
2026-08-08T21:16:30.466362+00:00,1786223790.466,1264.61,25.06,8.361,1.27,-0.138,228.5,222.0
2026-08-08T21:16:30.667303+00:00,1786223790.667,1264.81,25.06,8.3654,1.27,-0.138,227.3,222.0
2026-08-08T21:16:31.659693+00:00,1786223791.66,1265.81,26.29,8.3698,1.27,-0.131,224.7,222.0
2026-08-08T21:16:31.855842+00:00,1786223791.856,1266.0,26.29,8.3742,1.24,0.0,230.0,222.0
2026-08-08T21:16:32.064371+00:00,1786223792.064,1266.21,26.41,8.3742,1.21,0.0,237.4,222.0
2026-08-08T21:16:32.266986+00:00,1786223792.267,1266.41,26.41,8.3764,1.17,0.176,248.2,222.0
2026-08-08T21:16:32.469697+00:00,1786223792.47,1266.62,25.94,8.3764,1.12,0.245,262.7,222.0
2026-08-08T21:16:32.671067+00:00,1786223792.671,1266.82,26.38,8.3764,1.09,0.164,260.2,222.0
2026-08-08T21:16:32.871845+00:00,1786223792.872,1267.02,26.38,8.3808,1.07,0.164,257.4,222.0
2026-08-08T21:16:33.069455+00:00,1786223793.069,1267.22,23.62,8.3808,1.04,0.0,258.8,222.0
2026-08-08T21:16:35.777034+00:00,1786223795.777,1269.92,30.15,8.4006,1.03,0.266,262.4,222.0
2026-08-08T21:16:35.977339+00:00,1786223795.977,1270.12,28.36,8.4028,1.02,0.173,265.9,222.0
2026-08-08T21:16:36.182360+00:00,1786223796.182,1270.33,26.93,8.4028,1.04,0.0,258.7,222.0
2026-08-08T21:16:36.386018+00:00,1786223796.386,1270.53,26.93,8.4072,1.08,0.0,253.9,222.0
2026-08-08T21:16:36.586216+00:00,1786223796.586,1270.73,28.35,8.4072,1.13,0.119,244.5,222.0
2026-08-08T21:16:36.792659+00:00,1786223796.793,1270.94,26.8,8.4072,1.17,0.0,238.1,222.0
2026-08-08T21:16:36.993818+00:00,1786223796.994,1271.14,26.8,8.4116,1.2,0.053,232.4,222.0
2026-08-08T21:16:37.203734+00:00,1786223797.204,1271.35,26.18,8.4116,1.23,0.0,227.1,222.0
2026-08-08T21:16:37.408986+00:00,1786223797.409,1271.56,26.49,8.416,1.26,0.0,228.8,222.0
2026-08-08T21:16:37.607394+00:00,1786223797.607,1271.75,26.49,8.416,1.3,0.176,226.8,222.0
2026-08-08T21:16:37.806715+00:00,1786223797.807,1271.95,24.9,8.416,1.34,-0.718,215.5,222.0
2026-08-08T21:16:38.009148+00:00,1786223798.009,1272.16,26.33,8.4204,1.38,-0.279,215.7,222.0
2026-08-08T21:16:38.210151+00:00,1786223798.21,1272.36,26.33,8.4204,1.42,-0.082,220.5,222.0
2026-08-08T21:16:40.159813+00:00,1786223800.16,1274.31,28.94,8.4336,1.47,0.148,233.2,222.0
2026-08-08T21:16:40.365284+00:00,1786223800.365,1274.51,26.85,8.4358,1.51,-0.11,244.8,222.0
2026-08-08T21:16:40.579334+00:00,1786223800.579,1274.73,26.85,8.4358,1.51,0.0,250.1,222.0
2026-08-08T21:16:40.776810+00:00,1786223800.777,1274.92,26.87,8.4402,1.5,0.0,255.4,222.0
2026-08-08T21:16:40.978878+00:00,1786223800.979,1275.13,26.59,8.4402,1.47,0.0,259.6,222.0
2026-08-08T21:16:41.175161+00:00,1786223801.175,1275.32,26.59,8.4402,1.41,0.0,260.5,222.0
2026-08-08T21:16:41.373335+00:00,1786223801.373,1275.52,26.52,8.4446,1.35,0.0,261.1,222.0
2026-08-08T21:16:41.978440+00:00,1786223801.978,1276.12,26.71,8.449,1.29,0.12,260.5,222.0
2026-08-08T21:16:42.175297+00:00,1786223802.175,1276.32,26.29,8.449,1.25,0.0,255.4,222.0
2026-08-08T21:16:42.378874+00:00,1786223802.379,1276.53,26.29,8.4512,1.19,0.0,251.7,222.0
2026-08-08T21:16:42.574378+00:00,1786223802.574,1276.72,26.23,8.4512,1.14,-0.312,240.4,222.0
2026-08-08T21:16:42.781999+00:00,1786223802.782,1276.93,26.38,8.4512,1.09,-0.054,240.8,222.0
2026-08-08T21:16:42.981351+00:00,1786223802.981,1277.13,29.61,8.4578,1.04,0.32,241.8,222.0
2026-08-08T21:16:43.186007+00:00,1786223803.186,1277.33,29.61,8.4578,0.98,0.317,246.6,222.0
2026-08-08T21:16:43.989867+00:00,1786223803.99,1278.14,28.83,8.4622,0.93,0.206,252.9,222.0
2026-08-08T21:16:44.190400+00:00,1786223804.19,1278.34,29.83,8.4644,0.88,0.299,262.1,222.0
2026-08-08T21:16:44.393796+00:00,1786223804.394,1278.54,29.38,8.4644,0.86,0.263,265.6,222.0
2026-08-08T21:16:44.767462+00:00,1786223804.767,1278.91,26.34,8.4688,0.88,0.0,264.1,222.0
2026-08-08T21:16:44.979619+00:00,1786223804.98,1279.13,29.73,8.4688,0.91,0.34,272.8,222.0
2026-08-08T21:16:45.182105+00:00,1786223805.182,1279.33,29.73,8.4732,0.94,0.34,283.2,222.0
2026-08-08T21:16:45.381841+00:00,1786223805.382,1279.53,26.47,8.4732,0.97,0.0,281.9,222.0
2026-08-08T21:16:46.776135+00:00,1786223806.776,1280.92,28.08,8.4842,0.99,0.118,280.4,222.0
2026-08-08T21:16:46.972425+00:00,1786223806.972,1281.12,29.63,8.4864,1.02,0.0,298.6,222.0
2026-08-08T21:16:47.181340+00:00,1786223807.181,1281.33,29.63,8.4864,1.02,0.0,306.1,222.0
2026-08-08T21:16:47.376822+00:00,1786223807.377,1281.52,26.38,8.4908,1.02,-0.201,301.6,222.0
2026-08-08T21:16:47.581937+00:00,1786223807.582,1281.73,29.62,8.4908,1.01,0.0,296.0,222.0
2026-08-08T21:16:47.784264+00:00,1786223807.784,1281.93,29.62,8.4908,1.01,0.0,298.5,222.0
2026-08-08T21:16:48.170644+00:00,1786223808.171,1282.32,26.54,8.4952,1.0,0.0,296.2,222.0
2026-08-08T21:16:48.578749+00:00,1786223808.579,1282.73,26.88,8.4996,1.0,-0.219,288.6,222.0
2026-08-08T21:16:48.780873+00:00,1786223808.781,1282.93,26.96,8.4996,0.99,-0.214,281.5,222.0
2026-08-08T21:16:48.985505+00:00,1786223808.985,1283.13,26.96,8.5018,0.99,0.0,280.0,222.0
2026-08-08T21:16:49.186758+00:00,1786223809.187,1283.33,28.5,8.5018,0.96,0.0,279.6,222.0
2026-08-08T21:16:49.389062+00:00,1786223809.389,1283.54,26.86,8.5018,0.92,-0.318,267.3,222.0
2026-08-08T21:16:49.595683+00:00,1786223809.596,1283.74,26.86,8.5062,0.88,-0.318,258.3,222.0
2026-08-08T21:16:49.801221+00:00,1786223809.801,1283.95,26.4,8.5062,0.84,0.0,256.9,222.0
2026-08-08T21:16:50.171818+00:00,1786223810.172,1284.32,26.35,8.5106,0.8,-0.351,254.6,222.0
2026-08-08T21:16:50.382101+00:00,1786223810.382,1284.53,24.54,8.5106,0.8,-0.544,241.4,222.0
2026-08-08T21:16:50.586744+00:00,1786223810.587,1284.73,25.71,8.515,0.79,-0.095,226.9,222.0
2026-08-08T21:16:50.789258+00:00,1786223810.789,1284.94,25.71,8.515,0.8,-0.147,211.6,222.0
2026-08-08T21:16:50.985344+00:00,1786223810.985,1285.13,24.51,8.515,0.83,-0.309,196.2,222.0
2026-08-08T21:16:51.190866+00:00,1786223811.191,1285.34,25.87,8.5194,0.86,-0.138,182.2,222.0
2026-08-08T21:16:51.796892+00:00,1786223811.797,1285.94,26.35,8.5216,0.89,-0.228,167.8,222.0
2026-08-08T21:16:51.999719+00:00,1786223812.0,1286.15,26.35,8.5216,0.92,-0.054,166.6,222.0
2026-08-08T21:16:52.374100+00:00,1786223812.374,1286.52,26.5,8.526,0.93,0.0,155.3,222.0
2026-08-08T21:16:52.585017+00:00,1786223812.585,1286.73,29.37,8.526,0.93,0.297,153.8,222.0
2026-08-08T21:16:52.786323+00:00,1786223812.786,1286.93,29.37,8.5304,0.94,0.321,164.2,222.0
2026-08-08T21:16:52.989031+00:00,1786223812.989,1287.14,26.36,8.5304,0.94,0.195,164.6,222.0
2026-08-08T21:16:53.585462+00:00,1786223813.585,1287.73,27.97,8.5348,0.94,0.209,168.5,222.0
2026-08-08T21:16:53.785625+00:00,1786223813.786,1287.93,27.05,8.5348,0.95,0.124,169.6,222.0
2026-08-08T21:16:53.985851+00:00,1786223813.986,1288.13,27.05,8.5392,0.97,0.235,180.6,222.0
2026-08-08T21:16:54.186449+00:00,1786223814.186,1288.33,26.37,8.5392,1.0,0.0,178.4,222.0
2026-08-08T21:16:54.388128+00:00,1786223814.388,1288.53,26.64,8.5436,1.03,0.0,176.6,222.0
2026-08-08T21:16:54.586496+00:00,1786223814.586,1288.73,26.64,8.5436,1.06,0.0,176.9,222.0
2026-08-08T21:16:54.782405+00:00,1786223814.782,1288.93,26.37,8.5436,1.09,0.0,182.4,222.0
2026-08-08T21:16:54.986384+00:00,1786223814.986,1289.13,26.58,8.548,1.13,-0.323,180.2,222.0
2026-08-08T21:16:55.194145+00:00,1786223815.194,1289.34,26.58,8.548,1.16,-0.322,172.7,222.0
2026-08-08T21:16:56.393268+00:00,1786223816.393,1290.54,26.76,8.5568,1.19,0.0,172.6,222.0
2026-08-08T21:16:56.589122+00:00,1786223816.589,1290.74,26.71,8.5568,1.22,-0.117,178.7,222.0
2026-08-08T21:16:56.944523+00:00,1786223816.945,1291.09,26.73,8.5612,1.25,0.0,188.1,222.0
2026-08-08T21:16:57.154770+00:00,1786223817.155,1291.3,26.91,8.5612,1.27,0.0,190.2,222.0
2026-08-08T21:16:57.356151+00:00,1786223817.356,1291.5,26.95,8.5656,1.3,0.05,202.4,222.0
2026-08-08T21:16:57.572105+00:00,1786223817.572,1291.72,26.95,8.5656,1.32,0.0,218.2,222.0
2026-08-08T21:16:57.774231+00:00,1786223817.774,1291.92,25.02,8.5656,1.34,-0.141,219.0,222.0
2026-08-08T21:16:58.939474+00:00,1786223818.939,1293.09,28.11,8.5743,1.36,0.116,229.4,222.0
2026-08-08T21:16:59.146671+00:00,1786223819.147,1293.29,26.53,8.5765,1.37,0.0,239.6,222.0
2026-08-08T21:16:59.349339+00:00,1786223819.349,1293.5,26.53,8.5765,1.4,0.0,245.5,222.0
2026-08-08T21:16:59.556462+00:00,1786223819.556,1293.7,26.48,8.5809,1.41,0.0,253.3,222.0
2026-08-08T21:16:59.763121+00:00,1786223819.763,1293.91,26.61,8.5809,1.43,0.0,256.8,222.0
2026-08-08T21:16:59.957172+00:00,1786223819.957,1294.1,26.61,8.5809,1.44,0.0,259.0,222.0
2026-08-08T21:17:00.330447+00:00,1786223820.33,1294.48,26.49,8.5853,1.46,0.0,251.4,222.0
2026-08-08T21:17:00.537558+00:00,1786223820.538,1294.68,26.49,8.5853,1.45,0.0,243.0,222.0
2026-08-08T21:17:00.743202+00:00,1786223820.743,1294.89,24.97,8.5897,1.45,-0.173,235.5,222.0
2026-08-08T21:17:00.946889+00:00,1786223820.947,1295.09,26.27,8.5897,1.44,0.109,233.8,222.0
2026-08-08T21:17:01.146658+00:00,1786223821.147,1295.29,26.27,8.5897,1.46,-0.232,226.7,222.0
2026-08-08T21:17:01.344329+00:00,1786223821.344,1295.49,26.52,8.5941,1.49,0.0,222.7,222.0
2026-08-08T21:17:01.955483+00:00,1786223821.955,1296.1,27.78,8.5985,1.52,0.134,229.2,222.0
2026-08-08T21:17:02.158639+00:00,1786223822.159,1296.31,26.21,8.5985,1.55,0.0,231.1,222.0
2026-08-08T21:17:02.360557+00:00,1786223822.361,1296.51,26.21,8.6007,1.58,0.0,232.9,222.0
2026-08-08T21:17:02.563961+00:00,1786223822.564,1296.71,26.4,8.6007,1.61,0.0,235.1,222.0
2026-08-08T21:17:02.768210+00:00,1786223822.768,1296.91,26.24,8.6007,1.63,0.0,244.9,222.0
2026-08-08T21:17:03.136703+00:00,1786223823.137,1297.28,26.3,8.6051,1.62,0.0,254.5,222.0
2026-08-08T21:17:03.343110+00:00,1786223823.343,1297.49,26.3,8.6051,1.6,0.142,259.3,222.0
2026-08-08T21:17:03.546575+00:00,1786223823.547,1297.69,26.25,8.6095,1.57,0.0,263.4,222.0
2026-08-08T21:17:03.749472+00:00,1786223823.749,1297.9,25.1,8.6095,1.54,-0.125,260.6,222.0
2026-08-08T21:17:03.951647+00:00,1786223823.952,1298.1,26.23,8.6095,1.52,0.0,261.2,222.0
2026-08-08T21:17:04.150084+00:00,1786223824.15,1298.3,26.23,8.6139,1.51,-0.196,255.6,222.0
2026-08-08T21:17:04.747092+00:00,1786223824.747,1298.89,26.26,8.6183,1.51,0.0,255.9,222.0
2026-08-08T21:17:04.944350+00:00,1786223824.944,1299.09,26.32,8.6183,1.5,0.0,260.7,222.0
2026-08-08T21:17:05.146208+00:00,1786223825.146,1299.29,26.32,8.6205,1.49,0.0,257.0,222.0
2026-08-08T21:17:05.343678+00:00,1786223825.344,1299.49,24.02,8.6205,1.49,-0.24,250.5,222.0
2026-08-08T21:17:05.546505+00:00,1786223825.546,1299.69,26.25,8.6205,1.48,0.0,250.7,222.0
2026-08-08T21:17:05.747593+00:00,1786223825.748,1299.89,26.25,8.6249,1.47,0.0,250.8,222.0
2026-08-08T21:17:05.948111+00:00,1786223825.948,1300.09,23.97,8.6249,1.46,-0.263,243.4,222.0
2026-08-08T21:17:07.517558+00:00,1786223827.518,1301.66,26.55,8.6381,1.46,0.107,246.1,222.0
2026-08-08T21:17:07.711812+00:00,1786223827.712,1301.86,26.82,8.6381,1.45,0.0,246.3,222.0
2026-08-08T21:17:07.914920+00:00,1786223827.915,1302.06,26.82,8.6403,1.45,0.0,246.5,222.0
2026-08-08T21:17:08.110710+00:00,1786223828.111,1302.26,24.27,8.6403,1.44,-0.165,246.3,222.0
2026-08-08T21:17:08.315673+00:00,1786223828.316,1302.46,26.69,8.6403,1.43,0.0,243.9,222.0
2026-08-08T21:17:08.517516+00:00,1786223828.517,1302.66,26.69,8.6447,1.42,0.0,249.6,222.0
2026-08-08T21:17:08.714150+00:00,1786223828.714,1302.86,24.06,8.6447,1.41,0.0,247.7,222.0
2026-08-08T21:17:09.701011+00:00,1786223829.701,1303.85,26.39,8.6535,1.4,0.0,242.8,222.0
2026-08-08T21:17:09.896753+00:00,1786223829.897,1304.04,26.65,8.6535,1.39,0.0,242.5,222.0
2026-08-08T21:17:10.099104+00:00,1786223830.099,1304.25,26.65,8.6557,1.4,0.18,246.4,222.0
2026-08-08T21:17:10.302818+00:00,1786223830.303,1304.45,24.03,8.6557,1.4,-0.252,238.5,222.0
2026-08-08T21:17:10.504557+00:00,1786223830.505,1304.65,26.59,8.6557,1.41,0.0,237.9,222.0
2026-08-08T21:17:10.712682+00:00,1786223830.713,1304.86,26.59,8.6601,1.42,0.0,237.2,222.0
2026-08-08T21:17:10.916265+00:00,1786223830.916,1305.06,23.92,8.6601,1.42,0.0,231.6,222.0
2026-08-08T21:17:11.512701+00:00,1786223831.513,1305.66,25.15,8.6645,1.43,-0.133,227.2,222.0
2026-08-08T21:17:11.718218+00:00,1786223831.718,1305.86,26.0,8.6645,1.44,-0.059,228.9,222.0
2026-08-08T21:17:11.918116+00:00,1786223831.918,1306.06,26.0,8.6689,1.46,0.168,232.5,222.0
2026-08-08T21:17:12.117812+00:00,1786223832.118,1306.26,26.36,8.6689,1.48,0.0,237.2,222.0
2026-08-08T21:17:12.318672+00:00,1786223832.319,1306.47,26.36,8.6711,1.51,0.0,237.3,222.0
2026-08-08T21:17:12.521656+00:00,1786223832.522,1306.67,23.74,8.6711,1.54,-0.334,228.5,222.0
2026-08-08T21:17:12.719577+00:00,1786223832.72,1306.87,26.39,8.6711,1.57,0.272,235.5,222.0
2026-08-08T21:17:13.094176+00:00,1786223833.094,1307.24,23.72,8.6755,1.59,-0.308,234.3,222.0
2026-08-08T21:17:13.305388+00:00,1786223833.305,1307.45,24.96,8.6755,1.62,-0.175,230.0,222.0
2026-08-08T21:17:13.506628+00:00,1786223833.507,1307.65,24.96,8.6799,1.65,0.111,232.4,222.0
2026-08-08T21:17:13.703842+00:00,1786223833.704,1307.85,23.98,8.6799,1.67,-0.149,235.7,222.0
2026-08-08T21:17:13.906793+00:00,1786223833.907,1308.05,23.98,8.6799,1.68,-0.257,226.6,222.0
2026-08-08T21:17:14.105705+00:00,1786223834.106,1308.25,23.62,8.6843,1.7,-0.303,218.9,222.0
2026-08-08T21:17:14.706295+00:00,1786223834.706,1308.85,25.24,8.6887,1.71,-0.121,216.1,222.0
2026-08-08T21:17:14.908315+00:00,1786223834.908,1309.05,26.23,8.6887,1.73,0.0,222.2,222.0
2026-08-08T21:17:15.107743+00:00,1786223835.108,1309.25,26.23,8.6909,1.73,0.268,229.6,222.0
2026-08-08T21:17:15.302743+00:00,1786223835.303,1309.45,23.73,8.6909,1.74,-0.286,222.7,222.0
2026-08-08T21:17:15.508323+00:00,1786223835.508,1309.65,23.73,8.6909,1.74,0.0,223.7,222.0
2026-08-08T21:17:15.704082+00:00,1786223835.704,1309.85,23.63,8.6953,1.73,-0.153,219.9,222.0
2026-08-08T21:17:15.912851+00:00,1786223835.913,1310.06,26.49,8.6953,1.72,0.177,225.5,222.0
2026-08-08T21:17:16.309800+00:00,1786223836.31,1310.46,25.02,8.6997,1.72,0.111,223.8,222.0
2026-08-08T21:17:16.509168+00:00,1786223836.509,1310.66,25.02,8.6997,1.71,0.111,233.8,222.0
2026-08-08T21:17:16.718104+00:00,1786223836.718,1310.86,24.17,8.7019,1.7,0.059,234.6,222.0
2026-08-08T21:17:16.924966+00:00,1786223836.925,1311.07,23.84,8.7019,1.68,-0.174,230.1,222.0
2026-08-08T21:17:17.122446+00:00,1786223837.122,1311.27,23.84,8.7019,1.66,-0.3,224.3,222.0
2026-08-08T21:17:17.494227+00:00,1786223837.494,1311.64,23.72,8.7063,1.64,-0.292,220.9,222.0
2026-08-08T21:17:17.706658+00:00,1786223837.707,1311.85,23.87,8.7063,1.62,0.0,221.7,222.0
2026-08-08T21:17:17.915498+00:00,1786223837.915,1312.06,23.87,8.7085,1.6,0.0,216.9,222.0
2026-08-08T21:17:18.125458+00:00,1786223838.125,1312.27,21.55,8.7085,1.58,-0.239,209.6,222.0
2026-08-08T21:17:18.327259+00:00,1786223838.327,1312.47,22.57,8.7085,1.56,-0.452,198.0,222.0
2026-08-08T21:17:18.920147+00:00,1786223838.92,1313.07,22.28,8.7129,1.55,-0.291,198.6,222.0
2026-08-08T21:17:19.122935+00:00,1786223839.123,1313.27,21.56,8.7151,1.54,-0.367,181.6,222.0
2026-08-08T21:17:19.324986+00:00,1786223839.325,1313.47,21.56,8.7151,1.48,-0.278,181.2,222.0
2026-08-08T21:17:19.522650+00:00,1786223839.523,1313.67,21.57,8.7195,1.41,-0.243,177.6,222.0
2026-08-08T21:17:19.724403+00:00,1786223839.724,1313.87,21.57,8.7195,1.33,-0.243,167.2,222.0
2026-08-08T21:17:19.922251+00:00,1786223839.922,1314.07,21.45,8.7195,1.25,-0.26,162.4,222.0
2026-08-08T21:17:20.297248+00:00,1786223840.297,1314.44,21.6,8.7217,1.17,-0.244,160.1,222.0
2026-08-08T21:17:20.507410+00:00,1786223840.507,1314.65,21.6,8.7217,1.09,-0.244,158.6,222.0
2026-08-08T21:17:20.707290+00:00,1786223840.707,1314.85,19.79,8.7261,1.02,-0.19,152.6,222.0
2026-08-08T21:17:20.917348+00:00,1786223840.917,1315.06,19.79,8.7261,0.95,-0.298,140.8,222.0
2026-08-08T21:17:21.517126+00:00,1786223841.517,1315.66,19.58,8.7283,0.88,-0.29,122.5,222.0
2026-08-08T21:17:21.720231+00:00,1786223841.72,1315.87,19.58,8.7283,0.81,-0.212,119.7,222.0
2026-08-08T21:17:21.922976+00:00,1786223841.923,1316.07,19.63,8.7305,0.74,-0.207,110.5,222.0
2026-08-08T21:17:22.123090+00:00,1786223842.123,1316.27,19.63,8.7305,0.67,-0.207,104.5,222.0
2026-08-08T21:17:22.318252+00:00,1786223842.318,1316.46,19.63,8.7327,0.64,-0.208,88.9,222.0
2026-08-08T21:17:22.521689+00:00,1786223842.522,1316.67,18.28,8.7327,0.65,-0.338,73.7,222.0
2026-08-08T21:17:22.728353+00:00,1786223842.728,1316.87,18.28,8.7327,0.7,-0.379,58.0,222.0
2026-08-08T21:17:23.102031+00:00,1786223843.102,1317.25,18.19,8.7371,0.86,-0.365,44.9,222.0
2026-08-08T21:17:23.311604+00:00,1786223843.312,1317.46,18.28,8.7371,1.09,-0.161,41.3,222.0
2026-08-08T21:17:23.512016+00:00,1786223843.512,1317.66,18.28,8.7393,1.37,-0.161,41.3,222.0
2026-08-08T21:17:23.918130+00:00,1786223843.918,1318.06,17.97,8.7393,1.66,-0.185,41.5,222.0
2026-08-08T21:17:24.116467+00:00,1786223844.116,1318.26,17.97,8.7415,1.96,-0.186,36.2,222.0
2026-08-08T21:17:24.322592+00:00,1786223844.323,1318.47,17.11,8.7415,2.29,-0.291,29.9,222.0
2026-08-08T21:17:24.706716+00:00,1786223844.707,1318.85,17.12,8.7437,2.71,-0.27,31.2,233.1
2026-08-08T21:17:24.913872+00:00,1786223844.914,1319.06,17.12,8.7437,3.16,-0.268,37.9,233.1
2026-08-08T21:17:25.110686+00:00,1786223845.111,1319.26,18.29,8.7481,3.66,0.0,47.8,233.1
2026-08-08T21:17:25.318680+00:00,1786223845.319,1319.47,18.29,8.7481,4.19,0.0,61.0,233.1
2026-08-08T21:17:26.297675+00:00,1786223846.298,1320.44,18.84,8.7525,4.88,0.056,76.2,233.1
2026-08-08T21:17:26.500498+00:00,1786223846.5,1320.65,18.84,8.7525,5.57,0.0,91.9,233.1
2026-08-08T21:17:26.699354+00:00,1786223846.699,1320.85,20.1,8.7569,6.19,0.159,114.1,233.1
2026-08-08T21:17:26.898917+00:00,1786223846.899,1321.05,20.1,8.7569,6.72,0.198,139.4,244.2
2026-08-08T21:17:27.098850+00:00,1786223847.099,1321.25,20.04,8.7569,7.17,0.193,165.7,244.2
2026-08-08T21:17:27.303337+00:00,1786223847.303,1321.45,20.04,8.7591,7.5,0.273,194.9,244.2
2026-08-08T21:17:27.503411+00:00,1786223847.503,1321.65,19.98,8.7591,7.75,0.284,224.6,244.2
2026-08-08T21:17:27.708312+00:00,1786223847.708,1321.85,19.98,8.7613,7.93,0.284,257.0,244.2
2026-08-08T21:17:27.909556+00:00,1786223847.91,1322.06,20.01,8.7613,8.04,0.17,287.9,244.2
2026-08-08T21:17:28.114529+00:00,1786223848.115,1322.26,20.01,8.7613,8.11,0.171,317.7,244.2
2026-08-08T21:17:28.312310+00:00,1786223848.312,1322.46,20.02,8.7635,8.1,0.163,347.5,244.2
2026-08-08T21:17:28.518071+00:00,1786223848.518,1322.66,20.02,8.7635,7.98,0.162,377.1,244.2
2026-08-08T21:17:28.716911+00:00,1786223848.717,1322.86,19.89,8.7679,7.77,0.0,403.1,244.2
2026-08-08T21:17:28.917191+00:00,1786223848.917,1323.06,19.89,8.7679,7.52,0.0,430.6,244.2
2026-08-08T21:17:29.115422+00:00,1786223849.115,1323.26,20.11,8.7679,7.21,0.0,458.0,244.2
2026-08-08T21:17:29.318790+00:00,1786223849.319,1323.47,20.11,8.7701,6.75,0.0,483.2,244.2
2026-08-08T21:17:29.519990+00:00,1786223849.52,1323.67,20.49,8.7701,6.29,0.07,504.8,244.2
2026-08-08T21:17:29.725622+00:00,1786223849.726,1323.87,20.49,8.7723,5.88,0.07,524.2,244.2
2026-08-08T21:17:29.921461+00:00,1786223849.921,1324.07,20.89,8.7723,5.5,0.122,543.6,244.2
2026-08-08T21:17:30.117220+00:00,1786223850.117,1324.26,21.34,8.7723,5.16,0.185,562.9,244.2
2026-08-08T21:17:30.314144+00:00,1786223850.314,1324.46,21.34,8.7767,4.87,0.184,582.3,244.2
2026-08-08T21:17:30.520799+00:00,1786223850.521,1324.67,21.31,8.7767,4.61,0.18,599.2,244.2
2026-08-08T21:17:30.718998+00:00,1786223850.719,1324.87,21.31,8.7767,4.42,0.198,614.6,244.2
2026-08-08T21:17:31.105034+00:00,1786223851.105,1325.25,21.22,8.7811,4.26,0.169,622.4,233.1
2026-08-08T21:17:31.310667+00:00,1786223851.311,1325.46,20.95,8.7811,4.16,0.107,626.8,233.1
2026-08-08T21:17:31.511702+00:00,1786223851.512,1325.66,22.42,8.7855,4.11,0.293,632.9,233.1
2026-08-08T21:17:31.713403+00:00,1786223851.713,1325.86,22.42,8.7855,4.09,0.244,636.9,233.1
2026-08-08T21:17:31.910803+00:00,1786223851.911,1326.06,22.2,8.7855,4.11,0.217,633.9,233.1
2026-08-08T21:17:32.112997+00:00,1786223852.113,1326.26,22.2,8.7877,4.14,0.165,627.5,233.1
2026-08-08T21:17:32.711711+00:00,1786223852.712,1326.86,22.98,8.7921,4.18,0.175,621.2,233.1
2026-08-08T21:17:32.921431+00:00,1786223852.921,1327.07,23.4,8.7921,4.22,0.219,613.9,233.1
2026-08-08T21:17:33.125497+00:00,1786223853.125,1327.27,23.4,8.7943,4.22,0.222,605.8,233.1
2026-08-08T21:17:33.326560+00:00,1786223853.327,1327.47,23.74,8.7943,4.19,0.258,598.3,233.1
2026-08-08T21:17:33.524381+00:00,1786223853.524,1327.67,23.74,8.7943,4.14,0.29,593.0,233.1
2026-08-08T21:17:33.895628+00:00,1786223853.896,1328.04,21.74,8.7987,4.09,0.085,580.7,233.1
2026-08-08T21:17:34.113930+00:00,1786223854.114,1328.26,21.61,8.7987,4.03,-0.086,564.7,233.1
2026-08-08T21:17:34.315736+00:00,1786223854.316,1328.46,21.61,8.8009,3.97,-0.086,549.0,233.1
2026-08-08T21:17:34.509519+00:00,1786223854.509,1328.66,23.5,8.8009,3.89,0.14,543.4,233.1
2026-08-08T21:17:34.711680+00:00,1786223854.712,1328.86,22.22,8.8009,3.81,0.0,534.0,233.1
2026-08-08T21:17:34.915844+00:00,1786223854.916,1329.06,22.22,8.8053,3.71,-0.095,522.9,233.1
2026-08-08T21:17:35.724578+00:00,1786223855.725,1329.87,23.62,8.8097,3.61,0.0,516.2,233.1
2026-08-08T21:17:35.923461+00:00,1786223855.923,1330.07,23.62,8.8119,3.51,0.0,508.7,233.1
2026-08-08T21:17:36.124368+00:00,1786223856.124,1330.27,23.72,8.8119,3.4,0.0,502.2,233.1
2026-08-08T21:17:36.325437+00:00,1786223856.325,1330.47,23.72,8.8119,3.28,0.0,495.0,233.1
2026-08-08T21:17:36.693760+00:00,1786223856.694,1330.84,21.9,8.8163,3.17,0.0,485.2,233.1
2026-08-08T21:17:36.907225+00:00,1786223856.907,1331.05,21.72,8.8163,3.1,0.0,476.0,233.1
2026-08-08T21:17:37.122151+00:00,1786223857.122,1331.27,23.67,8.8206,3.07,0.204,473.6,233.1
2026-08-08T21:17:37.321400+00:00,1786223857.321,1331.47,23.67,8.8206,3.05,0.0,467.1,233.1
2026-08-08T21:17:37.516337+00:00,1786223857.516,1331.66,22.2,8.8206,3.07,0.0,460.6,233.1
2026-08-08T21:17:38.292223+00:00,1786223858.292,1332.44,23.42,8.8272,3.08,0.098,459.1,233.1
2026-08-08T21:17:38.508514+00:00,1786223858.508,1332.65,23.68,8.8272,3.11,0.0,450.6,233.1
2026-08-08T21:17:38.713447+00:00,1786223858.713,1332.86,23.68,8.8294,3.13,0.0,443.2,233.1
2026-08-08T21:17:38.911355+00:00,1786223858.911,1333.06,23.87,8.8294,3.16,0.0,436.9,233.1
2026-08-08T21:17:39.112844+00:00,1786223859.113,1333.26,23.87,8.8294,3.19,0.0,431.6,233.1
2026-08-08T21:17:39.307404+00:00,1786223859.307,1333.45,21.84,8.8338,3.21,0.0,423.4,233.1
2026-08-08T21:17:39.507723+00:00,1786223859.508,1333.65,21.84,8.8338,3.24,0.0,413.8,233.1
2026-08-08T21:17:39.707823+00:00,1786223859.708,1333.85,23.48,8.8338,3.24,0.0,405.6,233.1
2026-08-08T21:17:40.083644+00:00,1786223860.084,1334.23,23.93,8.8382,3.26,0.0,396.6,233.1
2026-08-08T21:17:40.293963+00:00,1786223860.294,1334.44,22.02,8.8382,3.28,0.0,385.7,233.1
2026-08-08T21:17:40.494756+00:00,1786223860.495,1334.64,22.02,8.8404,3.31,-0.176,377.9,233.1
2026-08-08T21:17:40.696705+00:00,1786223860.697,1334.84,21.69,8.8404,3.28,-0.253,372.1,233.1
2026-08-08T21:17:41.098552+00:00,1786223861.099,1335.24,22.91,8.8448,3.26,-0.089,370.7,233.1
2026-08-08T21:17:41.296599+00:00,1786223861.297,1335.44,22.91,8.8448,3.24,-0.111,362.4,233.1
2026-08-08T21:17:41.497787+00:00,1786223861.498,1335.64,23.48,8.847,3.18,0.0,361.3,233.1
2026-08-08T21:17:41.702172+00:00,1786223861.702,1335.85,21.99,8.847,3.09,0.0,361.0,233.1
2026-08-08T21:17:41.897990+00:00,1786223861.898,1336.04,21.99,8.847,3.0,0.0,357.4,233.1
2026-08-08T21:17:42.110199+00:00,1786223862.11,1336.26,21.57,8.8514,2.91,-0.222,349.2,233.1
2026-08-08T21:17:42.317878+00:00,1786223862.318,1336.46,21.57,8.8514,2.82,-0.294,339.6,233.1
2026-08-08T21:17:43.453144+00:00,1786223863.453,1337.6,22.57,8.858,2.73,0.0,336.6,233.1
2026-08-08T21:17:43.658331+00:00,1786223863.658,1337.8,22.57,8.858,2.64,0.0,335.3,233.1
2026-08-08T21:17:43.869474+00:00,1786223863.869,1338.02,21.73,8.8602,2.59,0.0,333.6,233.1
2026-08-08T21:17:44.077636+00:00,1786223864.078,1338.22,21.73,8.8602,2.56,-0.11,323.7,233.1
2026-08-08T21:17:44.298341+00:00,1786223864.298,1338.44,21.59,8.8646,2.54,-0.122,317.8,233.1
2026-08-08T21:17:44.503989+00:00,1786223864.504,1338.65,23.73,8.8646,2.51,0.0,317.0,233.1
2026-08-08T21:17:44.699664+00:00,1786223864.7,1338.85,23.73,8.8646,2.49,0.161,316.5,233.1
2026-08-08T21:17:44.898731+00:00,1786223864.899,1339.05,23.69,8.869,2.46,0.157,317.6,233.1
2026-08-08T21:17:45.103337+00:00,1786223865.103,1339.25,23.69,8.869,2.44,0.197,319.4,233.1
2026-08-08T21:17:45.697849+00:00,1786223865.698,1339.84,22.45,8.8712,2.41,0.072,317.1,233.1
2026-08-08T21:17:45.901980+00:00,1786223865.902,1340.05,23.51,8.8712,2.43,0.106,316.3,233.1
2026-08-08T21:17:46.103713+00:00,1786223866.104,1340.25,23.51,8.8756,2.47,0.106,317.3,233.1
2026-08-08T21:17:46.297072+00:00,1786223866.297,1340.44,23.75,8.8756,2.52,0.231,321.3,233.1
2026-08-08T21:17:46.502633+00:00,1786223866.503,1340.65,23.75,8.8778,2.57,0.231,324.1,233.1
2026-08-08T21:17:46.699324+00:00,1786223866.699,1340.85,21.57,8.8778,2.61,0.0,319.9,233.1
2026-08-08T21:17:46.904285+00:00,1786223866.904,1341.05,21.57,8.8778,2.66,-0.25,312.4,233.1
2026-08-08T21:17:47.102455+00:00,1786223867.102,1341.25,21.56,8.8822,2.7,-0.251,308.6,233.1
2026-08-08T21:17:47.303372+00:00,1786223867.303,1341.45,21.56,8.8822,2.71,-0.246,306.8,233.1
2026-08-08T21:17:48.484552+00:00,1786223868.485,1342.63,22.63,8.8888,2.71,-0.087,304.6,233.1
2026-08-08T21:17:48.685123+00:00,1786223868.685,1342.83,22.63,8.8888,2.71,0.0,304.9,233.1
2026-08-08T21:17:48.889285+00:00,1786223868.889,1343.04,23.16,8.8932,2.71,0.0,302.9,233.1
2026-08-08T21:17:49.092655+00:00,1786223869.093,1343.24,23.68,8.8932,2.71,0.0,302.9,233.1
2026-08-08T21:17:49.471570+00:00,1786223869.472,1343.62,22.04,8.8954,2.72,-0.15,298.9,233.1
2026-08-08T21:17:49.858444+00:00,1786223869.858,1344.0,21.97,8.8998,2.72,-0.147,300.0,233.1
2026-08-08T21:17:50.053196+00:00,1786223870.053,1344.2,21.97,8.8998,2.73,0.0,305.8,233.1
2026-08-08T21:17:50.254960+00:00,1786223870.255,1344.4,22.92,8.8998,2.73,0.112,308.5,233.1
2026-08-08T21:17:50.455190+00:00,1786223870.455,1344.6,22.92,8.902,2.74,0.113,311.5,233.1
2026-08-08T21:17:50.653286+00:00,1786223870.653,1344.8,22.34,8.902,2.74,0.064,313.8,233.1
2026-08-08T21:17:50.854856+00:00,1786223870.855,1345.0,22.38,8.9064,2.75,0.0,317.1,233.1
2026-08-08T21:17:51.051462+00:00,1786223871.051,1345.2,22.38,8.9064,2.76,0.0,320.9,233.1
2026-08-08T21:17:51.251310+00:00,1786223871.251,1345.4,22.4,8.9064,2.76,-0.089,318.9,233.1
2026-08-08T21:17:51.452589+00:00,1786223871.453,1345.6,22.4,8.9086,2.76,-0.15,312.2,233.1
2026-08-08T21:17:51.650487+00:00,1786223871.65,1345.8,22.66,8.9086,2.75,0.08,310.7,233.1
2026-08-08T21:17:51.855601+00:00,1786223871.856,1346.0,22.66,8.9108,2.74,0.097,308.7,233.1
2026-08-08T21:17:52.060191+00:00,1786223872.06,1346.21,22.98,8.9108,2.73,0.14,311.7,233.1
2026-08-08T21:17:52.264212+00:00,1786223872.264,1346.41,22.98,8.9108,2.72,0.0,310.1,233.1
2026-08-08T21:17:52.474073+00:00,1786223872.474,1346.62,22.4,8.9152,2.71,-0.073,306.3,233.1
2026-08-08T21:17:52.670612+00:00,1786223872.671,1346.82,22.13,8.9152,2.71,0.0,300.7,233.1
2026-08-08T21:17:52.874944+00:00,1786223872.875,1347.02,22.13,8.9174,2.7,0.0,294.9,233.1
2026-08-08T21:17:53.073799+00:00,1786223873.074,1347.22,21.51,8.9174,2.69,-0.12,292.8,233.1
2026-08-08T21:17:53.274829+00:00,1786223873.275,1347.42,21.51,8.9174,2.69,-0.122,295.4,233.1
2026-08-08T21:17:53.482732+00:00,1786223873.483,1347.63,21.08,8.9218,2.68,-0.182,296.4,233.1
2026-08-08T21:17:53.675053+00:00,1786223873.675,1347.82,21.08,8.9218,2.67,-0.218,296.6,233.1
2026-08-08T21:17:53.874158+00:00,1786223873.874,1348.02,20.62,8.9218,2.66,-0.282,291.5,233.1
2026-08-08T21:17:54.479007+00:00,1786223874.479,1348.63,22.46,8.9262,2.65,-0.06,289.9,233.1
2026-08-08T21:17:54.683066+00:00,1786223874.683,1348.83,22.46,8.9284,2.65,-0.06,287.9,233.1
2026-08-08T21:17:54.889453+00:00,1786223874.889,1349.04,22.74,8.9284,2.65,0.0,286.9,233.1
2026-08-08T21:17:55.090935+00:00,1786223875.091,1349.24,23.44,8.9306,2.64,0.151,294.0,233.1
2026-08-08T21:17:55.291060+00:00,1786223875.291,1349.44,23.44,8.9306,2.6,0.151,301.0,233.1
2026-08-08T21:17:55.494113+00:00,1786223875.494,1349.64,23.84,8.9306,2.57,0.267,307.7,233.1
2026-08-08T21:17:55.865447+00:00,1786223875.865,1350.01,23.87,8.935,2.51,0.252,310.7,233.1
2026-08-08T21:17:56.075310+00:00,1786223876.075,1350.22,23.87,8.935,2.44,0.298,314.6,233.1
2026-08-08T21:17:56.275310+00:00,1786223876.275,1350.42,21.58,8.9394,2.37,0.054,312.5,233.1
2026-08-08T21:17:56.477401+00:00,1786223876.477,1350.62,22.76,8.9394,2.31,0.228,316.0,233.1
2026-08-08T21:17:56.678285+00:00,1786223876.678,1350.82,22.76,8.9394,2.24,0.0,314.5,233.1
2026-08-08T21:17:57.476024+00:00,1786223877.476,1351.62,23.0,8.946,2.17,0.053,315.8,233.1
2026-08-08T21:17:57.670993+00:00,1786223877.671,1351.82,21.62,8.946,2.1,-0.112,313.9,233.1
2026-08-08T21:17:57.878345+00:00,1786223877.878,1352.02,23.49,8.9504,2.08,0.0,310.4,233.1
2026-08-08T21:17:58.081883+00:00,1786223878.082,1352.23,23.49,8.9504,2.09,0.0,306.6,233.1
2026-08-08T21:17:58.289876+00:00,1786223878.29,1352.44,23.73,8.9504,2.15,0.0,302.1,233.1
2026-08-08T21:17:58.489540+00:00,1786223878.489,1352.64,23.73,8.9526,2.25,0.0,300.9,233.1
2026-08-08T21:17:58.690436+00:00,1786223878.69,1352.84,21.74,8.9526,2.38,-0.226,296.3,233.1
2026-08-08T21:17:59.090126+00:00,1786223879.09,1353.24,22.66,8.957,2.57,0.106,298.4,233.1
2026-08-08T21:17:59.292256+00:00,1786223879.292,1353.44,22.66,8.957,2.79,0.0,299.1,233.1
2026-08-08T21:17:59.493275+00:00,1786223879.493,1353.64,20.62,8.9592,2.97,-0.211,297.7,233.1
2026-08-08T21:17:59.692923+00:00,1786223879.693,1353.84,23.48,8.9592,3.13,0.06,304.5,233.1
2026-08-08T21:17:59.898456+00:00,1786223879.898,1354.04,23.48,8.9592,3.25,0.232,316.9,233.1
2026-08-08T21:18:00.265012+00:00,1786223880.265,1354.41,21.68,8.9636,3.29,-0.21,319.5,233.1
2026-08-08T21:18:00.476379+00:00,1786223880.476,1354.62,21.62,8.9636,3.3,-0.217,323.4,233.1
2026-08-08T21:18:00.683040+00:00,1786223880.683,1354.83,21.62,8.9658,3.3,-0.244,321.3,233.1
2026-08-08T21:18:00.882643+00:00,1786223880.883,1355.03,21.57,8.9658,3.3,-0.25,319.1,233.1
2026-08-08T21:18:01.476491+00:00,1786223881.476,1355.62,23.83,8.9702,3.3,0.207,326.9,233.1
2026-08-08T21:18:01.677863+00:00,1786223881.678,1355.82,23.83,8.9724,3.25,0.126,328.9,233.1
2026-08-08T21:18:01.883008+00:00,1786223881.883,1356.03,22.31,8.9724,3.17,0.0,326.8,233.1
2026-08-08T21:18:02.087034+00:00,1786223882.087,1356.23,22.31,8.9724,3.04,0.181,325.2,233.1
2026-08-08T21:18:02.291103+00:00,1786223882.291,1356.44,22.78,8.9768,2.87,-0.074,318.6,233.1
2026-08-08T21:18:02.494779+00:00,1786223882.495,1356.64,22.78,8.9768,2.67,-0.074,310.5,233.1
2026-08-08T21:18:02.867087+00:00,1786223882.867,1357.01,23.7,8.979,2.43,0.216,315.8,233.1
2026-08-08T21:18:03.079643+00:00,1786223883.08,1357.23,23.7,8.979,2.19,0.222,316.1,233.1
2026-08-08T21:18:03.278816+00:00,1786223883.279,1357.43,21.96,8.9834,2.0,0.0,314.8,233.1
2026-08-08T21:18:03.484893+00:00,1786223883.485,1357.63,21.96,8.9834,1.84,0.0,311.8,222.0
2026-08-08T21:18:04.662915+00:00,1786223884.663,1358.81,23.6,8.99,1.72,0.0,313.9,222.0
2026-08-08T21:18:04.863402+00:00,1786223884.863,1359.01,24.01,8.99,1.68,0.0,312.8,222.0
2026-08-08T21:18:05.066901+00:00,1786223885.067,1359.21,24.01,8.9944,1.71,0.148,315.0,222.0
2026-08-08T21:18:05.262518+00:00,1786223885.262,1359.41,23.98,8.9944,1.76,0.146,317.0,222.0
2026-08-08T21:18:05.465359+00:00,1786223885.465,1359.61,23.98,8.9966,1.81,0.105,317.8,222.0
2026-08-08T21:18:05.668353+00:00,1786223885.668,1359.81,23.96,8.9966,1.86,0.103,324.2,222.0
2026-08-08T21:18:05.867475+00:00,1786223885.867,1360.01,23.93,8.9966,1.91,0.0,320.5,222.0
2026-08-08T21:18:06.070106+00:00,1786223886.07,1360.22,23.93,9.001,1.96,0.0,318.4,222.0
2026-08-08T21:18:06.267452+00:00,1786223886.267,1360.41,23.86,9.001,2.01,0.176,325.3,222.0
2026-08-08T21:18:06.664656+00:00,1786223886.665,1360.81,23.83,9.0054,2.07,0.164,324.0,233.1
2026-08-08T21:18:06.871789+00:00,1786223886.872,1361.02,23.67,9.0054,2.12,0.0,315.0,233.1
2026-08-08T21:18:07.070989+00:00,1786223887.071,1361.22,23.67,9.0076,2.15,0.0,316.6,233.1
2026-08-08T21:18:07.269348+00:00,1786223887.269,1361.42,23.67,9.0076,2.19,0.0,318.6,233.1
2026-08-08T21:18:07.465237+00:00,1786223887.465,1361.61,23.67,9.0076,2.22,0.0,321.3,233.1
2026-08-08T21:18:07.666180+00:00,1786223887.666,1361.81,23.73,9.012,2.26,0.0,324.2,233.1
2026-08-08T21:18:07.870458+00:00,1786223887.87,1362.02,23.74,9.012,2.29,0.0,315.9,233.1
2026-08-08T21:18:08.269549+00:00,1786223888.27,1362.42,24.93,9.0164,2.32,0.116,313.1,233.1
2026-08-08T21:18:08.639394+00:00,1786223888.639,1362.79,22.38,9.0164,2.33,-0.167,306.8,233.1
2026-08-08T21:18:08.839570+00:00,1786223888.84,1362.99,23.95,9.0186,2.3,0.0,301.6,233.1
2026-08-08T21:18:09.052018+00:00,1786223889.052,1363.2,23.95,9.0186,2.27,0.0,301.8,233.1
2026-08-08T21:18:09.250307+00:00,1786223889.25,1363.4,23.92,9.023,2.24,0.0,302.7,233.1
2026-08-08T21:18:09.453613+00:00,1786223889.454,1363.6,26.32,9.023,2.21,0.31,306.6,233.1
2026-08-08T21:18:09.861357+00:00,1786223889.861,1364.01,23.89,9.0252,2.18,0.0,301.8,233.1
2026-08-08T21:18:10.055818+00:00,1786223890.056,1364.2,23.89,9.0252,2.15,0.0,303.7,233.1
2026-08-08T21:18:10.252730+00:00,1786223890.253,1364.4,22.83,9.0296,2.15,-0.097,303.3,233.1
2026-08-08T21:18:10.453199+00:00,1786223890.453,1364.6,26.13,9.0296,2.15,0.257,312.9,233.1
2026-08-08T21:18:10.658347+00:00,1786223890.658,1364.8,26.13,9.0296,2.16,0.14,319.6,233.1
2026-08-08T21:18:10.858068+00:00,1786223890.858,1365.0,23.58,9.034,2.17,0.151,321.0,233.1
2026-08-08T21:18:11.064682+00:00,1786223891.065,1365.21,26.35,9.034,2.18,0.299,328.3,233.1
2026-08-08T21:18:11.466596+00:00,1786223891.467,1365.61,25.26,9.0384,2.19,0.15,331.9,233.1
2026-08-08T21:18:11.670564+00:00,1786223891.671,1365.82,26.32,9.0384,2.2,0.276,339.3,233.1
2026-08-08T21:18:12.047219+00:00,1786223892.047,1366.19,26.34,9.0406,2.23,0.0,342.3,233.1
2026-08-08T21:18:12.261993+00:00,1786223892.262,1366.41,26.38,9.0406,2.27,0.288,352.3,233.1
2026-08-08T21:18:12.460152+00:00,1786223892.46,1366.61,26.38,9.045,2.32,0.288,358.5,233.1
2026-08-08T21:18:12.655762+00:00,1786223892.656,1366.8,26.38,9.045,2.37,0.41,368.0,233.1
2026-08-08T21:18:14.600501+00:00,1786223894.6,1368.75,27.03,9.0604,2.43,0.06,373.2,233.1
2026-08-08T21:18:14.806166+00:00,1786223894.806,1368.95,27.03,9.0604,2.48,0.06,378.6,233.1
2026-08-08T21:18:15.014248+00:00,1786223895.014,1369.16,26.81,9.0626,2.57,0.216,387.8,233.1
2026-08-08T21:18:15.226181+00:00,1786223895.226,1369.37,26.68,9.0626,2.71,0.0,392.1,233.1
2026-08-08T21:18:15.430948+00:00,1786223895.431,1369.58,26.68,9.067,2.86,0.1,399.2,233.1
2026-08-08T21:18:15.629759+00:00,1786223895.63,1369.78,26.61,9.067,3.02,0.0,404.4,233.1
2026-08-08T21:18:15.834269+00:00,1786223895.834,1369.98,26.41,9.067,3.17,0.0,406.4,233.1
2026-08-08T21:18:16.029301+00:00,1786223896.029,1370.18,26.41,9.0713,3.33,0.0,416.9,233.1
2026-08-08T21:18:16.624069+00:00,1786223896.624,1370.77,25.65,9.0757,3.49,0.0,422.9,233.1
2026-08-08T21:18:16.823617+00:00,1786223896.824,1370.97,26.3,9.0757,3.65,0.0,430.3,233.1
2026-08-08T21:18:17.028388+00:00,1786223897.028,1371.17,26.3,9.0779,3.76,-0.084,436.3,233.1
2026-08-08T21:18:17.234184+00:00,1786223897.234,1371.38,23.66,9.0779,3.81,-0.385,424.3,233.1
2026-08-08T21:18:17.434458+00:00,1786223897.434,1371.58,26.36,9.0779,3.86,-0.052,431.7,233.1
2026-08-08T21:18:17.648242+00:00,1786223897.648,1371.79,26.36,9.0823,3.91,0.0,440.7,233.1
2026-08-08T21:18:17.852300+00:00,1786223897.852,1372.0,23.88,9.0823,3.95,-0.322,443.0,233.1
2026-08-08T21:18:18.810018+00:00,1786223898.81,1372.96,25.93,9.0911,4.0,-0.059,442.7,233.1
2026-08-08T21:18:19.026189+00:00,1786223899.026,1373.17,26.67,9.0911,4.05,0.0,447.6,233.1
2026-08-08T21:18:19.230809+00:00,1786223899.231,1373.38,26.67,9.0933,4.04,0.0,454.4,233.1
2026-08-08T21:18:19.426914+00:00,1786223899.427,1373.57,23.79,9.0933,4.0,-0.184,447.9,233.1
2026-08-08T21:18:19.631623+00:00,1786223899.632,1373.78,26.62,9.0933,3.92,0.0,452.6,233.1
2026-08-08T21:18:20.013388+00:00,1786223900.013,1374.16,24.08,9.0977,3.82,-0.207,445.7,233.1
2026-08-08T21:18:20.221442+00:00,1786223900.221,1374.37,26.42,9.0977,3.75,0.256,458.3,233.1
2026-08-08T21:18:20.423430+00:00,1786223900.423,1374.57,26.42,9.1021,3.68,0.0,457.1,233.1
2026-08-08T21:18:20.618001+00:00,1786223900.618,1374.76,24.34,9.1021,3.61,-0.189,449.2,233.1
2026-08-08T21:18:20.818543+00:00,1786223900.819,1374.96,24.34,9.1021,3.54,0.0,442.1,233.1
2026-08-08T21:18:21.018590+00:00,1786223901.019,1375.16,25.99,9.1065,3.51,0.0,444.1,233.1
2026-08-08T21:18:21.626078+00:00,1786223901.626,1375.77,25.42,9.1109,3.52,-0.133,442.3,233.1
2026-08-08T21:18:21.820787+00:00,1786223901.821,1375.97,26.58,9.1109,3.53,0.0,440.7,233.1
2026-08-08T21:18:22.018535+00:00,1786223902.019,1376.16,26.58,9.1131,3.56,0.298,451.5,233.1
2026-08-08T21:18:22.214992+00:00,1786223902.215,1376.36,25.09,9.1131,3.61,-0.164,446.8,233.1
2026-08-08T21:18:22.420805+00:00,1786223902.421,1376.57,25.09,9.1131,3.7,0.117,450.9,233.1
2026-08-08T21:18:22.626678+00:00,1786223902.627,1376.77,25.74,9.1175,3.81,-0.078,450.9,233.1
2026-08-08T21:18:22.832186+00:00,1786223902.832,1376.98,24.05,9.1175,3.94,-0.273,445.0,233.1
2026-08-08T21:18:23.203614+00:00,1786223903.204,1377.35,23.73,9.1197,4.07,-0.066,443.9,233.1
2026-08-08T21:18:23.417771+00:00,1786223903.418,1377.56,23.73,9.1197,4.21,-0.065,442.1,233.1
2026-08-08T21:18:23.616467+00:00,1786223903.616,1377.76,22.25,9.1241,4.34,-0.4,434.0,233.1
2026-08-08T21:18:23.824317+00:00,1786223903.824,1377.97,23.56,9.1241,4.46,-0.235,439.6,233.1
2026-08-08T21:18:24.219577+00:00,1786223904.22,1378.37,22.63,9.1263,4.57,-0.458,430.1,233.1
2026-08-08T21:18:24.417828+00:00,1786223904.418,1378.56,22.63,9.1263,4.68,-0.457,419.7,233.1
2026-08-08T21:18:24.617032+00:00,1786223904.617,1378.76,22.04,9.1307,4.84,-0.353,420.8,233.1
2026-08-08T21:18:24.824635+00:00,1786223904.825,1378.97,23.7,9.1307,5.03,-0.161,420.3,233.1
2026-08-08T21:18:25.022093+00:00,1786223905.022,1379.17,23.7,9.1307,5.27,-0.237,416.5,233.1
2026-08-08T21:18:25.220156+00:00,1786223905.22,1379.37,23.72,9.1351,5.54,0.0,419.1,233.1
2026-08-08T21:18:25.426082+00:00,1786223905.426,1379.57,23.72,9.1351,5.84,0.0,429.8,244.2
2026-08-08T21:18:25.829654+00:00,1786223905.83,1379.98,23.72,9.1373,6.16,0.0,435.2,244.2
2026-08-08T21:18:26.029330+00:00,1786223906.029,1380.18,23.28,9.1373,6.44,0.12,451.1,244.2
2026-08-08T21:18:26.222860+00:00,1786223906.223,1380.37,23.62,9.1417,6.73,0.0,453.0,244.2
2026-08-08T21:18:26.422999+00:00,1786223906.423,1380.57,23.62,9.1417,7.05,0.125,465.4,244.2
2026-08-08T21:18:26.622202+00:00,1786223906.622,1380.77,23.72,9.1417,7.41,0.138,486.1,244.2
2026-08-08T21:18:26.826416+00:00,1786223906.826,1380.97,23.72,9.1439,7.81,0.212,505.8,244.2
2026-08-08T21:18:27.028125+00:00,1786223907.028,1381.17,21.68,9.1439,8.25,-0.254,512.8,244.2
2026-08-08T21:18:28.001543+00:00,1786223908.002,1382.15,22.02,9.1505,8.72,-0.157,527.4,244.2
2026-08-08T21:18:28.220034+00:00,1786223908.22,1382.37,22.02,9.1505,9.2,-0.158,539.3,244.2
2026-08-08T21:18:28.420541+00:00,1786223908.421,1382.57,21.71,9.1549,9.64,-0.187,544.1,244.2
2026-08-08T21:18:28.623497+00:00,1786223908.623,1382.77,21.71,9.1549,10.0,-0.201,562.2,244.2
2026-08-08T21:18:28.829122+00:00,1786223908.829,1382.98,21.72,9.1549,10.27,-0.155,575.4,244.2
2026-08-08T21:18:29.207234+00:00,1786223909.207,1383.35,23.77,9.1593,10.43,0.0,599.6,255.3
2026-08-08T21:18:29.411192+00:00,1786223909.411,1383.56,21.93,9.1593,10.51,-0.157,622.7,255.3
2026-08-08T21:18:29.613205+00:00,1786223909.613,1383.76,21.93,9.1615,10.5,-0.167,640.8,255.3
2026-08-08T21:18:29.815105+00:00,1786223909.815,1383.96,21.73,9.1615,10.42,-0.186,657.4,255.3
2026-08-08T21:18:30.013369+00:00,1786223910.013,1384.16,21.73,9.1615,10.3,0.0,685.1,255.3
2026-08-08T21:18:30.210690+00:00,1786223910.211,1384.36,21.67,9.1659,10.1,0.0,707.2,255.3
2026-08-08T21:18:30.815202+00:00,1786223910.815,1384.96,23.77,9.1681,9.79,0.188,741.3,255.3
2026-08-08T21:18:31.011286+00:00,1786223911.011,1385.16,23.77,9.1681,9.44,0.221,774.5,255.3
2026-08-08T21:18:31.215290+00:00,1786223911.215,1385.36,21.71,9.1725,9.01,0.0,795.3,255.3
2026-08-08T21:18:31.415739+00:00,1786223911.416,1385.56,21.71,9.1725,8.49,0.0,808.2,244.2
2026-08-08T21:18:31.610896+00:00,1786223911.611,1385.76,21.43,9.1725,7.9,-0.27,814.2,244.2
2026-08-08T21:18:31.817435+00:00,1786223911.817,1385.96,21.43,9.1747,7.28,-0.058,816.1,244.2
2026-08-08T21:18:32.016009+00:00,1786223912.016,1386.16,21.58,9.1747,6.7,0.0,816.3,244.2
2026-08-08T21:18:32.989935+00:00,1786223912.99,1387.14,21.61,9.1813,6.15,0.0,813.6,244.2
2026-08-08T21:18:33.207130+00:00,1786223913.207,1387.35,21.61,9.1813,5.65,0.0,806.1,244.2
2026-08-08T21:18:33.579115+00:00,1786223913.579,1387.73,21.74,9.1857,5.15,0.0,798.2,244.2
2026-08-08T21:18:33.796075+00:00,1786223913.796,1387.94,21.91,9.1857,4.7,-0.174,781.5,244.2
2026-08-08T21:18:34.000487+00:00,1786223914.0,1388.15,21.91,9.1879,4.28,-0.173,761.7,244.2
2026-08-08T21:18:34.202728+00:00,1786223914.203,1388.35,21.72,9.1879,3.9,0.0,740.8,233.1
2026-08-08T21:18:34.598651+00:00,1786223914.599,1388.75,21.68,9.1923,3.57,0.0,730.1,233.1
2026-08-08T21:18:34.794201+00:00,1786223914.794,1388.94,21.69,9.1923,3.27,0.0,714.4,233.1
2026-08-08T21:18:34.992697+00:00,1786223914.993,1389.14,21.69,9.1923,3.04,0.0,696.4,233.1
2026-08-08T21:18:35.196544+00:00,1786223915.196,1389.34,21.64,9.1945,2.82,0.0,677.2,233.1
2026-08-08T21:18:35.404299+00:00,1786223915.404,1389.55,21.64,9.1945,2.63,0.0,656.4,233.1
2026-08-08T21:18:35.602719+00:00,1786223915.603,1389.75,21.41,9.1989,2.47,0.0,633.0,233.1
2026-08-08T21:18:35.809128+00:00,1786223915.809,1389.96,21.41,9.1989,2.35,0.0,601.7,233.1
2026-08-08T21:18:36.018015+00:00,1786223916.018,1390.16,21.54,9.1989,2.26,0.0,576.6,233.1
2026-08-08T21:18:36.210516+00:00,1786223916.21,1390.36,21.54,9.2011,2.17,0.0,551.4,233.1
2026-08-08T21:18:36.412460+00:00,1786223916.412,1390.56,21.59,9.2011,2.08,0.0,527.0,233.1
2026-08-08T21:18:36.611651+00:00,1786223916.612,1390.76,21.59,9.2011,1.99,0.0,499.0,233.1
2026-08-08T21:18:37.593397+00:00,1786223917.593,1391.74,20.88,9.2077,1.98,-0.081,469.7,222.0
2026-08-08T21:18:37.795626+00:00,1786223917.796,1391.94,20.88,9.2077,1.96,-0.081,433.4,222.0
2026-08-08T21:18:38.000424+00:00,1786223918.0,1392.15,19.91,9.2099,1.95,-0.171,395.4,222.0
2026-08-08T21:18:38.200915+00:00,1786223918.201,1392.35,19.91,9.2099,1.93,-0.172,367.3,222.0
2026-08-08T21:18:38.399345+00:00,1786223918.399,1392.55,19.78,9.2143,1.87,-0.161,341.0,222.0
2026-08-08T21:18:38.603214+00:00,1786223918.603,1392.75,19.78,9.2143,1.78,-0.161,322.1,222.0
2026-08-08T21:18:38.799280+00:00,1786223918.799,1392.95,19.77,9.2143,1.64,-0.176,300.4,222.0
2026-08-08T21:18:39.004795+00:00,1786223919.005,1393.15,19.77,9.2165,1.47,-0.176,278.7,222.0
2026-08-08T21:18:39.201364+00:00,1786223919.201,1393.35,19.89,9.2165,1.26,-0.17,258.4,222.0
2026-08-08T21:18:39.599177+00:00,1786223919.599,1393.75,19.6,9.2187,1.06,-0.185,238.7,222.0
2026-08-08T21:18:39.805479+00:00,1786223919.805,1393.95,19.6,9.2187,0.85,-0.16,220.3,222.0
2026-08-08T21:18:40.004726+00:00,1786223920.005,1394.15,19.6,9.2209,0.68,-0.161,206.3,222.0
2026-08-08T21:18:40.210167+00:00,1786223920.21,1394.36,17.43,9.2209,0.55,-0.311,190.6,222.0
2026-08-08T21:18:40.402087+00:00,1786223920.402,1394.55,17.43,9.2209,0.45,-0.313,172.4,222.0
2026-08-08T21:18:40.790283+00:00,1786223920.79,1394.94,18.26,9.2253,0.34,-0.177,157.5,222.0
2026-08-08T21:18:40.999740+00:00,1786223921.0,1395.15,18.26,9.2253,0.23,-0.177,143.2,222.0
2026-08-08T21:18:41.194472+00:00,1786223921.194,1395.34,18.26,9.2275,0.12,-0.175,129.4,222.0
2026-08-08T21:18:41.993992+00:00,1786223921.994,1396.14,18.01,9.2297,0.02,-0.164,116.3,222.0
2026-08-08T21:18:42.197172+00:00,1786223922.197,1396.34,18.01,9.2319,-0.09,-0.174,103.3,222.0
2026-08-08T21:18:42.400436+00:00,1786223922.4,1396.55,17.89,9.2319,-0.12,-0.17,91.0,188.7
2026-08-08T21:18:42.600164+00:00,1786223922.6,1396.75,17.89,9.2319,-0.09,-0.171,79.2,188.7
2026-08-08T21:18:42.804175+00:00,1786223922.804,1396.95,18.86,9.2363,-0.03,-0.074,69.5,188.7
2026-08-08T21:18:42.998903+00:00,1786223922.999,1397.15,18.86,9.2363,0.06,0.142,64.2,188.7
2026-08-08T21:18:43.198417+00:00,1786223923.198,1397.34,18.26,9.2385,0.18,0.082,58.2,188.7
2026-08-08T21:18:43.402806+00:00,1786223923.403,1397.55,18.26,9.2385,0.31,0.0,51.5,222.0
2026-08-08T21:18:43.599276+00:00,1786223923.599,1397.75,18.2,9.2385,0.45,0.0,47.2,222.0
2026-08-08T21:18:43.799064+00:00,1786223923.799,1397.95,18.2,9.2407,0.54,0.0,43.3,222.0
2026-08-08T21:18:44.004368+00:00,1786223924.004,1398.15,18.2,9.2407,0.59,0.0,41.6,222.0
2026-08-08T21:18:44.613927+00:00,1786223924.614,1398.76,17.61,9.2429,0.62,0.0,40.0,222.0
2026-08-08T21:18:44.813724+00:00,1786223924.814,1398.96,17.61,9.2429,0.65,0.0,38.4,222.0
2026-08-08T21:18:45.023721+00:00,1786223925.024,1399.17,17.2,9.2451,0.69,-0.079,35.9,222.0
2026-08-08T21:18:45.232052+00:00,1786223925.232,1399.38,17.2,9.2451,0.72,-0.19,32.3,222.0
2026-08-08T21:18:45.431704+00:00,1786223925.432,1399.58,17.2,9.2473,0.76,-0.19,29.4,222.0
2026-08-08T21:18:45.629124+00:00,1786223925.629,1399.78,16.28,9.2473,0.79,-0.227,26.4,222.0
2026-08-08T21:18:45.834621+00:00,1786223925.835,1399.98,16.28,9.2473,0.78,-0.226,24.4,222.0
2026-08-08T21:18:46.030588+00:00,1786223926.031,1400.18,16.71,9.2517,0.76,-0.17,23.4,222.0
2026-08-08T21:18:46.434559+00:00,1786223926.435,1400.58,16.75,9.2517,0.75,-0.153,23.2,222.0
2026-08-08T21:18:46.634631+00:00,1786223926.635,1400.78,16.75,9.2539,0.75,-0.153,26.2,222.0
2026-08-08T21:18:46.838320+00:00,1786223926.838,1400.98,16.75,9.2539,0.75,-0.108,30.1,222.0
2026-08-08T21:18:47.033914+00:00,1786223927.034,1401.18,17.39,9.2561,0.74,0.0,34.0,222.0
2026-08-08T21:18:47.228041+00:00,1786223927.228,1401.37,17.39,9.2561,0.71,0.0,38.0,222.0
2026-08-08T21:18:47.423110+00:00,1786223927.423,1401.57,16.31,9.2561,0.68,-0.112,40.2,222.0
2026-08-08T21:18:47.625004+00:00,1786223927.625,1401.77,16.31,9.2583,0.63,-0.112,42.5,222.0
2026-08-08T21:18:47.820161+00:00,1786223927.82,1401.97,16.31,9.2583,0.58,0.0,46.8,222.0
2026-08-08T21:18:48.018927+00:00,1786223928.019,1402.17,16.29,9.2583,0.53,0.0,51.0,222.0
2026-08-08T21:18:48.223567+00:00,1786223928.224,1402.37,16.29,9.2605,0.48,-0.054,54.1,222.0
2026-08-08T21:18:48.604899+00:00,1786223928.605,1402.75,15.95,9.2627,0.45,-0.102,54.5,222.0
2026-08-08T21:18:48.803114+00:00,1786223928.803,1402.95,15.95,9.2627,0.42,-0.102,50.7,222.0
2026-08-08T21:18:48.998645+00:00,1786223928.999,1403.15,16.06,9.2627,0.39,-0.088,48.1,222.0
2026-08-08T21:18:49.200271+00:00,1786223929.2,1403.35,16.06,9.2649,0.37,-0.17,45.1,222.0
2026-08-08T21:18:49.398984+00:00,1786223929.399,1403.55,16.06,9.2649,0.38,-0.17,41.8,222.0
2026-08-08T21:18:49.593572+00:00,1786223929.594,1403.74,15.39,9.2649,0.44,-0.118,39.1,222.0
2026-08-08T21:18:49.811827+00:00,1786223929.812,1403.96,15.39,9.2671,0.54,-0.117,36.5,222.0
2026-08-08T21:18:50.014332+00:00,1786223930.014,1404.16,15.39,9.2671,0.68,-0.117,34.4,222.0
2026-08-08T21:18:50.215665+00:00,1786223930.216,1404.36,14.48,9.2693,0.87,-0.228,30.9,222.0
2026-08-08T21:18:50.420182+00:00,1786223930.42,1404.57,14.48,9.2693,1.12,-0.228,29.3,222.0
2026-08-08T21:18:50.615838+00:00,1786223930.616,1404.76,14.48,9.2693,1.42,-0.202,30.4,222.0
2026-08-08T21:18:50.821038+00:00,1786223930.821,1404.97,14.06,9.2715,1.72,-0.26,31.3,222.0
2026-08-08T21:18:51.225717+00:00,1786223931.226,1405.37,14.06,9.2715,2.03,-0.25,33.5,222.0
2026-08-08T21:18:51.428825+00:00,1786223931.429,1405.58,13.69,9.2715,2.34,-0.296,35.8,233.1
2026-08-08T21:18:51.637052+00:00,1786223931.637,1405.78,13.69,9.2715,2.7,-0.295,37.9,233.1
2026-08-08T21:18:52.010530+00:00,1786223932.011,1406.16,13.69,9.2737,3.1,-0.196,41.9,233.1
2026-08-08T21:18:52.216878+00:00,1786223932.217,1406.36,13.69,9.2737,3.55,-0.197,46.9,233.1
2026-08-08T21:18:52.418442+00:00,1786223932.418,1406.56,12.47,9.2759,4.03,-0.338,49.9,233.1
2026-08-08T21:18:52.625555+00:00,1786223932.626,1406.77,12.47,9.2759,4.55,-0.232,53.2,233.1
2026-08-08T21:18:53.025701+00:00,1786223933.026,1407.17,12.47,9.2759,5.11,-0.215,57.9,233.1
2026-08-08T21:18:53.219125+00:00,1786223933.219,1407.37,12.47,9.2759,5.64,-0.215,65.8,233.1
2026-08-08T21:18:53.418210+00:00,1786223933.418,1407.56,12.47,9.2759,6.11,-0.17,75.2,233.1
2026-08-08T21:18:53.621755+00:00,1786223933.622,1407.77,12.47,9.2759,6.53,-0.185,83.6,233.1
2026-08-08T21:18:53.829677+00:00,1786223933.83,1407.98,12.47,9.2759,6.92,-0.142,93.5,244.2
2026-08-08T21:18:54.038630+00:00,1786223934.039,1408.19,12.47,9.2759,7.27,-0.142,104.9,244.2
2026-08-08T21:18:54.237209+00:00,1786223934.237,1408.38,12.47,9.2759,7.58,-0.153,117.7,244.2
2026-08-08T21:18:54.635043+00:00,1786223934.635,1408.78,12.47,9.2759,7.89,-0.141,131.3,244.2
2026-08-08T21:18:54.837966+00:00,1786223934.838,1408.98,12.47,9.2759,8.2,0.0,147.0,244.2
2026-08-08T21:18:55.044641+00:00,1786223935.045,1409.19,12.47,9.2759,8.46,0.0,164.4,244.2
2026-08-08T21:18:55.246591+00:00,1786223935.247,1409.39,12.47,9.2759,8.65,0.0,182.2,244.2
2026-08-08T21:18:55.447123+00:00,1786223935.447,1409.59,12.47,9.2759,8.72,0.0,199.3,244.2
2026-08-08T21:18:55.646698+00:00,1786223935.647,1409.79,12.47,9.2759,8.71,0.0,216.1,244.2
2026-08-08T21:18:56.013732+00:00,1786223936.014,1410.16,0.0,9.2759,8.59,-1.448,214.8,244.2
2026-08-08T21:18:56.228667+00:00,1786223936.229,1410.38,0.0,9.2759,8.38,-1.443,214.8,244.2
2026-08-08T21:18:56.427183+00:00,1786223936.427,1410.57,0.0,9.2759,8.05,-1.449,214.2,244.2
2026-08-08T21:18:56.625602+00:00,1786223936.626,1410.77,0.0,9.2759,7.7,-1.449,212.6,244.2
2026-08-08T21:18:56.826264+00:00,1786223936.826,1410.97,0.0,9.2759,7.37,-1.581,211.2,244.2
2026-08-08T21:18:57.027638+00:00,1786223937.028,1411.17,0.0,9.2759,7.03,-1.582,208.9,244.2
2026-08-08T21:18:57.426799+00:00,1786223937.427,1411.57,0.0,9.2759,6.7,-1.454,206.7,244.2
2026-08-08T21:18:57.627943+00:00,1786223937.628,1411.77,0.0,9.2759,6.37,-1.454,203.6,244.2
2026-08-08T21:18:57.824612+00:00,1786223937.825,1411.97,0.0,9.2759,6.07,-1.457,198.5,244.2
2026-08-08T21:18:58.028987+00:00,1786223938.029,1412.18,0.0,9.2759,5.81,-1.454,192.4,244.2
2026-08-08T21:18:58.234282+00:00,1786223938.234,1412.38,0.0,9.2759,5.55,0.0,187.7,244.2
2026-08-08T21:18:58.434910+00:00,1786223938.435,1412.58,0.0,9.2759,5.33,0.0,180.7,244.2
2026-08-08T21:18:58.630833+00:00,1786223938.631,1412.78,0.0,9.2759,5.14,0.0,172.4,244.2
2026-08-08T21:18:58.827375+00:00,1786223938.827,1412.97,0.0,9.2759,5.0,0.0,163.1,244.2
2026-08-08T21:18:59.024119+00:00,1786223939.024,1413.17,0.0,9.2759,4.89,0.0,152.4,244.2
2026-08-08T21:18:59.226616+00:00,1786223939.227,1413.37,0.0,9.2759,4.86,0.0,141.0,233.1
2026-08-08T21:18:59.426069+00:00,1786223939.426,1413.57,0.0,9.2759,4.88,0.0,128.4,233.1
2026-08-08T21:18:59.626205+00:00,1786223939.626,1413.77,0.0,9.2759,4.94,0.0,115.1,233.1
2026-08-08T21:18:59.830212+00:00,1786223939.83,1413.98,0.0,9.2759,5.01,0.0,101.4,233.1
2026-08-08T21:19:00.027196+00:00,1786223940.027,1414.17,0.0,9.2759,5.08,0.0,86.9,233.1
2026-08-08T21:19:00.228697+00:00,1786223940.229,1414.38,0.0,9.2759,5.15,0.0,70.2,233.1
2026-08-08T21:19:00.433930+00:00,1786223940.434,1414.58,0.0,9.2759,5.22,0.0,53.0,244.2
