timestamp_iso,timestamp_unix,duree_s,vitesse_kmh,distance_km,pitch_deg,acceleration_ms2,puissance_w,puissance_cible_w
2026-08-08T15:52:03.778071+00:00,1786204323.778,0.24,0.00,0.0000,-0.63,0.000,0.0,188.7
2026-08-08T15:52:03.979762+00:00,1786204323.980,0.44,0.00,0.0000,-0.64,0.000,0.0,188.7
2026-08-08T15:52:04.180732+00:00,1786204324.181,0.64,0.00,0.0000,-0.65,0.000,0.0,188.7
2026-08-08T15:52:04.383613+00:00,1786204324.384,0.85,0.00,0.0000,-0.65,0.000,0.0,188.7
2026-08-08T15:52:04.584796+00:00,1786204324.585,1.05,0.00,0.0000,-0.66,0.000,0.0,188.7
2026-08-08T15:52:04.783102+00:00,1786204324.783,1.25,0.00,0.0000,-0.66,0.000,0.0,188.7
2026-08-08T15:52:04.986336+00:00,1786204324.986,1.45,0.00,0.0000,-0.67,0.000,0.0,188.7
2026-08-08T15:52:05.187812+00:00,1786204325.188,1.65,0.00,0.0000,-0.67,0.000,0.0,188.7
2026-08-08T15:52:05.387690+00:00,1786204325.388,1.85,0.00,0.0000,-0.67,0.000,0.0,188.7
2026-08-08T15:52:05.588319+00:00,1786204325.588,2.05,0.00,0.0000,-0.67,0.000,0.0,188.7
2026-08-08T15:52:05.790789+00:00,1786204325.791,2.25,0.00,0.0000,-0.67,0.000,0.0,188.7
2026-08-08T15:52:05.991108+00:00,1786204325.991,2.46,0.00,0.0000,-0.73,0.000,0.0,188.7
2026-08-08T15:52:06.283388+00:00,1786204326.283,2.75,0.00,0.0000,-0.83,0.000,0.0,188.7
2026-08-08T15:52:06.480124+00:00,1786204326.480,2.94,0.00,0.0000,-0.88,0.000,0.0,188.7
2026-08-08T15:52:06.677896+00:00,1786204326.678,3.14,0.00,0.0000,-0.93,0.000,0.0,188.7
2026-08-08T15:52:06.876952+00:00,1786204326.877,3.34,0.00,0.0000,-0.99,0.000,0.0,188.7
2026-08-08T15:52:07.251585+00:00,1786204327.252,3.72,0.00,0.0000,-1.04,0.000,0.0,188.7
2026-08-08T15:52:07.462781+00:00,1786204327.463,3.93,0.00,0.0000,-1.14,0.000,0.0,188.7
2026-08-08T15:52:07.660700+00:00,1786204327.661,4.12,0.00,0.0000,-1.19,0.000,0.0,188.7
2026-08-08T15:52:07.863415+00:00,1786204327.863,4.33,0.00,0.0000,-1.23,0.000,0.0,188.7
2026-08-08T15:52:08.060570+00:00,1786204328.061,4.52,0.00,0.0000,-1.28,0.000,0.0,188.7
2026-08-08T15:52:08.263940+00:00,1786204328.264,4.73,0.00,0.0000,-1.33,0.000,0.0,188.7
2026-08-08T15:52:08.461414+00:00,1786204328.461,4.93,0.00,0.0000,-1.38,0.000,0.0,188.7
2026-08-08T15:52:08.836927+00:00,1786204328.837,5.30,0.00,0.0000,-1.43,0.000,0.0,188.7
2026-08-08T15:52:09.051547+00:00,1786204329.052,5.52,0.00,0.0000,-1.53,0.000,0.0,188.7
2026-08-08T15:52:09.247444+00:00,1786204329.247,5.71,0.00,0.0000,-1.58,0.000,0.0,188.7
2026-08-08T15:52:09.445260+00:00,1786204329.445,5.91,0.00,0.0000,-1.63,0.000,0.0,188.7
2026-08-08T15:52:09.823315+00:00,1786204329.823,6.29,0.00,0.0000,-1.68,0.000,0.0,188.7
2026-08-08T15:52:10.035712+00:00,1786204330.036,6.50,0.00,0.0000,-1.78,0.000,0.0,188.7
2026-08-08T15:52:10.232007+00:00,1786204330.232,6.70,0.00,0.0000,-1.82,0.000,0.0,188.7
2026-08-08T15:52:10.429081+00:00,1786204330.429,6.89,0.00,0.0000,-1.87,0.000,0.0,188.7
2026-08-08T15:52:10.641759+00:00,1786204330.642,7.11,0.00,0.0000,-1.91,0.000,0.0,188.7
2026-08-08T15:52:10.842919+00:00,1786204330.843,7.31,0.00,0.0000,-1.91,0.000,0.0,188.7
2026-08-08T15:52:11.044821+00:00,1786204331.045,7.51,0.00,0.0000,-1.91,0.000,0.0,188.7
2026-08-08T15:52:11.246773+00:00,1786204331.247,7.71,0.00,0.0000,-1.91,0.000,0.0,188.7
2026-08-08T15:52:11.446551+00:00,1786204331.447,7.91,0.00,0.0000,-1.91,0.000,0.0,188.7
2026-08-08T15:52:11.649346+00:00,1786204331.649,8.11,0.00,0.0000,-1.91,0.000,0.0,188.7
2026-08-08T15:52:11.852055+00:00,1786204331.852,8.32,0.00,0.0000,-1.91,0.000,0.0,188.7
2026-08-08T15:52:12.053880+00:00,1786204332.054,8.52,0.00,0.0000,-1.91,0.000,0.0,188.7
2026-08-08T15:52:12.255436+00:00,1786204332.255,8.72,0.00,0.0000,-1.91,0.000,0.0,188.7
2026-08-08T15:52:12.455346+00:00,1786204332.455,8.92,0.00,0.0000,-1.91,0.000,0.0,188.7
2026-08-08T15:52:12.657380+00:00,1786204332.657,9.12,0.00,0.0000,-1.91,0.000,0.0,188.7
2026-08-08T15:52:12.861068+00:00,1786204332.861,9.33,0.00,0.0000,-1.91,0.000,0.0,188.7
2026-08-08T15:52:13.062851+00:00,1786204333.063,9.53,0.00,0.0000,-1.91,0.000,0.0,188.7
2026-08-08T15:52:13.263681+00:00,1786204333.264,9.73,0.00,0.0000,-1.91,0.000,0.0,188.7
2026-08-08T15:52:13.462961+00:00,1786204333.463,9.93,0.00,0.0000,-1.91,0.000,0.0,188.7
2026-08-08T15:52:13.663858+00:00,1786204333.664,10.13,0.00,0.0000,-1.91,0.000,0.0,188.7
2026-08-08T15:52:13.866539+00:00,1786204333.867,10.33,0.00,0.0000,-1.91,0.000,0.0,188.7
2026-08-08T15:52:14.068833+00:00,1786204334.069,10.53,0.00,0.0000,-1.91,0.000,0.0,188.7
2026-08-08T15:52:14.271174+00:00,1786204334.271,10.74,0.00,0.0000,-1.91,0.000,0.0,188.7
2026-08-08T15:52:14.470381+00:00,1786204334.470,10.93,0.00,0.0000,-1.91,0.000,0.0,188.7
2026-08-08T15:52:14.672440+00:00,1786204334.672,11.14,0.00,0.0000,-1.91,0.000,0.0,188.7
2026-08-08T15:52:14.874456+00:00,1786204334.874,11.34,0.00,0.0000,-1.91,0.000,0.0,188.7
2026-08-08T15:52:15.075500+00:00,1786204335.075,11.54,0.00,0.0000,-1.91,0.000,0.0,188.7
2026-08-08T15:52:15.278205+00:00,1786204335.278,11.74,0.00,0.0000,-1.91,0.000,0.0,188.7
2026-08-08T15:52:15.476850+00:00,1786204335.477,11.94,0.00,0.0000,-1.91,0.000,0.0,188.7
2026-08-08T15:52:15.679423+00:00,1786204335.679,12.14,0.00,0.0000,-1.91,0.000,0.0,188.7
2026-08-08T15:52:15.883811+00:00,1786204335.884,12.35,0.00,0.0000,-1.91,0.000,0.0,188.7
2026-08-08T15:52:16.086743+00:00,1786204336.087,12.55,0.00,0.0000,-1.91,0.000,0.0,188.7
2026-08-08T15:52:16.288559+00:00,1786204336.289,12.75,0.00,0.0000,-1.91,0.000,0.0,188.7
2026-08-08T15:52:16.488583+00:00,1786204336.489,12.95,0.00,0.0000,-1.91,0.000,0.0,188.7
2026-08-08T15:52:16.690403+00:00,1786204336.690,13.15,0.00,0.0000,-1.91,0.000,0.0,188.7
2026-08-08T15:52:16.892468+00:00,1786204336.892,13.36,0.00,0.0000,-1.91,0.000,0.0,188.7
2026-08-08T15:52:17.094630+00:00,1786204337.095,13.56,0.00,0.0000,-1.91,0.000,0.0,188.7
2026-08-08T15:52:17.296280+00:00,1786204337.296,13.76,0.00,0.0000,-1.91,0.000,0.0,188.7
2026-08-08T15:52:17.496006+00:00,1786204337.496,13.96,0.00,0.0000,-1.91,0.000,0.0,188.7
2026-08-08T15:52:17.697699+00:00,1786204337.698,14.16,0.00,0.0000,-1.91,0.000,0.0,188.7
2026-08-08T15:52:17.899775+00:00,1786204337.900,14.36,0.00,0.0000,-1.91,0.000,0.0,188.7
2026-08-08T15:52:18.102147+00:00,1786204338.102,14.57,0.00,0.0000,-1.91,0.000,0.0,188.7
2026-08-08T15:52:18.304447+00:00,1786204338.304,14.77,0.00,0.0000,-1.91,0.000,0.0,188.7
2026-08-08T15:52:18.504005+00:00,1786204338.504,14.97,0.00,0.0000,-1.91,0.000,0.0,188.7
2026-08-08T15:52:18.722582+00:00,1786204338.723,15.19,0.00,0.0000,-1.80,0.000,0.0,188.7
2026-08-08T15:52:18.938670+00:00,1786204338.939,15.40,0.00,0.0000,-1.68,0.000,0.0,188.7
2026-08-08T15:52:19.138973+00:00,1786204339.139,15.60,0.00,0.0000,-1.56,0.000,0.0,188.7
2026-08-08T15:52:19.336905+00:00,1786204339.337,15.80,0.00,0.0000,-1.49,0.000,0.0,188.7
2026-08-08T15:52:19.541018+00:00,1786204339.541,16.01,0.00,0.0000,-1.43,0.000,0.0,188.7
2026-08-08T15:52:19.927048+00:00,1786204339.927,16.39,0.00,0.0000,-1.31,0.000,0.0,188.7
2026-08-08T15:52:20.123316+00:00,1786204340.123,16.59,0.00,0.0000,-1.25,0.000,0.0,188.7
2026-08-08T15:52:20.512910+00:00,1786204340.513,16.98,0.00,0.0000,-1.19,0.000,0.0,188.7
2026-08-08T15:52:20.725791+00:00,1786204340.726,17.19,0.00,0.0000,-1.07,0.000,0.0,188.7
2026-08-08T15:52:20.937677+00:00,1786204340.938,17.40,0.00,0.0000,-1.01,0.000,0.0,188.7
2026-08-08T15:52:21.324037+00:00,1786204341.324,17.79,0.00,0.0000,-0.89,0.000,0.0,188.7
2026-08-08T15:52:21.522935+00:00,1786204341.523,17.99,0.00,0.0000,-0.83,0.000,0.0,188.7
2026-08-08T15:52:21.915164+00:00,1786204341.915,18.38,0.00,0.0000,-0.77,0.000,0.0,188.7
2026-08-08T15:52:22.127057+00:00,1786204342.127,18.59,0.00,0.0000,-0.65,0.000,0.0,188.7
2026-08-08T15:52:22.324087+00:00,1786204342.324,18.79,0.00,0.0000,-0.59,0.000,0.0,188.7
2026-08-08T15:52:22.697894+00:00,1786204342.698,19.16,0.00,0.0000,-0.53,0.000,0.0,188.7
2026-08-08T15:52:22.911512+00:00,1786204342.911,19.38,0.00,0.0000,-0.41,0.000,0.0,188.7
2026-08-08T15:52:23.109612+00:00,1786204343.110,19.57,0.00,0.0000,-0.41,0.000,0.0,188.7
2026-08-08T15:52:23.308845+00:00,1786204343.309,19.77,0.00,0.0000,-0.41,0.000,0.0,188.7
2026-08-08T15:52:23.509350+00:00,1786204343.509,19.97,0.00,0.0000,-0.40,0.000,0.0,188.7
2026-08-08T15:52:23.711053+00:00,1786204343.711,20.18,0.00,0.0000,-0.40,0.000,0.0,188.7
2026-08-08T15:52:23.913062+00:00,1786204343.913,20.38,0.00,0.0000,-0.40,0.000,0.0,188.7
2026-08-08T15:52:24.115464+00:00,1786204344.115,20.58,0.00,0.0000,-0.40,0.000,0.0,188.7
2026-08-08T15:52:24.315367+00:00,1786204344.315,20.78,0.00,0.0000,-0.40,0.000,0.0,188.7
2026-08-08T15:52:24.517023+00:00,1786204344.517,20.98,0.00,0.0000,-0.40,0.000,0.0,188.7
2026-08-08T15:52:24.719018+00:00,1786204344.719,21.18,0.00,0.0000,-0.40,0.000,0.0,188.7
2026-08-08T15:52:24.920728+00:00,1786204344.921,21.38,0.00,0.0000,-0.40,0.000,0.0,188.7
2026-08-08T15:52:25.122482+00:00,1786204345.122,21.59,0.00,0.0000,-0.40,0.000,0.0,188.7
2026-08-08T15:52:25.326337+00:00,1786204345.326,21.79,0.00,0.0000,-0.40,0.000,0.0,188.7
2026-08-08T15:52:25.528528+00:00,1786204345.529,21.99,0.00,0.0000,-0.40,0.000,0.0,188.7
2026-08-08T15:52:25.730455+00:00,1786204345.730,22.19,0.00,0.0000,-0.40,0.000,0.0,188.7
2026-08-08T15:52:25.933034+00:00,1786204345.933,22.40,0.00,0.0000,-0.40,0.000,0.0,188.7
2026-08-08T15:52:26.135280+00:00,1786204346.135,22.60,0.00,0.0000,-0.40,0.000,0.0,188.7
2026-08-08T15:52:26.336237+00:00,1786204346.336,22.80,0.00,0.0000,-0.40,0.000,0.0,188.7
2026-08-08T15:52:26.537862+00:00,1786204346.538,23.00,0.00,0.0000,-0.40,0.000,0.0,188.7
2026-08-08T15:52:26.739373+00:00,1786204346.739,23.20,0.00,0.0000,-0.40,0.000,0.0,188.7
2026-08-08T15:52:26.941481+00:00,1786204346.941,23.41,0.00,0.0000,-0.40,0.000,0.0,188.7
2026-08-08T15:52:27.143128+00:00,1786204347.143,23.61,0.00,0.0000,-0.40,0.000,0.0,188.7
2026-08-08T15:52:27.346340+00:00,1786204347.346,23.81,0.00,0.0000,-0.40,0.000,0.0,188.7
2026-08-08T15:52:27.548063+00:00,1786204347.548,24.01,0.00,0.0000,-0.40,0.000,0.0,188.7
2026-08-08T15:52:27.750104+00:00,1786204347.750,24.21,0.00,0.0000,-0.40,0.000,0.0,188.7
2026-08-08T15:52:27.951684+00:00,1786204347.952,24.42,0.00,0.0000,-0.40,0.000,0.0,188.7
2026-08-08T15:52:28.153913+00:00,1786204348.154,24.62,0.00,0.0000,-0.40,0.000,0.0,188.7
2026-08-08T15:52:28.354455+00:00,1786204348.354,24.82,0.00,0.0000,-0.40,0.000,0.0,188.7
2026-08-08T15:52:28.556181+00:00,1786204348.556,25.02,0.00,0.0000,-0.40,0.000,0.0,188.7
2026-08-08T15:52:28.759192+00:00,1786204348.759,25.22,0.00,0.0000,-0.40,0.000,0.0,188.7
2026-08-08T15:52:28.961468+00:00,1786204348.961,25.43,0.00,0.0000,-0.40,0.000,0.0,188.7
2026-08-08T15:52:29.163378+00:00,1786204349.163,25.63,0.00,0.0000,-0.40,0.000,0.0,188.7
2026-08-08T15:52:29.362760+00:00,1786204349.363,25.83,0.00,0.0000,-0.40,0.000,0.0,188.7
2026-08-08T15:52:29.564797+00:00,1786204349.565,26.03,0.00,0.0000,-0.40,0.000,0.0,188.7
2026-08-08T15:52:29.763833+00:00,1786204349.764,26.23,0.00,0.0000,-0.72,0.000,0.0,188.7
2026-08-08T15:52:29.963148+00:00,1786204349.963,26.43,0.00,0.0000,-0.99,0.000,0.0,188.7
2026-08-08T15:52:30.163375+00:00,1786204350.163,26.63,0.00,0.0000,-1.25,0.000,0.0,188.7
2026-08-08T15:52:30.516341+00:00,1786204350.516,26.98,0.00,0.0000,-1.51,0.000,0.0,188.7
2026-08-08T15:52:30.901082+00:00,1786204350.901,27.37,0.00,0.0000,-1.77,0.000,0.0,188.7
2026-08-08T15:52:31.109910+00:00,1786204351.110,27.57,0.00,0.0000,-1.90,0.000,0.0,188.7
2026-08-08T15:52:31.498533+00:00,1786204351.499,27.96,0.00,0.0000,-2.16,0.000,0.0,188.7
2026-08-08T15:52:31.698849+00:00,1786204351.699,28.16,0.00,0.0000,-2.29,0.000,0.0,188.7
2026-08-08T15:52:32.083490+00:00,1786204352.083,28.55,0.00,0.0000,-2.56,0.000,0.0,188.7
2026-08-08T15:52:32.282792+00:00,1786204352.283,28.75,0.00,0.0000,-2.69,0.000,0.0,188.7
2026-08-08T15:52:32.667143+00:00,1786204352.667,29.13,0.00,0.0000,-2.95,0.000,0.0,188.7
2026-08-08T15:52:33.051759+00:00,1786204353.052,29.52,0.00,0.0000,-3.08,0.000,0.0,188.7
2026-08-08T15:52:33.256389+00:00,1786204353.256,29.72,0.00,0.0000,-3.34,0.000,0.0,188.7
2026-08-08T15:52:33.455579+00:00,1786204353.456,29.92,0.00,0.0000,-3.47,0.000,0.0,188.7
2026-08-08T15:52:33.652103+00:00,1786204353.652,30.12,0.00,0.0000,-3.60,0.000,0.0,188.7
2026-08-08T15:52:33.850798+00:00,1786204353.851,30.31,0.00,0.0000,-3.73,0.000,0.0,188.7
2026-08-08T15:52:34.050130+00:00,1786204354.050,30.51,0.00,0.0000,-3.71,0.000,0.0,188.7
2026-08-08T15:52:34.249763+00:00,1786204354.250,30.71,0.00,0.0000,-3.68,0.000,0.0,188.7
2026-08-08T15:52:34.635874+00:00,1786204354.636,31.10,0.00,0.0000,-3.68,0.000,0.0,188.7
2026-08-08T15:52:34.837808+00:00,1786204354.838,31.30,0.00,0.0000,-3.68,0.000,0.0,188.7
2026-08-08T15:52:35.032152+00:00,1786204355.032,31.50,0.00,0.0000,-3.68,0.000,0.0,188.7
2026-08-08T15:52:35.233128+00:00,1786204355.233,31.70,0.00,0.0000,-3.68,0.000,0.0,188.7
2026-08-08T15:52:35.435609+00:00,1786204355.436,31.90,0.00,0.0000,-3.68,0.000,0.0,188.7
2026-08-08T15:52:35.636128+00:00,1786204355.636,32.10,0.00,0.0000,-3.68,0.000,0.0,188.7
2026-08-08T15:52:35.837844+00:00,1786204355.838,32.30,0.00,0.0000,-3.68,0.000,0.0,188.7
2026-08-08T15:52:36.039783+00:00,1786204356.040,32.50,0.00,0.0000,-3.68,0.000,0.0,188.7
2026-08-08T15:52:36.241928+00:00,1786204356.242,32.71,0.00,0.0000,-3.68,0.000,0.0,188.7
2026-08-08T15:52:36.444280+00:00,1786204356.444,32.91,0.00,0.0000,-3.68,0.000,0.0,188.7
2026-08-08T15:52:36.644346+00:00,1786204356.644,33.11,0.00,0.0000,-3.68,0.000,0.0,188.7
2026-08-08T15:52:36.846366+00:00,1786204356.846,33.31,0.00,0.0000,-3.68,0.000,0.0,188.7
2026-08-08T15:52:37.049621+00:00,1786204357.050,33.51,0.00,0.0000,-3.68,0.000,0.0,188.7
2026-08-08T15:52:37.251331+00:00,1786204357.251,33.72,0.00,0.0000,-3.68,0.000,0.0,188.7
2026-08-08T15:52:37.453189+00:00,1786204357.453,33.92,0.00,0.0000,-3.68,0.000,0.0,188.7
2026-08-08T15:52:37.652580+00:00,1786204357.653,34.12,0.00,0.0000,-3.68,0.000,0.0,188.7
2026-08-08T15:52:37.854716+00:00,1786204357.855,34.32,0.00,0.0000,-3.68,0.000,0.0,188.7
2026-08-08T15:52:38.056571+00:00,1786204358.057,34.52,0.00,0.0000,-3.68,0.000,0.0,188.7
2026-08-08T15:52:38.258295+00:00,1786204358.258,34.72,0.00,0.0000,-3.68,0.000,0.0,188.7
2026-08-08T15:52:38.460291+00:00,1786204358.460,34.92,0.00,0.0000,-3.68,0.000,0.0,188.7
2026-08-08T15:52:38.661766+00:00,1786204358.662,35.13,0.00,0.0000,-3.68,0.000,0.0,188.7
2026-08-08T15:52:38.863686+00:00,1786204358.864,35.33,0.00,0.0000,-3.68,0.000,0.0,188.7
2026-08-08T15:52:39.066044+00:00,1786204359.066,35.53,0.00,0.0000,-3.68,0.000,0.0,188.7
2026-08-08T15:52:39.268011+00:00,1786204359.268,35.73,0.00,0.0000,-3.68,0.000,0.0,188.7
2026-08-08T15:52:39.470132+00:00,1786204359.470,35.93,0.00,0.0000,-3.68,0.000,0.0,188.7
2026-08-08T15:52:39.671480+00:00,1786204359.671,36.14,0.00,0.0000,-3.68,0.000,0.0,188.7
2026-08-08T15:52:39.873406+00:00,1786204359.873,36.34,0.00,0.0000,-3.68,0.000,0.0,188.7
2026-08-08T15:52:40.077293+00:00,1786204360.077,36.54,0.00,0.0000,-3.68,0.000,0.0,188.7
2026-08-08T15:52:40.279359+00:00,1786204360.279,36.74,0.00,0.0000,-3.68,0.000,0.0,188.7
2026-08-08T15:52:40.481168+00:00,1786204360.481,36.95,0.00,0.0000,-3.68,0.000,0.0,188.7
2026-08-08T15:52:40.680650+00:00,1786204360.681,37.14,0.00,0.0000,-3.68,0.000,0.0,188.7
2026-08-08T15:52:40.883785+00:00,1786204360.884,37.35,0.00,0.0000,-3.68,0.000,0.0,188.7
2026-08-08T15:52:41.085411+00:00,1786204361.085,37.55,0.00,0.0000,-3.68,0.000,0.0,188.7
2026-08-08T15:52:41.287469+00:00,1786204361.287,37.75,0.00,0.0000,-3.68,0.000,0.0,188.7
2026-08-08T15:52:41.489750+00:00,1786204361.490,37.95,0.00,0.0000,-3.68,0.000,0.0,188.7
2026-08-08T15:52:41.689197+00:00,1786204361.689,38.15,0.00,0.0000,-3.68,0.000,0.0,188.7
2026-08-08T15:52:41.890276+00:00,1786204361.890,38.35,0.00,0.0000,-3.68,0.000,0.0,188.7
2026-08-08T15:52:42.089634+00:00,1786204362.090,38.55,0.00,0.0000,-3.47,0.000,0.0,188.7
2026-08-08T15:52:42.293421+00:00,1786204362.293,38.76,0.00,0.0000,-3.26,0.000,0.0,188.7
2026-08-08T15:52:42.682164+00:00,1786204362.682,39.15,0.00,0.0000,-2.94,0.000,0.0,188.7
2026-08-08T15:52:42.881639+00:00,1786204362.882,39.35,0.00,0.0000,-2.83,0.000,0.0,188.7
2026-08-08T15:52:43.078407+00:00,1786204363.078,39.54,0.00,0.0000,-2.73,0.000,0.0,188.7
2026-08-08T15:52:43.276444+00:00,1786204363.276,39.74,0.00,0.0000,-2.62,0.000,0.0,188.7
2026-08-08T15:52:43.477357+00:00,1786204363.477,39.94,0.00,0.0000,-2.51,0.000,0.0,188.7
2026-08-08T15:52:43.675965+00:00,1786204363.676,40.14,0.00,0.0000,-2.41,0.000,0.0,188.7
2026-08-08T15:52:43.880669+00:00,1786204363.881,40.34,0.00,0.0000,-2.30,0.000,0.0,188.7
2026-08-08T15:52:44.077261+00:00,1786204364.077,40.54,0.00,0.0000,-2.19,0.000,0.0,188.7
2026-08-08T15:52:44.276423+00:00,1786204364.276,40.74,0.00,0.0000,-2.09,0.000,0.0,188.7
2026-08-08T15:52:44.475109+00:00,1786204364.475,40.94,0.00,0.0000,-1.98,0.000,0.0,188.7
2026-08-08T15:52:44.864161+00:00,1786204364.864,41.33,0.00,0.0000,-1.77,0.000,0.0,188.7
2026-08-08T15:52:45.061913+00:00,1786204365.062,41.53,0.00,0.0000,-1.66,0.000,0.0,188.7
2026-08-08T15:52:45.260224+00:00,1786204365.260,41.72,0.00,0.0000,-1.55,0.000,0.0,188.7
2026-08-08T15:52:45.459402+00:00,1786204365.459,41.92,0.00,0.0000,-1.44,0.000,0.0,188.7
2026-08-08T15:52:45.848170+00:00,1786204365.848,42.31,0.00,0.0000,-1.23,0.000,0.0,188.7
2026-08-08T15:52:46.047599+00:00,1786204366.048,42.51,0.00,0.0000,-1.12,0.000,0.0,188.7
2026-08-08T15:52:46.245886+00:00,1786204366.246,42.71,0.00,0.0000,-1.02,0.000,0.0,188.7
2026-08-08T15:52:46.446671+00:00,1786204366.447,42.91,0.00,0.0000,-1.01,0.000,0.0,188.7
2026-08-08T15:52:46.645616+00:00,1786204366.646,43.11,0.00,0.0000,-1.01,0.000,0.0,188.7
2026-08-08T15:52:46.846005+00:00,1786204366.846,43.31,0.00,0.0000,-1.00,0.000,0.0,188.7
2026-08-08T15:52:47.047876+00:00,1786204367.048,43.51,0.00,0.0000,-1.00,0.000,0.0,188.7
2026-08-08T15:52:47.251146+00:00,1786204367.251,43.72,0.00,0.0000,-1.00,0.000,0.0,188.7
2026-08-08T15:52:47.452164+00:00,1786204367.452,43.92,0.00,0.0000,-1.00,0.000,0.0,188.7
2026-08-08T15:52:47.654023+00:00,1786204367.654,44.12,0.00,0.0000,-1.00,0.000,0.0,188.7
2026-08-08T15:52:47.858425+00:00,1786204367.858,44.32,0.00,0.0000,-1.00,0.000,0.0,188.7
2026-08-08T15:52:48.060943+00:00,1786204368.061,44.52,0.00,0.0000,-1.00,0.000,0.0,188.7
2026-08-08T15:52:48.260459+00:00,1786204368.260,44.72,0.00,0.0000,-1.00,0.000,0.0,188.7
2026-08-08T15:52:48.463211+00:00,1786204368.463,44.93,0.00,0.0000,-1.00,0.000,0.0,188.7
2026-08-08T15:52:48.664806+00:00,1786204368.665,45.13,0.00,0.0000,-1.00,0.000,0.0,188.7
2026-08-08T15:52:48.866789+00:00,1786204368.867,45.33,0.00,0.0000,-1.00,0.000,0.0,188.7
2026-08-08T15:52:49.068828+00:00,1786204369.069,45.53,0.00,0.0000,-1.00,0.000,0.0,188.7
2026-08-08T15:52:49.268456+00:00,1786204369.268,45.73,0.00,0.0000,-1.00,0.000,0.0,188.7
2026-08-08T15:52:49.473865+00:00,1786204369.474,45.94,0.00,0.0000,-1.00,0.000,0.0,188.7
2026-08-08T15:52:49.674884+00:00,1786204369.675,46.14,0.00,0.0000,-1.00,0.000,0.0,188.7
2026-08-08T15:52:49.876808+00:00,1786204369.877,46.34,0.00,0.0000,-1.00,0.000,0.0,188.7
2026-08-08T15:52:50.079931+00:00,1786204370.080,46.54,0.00,0.0000,-1.00,0.000,0.0,188.7
2026-08-08T15:52:50.274834+00:00,1786204370.275,46.74,0.00,0.0000,-1.00,0.000,0.0,188.7
2026-08-08T15:52:50.477260+00:00,1786204370.477,46.94,0.00,0.0000,-1.00,0.000,0.0,188.7
2026-08-08T15:52:50.678885+00:00,1786204370.679,47.14,0.00,0.0000,-1.00,0.000,0.0,188.7
2026-08-08T15:52:50.883876+00:00,1786204370.884,47.35,0.00,0.0000,-1.00,0.000,0.0,188.7
2026-08-08T15:52:51.085879+00:00,1786204371.086,47.55,0.00,0.0000,-1.00,0.000,0.0,188.7
2026-08-08T15:52:51.284810+00:00,1786204371.285,47.75,0.00,0.0000,-1.00,0.000,0.0,188.7
2026-08-08T15:52:51.486395+00:00,1786204371.486,47.95,0.00,0.0000,-1.00,0.000,0.0,188.7
2026-08-08T15:52:51.688739+00:00,1786204371.689,48.15,0.00,0.0000,-1.00,0.000,0.0,188.7
2026-08-08T15:52:51.895141+00:00,1786204371.895,48.36,0.00,0.0000,-1.00,0.000,0.0,188.7
2026-08-08T15:52:52.098193+00:00,1786204372.098,48.56,0.00,0.0000,-1.00,0.000,0.0,188.7
2026-08-08T15:52:52.299237+00:00,1786204372.299,48.76,0.00,0.0000,-1.00,0.000,0.0,188.7
2026-08-08T15:52:52.501087+00:00,1786204372.501,48.97,0.00,0.0000,-1.00,0.000,0.0,188.7
2026-08-08T15:52:52.702693+00:00,1786204372.703,49.17,0.00,0.0000,-1.00,0.000,0.0,188.7
2026-08-08T15:52:52.904745+00:00,1786204372.905,49.37,0.00,0.0000,-1.00,0.000,0.0,188.7
2026-08-08T15:52:53.107043+00:00,1786204373.107,49.57,0.00,0.0000,-1.00,0.000,0.0,188.7
2026-08-08T15:52:53.308470+00:00,1786204373.308,49.77,0.00,0.0000,-1.00,0.000,0.0,188.7
2026-08-08T15:52:53.510819+00:00,1786204373.511,49.97,0.00,0.0000,-1.00,0.000,0.0,188.7
2026-08-08T15:52:53.713206+00:00,1786204373.713,50.18,0.00,0.0000,-1.00,0.000,0.0,188.7
2026-08-08T15:52:53.916081+00:00,1786204373.916,50.38,0.00,0.0000,-1.00,0.000,0.0,188.7
2026-08-08T15:52:54.117945+00:00,1786204374.118,50.58,0.00,0.0000,-1.00,0.000,0.0,188.7
2026-08-08T15:52:54.359028+00:00,1786204374.359,50.82,0.00,0.0000,-0.97,0.000,0.0,188.7
2026-08-08T15:52:54.571629+00:00,1786204374.572,51.04,0.00,0.0000,-0.95,0.000,0.0,188.7
2026-08-08T15:52:54.768600+00:00,1786204374.769,51.23,0.00,0.0000,-0.94,0.000,0.0,188.7
2026-08-08T15:52:54.972356+00:00,1786204374.972,51.44,0.00,0.0000,-0.93,0.000,0.0,188.7
2026-08-08T15:52:55.171589+00:00,1786204375.172,51.64,0.00,0.0000,-0.92,0.000,0.0,188.7
2026-08-08T15:52:55.370372+00:00,1786204375.370,51.83,0.00,0.0000,-0.91,0.000,0.0,188.7
2026-08-08T15:52:55.569145+00:00,1786204375.569,52.03,0.00,0.0000,-0.90,0.000,0.0,188.7
2026-08-08T15:52:55.770126+00:00,1786204375.770,52.23,0.00,0.0000,-0.89,0.000,0.0,188.7
2026-08-08T15:52:56.154797+00:00,1786204376.155,52.62,0.00,0.0000,-0.87,0.000,0.0,188.7
2026-08-08T15:52:56.354726+00:00,1786204376.355,52.82,0.00,0.0000,-0.86,0.000,0.0,188.7
2026-08-08T15:52:56.727095+00:00,1786204376.727,53.19,0.00,0.0000,-0.85,0.000,0.0,188.7
2026-08-08T15:52:56.940204+00:00,1786204376.940,53.40,0.00,0.0000,-0.83,0.000,0.0,188.7
2026-08-08T15:52:57.136919+00:00,1786204377.137,53.60,0.00,0.0000,-0.81,0.000,0.0,188.7
2026-08-08T15:52:57.336720+00:00,1786204377.337,53.80,0.00,0.0000,-0.80,0.000,0.0,188.7
2026-08-08T15:52:57.727858+00:00,1786204377.728,54.19,0.00,0.0000,-0.78,0.000,0.0,188.7
2026-08-08T15:52:57.926943+00:00,1786204377.927,54.39,0.00,0.0000,-0.77,0.000,0.0,188.7
2026-08-08T15:52:58.127068+00:00,1786204378.127,54.59,0.00,0.0000,-0.76,0.000,0.0,188.7
2026-08-08T15:52:58.323975+00:00,1786204378.324,54.79,0.00,0.0000,-0.75,0.000,0.0,188.7
2026-08-08T15:52:58.524816+00:00,1786204378.525,54.99,0.00,0.0000,-0.74,0.000,0.0,188.7
2026-08-08T15:52:58.899926+00:00,1786204378.900,55.36,0.00,0.0000,-0.74,0.000,0.0,188.7
2026-08-08T15:52:59.101302+00:00,1786204379.101,55.57,0.00,0.0000,-0.74,0.000,0.0,188.7
2026-08-08T15:52:59.303187+00:00,1786204379.303,55.77,0.00,0.0000,-0.74,0.000,0.0,188.7
2026-08-08T15:52:59.505594+00:00,1786204379.506,55.97,0.00,0.0000,-0.74,0.000,0.0,188.7
2026-08-08T15:52:59.705855+00:00,1786204379.706,56.17,0.00,0.0000,-0.74,0.000,0.0,188.7
2026-08-08T15:52:59.908272+00:00,1786204379.908,56.37,0.00,0.0000,-0.74,0.000,0.0,188.7
2026-08-08T15:53:00.110130+00:00,1786204380.110,56.57,0.00,0.0000,-0.74,0.000,0.0,188.7
2026-08-08T15:53:00.311633+00:00,1786204380.312,56.78,0.00,0.0000,-0.74,0.000,0.0,188.7
2026-08-08T15:53:00.513341+00:00,1786204380.513,56.98,0.00,0.0000,-0.74,0.000,0.0,188.7
2026-08-08T15:53:00.712725+00:00,1786204380.713,57.18,0.00,0.0000,-0.74,0.000,0.0,188.7
2026-08-08T15:53:00.918280+00:00,1786204380.918,57.38,0.00,0.0000,-0.74,0.000,0.0,188.7
2026-08-08T15:53:01.120934+00:00,1786204381.121,57.58,0.00,0.0000,-0.74,0.000,0.0,188.7
2026-08-08T15:53:01.323217+00:00,1786204381.323,57.79,0.00,0.0000,-0.74,0.000,0.0,188.7
2026-08-08T15:53:01.527704+00:00,1786204381.528,57.99,0.00,0.0000,-0.74,0.000,0.0,188.7
2026-08-08T15:53:01.730269+00:00,1786204381.730,58.19,0.00,0.0000,-0.74,0.000,0.0,188.7
2026-08-08T15:53:01.932354+00:00,1786204381.932,58.40,0.00,0.0000,-0.74,0.000,0.0,188.7
2026-08-08T15:53:02.134970+00:00,1786204382.135,58.60,0.00,0.0000,-0.74,0.000,0.0,188.7
2026-08-08T15:53:02.337763+00:00,1786204382.338,58.80,0.00,0.0000,-0.74,0.000,0.0,188.7
2026-08-08T15:53:02.540098+00:00,1786204382.540,59.00,0.00,0.0000,-0.74,0.000,0.0,188.7
2026-08-08T15:53:02.739924+00:00,1786204382.740,59.20,0.00,0.0000,-0.74,0.000,0.0,188.7
2026-08-08T15:53:02.942209+00:00,1786204382.942,59.41,0.00,0.0000,-0.74,0.000,0.0,188.7
2026-08-08T15:53:03.144129+00:00,1786204383.144,59.61,0.00,0.0000,-0.74,0.000,0.0,188.7
2026-08-08T15:53:03.345975+00:00,1786204383.346,59.81,0.00,0.0000,-0.74,0.000,0.0,188.7
2026-08-08T15:53:03.547578+00:00,1786204383.548,60.01,0.00,0.0000,-0.74,0.000,0.0,188.7
2026-08-08T15:53:03.747362+00:00,1786204383.747,60.21,0.00,0.0000,-0.74,0.000,0.0,188.7
2026-08-08T15:53:03.950778+00:00,1786204383.951,60.41,0.00,0.0000,-0.74,0.000,0.0,188.7
2026-08-08T15:53:04.153186+00:00,1786204384.153,60.62,0.00,0.0000,-0.74,0.000,0.0,188.7
2026-08-08T15:53:04.354684+00:00,1786204384.355,60.82,0.00,0.0000,-0.74,0.000,0.0,188.7
2026-08-08T15:53:04.556261+00:00,1786204384.556,61.02,0.00,0.0000,-0.74,0.000,0.0,188.7
2026-08-08T15:53:04.756860+00:00,1786204384.757,61.22,0.00,0.0000,-0.74,0.000,0.0,188.7
2026-08-08T15:53:04.958917+00:00,1786204384.959,61.42,0.00,0.0000,-0.74,0.000,0.0,188.7
2026-08-08T15:53:05.160659+00:00,1786204385.161,61.62,0.00,0.0000,-0.74,0.000,0.0,188.7
2026-08-08T15:53:05.362759+00:00,1786204385.363,61.83,0.00,0.0000,-0.74,0.000,0.0,188.7
2026-08-08T15:53:05.564418+00:00,1786204385.564,62.03,0.00,0.0000,-0.74,0.000,0.0,188.7
2026-08-08T15:53:05.763641+00:00,1786204385.764,62.23,0.00,0.0000,-0.74,0.000,0.0,188.7
2026-08-08T15:53:05.964061+00:00,1786204385.964,62.43,0.00,0.0000,-0.75,0.000,0.0,188.7
2026-08-08T15:53:06.165194+00:00,1786204386.165,62.63,0.00,0.0000,-0.75,0.000,0.0,188.7
2026-08-08T15:53:06.366465+00:00,1786204386.366,62.83,0.00,0.0000,-0.75,0.000,0.0,188.7
2026-08-08T15:53:06.564900+00:00,1786204386.565,63.03,0.00,0.0000,-0.76,0.000,0.0,188.7
2026-08-08T15:53:06.762290+00:00,1786204386.762,63.23,0.00,0.0000,-0.76,0.000,0.0,188.7
2026-08-08T15:53:06.962576+00:00,1786204386.963,63.43,0.00,0.0000,-0.77,0.000,0.0,188.7
2026-08-08T15:53:07.163042+00:00,1786204387.163,63.63,0.00,0.0000,-0.77,0.000,0.0,188.7
2026-08-08T15:53:07.363678+00:00,1786204387.364,63.83,0.00,0.0000,-0.78,0.000,0.0,188.7
2026-08-08T15:53:07.562251+00:00,1786204387.562,64.03,0.00,0.0000,-0.78,0.000,0.0,188.7
2026-08-08T15:53:07.761601+00:00,1786204387.762,64.23,0.00,0.0000,-0.78,0.000,0.0,188.7
2026-08-08T15:53:07.963038+00:00,1786204387.963,64.43,0.00,0.0000,-0.78,0.000,0.0,188.7
2026-08-08T15:53:08.163847+00:00,1786204388.164,64.63,0.00,0.0000,-0.78,0.000,0.0,188.7
2026-08-08T15:53:08.364372+00:00,1786204388.364,64.83,0.00,0.0000,-0.78,0.000,0.0,188.7
2026-08-08T15:53:08.565201+00:00,1786204388.565,65.03,0.00,0.0000,-0.78,0.000,0.0,188.7
2026-08-08T15:53:08.762922+00:00,1786204388.763,65.23,0.00,0.0000,-0.78,0.000,0.0,188.7
2026-08-08T15:53:08.963916+00:00,1786204388.964,65.43,0.00,0.0000,-0.78,0.000,0.0,188.7
2026-08-08T15:53:09.163704+00:00,1786204389.164,65.63,0.00,0.0000,-0.77,0.000,0.0,188.7
2026-08-08T15:53:09.364321+00:00,1786204389.364,65.83,0.00,0.0000,-0.77,0.000,0.0,188.7
2026-08-08T15:53:09.565056+00:00,1786204389.565,66.03,0.00,0.0000,-0.77,0.000,0.0,188.7
2026-08-08T15:53:09.764462+00:00,1786204389.764,66.23,0.00,0.0000,-0.76,0.000,0.0,188.7
2026-08-08T15:53:09.966101+00:00,1786204389.966,66.43,0.00,0.0000,-0.76,0.000,0.0,188.7
2026-08-08T15:53:10.166785+00:00,1786204390.167,66.63,0.00,0.0000,-0.76,0.000,0.0,188.7
2026-08-08T15:53:10.368239+00:00,1786204390.368,66.83,0.00,0.0000,-0.76,0.000,0.0,188.7
2026-08-08T15:53:10.568992+00:00,1786204390.569,67.03,0.00,0.0000,-0.76,0.000,0.0,188.7
2026-08-08T15:53:10.766252+00:00,1786204390.766,67.23,0.00,0.0000,-0.77,0.000,0.0,188.7
2026-08-08T15:53:10.972319+00:00,1786204390.972,67.44,0.00,0.0000,-0.77,0.000,0.0,188.7
2026-08-08T15:53:11.175182+00:00,1786204391.175,67.64,0.00,0.0000,-0.77,0.000,0.0,188.7
2026-08-08T15:53:11.376283+00:00,1786204391.376,67.84,0.00,0.0000,-0.77,0.000,0.0,188.7
2026-08-08T15:53:11.576980+00:00,1786204391.577,68.04,0.00,0.0000,-0.78,0.000,0.0,188.7
2026-08-08T15:53:11.773424+00:00,1786204391.773,68.24,0.00,0.0000,-0.78,0.000,0.0,188.7
2026-08-08T15:53:11.975943+00:00,1786204391.976,68.44,0.00,0.0000,-0.78,0.000,0.0,188.7
2026-08-08T15:53:12.177394+00:00,1786204392.177,68.64,0.00,0.0000,-0.78,0.000,0.0,188.7
2026-08-08T15:53:12.377898+00:00,1786204392.378,68.84,0.00,0.0000,-0.78,0.000,0.0,188.7
2026-08-08T15:53:12.578301+00:00,1786204392.578,69.04,0.00,0.0000,-0.78,0.000,0.0,188.7
2026-08-08T15:53:12.776169+00:00,1786204392.776,69.24,0.00,0.0000,-0.78,0.000,0.0,188.7
2026-08-08T15:53:12.977370+00:00,1786204392.977,69.44,0.00,0.0000,-0.78,0.000,0.0,188.7
2026-08-08T15:53:13.178476+00:00,1786204393.178,69.64,0.00,0.0000,-0.78,0.000,0.0,188.7
2026-08-08T15:53:13.379050+00:00,1786204393.379,69.84,0.00,0.0000,-0.78,0.000,0.0,188.7
2026-08-08T15:53:13.579344+00:00,1786204393.579,70.04,0.00,0.0000,-0.78,0.000,0.0,188.7
2026-08-08T15:53:13.776490+00:00,1786204393.776,70.24,0.00,0.0000,-0.78,0.000,0.0,188.7
2026-08-08T15:53:13.975838+00:00,1786204393.976,70.44,0.00,0.0000,-0.77,0.000,0.0,188.7
2026-08-08T15:53:14.181156+00:00,1786204394.181,70.65,0.00,0.0000,-0.77,0.000,0.0,188.7
2026-08-08T15:53:14.382657+00:00,1786204394.383,70.85,0.00,0.0000,-0.78,0.000,0.0,188.7
2026-08-08T15:53:14.582638+00:00,1786204394.583,71.05,0.00,0.0000,-0.78,0.000,0.0,188.7
2026-08-08T15:53:14.780787+00:00,1786204394.781,71.24,0.00,0.0000,-0.78,0.000,0.0,188.7
2026-08-08T15:53:14.984800+00:00,1786204394.985,71.45,0.00,0.0000,-0.78,0.000,0.0,188.7
2026-08-08T15:53:15.185653+00:00,1786204395.186,71.65,0.00,0.0000,-0.78,0.000,0.0,188.7
2026-08-08T15:53:15.386387+00:00,1786204395.386,71.85,0.00,0.0000,-0.78,0.000,0.0,188.7
2026-08-08T15:53:15.587055+00:00,1786204395.587,72.05,0.00,0.0000,-0.78,0.000,0.0,188.7
2026-08-08T15:53:15.787096+00:00,1786204395.787,72.25,0.00,0.0000,-0.78,0.000,0.0,188.7
2026-08-08T15:53:15.988384+00:00,1786204395.988,72.45,0.00,0.0000,-0.78,0.000,0.0,188.7
2026-08-08T15:53:16.189283+00:00,1786204396.189,72.65,0.00,0.0000,-0.78,0.000,0.0,188.7
2026-08-08T15:53:16.389774+00:00,1786204396.390,72.85,0.00,0.0000,-0.79,0.000,0.0,188.7
2026-08-08T15:53:16.589968+00:00,1786204396.590,73.05,0.00,0.0000,-0.79,0.000,0.0,188.7
2026-08-08T15:53:16.786448+00:00,1786204396.786,73.25,0.00,0.0000,-0.78,0.000,0.0,188.7
2026-08-08T15:53:16.987339+00:00,1786204396.987,73.45,0.00,0.0000,-0.78,0.000,0.0,188.7
2026-08-08T15:53:17.188363+00:00,1786204397.188,73.65,0.00,0.0000,-0.78,0.000,0.0,188.7
2026-08-08T15:53:17.389253+00:00,1786204397.389,73.85,0.00,0.0000,-0.78,0.000,0.0,188.7
2026-08-08T15:53:17.588202+00:00,1786204397.588,74.05,0.00,0.0000,-0.78,0.000,0.0,188.7
2026-08-08T15:53:17.788091+00:00,1786204397.788,74.25,0.00,0.0000,-0.78,0.000,0.0,188.7
2026-08-08T15:53:17.991181+00:00,1786204397.991,74.46,0.00,0.0000,-0.78,0.000,0.0,188.7
2026-08-08T15:53:18.196314+00:00,1786204398.196,74.66,0.00,0.0000,-0.77,0.000,0.0,188.7
2026-08-08T15:53:18.397126+00:00,1786204398.397,74.86,0.00,0.0000,-0.77,0.000,0.0,188.7
2026-08-08T15:53:18.598405+00:00,1786204398.598,75.06,0.00,0.0000,-0.77,0.000,0.0,188.7
2026-08-08T15:53:18.796139+00:00,1786204398.796,75.26,0.00,0.0000,-0.77,0.000,0.0,188.7
2026-08-08T15:53:18.998287+00:00,1786204398.998,75.46,0.00,0.0000,-0.77,0.000,0.0,188.7
2026-08-08T15:53:19.197153+00:00,1786204399.197,75.66,0.00,0.0000,-0.76,0.000,0.0,188.7
2026-08-08T15:53:19.397973+00:00,1786204399.398,75.86,0.00,0.0000,-0.76,0.000,0.0,188.7
2026-08-08T15:53:19.598329+00:00,1786204399.598,76.06,0.00,0.0000,-0.77,0.000,0.0,188.7
2026-08-08T15:53:19.796080+00:00,1786204399.796,76.26,0.00,0.0000,-0.77,0.000,0.0,188.7
2026-08-08T15:53:19.997884+00:00,1786204399.998,76.46,0.00,0.0000,-0.77,0.000,0.0,188.7
2026-08-08T15:53:20.199085+00:00,1786204400.199,76.66,0.00,0.0000,-0.77,0.000,0.0,188.7
2026-08-08T15:53:20.399586+00:00,1786204400.400,76.86,0.00,0.0000,-0.77,0.000,0.0,188.7
2026-08-08T15:53:20.599864+00:00,1786204400.600,77.06,0.00,0.0000,-0.77,0.000,0.0,188.7
2026-08-08T15:53:20.797088+00:00,1786204400.797,77.26,0.00,0.0000,-0.77,0.000,0.0,188.7
2026-08-08T15:53:20.998171+00:00,1786204400.998,77.46,0.00,0.0000,-0.77,0.000,0.0,188.7
2026-08-08T15:53:21.198504+00:00,1786204401.198,77.66,0.00,0.0000,-0.77,0.000,0.0,188.7
2026-08-08T15:53:21.399998+00:00,1786204401.400,77.86,0.00,0.0000,-0.77,0.000,0.0,188.7
2026-08-08T15:53:21.600744+00:00,1786204401.601,78.06,0.00,0.0000,-0.77,0.000,0.0,188.7
2026-08-08T15:53:21.799107+00:00,1786204401.799,78.26,0.00,0.0000,-0.77,0.000,0.0,188.7
2026-08-08T15:53:22.000059+00:00,1786204402.000,78.46,0.00,0.0000,-0.77,0.000,0.0,188.7
2026-08-08T15:53:22.200879+00:00,1786204402.201,78.66,0.00,0.0000,-0.77,0.000,0.0,188.7
2026-08-08T15:53:22.401153+00:00,1786204402.401,78.87,0.00,0.0000,-0.77,0.000,0.0,188.7
2026-08-08T15:53:22.601670+00:00,1786204402.602,79.07,0.00,0.0000,-0.77,0.000,0.0,188.7
2026-08-08T15:53:22.799392+00:00,1786204402.799,79.26,0.00,0.0000,-0.77,0.000,0.0,188.7
2026-08-08T15:53:23.000207+00:00,1786204403.000,79.46,0.00,0.0000,-0.77,0.000,0.0,188.7
2026-08-08T15:53:23.201842+00:00,1786204403.202,79.67,0.00,0.0000,-0.77,0.000,0.0,188.7
2026-08-08T15:53:23.402436+00:00,1786204403.402,79.87,0.00,0.0000,-0.77,0.000,0.0,188.7
2026-08-08T15:53:23.603141+00:00,1786204403.603,80.07,0.00,0.0000,-0.77,0.000,0.0,188.7
2026-08-08T15:53:23.800090+00:00,1786204403.800,80.26,0.00,0.0000,-0.77,0.000,0.0,188.7
2026-08-08T15:53:24.000812+00:00,1786204404.001,80.46,0.00,0.0000,-0.77,0.000,0.0,188.7
2026-08-08T15:53:24.201540+00:00,1786204404.202,80.67,0.00,0.0000,-0.78,0.000,0.0,188.7
2026-08-08T15:53:24.401217+00:00,1786204404.401,80.87,0.00,0.0000,-0.78,0.000,0.0,188.7
2026-08-08T15:53:24.602336+00:00,1786204404.602,81.07,0.00,0.0000,-0.78,0.000,0.0,188.7
2026-08-08T15:53:24.801789+00:00,1786204404.802,81.27,0.00,0.0000,-0.78,0.000,0.0,188.7
2026-08-08T15:53:25.002721+00:00,1786204405.003,81.47,0.00,0.0000,-0.79,0.000,0.0,188.7
2026-08-08T15:53:25.201965+00:00,1786204405.202,81.67,0.00,0.0000,-0.79,0.000,0.0,188.7
2026-08-08T15:53:25.402362+00:00,1786204405.402,81.87,0.00,0.0000,-0.79,0.000,0.0,188.7
2026-08-08T15:53:25.602023+00:00,1786204405.602,82.07,0.00,0.0000,-0.80,0.000,0.0,188.7
2026-08-08T15:53:25.800032+00:00,1786204405.800,82.26,0.00,0.0000,-0.80,0.000,0.0,188.7
2026-08-08T15:53:26.001871+00:00,1786204406.002,82.47,0.00,0.0000,-0.80,0.000,0.0,188.7
2026-08-08T15:53:26.202903+00:00,1786204406.203,82.67,0.00,0.0000,-0.80,0.000,0.0,188.7
2026-08-08T15:53:26.403210+00:00,1786204406.403,82.87,0.00,0.0000,-0.80,0.000,0.0,188.7
2026-08-08T15:53:26.604460+00:00,1786204406.604,83.07,0.00,0.0000,-0.80,0.000,0.0,188.7
2026-08-08T15:53:26.803035+00:00,1786204406.803,83.27,0.00,0.0000,-0.79,0.000,0.0,188.7
2026-08-08T15:53:27.003319+00:00,1786204407.003,83.47,0.00,0.0000,-0.79,0.000,0.0,188.7
2026-08-08T15:53:27.204433+00:00,1786204407.204,83.67,0.00,0.0000,-0.79,0.000,0.0,188.7
2026-08-08T15:53:27.405124+00:00,1786204407.405,83.87,0.00,0.0000,-0.78,0.000,0.0,188.7
2026-08-08T15:53:27.603818+00:00,1786204407.604,84.07,0.00,0.0000,-0.78,0.000,0.0,188.7
2026-08-08T15:53:27.801503+00:00,1786204407.801,84.27,0.00,0.0000,-0.77,0.000,0.0,188.7
2026-08-08T15:53:28.002449+00:00,1786204408.002,84.47,0.00,0.0000,-0.76,0.000,0.0,188.7
2026-08-08T15:53:28.204185+00:00,1786204408.204,84.67,0.00,0.0000,-0.76,0.000,0.0,188.7
2026-08-08T15:53:28.403132+00:00,1786204408.403,84.87,0.00,0.0000,-0.75,0.000,0.0,188.7
2026-08-08T15:53:28.604719+00:00,1786204408.605,85.07,0.00,0.0000,-0.75,0.000,0.0,188.7
2026-08-08T15:53:28.804304+00:00,1786204408.804,85.27,0.00,0.0000,-0.74,0.000,0.0,188.7
2026-08-08T15:53:29.005739+00:00,1786204409.006,85.47,0.00,0.0000,-0.74,0.000,0.0,188.7
2026-08-08T15:53:29.207067+00:00,1786204409.207,85.67,0.00,0.0000,-0.74,0.000,0.0,188.7
2026-08-08T15:53:29.407879+00:00,1786204409.408,85.87,0.00,0.0000,-0.74,0.000,0.0,188.7
2026-08-08T15:53:29.609197+00:00,1786204409.609,86.07,0.00,0.0000,-0.73,0.000,0.0,188.7
2026-08-08T15:53:29.806390+00:00,1786204409.806,86.27,0.00,0.0000,-0.73,0.000,0.0,188.7
2026-08-08T15:53:30.008028+00:00,1786204410.008,86.47,0.00,0.0000,-0.73,0.000,0.0,188.7
2026-08-08T15:53:30.208907+00:00,1786204410.209,86.67,0.00,0.0000,-0.73,0.000,0.0,188.7
2026-08-08T15:53:30.409304+00:00,1786204410.409,86.87,0.00,0.0000,-0.73,0.000,0.0,188.7
2026-08-08T15:53:30.610032+00:00,1786204410.610,87.07,0.00,0.0000,-0.73,0.000,0.0,188.7
2026-08-08T15:53:30.808397+00:00,1786204410.808,87.27,0.00,0.0000,-0.73,0.000,0.0,188.7
2026-08-08T15:53:31.009641+00:00,1786204411.010,87.47,0.00,0.0000,-0.74,0.000,0.0,188.7
2026-08-08T15:53:31.211421+00:00,1786204411.211,87.68,0.00,0.0000,-0.74,0.000,0.0,188.7
2026-08-08T15:53:31.411733+00:00,1786204411.412,87.88,0.00,0.0000,-0.74,0.000,0.0,188.7
2026-08-08T15:53:31.612376+00:00,1786204411.612,88.08,0.00,0.0000,-0.75,0.000,0.0,188.7
2026-08-08T15:53:31.809183+00:00,1786204411.809,88.27,0.00,0.0000,-0.75,0.000,0.0,188.7
2026-08-08T15:53:32.009220+00:00,1786204412.009,88.47,0.00,0.0000,-0.76,0.000,0.0,188.7
2026-08-08T15:53:32.210354+00:00,1786204412.210,88.67,0.00,0.0000,-0.77,0.000,0.0,188.7
2026-08-08T15:53:32.410462+00:00,1786204412.410,88.87,0.00,0.0000,-0.77,0.000,0.0,188.7
2026-08-08T15:53:32.608837+00:00,1786204412.609,89.07,0.00,0.0000,-0.78,0.000,0.0,188.7
2026-08-08T15:53:32.814345+00:00,1786204412.814,89.28,0.00,0.0000,-0.79,0.000,0.0,188.7
2026-08-08T15:53:33.019386+00:00,1786204413.019,89.48,0.00,0.0000,-0.80,0.000,0.0,188.7
2026-08-08T15:53:33.220345+00:00,1786204413.220,89.68,0.00,0.0000,-0.81,0.000,0.0,188.7
2026-08-08T15:53:33.419759+00:00,1786204413.420,89.88,0.00,0.0000,-0.82,0.000,0.0,188.7
2026-08-08T15:53:33.619942+00:00,1786204413.620,90.08,0.00,0.0000,-0.83,0.000,0.0,188.7
2026-08-08T15:53:33.816240+00:00,1786204413.816,90.28,0.00,0.0000,-0.84,0.000,0.0,188.7
2026-08-08T15:53:34.014642+00:00,1786204414.015,90.48,0.00,0.0000,-0.84,0.000,0.0,188.7
2026-08-08T15:53:34.215790+00:00,1786204414.216,90.68,0.00,0.0000,-0.83,0.000,0.0,188.7
2026-08-08T15:53:34.415143+00:00,1786204414.415,90.88,0.00,0.0000,-0.81,0.000,0.0,188.7
2026-08-08T15:53:34.614313+00:00,1786204414.614,91.08,0.00,0.0000,-0.78,0.000,0.0,188.7
2026-08-08T15:53:34.810972+00:00,1786204414.811,91.27,0.00,0.0000,-0.75,0.000,0.0,188.7
2026-08-08T15:53:35.159862+00:00,1786204415.160,91.62,0.00,0.0000,-0.66,0.000,0.0,188.7
2026-08-08T15:53:35.359998+00:00,1786204415.360,91.82,0.00,0.0000,-0.63,0.000,0.0,188.7
2026-08-08T15:53:35.558366+00:00,1786204415.558,92.02,0.00,0.0000,-0.60,0.000,0.0,188.7
2026-08-08T15:53:35.756272+00:00,1786204415.756,92.22,0.00,0.0000,-0.56,0.000,0.0,188.7
2026-08-08T15:53:35.959369+00:00,1786204415.959,92.42,0.00,0.0000,-0.53,0.000,0.0,188.7
2026-08-08T15:53:36.156698+00:00,1786204416.157,92.62,0.00,0.0000,-0.50,0.000,0.0,188.7
2026-08-08T15:53:36.355142+00:00,1786204416.355,92.82,0.00,0.0000,-0.47,0.000,0.0,188.7
2026-08-08T15:53:36.557300+00:00,1786204416.557,93.02,0.00,0.0000,-0.43,0.000,0.0,188.7
2026-08-08T15:53:36.942364+00:00,1786204416.942,93.41,0.00,0.0000,-0.37,0.000,0.0,188.7
2026-08-08T15:53:37.142215+00:00,1786204417.142,93.61,0.00,0.0000,-0.34,0.000,0.0,188.7
2026-08-08T15:53:37.342002+00:00,1786204417.342,93.81,0.00,0.0000,-0.30,0.000,0.0,188.7
2026-08-08T15:53:37.541013+00:00,1786204417.541,94.01,0.00,0.0000,-0.27,0.000,0.0,188.7
2026-08-08T15:53:37.917540+00:00,1786204417.917,94.38,0.00,0.0000,-0.24,0.000,0.0,188.7
2026-08-08T15:53:38.128488+00:00,1786204418.128,94.59,0.00,0.0000,-0.18,0.000,0.0,188.7
2026-08-08T15:53:38.325135+00:00,1786204418.325,94.79,0.00,0.0000,-0.15,0.000,0.0,188.7
2026-08-08T15:53:38.524133+00:00,1786204418.524,94.99,0.00,0.0000,-0.13,0.000,0.0,188.7
2026-08-08T15:53:38.899430+00:00,1786204418.899,95.36,0.00,0.0000,-0.10,0.000,0.0,188.7
2026-08-08T15:53:39.112061+00:00,1786204419.112,95.58,0.00,0.0000,-0.07,0.000,0.0,188.7
2026-08-08T15:53:39.310317+00:00,1786204419.310,95.77,0.00,0.0000,-0.06,0.000,0.0,188.7
2026-08-08T15:53:39.508095+00:00,1786204419.508,95.97,0.00,0.0000,-0.06,0.000,0.0,188.7
2026-08-08T15:53:39.706191+00:00,1786204419.706,96.17,0.00,0.0000,-0.06,0.000,0.0,188.7
2026-08-08T15:53:39.908217+00:00,1786204419.908,96.37,0.00,0.0000,-0.06,0.000,0.0,188.7
2026-08-08T15:53:40.112670+00:00,1786204420.113,96.58,0.00,0.0000,-0.06,0.000,0.0,188.7
2026-08-08T15:53:40.315335+00:00,1786204420.315,96.78,0.00,0.0000,-0.06,0.000,0.0,188.7
2026-08-08T15:53:40.515868+00:00,1786204420.516,96.98,0.00,0.0022,-0.06,0.000,0.0,188.7
2026-08-08T15:53:40.716849+00:00,1786204420.717,97.18,0.00,0.0022,-0.06,0.000,0.0,188.7
2026-08-08T15:53:40.916541+00:00,1786204420.917,97.38,0.00,0.0022,-0.06,0.000,0.0,188.7
2026-08-08T15:53:41.118826+00:00,1786204421.119,97.58,0.00,0.0022,-0.06,0.000,0.0,188.7
2026-08-08T15:53:41.320766+00:00,1786204421.321,97.78,0.00,0.0022,-0.06,0.000,0.0,188.7
2026-08-08T15:53:41.521671+00:00,1786204421.522,97.99,0.00,0.0022,-0.06,0.000,0.0,188.7
2026-08-08T15:53:41.730342+00:00,1786204421.730,98.19,0.00,0.0022,-0.06,0.000,0.0,188.7
2026-08-08T15:53:41.932700+00:00,1786204421.933,98.40,0.00,0.0022,-0.06,0.000,0.0,188.7
2026-08-08T15:53:42.138469+00:00,1786204422.138,98.60,4.71,0.0044,-0.06,0.647,3.7,188.7
2026-08-08T15:53:42.339492+00:00,1786204422.339,98.80,4.71,0.0044,-0.06,0.647,7.4,188.7
2026-08-08T15:53:42.542137+00:00,1786204422.542,99.01,4.71,0.0044,-0.06,0.647,11.1,188.7
2026-08-08T15:53:42.738391+00:00,1786204422.738,99.20,4.71,0.0044,-0.06,0.648,14.8,188.7
2026-08-08T15:53:42.938789+00:00,1786204422.939,99.40,4.71,0.0044,-0.06,0.648,18.6,188.7
2026-08-08T15:53:43.135999+00:00,1786204423.136,99.60,4.71,0.0044,-0.06,0.650,22.3,188.7
2026-08-08T15:53:43.332634+00:00,1786204423.333,99.80,4.71,0.0044,-0.06,0.652,26.0,188.7
2026-08-08T15:53:43.539524+00:00,1786204423.539,100.00,5.60,0.0066,-0.06,0.773,31.2,188.7
2026-08-08T15:53:43.731087+00:00,1786204423.731,100.20,5.60,0.0066,-0.06,0.778,36.5,188.7
2026-08-08T15:53:43.936279+00:00,1786204423.936,100.40,5.60,0.0066,-0.06,0.777,41.8,188.7
2026-08-08T15:53:44.284877+00:00,1786204424.285,100.75,6.23,0.0088,-0.06,0.196,43.4,188.7
2026-08-08T15:53:44.490105+00:00,1786204424.490,100.95,6.23,0.0088,-0.06,0.196,45.1,188.7
2026-08-08T15:53:44.690980+00:00,1786204424.691,101.15,6.23,0.0088,-0.06,0.196,46.8,188.7
2026-08-08T15:53:44.893238+00:00,1786204424.893,101.36,6.23,0.0088,-0.06,0.196,48.5,188.7
2026-08-08T15:53:45.091398+00:00,1786204425.091,101.56,6.23,0.0088,-0.06,0.196,50.2,188.7
2026-08-08T15:53:45.293148+00:00,1786204425.293,101.76,6.87,0.0110,-0.06,0.277,52.7,188.7
2026-08-08T15:53:45.501269+00:00,1786204425.501,101.97,6.87,0.0110,-0.06,0.276,55.2,188.7
2026-08-08T15:53:45.706007+00:00,1786204425.706,102.17,6.87,0.0110,-0.06,0.163,56.8,188.7
2026-08-08T15:53:46.086848+00:00,1786204426.087,102.55,8.47,0.0132,-0.06,0.339,60.5,188.7
2026-08-08T15:53:46.293668+00:00,1786204426.293,102.76,8.47,0.0132,-0.06,0.338,64.3,188.7
2026-08-08T15:53:46.492399+00:00,1786204426.492,102.96,9.95,0.0154,-0.06,0.468,66.5,188.7
2026-08-08T15:53:46.706580+00:00,1786204426.707,103.17,9.95,0.0154,-0.06,0.467,68.7,188.7
2026-08-08T15:53:46.911045+00:00,1786204426.911,103.38,9.95,0.0154,-0.06,0.466,71.0,188.7
2026-08-08T15:53:47.292065+00:00,1786204427.292,103.76,11.30,0.0176,-0.06,0.587,75.6,188.7
2026-08-08T15:53:47.500515+00:00,1786204427.500,103.96,11.30,0.0176,-0.06,0.585,80.3,188.7
2026-08-08T15:53:47.706687+00:00,1786204427.707,104.17,12.17,0.0198,-0.06,0.611,86.0,188.7
2026-08-08T15:53:47.904168+00:00,1786204427.904,104.37,12.17,0.0198,-0.06,0.613,91.7,188.7
2026-08-08T15:53:48.111664+00:00,1786204428.112,104.58,12.17,0.0198,-0.06,0.613,96.0,188.7
2026-08-08T15:53:48.490935+00:00,1786204428.491,104.95,13.17,0.0220,-0.06,0.543,99.9,188.7
2026-08-08T15:53:48.695776+00:00,1786204428.696,105.16,13.17,0.0220,-0.06,0.544,104.0,188.7
2026-08-08T15:53:48.896926+00:00,1786204428.897,105.36,12.16,0.0242,-0.06,0.254,106.7,188.7
2026-08-08T15:53:49.102661+00:00,1786204429.103,105.57,12.16,0.0242,-0.06,0.255,109.4,188.7
2026-08-08T15:53:49.299901+00:00,1786204429.300,105.76,12.16,0.0242,-0.06,0.256,112.2,188.7
2026-08-08T15:53:49.496207+00:00,1786204429.496,105.96,12.16,0.0242,-0.06,0.108,112.9,188.7
2026-08-08T15:53:49.699924+00:00,1786204429.700,106.16,12.16,0.0242,-0.06,0.108,113.5,188.7
2026-08-08T15:53:49.898044+00:00,1786204429.898,106.36,12.16,0.0242,-0.06,0.000,111.9,188.7
2026-08-08T15:53:50.100511+00:00,1786204430.100,106.56,11.31,0.0264,-0.06,-0.109,108.7,188.7
2026-08-08T15:53:50.304778+00:00,1786204430.305,106.77,11.31,0.0264,-0.06,-0.109,106.4,188.7
2026-08-08T15:53:50.512338+00:00,1786204430.512,106.98,11.31,0.0264,-0.06,-0.256,100.0,188.7
2026-08-08T15:53:50.896665+00:00,1786204430.897,107.36,11.30,0.0286,-0.06,-0.237,93.9,188.7
2026-08-08T15:53:51.103856+00:00,1786204431.104,107.57,11.30,0.0286,-0.06,-0.108,87.3,188.7
2026-08-08T15:53:51.302917+00:00,1786204431.303,107.77,10.58,0.0308,-0.06,-0.199,79.6,188.7
2026-08-08T15:53:51.505108+00:00,1786204431.505,107.97,10.58,0.0308,-0.06,-0.198,71.8,188.7
2026-08-08T15:53:51.708005+00:00,1786204431.708,108.17,10.58,0.0308,-0.06,-0.198,61.7,188.7
2026-08-08T15:53:51.910657+00:00,1786204431.911,108.37,10.51,0.0330,-0.06,-0.207,51.5,188.7
2026-08-08T15:53:52.117002+00:00,1786204432.117,108.58,10.51,0.0330,-0.06,-0.207,40.1,188.7
2026-08-08T15:53:52.312995+00:00,1786204432.313,108.78,10.51,0.0330,-0.06,-0.101,30.1,188.7
2026-08-08T15:53:52.515480+00:00,1786204432.515,108.98,10.51,0.0330,-0.06,-0.101,20.0,188.7
2026-08-08T15:53:52.716089+00:00,1786204432.716,109.18,10.51,0.0330,-0.06,-0.101,10.2,188.7
2026-08-08T15:53:52.914861+00:00,1786204432.915,109.38,10.51,0.0330,-0.06,-0.109,0.0,188.7
2026-08-08T15:53:53.119131+00:00,1786204433.119,109.58,10.49,0.0352,-0.06,-0.111,0.0,188.7
2026-08-08T15:53:53.324739+00:00,1786204433.325,109.79,10.49,0.0352,-0.06,0.000,0.0,188.7
2026-08-08T15:53:53.520490+00:00,1786204433.520,109.98,10.49,0.0352,-0.06,0.000,0.0,188.7
2026-08-08T15:53:53.722082+00:00,1786204433.722,110.19,10.43,0.0374,-0.06,0.000,0.0,188.7
2026-08-08T15:53:53.923553+00:00,1786204433.924,110.39,10.43,0.0374,-0.06,0.000,0.0,188.7
2026-08-08T15:53:54.127686+00:00,1786204434.128,110.59,10.65,0.0396,-0.06,0.000,0.0,188.7
2026-08-08T15:53:54.331662+00:00,1786204434.332,110.80,10.65,0.0396,-0.06,0.000,0.0,188.7
2026-08-08T15:53:54.533906+00:00,1786204434.534,111.00,10.65,0.0396,-0.06,0.000,0.0,188.7
2026-08-08T15:53:54.733557+00:00,1786204434.734,111.20,10.65,0.0396,-0.06,0.000,0.0,188.7
2026-08-08T15:53:54.935955+00:00,1786204434.936,111.40,10.65,0.0396,-0.06,0.000,0.0,188.7
2026-08-08T15:53:55.137700+00:00,1786204435.138,111.60,11.08,0.0418,-0.06,0.080,0.0,188.7
2026-08-08T15:53:55.337299+00:00,1786204435.337,111.80,11.08,0.0418,-0.06,0.081,0.0,188.7
2026-08-08T15:53:55.541797+00:00,1786204435.542,112.01,11.08,0.0418,-0.06,0.080,2.3,188.7
2026-08-08T15:53:55.737334+00:00,1786204435.737,112.20,11.76,0.0440,-0.06,0.183,7.3,188.7
2026-08-08T15:53:55.937096+00:00,1786204435.937,112.40,11.76,0.0440,-0.06,0.183,12.5,188.7
2026-08-08T15:53:56.135423+00:00,1786204436.135,112.60,11.79,0.0462,-0.06,0.158,17.3,188.7
2026-08-08T15:53:56.342321+00:00,1786204436.342,112.81,11.79,0.0462,-0.06,0.158,20.8,188.7
2026-08-08T15:53:56.538692+00:00,1786204436.539,113.00,11.79,0.0462,-0.06,0.158,24.4,188.7
2026-08-08T15:53:56.735584+00:00,1786204436.736,113.20,12.57,0.0484,-0.06,0.267,29.7,188.7
2026-08-08T15:53:56.936255+00:00,1786204436.936,113.40,12.57,0.0484,-0.06,0.267,35.2,188.7
2026-08-08T15:53:57.132640+00:00,1786204437.133,113.60,13.44,0.0506,-0.06,0.329,42.0,188.7
2026-08-08T15:53:57.341755+00:00,1786204437.342,113.81,13.44,0.0506,-0.06,0.328,47.5,188.7
2026-08-08T15:53:57.545694+00:00,1786204437.546,114.01,13.44,0.0506,-0.06,0.327,53.0,188.7
2026-08-08T15:53:57.800221+00:00,1786204437.800,114.26,14.19,0.0528,-0.06,0.328,58.9,188.7
2026-08-08T15:53:58.005640+00:00,1786204438.006,114.47,14.19,0.0528,-0.06,0.327,64.8,188.7
2026-08-08T15:53:58.202640+00:00,1786204438.203,114.67,14.51,0.0550,-0.06,0.366,71.5,188.7
2026-08-08T15:53:58.409969+00:00,1786204438.410,114.87,14.51,0.0550,-0.06,0.366,78.2,188.7
2026-08-08T15:53:58.605137+00:00,1786204438.605,115.07,14.51,0.0550,-0.06,0.366,84.9,188.7
2026-08-08T15:53:58.805656+00:00,1786204438.806,115.27,15.63,0.0572,-0.06,0.411,93.1,188.7
2026-08-08T15:53:59.012688+00:00,1786204439.013,115.48,15.63,0.0572,-0.06,0.410,101.3,188.7
2026-08-08T15:53:59.207141+00:00,1786204439.207,115.67,15.63,0.0572,-0.06,0.294,106.4,188.7
2026-08-08T15:53:59.407331+00:00,1786204439.407,115.87,15.22,0.0594,-0.06,0.240,110.2,188.7
2026-08-08T15:53:59.612842+00:00,1786204439.613,116.08,15.22,0.0594,-0.06,0.240,114.0,188.7
2026-08-08T15:53:59.821090+00:00,1786204439.821,116.28,15.22,0.0594,-0.06,0.141,114.6,188.7
2026-08-08T15:54:00.198967+00:00,1786204440.199,116.66,17.56,0.0638,-0.06,0.427,121.9,188.7
2026-08-08T15:54:00.405735+00:00,1786204440.406,116.87,17.56,0.0638,-0.06,0.385,128.6,188.7
2026-08-08T15:54:00.607917+00:00,1786204440.608,117.07,15.93,0.0660,-0.06,0.180,130.5,188.7
2026-08-08T15:54:00.815126+00:00,1786204440.815,117.28,15.93,0.0660,-0.06,0.179,132.3,188.7
2026-08-08T15:54:01.021939+00:00,1786204441.022,117.49,15.93,0.0660,-0.06,0.000,129.1,188.7
2026-08-08T15:54:01.403092+00:00,1786204441.403,117.87,17.59,0.0682,-0.06,0.227,130.8,188.7
2026-08-08T15:54:01.607919+00:00,1786204441.608,118.07,17.59,0.0682,-0.06,0.226,131.1,188.7
2026-08-08T15:54:01.808007+00:00,1786204441.808,118.27,17.58,0.0726,-0.06,0.273,132.4,188.7
2026-08-08T15:54:02.013336+00:00,1786204442.013,118.48,17.58,0.0726,-0.06,0.273,133.7,188.7
2026-08-08T15:54:02.208034+00:00,1786204442.208,118.67,17.58,0.0726,-0.06,0.274,134.7,188.7
2026-08-08T15:54:02.409067+00:00,1786204442.409,118.87,19.61,0.0748,-0.06,0.257,136.4,188.7
2026-08-08T15:54:02.615232+00:00,1786204442.615,119.08,19.61,0.0748,-0.06,0.257,137.3,188.7
2026-08-08T15:54:02.822979+00:00,1786204442.823,119.29,19.61,0.0748,-0.06,0.462,142.9,188.7
2026-08-08T15:54:03.206072+00:00,1786204443.206,119.67,17.58,0.0770,-0.06,0.191,141.3,188.7
2026-08-08T15:54:03.410982+00:00,1786204443.411,119.87,17.58,0.0770,-0.06,0.191,138.2,188.7
2026-08-08T15:54:03.609910+00:00,1786204443.610,120.07,17.58,0.0814,-0.06,0.000,131.3,188.7
2026-08-08T15:54:03.813517+00:00,1786204443.813,120.28,17.58,0.0814,-0.06,0.000,126.4,188.7
2026-08-08T15:54:04.009800+00:00,1786204444.010,120.47,17.58,0.0814,-0.06,0.000,122.7,188.7
2026-08-08T15:54:04.209906+00:00,1786204444.210,120.67,17.68,0.0836,-0.06,0.000,119.1,188.7
2026-08-08T15:54:04.414351+00:00,1786204444.414,120.88,17.68,0.0836,-0.06,0.000,117.1,188.7
2026-08-08T15:54:04.611024+00:00,1786204444.611,121.08,17.68,0.0836,-0.06,-0.243,103.6,188.7
2026-08-08T15:54:04.812665+00:00,1786204444.813,121.28,19.78,0.0880,-0.06,0.000,96.4,188.7
2026-08-08T15:54:05.021159+00:00,1786204445.021,121.49,19.78,0.0880,-0.06,0.000,94.1,188.7
2026-08-08T15:54:05.225233+00:00,1786204445.225,121.69,19.78,0.0880,-0.06,0.304,98.7,188.7
2026-08-08T15:54:05.608456+00:00,1786204445.608,122.07,19.75,0.0902,-0.06,0.275,106.0,188.7
2026-08-08T15:54:05.812755+00:00,1786204445.813,122.28,19.75,0.0902,-0.06,0.273,108.2,188.7
2026-08-08T15:54:06.012922+00:00,1786204446.013,122.48,19.85,0.0946,-0.06,0.286,110.8,188.7
2026-08-08T15:54:06.217335+00:00,1786204446.217,122.68,19.85,0.0946,-0.06,0.285,112.5,188.7
2026-08-08T15:54:06.411805+00:00,1786204446.412,122.88,19.85,0.0946,-0.06,0.273,113.9,188.7
2026-08-08T15:54:06.614944+00:00,1786204446.615,123.08,19.76,0.0968,-0.06,0.262,114.9,188.7
2026-08-08T15:54:06.823062+00:00,1786204446.823,123.29,19.76,0.0968,-0.06,0.261,115.1,188.7
2026-08-08T15:54:07.028618+00:00,1786204447.029,123.49,19.76,0.0968,-0.06,0.000,109.3,188.7
2026-08-08T15:54:07.407169+00:00,1786204447.407,123.87,19.76,0.1012,-0.06,0.000,98.9,188.7
2026-08-08T15:54:07.609748+00:00,1786204447.610,124.07,19.76,0.1012,-0.06,0.000,95.6,188.7
2026-08-08T15:54:07.811300+00:00,1786204447.811,124.28,19.82,0.1034,-0.06,0.000,92.4,188.7
2026-08-08T15:54:08.015689+00:00,1786204448.016,124.48,19.82,0.1034,-0.06,0.000,93.0,188.7
2026-08-08T15:54:08.212606+00:00,1786204448.213,124.68,19.82,0.1034,-0.06,0.000,93.6,188.7
2026-08-08T15:54:08.411100+00:00,1786204448.411,124.88,19.88,0.1078,-0.06,0.000,94.3,188.7
2026-08-08T15:54:08.618992+00:00,1786204448.619,125.08,19.88,0.1078,-0.06,0.000,94.9,188.7
2026-08-08T15:54:08.825695+00:00,1786204448.826,125.29,19.88,0.1078,-0.06,0.000,95.5,188.7
2026-08-08T15:54:09.207392+00:00,1786204449.207,125.67,19.78,0.1100,-0.06,0.000,101.1,188.7
2026-08-08T15:54:09.410007+00:00,1786204449.410,125.87,19.78,0.1100,-0.06,0.000,101.1,188.7
2026-08-08T15:54:09.610779+00:00,1786204449.611,126.07,19.81,0.1144,-0.06,0.000,101.1,188.7
2026-08-08T15:54:09.815699+00:00,1786204449.816,126.28,19.81,0.1144,-0.06,0.000,94.2,188.7
2026-08-08T15:54:10.016880+00:00,1786204450.017,126.48,19.81,0.1144,-0.06,0.000,87.9,188.7
2026-08-08T15:54:10.215950+00:00,1786204450.216,126.68,19.75,0.1166,-0.06,0.000,81.7,188.7
2026-08-08T15:54:10.421549+00:00,1786204450.422,126.89,19.75,0.1166,-0.06,0.000,75.1,188.7
2026-08-08T15:54:10.617983+00:00,1786204450.618,127.08,19.75,0.1166,-0.06,0.000,68.5,188.7
2026-08-08T15:54:10.820839+00:00,1786204450.821,127.28,19.70,0.1210,-0.06,0.000,62.2,188.7
2026-08-08T15:54:11.018238+00:00,1786204451.018,127.48,19.70,0.1210,-0.06,0.000,56.2,188.7
2026-08-08T15:54:11.215068+00:00,1786204451.215,127.68,19.70,0.1210,-0.06,0.000,50.2,188.7
2026-08-08T15:54:11.415251+00:00,1786204451.415,127.88,19.75,0.1232,-0.06,0.000,50.2,188.7
2026-08-08T15:54:11.616984+00:00,1786204451.617,128.08,19.75,0.1232,-0.06,0.000,50.2,188.7
2026-08-08T15:54:11.812348+00:00,1786204451.812,128.28,19.75,0.1232,-0.06,0.000,50.2,188.7
2026-08-08T15:54:12.013957+00:00,1786204452.014,128.48,22.62,0.1275,-0.06,0.391,61.4,188.7
2026-08-08T15:54:12.222910+00:00,1786204452.223,128.69,22.62,0.1275,-0.06,0.397,72.8,188.7
2026-08-08T15:54:12.419745+00:00,1786204452.420,128.88,22.62,0.1275,-0.06,0.399,84.2,188.7
2026-08-08T15:54:12.616908+00:00,1786204452.617,129.08,22.60,0.1319,-0.06,0.396,95.5,188.7
2026-08-08T15:54:12.820806+00:00,1786204452.821,129.28,22.60,0.1319,-0.06,0.403,106.9,188.7
2026-08-08T15:54:13.018189+00:00,1786204453.018,129.48,22.60,0.1319,-0.06,0.403,118.4,188.7
2026-08-08T15:54:13.218091+00:00,1786204453.218,129.68,19.98,0.1341,-0.06,0.000,118.5,188.7
2026-08-08T15:54:13.422817+00:00,1786204453.423,129.89,19.98,0.1341,-0.06,0.000,118.5,188.7
2026-08-08T15:54:13.630528+00:00,1786204453.630,130.09,19.98,0.1341,-0.06,0.000,118.6,188.7
2026-08-08T15:54:14.015024+00:00,1786204454.015,130.48,19.77,0.1385,-0.06,0.000,118.6,188.7
2026-08-08T15:54:14.215103+00:00,1786204454.215,130.68,19.77,0.1385,-0.06,-0.360,110.4,188.7
2026-08-08T15:54:14.421154+00:00,1786204454.421,130.89,22.63,0.1429,-0.06,0.000,111.4,188.7
2026-08-08T15:54:14.637919+00:00,1786204454.638,131.10,22.63,0.1429,-0.06,0.000,112.4,188.7
2026-08-08T15:54:14.838040+00:00,1786204454.838,131.30,22.63,0.1429,-0.06,0.000,113.4,188.7
2026-08-08T15:54:15.222547+00:00,1786204455.223,131.69,22.54,0.1473,-0.06,0.000,114.4,188.7
2026-08-08T15:54:15.426355+00:00,1786204455.426,131.89,22.54,0.1473,-0.06,0.000,115.4,188.7
2026-08-08T15:54:15.621228+00:00,1786204455.621,132.09,22.54,0.1473,-0.06,0.296,124.1,188.7
2026-08-08T15:54:15.824121+00:00,1786204455.824,132.29,22.56,0.1517,-0.06,0.298,132.9,188.7
2026-08-08T15:54:16.023100+00:00,1786204456.023,132.49,22.56,0.1517,-0.06,0.299,141.6,188.7
2026-08-08T15:54:16.222295+00:00,1786204456.222,132.69,22.56,0.1517,-0.06,0.352,151.8,188.7
2026-08-08T15:54:16.425692+00:00,1786204456.426,132.89,22.85,0.1539,-0.06,0.387,151.9,188.7
2026-08-08T15:54:16.629264+00:00,1786204456.629,133.09,22.85,0.1539,-0.06,0.000,141.6,188.7
2026-08-08T15:54:16.824266+00:00,1786204456.824,133.29,22.85,0.1539,-0.06,0.000,131.3,188.7
2026-08-08T15:54:17.022351+00:00,1786204457.022,133.49,22.72,0.1583,-0.06,0.000,121.0,188.7
2026-08-08T15:54:17.225685+00:00,1786204457.226,133.69,22.72,0.1583,-0.06,0.000,110.6,188.7
2026-08-08T15:54:17.420110+00:00,1786204457.420,133.88,22.72,0.1583,-0.06,0.000,100.1,188.7
2026-08-08T15:54:17.620162+00:00,1786204457.620,134.08,22.65,0.1627,-0.06,0.000,101.0,188.7
2026-08-08T15:54:17.824843+00:00,1786204457.825,134.29,22.65,0.1627,-0.06,0.000,102.0,188.7
2026-08-08T15:54:18.020549+00:00,1786204458.021,134.48,22.65,0.1627,-0.06,0.000,102.9,188.7
2026-08-08T15:54:18.220950+00:00,1786204458.221,134.68,22.78,0.1649,-0.06,0.000,104.0,188.7
2026-08-08T15:54:18.425083+00:00,1786204458.425,134.89,22.78,0.1649,-0.06,0.000,113.3,188.7
2026-08-08T15:54:18.620782+00:00,1786204458.621,135.08,22.78,0.1649,-0.06,0.000,113.4,188.7
2026-08-08T15:54:18.820808+00:00,1786204458.821,135.28,19.89,0.1693,-0.06,-0.411,102.9,188.7
2026-08-08T15:54:19.030734+00:00,1786204459.031,135.49,19.89,0.1693,-0.06,-0.391,93.0,188.7
2026-08-08T15:54:19.230287+00:00,1786204459.230,135.69,19.89,0.1693,-0.06,-0.392,83.0,188.7
2026-08-08T15:54:19.622323+00:00,1786204459.622,136.09,19.75,0.1715,-0.06,-0.374,73.5,188.7
2026-08-08T15:54:19.827641+00:00,1786204459.828,136.29,19.75,0.1715,-0.06,-0.364,56.5,188.7
2026-08-08T15:54:20.031308+00:00,1786204460.031,136.50,19.70,0.1759,-0.06,-0.371,39.3,188.7
2026-08-08T15:54:20.230857+00:00,1786204460.231,136.69,19.70,0.1759,-0.06,-0.371,22.1,188.7
2026-08-08T15:54:20.437853+00:00,1786204460.438,136.90,19.70,0.1759,-0.06,-0.386,3.1,188.7
2026-08-08T15:54:20.820660+00:00,1786204460.821,137.28,19.77,0.1781,-0.06,-0.349,0.0,188.7
2026-08-08T15:54:21.023024+00:00,1786204461.023,137.49,19.77,0.1781,-0.06,-0.348,0.0,188.7
2026-08-08T15:54:21.220913+00:00,1786204461.221,137.68,22.23,0.1825,-0.06,0.271,0.0,188.7
2026-08-08T15:54:21.416980+00:00,1786204461.417,137.88,22.23,0.1825,-0.06,0.272,0.0,188.7
2026-08-08T15:54:21.619660+00:00,1786204461.620,138.08,22.62,0.1847,-0.06,0.318,0.0,188.7
2026-08-08T15:54:21.816708+00:00,1786204461.817,138.28,22.62,0.1847,-0.06,0.363,6.0,188.7
2026-08-08T15:54:22.018590+00:00,1786204462.019,138.48,22.62,0.1847,-0.06,0.364,15.5,188.7
2026-08-08T15:54:22.226148+00:00,1786204462.226,138.69,23.07,0.1869,-0.06,0.427,27.1,188.7
2026-08-08T15:54:22.427385+00:00,1786204462.427,138.89,23.07,0.1869,-0.06,0.427,38.6,188.7
2026-08-08T15:54:22.625551+00:00,1786204462.625,139.09,20.08,0.1913,-0.06,0.000,37.7,188.7
2026-08-08T15:54:22.833938+00:00,1786204462.834,139.30,20.08,0.1913,-0.06,0.000,36.7,188.7
2026-08-08T15:54:23.040533+00:00,1786204463.040,139.50,20.08,0.1913,-0.06,0.000,35.7,188.7
2026-08-08T15:54:23.424570+00:00,1786204463.425,139.89,19.80,0.1935,-0.06,-0.307,38.1,188.7
2026-08-08T15:54:23.629049+00:00,1786204463.629,140.09,19.80,0.1935,-0.06,-0.306,40.1,188.7
2026-08-08T15:54:23.826477+00:00,1786204463.826,140.29,22.54,0.1979,-0.06,0.000,50.0,188.7
2026-08-08T15:54:24.034890+00:00,1786204464.035,140.50,22.54,0.1979,-0.06,0.000,59.5,188.7
2026-08-08T15:54:24.240728+00:00,1786204464.241,140.70,22.54,0.1979,-0.06,0.000,68.8,188.7
2026-08-08T15:54:24.624304+00:00,1786204464.624,141.09,22.61,0.2023,-0.06,-0.053,76.9,188.7
2026-08-08T15:54:24.832383+00:00,1786204464.832,141.30,22.61,0.2023,-0.06,-0.053,85.0,188.7
2026-08-08T15:54:25.032778+00:00,1786204465.033,141.50,22.72,0.2045,-0.06,0.304,102.8,188.7
2026-08-08T15:54:25.234129+00:00,1786204465.234,141.70,22.72,0.2045,-0.06,0.305,119.9,188.7
2026-08-08T15:54:25.432750+00:00,1786204465.433,141.90,22.72,0.2045,-0.06,0.306,136.9,188.7
2026-08-08T15:54:25.629934+00:00,1786204465.630,142.09,22.61,0.2089,-0.06,0.354,139.3,188.7
2026-08-08T15:54:25.839802+00:00,1786204465.840,142.30,22.61,0.2089,-0.06,0.353,141.7,188.7
2026-08-08T15:54:26.049301+00:00,1786204466.049,142.51,22.61,0.2089,-0.06,0.000,133.4,188.7
2026-08-08T15:54:26.430568+00:00,1786204466.431,142.89,22.56,0.2133,-0.06,0.000,123.9,188.7
2026-08-08T15:54:26.632192+00:00,1786204466.632,143.10,22.56,0.2133,-0.06,0.000,114.3,188.7
2026-08-08T15:54:26.830750+00:00,1786204466.831,143.29,22.61,0.2177,-0.06,0.000,102.8,188.7
2026-08-08T15:54:27.034814+00:00,1786204467.035,143.50,22.61,0.2177,-0.06,0.000,91.2,188.7
2026-08-08T15:54:27.231426+00:00,1786204467.231,143.70,22.61,0.2177,-0.06,0.000,92.1,188.7
2026-08-08T15:54:27.431686+00:00,1786204467.432,143.90,22.59,0.2199,-0.06,0.000,93.0,188.7
2026-08-08T15:54:27.636085+00:00,1786204467.636,144.10,22.59,0.2199,-0.06,0.000,93.9,188.7
2026-08-08T15:54:27.843412+00:00,1786204467.843,144.31,22.59,0.2199,-0.06,0.000,101.9,188.7
2026-08-08T15:54:28.038455+00:00,1786204468.038,144.50,26.21,0.2243,-0.06,0.455,125.3,188.7
2026-08-08T15:54:28.237614+00:00,1786204468.238,144.70,26.21,0.2243,-0.06,0.456,140.8,188.7
2026-08-08T15:54:28.435739+00:00,1786204468.436,144.90,26.21,0.2243,-0.06,0.504,157.7,188.7
2026-08-08T15:54:28.636993+00:00,1786204468.637,145.10,22.60,0.2287,-0.06,0.000,157.8,188.7
2026-08-08T15:54:28.841804+00:00,1786204468.842,145.31,22.60,0.2287,-0.06,0.000,159.1,188.7
2026-08-08T15:54:29.038530+00:00,1786204469.039,145.50,22.60,0.2287,-0.06,0.000,160.5,188.7
2026-08-08T15:54:29.235680+00:00,1786204469.236,145.70,22.73,0.2331,-0.06,0.000,152.5,188.7
2026-08-08T15:54:29.438372+00:00,1786204469.438,145.90,22.73,0.2331,-0.06,0.000,144.5,188.7
2026-08-08T15:54:29.634525+00:00,1786204469.635,146.10,22.73,0.2331,-0.06,0.000,136.5,188.7
2026-08-08T15:54:29.833925+00:00,1786204469.834,146.30,22.44,0.2353,-0.06,0.000,127.2,188.7
2026-08-08T15:54:30.040022+00:00,1786204470.040,146.50,22.44,0.2353,-0.06,-0.523,104.3,188.7
2026-08-08T15:54:30.238664+00:00,1786204470.239,146.70,22.44,0.2353,-0.06,-0.524,90.7,188.7
2026-08-08T15:54:30.435608+00:00,1786204470.436,146.90,25.90,0.2397,-0.06,0.000,92.2,188.7
2026-08-08T15:54:30.643203+00:00,1786204470.643,147.11,25.90,0.2397,-0.06,0.458,107.4,188.7
2026-08-08T15:54:30.839079+00:00,1786204470.839,147.30,25.90,0.2397,-0.06,0.460,122.6,188.7
2026-08-08T15:54:31.035807+00:00,1786204471.036,147.50,22.75,0.2441,-0.06,0.000,122.7,188.7
2026-08-08T15:54:31.236671+00:00,1786204471.237,147.70,22.75,0.2441,-0.06,0.000,122.8,188.7
2026-08-08T15:54:31.432334+00:00,1786204471.432,147.90,22.75,0.2441,-0.06,0.000,122.8,188.7
2026-08-08T15:54:31.632707+00:00,1786204471.633,148.10,22.88,0.2485,-0.06,0.000,122.9,188.7
2026-08-08T15:54:31.840291+00:00,1786204471.840,148.30,22.88,0.2485,-0.06,0.061,124.7,188.7
2026-08-08T15:54:32.039089+00:00,1786204472.039,148.50,22.88,0.2485,-0.06,0.061,111.0,188.7
2026-08-08T15:54:32.236919+00:00,1786204472.237,148.70,22.60,0.2507,-0.06,0.000,95.5,188.7
2026-08-08T15:54:32.445881+00:00,1786204472.446,148.91,22.60,0.2507,-0.06,-0.456,66.7,188.7
2026-08-08T15:54:32.654532+00:00,1786204472.654,149.12,22.60,0.2507,-0.06,-0.456,54.8,188.7
2026-08-08T15:54:33.032610+00:00,1786204473.033,149.50,22.73,0.2551,-0.06,-0.402,44.3,188.7
2026-08-08T15:54:33.238460+00:00,1786204473.238,149.70,22.73,0.2551,-0.06,0.000,44.4,188.7
2026-08-08T15:54:33.436465+00:00,1786204473.436,149.90,22.62,0.2595,-0.06,0.000,44.3,188.7
2026-08-08T15:54:33.640387+00:00,1786204473.640,150.10,22.62,0.2595,-0.06,0.000,44.3,188.7
2026-08-08T15:54:33.837681+00:00,1786204473.837,150.30,22.62,0.2595,-0.06,0.000,44.2,188.7
2026-08-08T15:54:34.035384+00:00,1786204474.035,150.50,22.54,0.2617,-0.06,0.000,44.3,188.7
2026-08-08T15:54:34.235486+00:00,1786204474.235,150.70,22.54,0.2617,-0.06,0.000,57.9,188.7
2026-08-08T15:54:34.435601+00:00,1786204474.436,150.90,22.54,0.2617,-0.06,0.000,71.5,188.7
2026-08-08T15:54:34.635294+00:00,1786204474.635,151.10,22.67,0.2661,-0.06,0.000,70.0,188.7
2026-08-08T15:54:34.844317+00:00,1786204474.844,151.31,22.67,0.2661,-0.06,0.000,54.9,188.7
2026-08-08T15:54:35.051386+00:00,1786204475.051,151.52,22.67,0.2661,-0.06,0.000,39.7,188.7
2026-08-08T15:54:35.433863+00:00,1786204475.434,151.90,22.64,0.2705,-0.06,0.000,39.6,188.7
2026-08-08T15:54:35.634308+00:00,1786204475.634,152.10,22.64,0.2705,-0.06,0.000,39.6,188.7
2026-08-08T15:54:35.835585+00:00,1786204475.836,152.30,22.61,0.2749,-0.06,0.000,39.5,188.7
2026-08-08T15:54:36.042038+00:00,1786204476.042,152.51,22.61,0.2749,-0.06,0.000,39.4,188.7
2026-08-08T15:54:36.235904+00:00,1786204476.236,152.70,22.61,0.2749,-0.06,0.000,37.7,188.7
2026-08-08T15:54:36.448152+00:00,1786204476.448,152.91,22.71,0.2771,-0.06,0.000,36.0,188.7
2026-08-08T15:54:36.653918+00:00,1786204476.654,153.12,22.71,0.2771,-0.06,0.000,36.0,188.7
2026-08-08T15:54:36.852607+00:00,1786204476.853,153.32,22.71,0.2771,-0.06,0.000,48.0,188.7
2026-08-08T15:54:37.236101+00:00,1786204477.236,153.70,26.31,0.2815,-0.06,0.423,74.4,188.7
2026-08-08T15:54:37.442453+00:00,1786204477.442,153.91,26.31,0.2815,-0.06,0.423,99.5,188.7
2026-08-08T15:54:37.644528+00:00,1786204477.645,154.11,22.43,0.2859,-0.06,0.000,99.3,188.7
2026-08-08T15:54:37.849356+00:00,1786204477.849,154.31,22.43,0.2859,-0.06,0.000,99.3,188.7
2026-08-08T15:54:38.055560+00:00,1786204478.056,154.52,22.43,0.2859,-0.06,0.000,99.2,188.7
2026-08-08T15:54:38.437640+00:00,1786204478.438,154.90,22.59,0.2903,-0.06,0.000,99.2,188.7
2026-08-08T15:54:38.636893+00:00,1786204478.637,155.10,22.59,0.2903,-0.06,0.000,99.2,188.7
2026-08-08T15:54:38.843035+00:00,1786204478.843,155.31,22.65,0.2925,-0.06,0.000,99.2,188.7
2026-08-08T15:54:39.042569+00:00,1786204479.043,155.51,22.65,0.2925,-0.06,0.000,99.3,188.7
2026-08-08T15:54:39.239202+00:00,1786204479.239,155.70,22.65,0.2925,-0.06,0.000,99.3,188.7
2026-08-08T15:54:39.440154+00:00,1786204479.440,155.90,26.46,0.2969,-0.06,0.000,101.0,188.7
2026-08-08T15:54:39.649948+00:00,1786204479.650,156.11,26.46,0.2969,-0.06,0.000,102.8,188.7
2026-08-08T15:54:39.860622+00:00,1786204479.861,156.32,26.46,0.2969,-0.06,0.507,120.0,188.7
2026-08-08T15:54:40.239740+00:00,1786204480.240,156.70,22.54,0.3013,-0.06,0.000,120.0,188.7
2026-08-08T15:54:40.442325+00:00,1786204480.442,156.91,22.54,0.3013,-0.06,0.000,120.0,188.7
2026-08-08T15:54:40.644949+00:00,1786204480.645,157.11,22.57,0.3057,-0.06,0.000,120.0,188.7
2026-08-08T15:54:40.851314+00:00,1786204480.851,157.32,22.57,0.3057,-0.06,0.000,119.9,188.7
2026-08-08T15:54:41.228060+00:00,1786204481.228,157.69,19.87,0.3079,-0.06,-0.323,111.5,188.7
2026-08-08T15:54:41.436312+00:00,1786204481.436,157.90,19.87,0.3079,-0.06,-0.322,103.1,188.7
2026-08-08T15:54:41.635131+00:00,1786204481.635,158.10,19.87,0.3079,-0.06,-0.322,94.7,188.7
2026-08-08T15:54:42.021682+00:00,1786204482.022,158.49,22.71,0.3123,-0.06,-0.404,69.6,188.7
2026-08-08T15:54:42.230737+00:00,1786204482.231,158.69,22.71,0.3123,-0.06,-0.404,44.5,188.7
2026-08-08T15:54:42.427544+00:00,1786204482.428,158.89,26.57,0.3167,-0.06,0.000,46.4,188.7
2026-08-08T15:54:42.638201+00:00,1786204482.638,159.10,26.57,0.3167,-0.06,0.467,62.7,188.7
2026-08-08T15:54:42.847221+00:00,1786204482.847,159.31,26.57,0.3167,-0.06,0.467,78.9,188.7
2026-08-08T15:54:43.223311+00:00,1786204483.223,159.69,22.61,0.3189,-0.06,0.000,78.9,188.7
2026-08-08T15:54:43.427443+00:00,1786204483.427,159.89,22.61,0.3189,-0.06,0.000,78.9,188.7
2026-08-08T15:54:43.626116+00:00,1786204483.626,160.09,22.50,0.3233,-0.06,0.305,86.8,188.7
2026-08-08T15:54:43.835452+00:00,1786204483.835,160.30,22.50,0.3233,-0.06,0.304,94.6,188.7
2026-08-08T15:54:44.033000+00:00,1786204484.033,160.50,22.50,0.3233,-0.06,0.304,102.5,188.7
2026-08-08T15:54:44.229420+00:00,1786204484.229,160.69,22.63,0.3277,-0.06,0.000,100.7,188.7
2026-08-08T15:54:44.446135+00:00,1786204484.446,160.91,22.63,0.3277,-0.06,0.000,98.9,188.7
2026-08-08T15:54:44.647225+00:00,1786204484.647,161.11,22.63,0.3277,-0.06,-0.493,68.8,188.7
2026-08-08T15:54:45.026687+00:00,1786204485.027,161.49,22.39,0.3299,-0.06,-0.486,56.1,188.7
2026-08-08T15:54:45.228586+00:00,1786204485.229,161.69,22.39,0.3299,-0.06,-0.487,43.5,188.7
2026-08-08T15:54:45.432840+00:00,1786204485.433,161.90,19.83,0.3343,-0.06,-0.349,34.5,188.7
2026-08-08T15:54:45.639045+00:00,1786204485.639,162.10,19.83,0.3343,-0.06,-0.349,25.6,188.7
2026-08-08T15:54:45.833690+00:00,1786204485.834,162.30,19.83,0.3343,-0.06,-0.336,25.3,188.7
2026-08-08T15:54:46.032893+00:00,1786204486.033,162.50,19.73,0.3365,-0.06,-0.350,24.7,188.7
2026-08-08T15:54:46.238598+00:00,1786204486.239,162.70,19.73,0.3365,-0.06,-0.349,24.1,188.7
2026-08-08T15:54:46.443162+00:00,1786204486.443,162.91,19.73,0.3365,-0.06,-0.365,25.3,188.7
2026-08-08T15:54:46.827982+00:00,1786204486.828,163.29,19.80,0.3409,-0.06,-0.331,27.3,188.7
2026-08-08T15:54:47.035671+00:00,1786204487.036,163.50,19.80,0.3409,-0.06,-0.330,16.9,188.7
2026-08-08T15:54:47.232058+00:00,1786204487.232,163.70,19.77,0.3431,-0.06,-0.330,0.0,188.7
2026-08-08T15:54:47.438163+00:00,1786204487.438,163.90,19.77,0.3431,-0.06,-0.329,0.0,188.7
2026-08-08T15:54:47.643327+00:00,1786204487.643,164.11,19.77,0.3431,-0.06,0.000,0.0,188.7
2026-08-08T15:54:47.863361+00:00,1786204487.863,164.33,19.62,0.3453,-0.06,0.000,0.0,188.7
2026-08-08T15:54:48.065717+00:00,1786204488.066,164.53,19.62,0.3453,-0.06,0.000,0.0,188.7
2026-08-08T15:54:48.264901+00:00,1786204488.265,164.73,18.95,0.3475,-0.06,-0.098,0.0,188.7
2026-08-08T15:54:48.458335+00:00,1786204488.458,164.92,18.95,0.3475,-0.06,-0.098,0.0,188.7
2026-08-08T15:54:48.659471+00:00,1786204488.659,165.12,18.95,0.3475,-0.06,-0.098,0.0,188.7
2026-08-08T15:54:48.862151+00:00,1786204488.862,165.33,18.20,0.3497,-0.06,-0.218,0.0,188.7
2026-08-08T15:54:49.066016+00:00,1786204489.066,165.53,18.20,0.3497,-0.06,-0.218,0.0,188.7
2026-08-08T15:54:49.267138+00:00,1786204489.267,165.73,17.38,0.3519,-0.06,-0.326,0.0,188.7
2026-08-08T15:54:49.462231+00:00,1786204489.462,165.93,17.38,0.3519,-0.06,-0.328,0.0,188.7
2026-08-08T15:54:49.666624+00:00,1786204489.667,166.13,17.38,0.3519,-0.06,-0.328,0.0,188.7
2026-08-08T15:54:49.863497+00:00,1786204489.863,166.33,16.50,0.3541,-0.06,-0.434,0.0,188.7
2026-08-08T15:54:50.058537+00:00,1786204490.059,166.52,16.50,0.3541,-0.06,-0.436,0.0,188.7
2026-08-08T15:54:50.266033+00:00,1786204490.266,166.73,15.94,0.3563,-0.06,-0.417,0.0,188.7
2026-08-08T15:54:50.460089+00:00,1786204490.460,166.92,15.94,0.3563,-0.06,-0.417,0.0,188.7
2026-08-08T15:54:50.662462+00:00,1786204490.662,167.13,15.94,0.3563,-0.06,-0.417,0.0,188.7
2026-08-08T15:54:50.864985+00:00,1786204490.865,167.33,15.38,0.3585,-0.06,-0.391,0.0,188.7
2026-08-08T15:54:51.061089+00:00,1786204491.061,167.53,15.38,0.3585,-0.06,-0.393,0.0,188.7
2026-08-08T15:54:51.267142+00:00,1786204491.267,167.73,14.79,0.3607,-0.06,-0.359,0.0,188.7
2026-08-08T15:54:51.464679+00:00,1786204491.465,167.93,14.79,0.3607,-0.06,-0.359,0.0,188.7
2026-08-08T15:54:51.671526+00:00,1786204491.672,168.14,14.79,0.3607,-0.06,-0.358,0.0,188.7
2026-08-08T15:54:51.873692+00:00,1786204491.874,168.34,14.28,0.3629,-0.06,-0.307,0.0,188.7
2026-08-08T15:54:52.069814+00:00,1786204492.070,168.53,14.28,0.3629,-0.06,-0.306,0.0,188.7
2026-08-08T15:54:52.265284+00:00,1786204492.265,168.73,13.74,0.3651,-0.06,-0.306,0.0,188.7
2026-08-08T15:54:52.471646+00:00,1786204492.472,168.94,13.74,0.3651,-0.06,-0.304,0.0,188.7
2026-08-08T15:54:52.673084+00:00,1786204492.673,169.14,13.74,0.3651,-0.06,-0.304,0.0,188.7
2026-08-08T15:54:52.882596+00:00,1786204492.883,169.35,13.74,0.3651,-0.06,-0.226,0.0,188.7
2026-08-08T15:54:53.089588+00:00,1786204493.090,169.55,13.74,0.3651,-0.06,-0.225,0.0,188.7
2026-08-08T15:54:53.292545+00:00,1786204493.293,169.76,13.21,0.3673,-0.06,-0.217,0.0,188.7
2026-08-08T15:54:53.495926+00:00,1786204493.496,169.96,13.21,0.3673,-0.06,-0.216,0.0,188.7
2026-08-08T15:54:53.700486+00:00,1786204493.700,170.16,13.21,0.3673,-0.06,-0.216,0.0,188.7
2026-08-08T15:54:53.905955+00:00,1786204493.906,170.37,12.78,0.3695,-0.06,-0.205,0.0,188.7
2026-08-08T15:54:54.109970+00:00,1786204494.110,170.57,12.78,0.3695,-0.06,-0.204,0.0,188.7
2026-08-08T15:54:54.304487+00:00,1786204494.304,170.77,12.41,0.3717,-0.06,-0.181,0.0,188.7
2026-08-08T15:54:54.501665+00:00,1786204494.502,170.97,12.41,0.3717,-0.06,-0.182,0.0,188.7
2026-08-08T15:54:54.708122+00:00,1786204494.708,171.17,12.41,0.3717,-0.06,-0.181,0.0,188.7
2026-08-08T15:54:54.911706+00:00,1786204494.912,171.38,12.41,0.3717,-0.06,-0.182,0.0,188.7
2026-08-08T15:54:55.114206+00:00,1786204495.114,171.58,12.41,0.3717,-0.06,-0.182,0.0,188.7
2026-08-08T15:54:55.318242+00:00,1786204495.318,171.78,11.92,0.3738,-0.06,-0.178,0.0,188.7
2026-08-08T15:54:55.523174+00:00,1786204495.523,171.99,11.92,0.3738,-0.06,-0.178,0.0,188.7
2026-08-08T15:54:55.719201+00:00,1786204495.719,172.18,11.92,0.3738,-0.06,-0.179,0.0,188.7
2026-08-08T15:54:55.916817+00:00,1786204495.917,172.38,11.20,0.3760,-0.06,-0.218,0.0,188.7
2026-08-08T15:54:56.123340+00:00,1786204496.123,172.59,11.20,0.3760,-0.06,-0.218,0.0,188.7
2026-08-08T15:54:56.327365+00:00,1786204496.327,172.79,11.20,0.3760,-0.06,-0.166,0.0,188.7
2026-08-08T15:54:56.527365+00:00,1786204496.527,172.99,11.20,0.3760,-0.06,-0.166,0.0,188.7
2026-08-08T15:54:56.730592+00:00,1786204496.731,173.19,11.20,0.3760,-0.06,-0.166,0.0,188.7
2026-08-08T15:54:56.935260+00:00,1786204496.935,173.40,10.47,0.3782,-0.06,-0.267,0.0,188.7
2026-08-08T15:54:57.133768+00:00,1786204497.134,173.60,10.47,0.3782,-0.06,-0.267,0.0,188.7
2026-08-08T15:54:57.337677+00:00,1786204497.338,173.80,10.47,0.3782,-0.06,-0.200,0.0,188.7
2026-08-08T15:54:57.542778+00:00,1786204497.543,174.01,10.47,0.3782,-0.06,-0.199,0.0,188.7
2026-08-08T15:54:57.737281+00:00,1786204497.737,174.20,10.47,0.3782,-0.06,-0.200,0.0,188.7
2026-08-08T15:54:57.943063+00:00,1786204497.943,174.41,9.27,0.3804,-0.06,-0.264,0.0,188.7
2026-08-08T15:54:58.148757+00:00,1786204498.149,174.61,9.27,0.3804,-0.06,-0.265,0.0,188.7
2026-08-08T15:54:58.350664+00:00,1786204498.351,174.81,9.27,0.3804,-0.06,-0.265,0.0,188.7
2026-08-08T15:54:58.547416+00:00,1786204498.547,175.01,9.27,0.3804,-0.06,-0.265,0.0,188.7
2026-08-08T15:54:58.750155+00:00,1786204498.750,175.21,9.27,0.3804,-0.06,-0.265,0.0,188.7
2026-08-08T15:54:58.947371+00:00,1786204498.947,175.41,9.27,0.3804,-0.06,-0.165,0.0,188.7
2026-08-08T15:54:59.147111+00:00,1786204499.147,175.61,9.27,0.3804,-0.06,-0.165,0.0,188.7
2026-08-08T15:54:59.352068+00:00,1786204499.352,175.82,7.92,0.3826,-0.06,-0.352,0.0,188.7
2026-08-08T15:54:59.558786+00:00,1786204499.559,176.02,7.92,0.3826,-0.06,-0.351,0.0,188.7
2026-08-08T15:54:59.764300+00:00,1786204499.764,176.23,7.92,0.3826,-0.06,-0.349,0.0,188.7
2026-08-08T15:54:59.966596+00:00,1786204499.967,176.43,7.92,0.3826,-0.06,-0.186,0.0,188.7
2026-08-08T15:55:00.170354+00:00,1786204500.170,176.63,7.92,0.3826,-0.06,-0.186,0.0,188.7
2026-08-08T15:55:00.375460+00:00,1786204500.375,176.84,7.61,0.3848,-0.06,-0.228,0.0,188.7
2026-08-08T15:55:00.582415+00:00,1786204500.582,177.05,7.61,0.3848,-0.06,-0.227,0.0,188.7
2026-08-08T15:55:00.788880+00:00,1786204500.789,177.25,7.61,0.3848,-0.06,-0.226,0.0,188.7
2026-08-08T15:55:00.996127+00:00,1786204500.996,177.46,7.61,0.3848,-0.06,-0.225,0.0,188.7
2026-08-08T15:55:01.202040+00:00,1786204501.202,177.67,7.61,0.3848,-0.06,-0.225,0.0,188.7
2026-08-08T15:55:01.402838+00:00,1786204501.403,177.87,7.24,0.3870,-0.06,-0.092,0.0,188.7
2026-08-08T15:55:01.605051+00:00,1786204501.605,178.07,7.24,0.3870,-0.06,-0.093,0.0,188.7
2026-08-08T15:55:01.809804+00:00,1786204501.810,178.27,7.24,0.3870,-0.06,-0.093,0.0,188.7
2026-08-08T15:55:02.013380+00:00,1786204502.013,178.48,7.24,0.3870,-0.06,-0.093,0.0,188.7
2026-08-08T15:55:02.216153+00:00,1786204502.216,178.68,7.24,0.3870,-0.06,-0.093,0.0,188.7
2026-08-08T15:55:02.418095+00:00,1786204502.418,178.88,7.26,0.3892,-0.06,0.000,0.0,188.7
2026-08-08T15:55:02.623651+00:00,1786204502.624,179.09,7.26,0.3892,-0.06,0.000,0.0,188.7
2026-08-08T15:55:02.826822+00:00,1786204502.827,179.29,7.26,0.3892,-0.06,0.000,0.0,188.7
2026-08-08T15:55:03.030264+00:00,1786204503.030,179.49,7.26,0.3892,-0.06,0.000,0.0,188.7
2026-08-08T15:55:03.228709+00:00,1786204503.229,179.69,7.26,0.3892,-0.06,0.000,0.0,188.7
2026-08-08T15:55:03.423889+00:00,1786204503.424,179.89,7.85,0.3914,-0.06,0.084,0.0,188.7
2026-08-08T15:55:03.627877+00:00,1786204503.628,180.09,7.85,0.3914,-0.06,0.084,0.0,188.7
2026-08-08T15:55:03.832211+00:00,1786204503.832,180.30,7.85,0.3914,-0.06,0.084,0.0,188.7
2026-08-08T15:55:04.030385+00:00,1786204504.030,180.49,7.85,0.3914,-0.06,0.084,0.0,188.7
2026-08-08T15:55:04.232527+00:00,1786204504.233,180.70,7.85,0.3914,-0.06,0.084,0.0,188.7
2026-08-08T15:55:04.437754+00:00,1786204504.438,180.90,7.64,0.3936,-0.06,0.052,0.0,188.7
2026-08-08T15:55:04.639147+00:00,1786204504.639,181.10,7.64,0.3936,-0.06,0.052,2.1,188.7
2026-08-08T15:55:04.841900+00:00,1786204504.842,181.31,7.64,0.3936,-0.06,0.052,4.5,188.7
2026-08-08T15:55:05.042791+00:00,1786204505.043,181.51,7.64,0.3936,-0.06,0.052,6.9,188.7
2026-08-08T15:55:05.238982+00:00,1786204505.239,181.70,7.64,0.3936,-0.06,0.052,9.4,188.7
2026-08-08T15:55:05.435307+00:00,1786204505.435,181.90,7.39,0.3958,-0.06,-0.063,9.6,188.7
2026-08-08T15:55:05.632144+00:00,1786204505.632,182.10,7.39,0.3958,-0.06,-0.063,9.9,188.7
2026-08-08T15:55:05.827084+00:00,1786204505.827,182.29,7.39,0.3958,-0.06,-0.064,10.1,188.7
2026-08-08T15:55:06.023079+00:00,1786204506.023,182.49,7.39,0.3958,-0.06,-0.064,10.3,188.7
2026-08-08T15:55:06.222948+00:00,1786204506.223,182.69,7.39,0.3958,-0.06,-0.064,10.6,188.7
2026-08-08T15:55:06.470040+00:00,1786204506.470,182.93,7.69,0.3980,-0.06,0.000,10.6,188.7
2026-08-08T15:55:06.666741+00:00,1786204506.667,183.13,7.69,0.3980,-0.06,0.000,10.6,188.7
2026-08-08T15:55:06.863933+00:00,1786204506.864,183.33,7.96,0.4002,-0.06,0.000,10.7,188.7
2026-08-08T15:55:07.065691+00:00,1786204507.066,183.53,7.96,0.4002,-0.06,0.000,10.8,188.7
2026-08-08T15:55:07.261124+00:00,1786204507.261,183.73,7.96,0.4002,-0.06,0.000,10.8,188.7
2026-08-08T15:55:07.460939+00:00,1786204507.461,183.92,7.96,0.4002,-0.06,0.078,10.8,188.7
2026-08-08T15:55:07.668559+00:00,1786204507.669,184.13,7.96,0.4002,-0.06,0.078,10.7,188.7
2026-08-08T15:55:07.865837+00:00,1786204507.866,184.33,7.96,0.4002,-0.06,0.078,10.7,188.7
2026-08-08T15:55:08.070790+00:00,1786204508.071,184.53,8.55,0.4024,-0.06,0.158,11.6,188.7
2026-08-08T15:55:08.273967+00:00,1786204508.274,184.74,8.55,0.4024,-0.06,0.157,12.4,188.7
2026-08-08T15:55:08.469363+00:00,1786204508.469,184.93,8.55,0.4024,-0.06,0.120,13.2,188.7
2026-08-08T15:55:08.671484+00:00,1786204508.671,185.14,10.19,0.4046,-0.06,0.347,17.1,188.7
2026-08-08T15:55:08.878195+00:00,1786204508.878,185.34,10.19,0.4046,-0.06,0.308,20.5,188.7
2026-08-08T15:55:09.078187+00:00,1786204509.078,185.54,10.19,0.4046,-0.06,0.308,23.9,188.7
2026-08-08T15:55:09.469610+00:00,1786204509.470,185.93,11.13,0.4068,-0.06,0.399,28.9,188.7
2026-08-08T15:55:09.672750+00:00,1786204509.673,186.14,11.13,0.4068,-0.06,0.398,34.9,188.7
2026-08-08T15:55:09.870855+00:00,1786204509.871,186.33,12.15,0.4090,-0.06,0.528,43.3,188.7
2026-08-08T15:55:10.080945+00:00,1786204510.081,186.54,12.15,0.4090,-0.06,0.525,51.7,188.7
2026-08-08T15:55:10.283081+00:00,1786204510.283,186.75,12.15,0.4090,-0.06,0.452,59.1,188.7
2026-08-08T15:55:10.669192+00:00,1786204510.669,187.13,14.38,0.4134,-0.06,0.676,71.7,188.7
2026-08-08T15:55:10.873155+00:00,1786204510.873,187.34,14.38,0.4134,-0.06,0.673,83.7,188.7
2026-08-08T15:55:11.076484+00:00,1786204511.076,187.54,14.41,0.4156,-0.06,0.488,92.7,188.7
2026-08-08T15:55:11.284861+00:00,1786204511.285,187.75,14.41,0.4156,-0.06,0.487,101.6,188.7
2026-08-08T15:55:11.486114+00:00,1786204511.486,187.95,14.41,0.4156,-0.06,0.487,110.5,188.7
2026-08-08T15:55:11.876046+00:00,1786204511.876,188.34,14.33,0.4178,-0.06,0.370,117.4,188.7
2026-08-08T15:55:12.080611+00:00,1786204512.081,188.54,14.33,0.4178,-0.06,0.370,123.6,188.7
2026-08-08T15:55:12.279055+00:00,1786204512.279,188.74,15.72,0.4200,-0.06,0.412,131.5,188.7
2026-08-08T15:55:12.483534+00:00,1786204512.484,188.95,15.72,0.4200,-0.06,0.413,139.3,188.7
2026-08-08T15:55:12.687452+00:00,1786204512.687,189.15,15.72,0.4200,-0.06,0.413,146.3,188.7
2026-08-08T15:55:13.068541+00:00,1786204513.069,189.53,14.37,0.4222,-0.06,0.000,145.5,188.7
2026-08-08T15:55:13.275935+00:00,1786204513.276,189.74,14.37,0.4222,-0.06,0.000,145.0,188.7
2026-08-08T15:55:13.474012+00:00,1786204513.474,189.94,14.39,0.4244,-0.06,0.000,141.6,188.7
2026-08-08T15:55:13.679320+00:00,1786204513.679,190.14,14.39,0.4244,-0.06,0.000,138.5,188.7
2026-08-08T15:55:13.876843+00:00,1786204513.877,190.34,14.39,0.4244,-0.06,0.000,135.5,188.7
2026-08-08T15:55:14.074305+00:00,1786204514.074,190.54,15.80,0.4266,-0.06,0.186,134.5,188.7
2026-08-08T15:55:14.279761+00:00,1786204514.280,190.74,15.80,0.4266,-0.06,0.186,133.6,188.7
2026-08-08T15:55:14.487568+00:00,1786204514.488,190.95,15.80,0.4266,-0.06,0.000,126.8,188.7
2026-08-08T15:55:14.873605+00:00,1786204514.874,191.34,14.47,0.4288,-0.06,-0.146,117.4,188.7
2026-08-08T15:55:15.078274+00:00,1786204515.078,191.54,14.47,0.4288,-0.06,-0.146,109.0,188.7
2026-08-08T15:55:15.275830+00:00,1786204515.276,191.74,14.37,0.4310,-0.06,0.000,97.7,188.7
2026-08-08T15:55:15.486947+00:00,1786204515.487,191.95,14.37,0.4310,-0.06,0.000,86.6,188.7
2026-08-08T15:55:15.689127+00:00,1786204515.689,192.15,14.37,0.4310,-0.06,0.000,78.4,188.7
2026-08-08T15:55:16.068560+00:00,1786204516.069,192.53,14.38,0.4332,-0.06,0.000,70.3,188.7
2026-08-08T15:55:16.269293+00:00,1786204516.269,192.73,14.38,0.4332,-0.06,0.000,62.2,188.7
2026-08-08T15:55:16.477237+00:00,1786204516.477,192.94,14.32,0.4376,-0.06,-0.172,53.2,188.7
2026-08-08T15:55:16.683528+00:00,1786204516.684,193.15,14.32,0.4376,-0.06,-0.172,44.3,188.7
2026-08-08T15:55:16.878094+00:00,1786204516.878,193.34,14.32,0.4376,-0.06,-0.173,33.7,188.7
2026-08-08T15:55:17.074829+00:00,1786204517.075,193.54,14.40,0.4398,-0.06,0.000,25.9,188.7
2026-08-08T15:55:17.278537+00:00,1786204517.279,193.74,14.40,0.4398,-0.06,0.000,18.1,188.7
2026-08-08T15:55:17.475298+00:00,1786204517.475,193.94,14.40,0.4398,-0.06,0.000,18.1,188.7
2026-08-08T15:55:17.672113+00:00,1786204517.672,194.14,14.40,0.4420,-0.06,0.000,18.2,188.7
2026-08-08T15:55:17.879309+00:00,1786204517.879,194.34,14.40,0.4420,-0.06,0.000,18.2,188.7
2026-08-08T15:55:18.082377+00:00,1786204518.082,194.55,14.40,0.4420,-0.06,0.000,18.2,188.7
2026-08-08T15:55:18.473373+00:00,1786204518.473,194.94,14.38,0.4442,-0.06,0.000,18.2,188.7
2026-08-08T15:55:18.680912+00:00,1786204518.681,195.14,14.38,0.4442,-0.06,0.000,14.5,188.7
2026-08-08T15:55:18.878826+00:00,1786204518.879,195.34,14.34,0.4464,-0.06,0.000,10.8,188.7
2026-08-08T15:55:19.084163+00:00,1786204519.084,195.55,14.34,0.4464,-0.06,0.000,10.5,188.7
2026-08-08T15:55:19.292618+00:00,1786204519.293,195.76,14.34,0.4464,-0.06,0.000,12.9,188.7
2026-08-08T15:55:19.674422+00:00,1786204519.674,196.14,14.37,0.4486,-0.06,0.000,15.4,188.7
2026-08-08T15:55:19.875455+00:00,1786204519.875,196.34,14.37,0.4486,-0.06,0.000,15.4,188.7
2026-08-08T15:55:20.075820+00:00,1786204520.076,196.54,14.37,0.4508,-0.06,0.000,15.4,188.7
2026-08-08T15:55:20.274497+00:00,1786204520.274,196.74,14.37,0.4508,-0.06,0.000,15.4,188.7
2026-08-08T15:55:20.474561+00:00,1786204520.475,196.94,14.37,0.4508,-0.06,0.000,15.4,188.7
2026-08-08T15:55:20.675178+00:00,1786204520.675,197.14,15.82,0.4530,-0.06,0.182,19.0,188.7
2026-08-08T15:55:20.890716+00:00,1786204520.891,197.35,15.82,0.4530,-0.06,0.181,25.4,188.7
2026-08-08T15:55:21.090758+00:00,1786204521.091,197.55,15.82,0.4530,-0.06,0.187,32.0,188.7
2026-08-08T15:55:21.479446+00:00,1786204521.479,197.94,15.77,0.4574,-0.06,0.165,38.1,188.7
2026-08-08T15:55:21.684289+00:00,1786204521.684,198.15,15.77,0.4574,-0.06,0.165,41.4,188.7
2026-08-08T15:55:21.879846+00:00,1786204521.880,198.34,15.81,0.4596,-0.06,0.182,45.0,188.7
2026-08-08T15:55:22.087104+00:00,1786204522.087,198.55,15.81,0.4596,-0.06,0.182,48.6,188.7
2026-08-08T15:55:22.292379+00:00,1786204522.292,198.76,15.81,0.4596,-0.06,0.180,52.2,188.7
2026-08-08T15:55:22.676197+00:00,1786204522.676,199.14,15.74,0.4618,-0.06,0.159,55.3,188.7
2026-08-08T15:55:22.885064+00:00,1786204522.885,199.35,15.74,0.4618,-0.06,0.158,58.4,188.7
2026-08-08T15:55:23.083153+00:00,1786204523.083,199.55,15.79,0.4640,-0.06,0.000,58.7,188.7
2026-08-08T15:55:23.283299+00:00,1786204523.283,199.75,15.79,0.4640,-0.06,0.000,59.0,188.7
2026-08-08T15:55:23.479879+00:00,1786204523.480,199.94,15.79,0.4640,-0.06,0.000,59.3,188.7
2026-08-08T15:55:23.680543+00:00,1786204523.681,200.14,15.90,0.4662,-0.06,0.000,59.6,188.7
2026-08-08T15:55:23.887114+00:00,1786204523.887,200.35,15.90,0.4662,-0.06,0.000,59.9,188.7
2026-08-08T15:55:24.094757+00:00,1786204524.095,200.56,15.90,0.4662,-0.06,0.000,60.2,188.7
2026-08-08T15:55:24.478339+00:00,1786204524.478,200.94,15.88,0.4706,-0.06,0.000,60.5,188.7
2026-08-08T15:55:24.678891+00:00,1786204524.679,201.14,15.88,0.4706,-0.06,0.000,60.8,188.7
2026-08-08T15:55:24.884380+00:00,1786204524.884,201.35,15.81,0.4728,-0.06,0.000,61.1,188.7
2026-08-08T15:55:25.085883+00:00,1786204525.086,201.55,15.81,0.4728,-0.06,0.000,61.4,188.7
2026-08-08T15:55:25.282076+00:00,1786204525.282,201.75,15.81,0.4728,-0.06,0.000,58.0,188.7
2026-08-08T15:55:25.485051+00:00,1786204525.485,201.95,15.80,0.4750,-0.06,0.000,54.7,188.7
2026-08-08T15:55:25.691141+00:00,1786204525.691,202.16,15.80,0.4750,-0.06,0.000,51.3,188.7
2026-08-08T15:55:25.891693+00:00,1786204525.892,202.36,15.80,0.4750,-0.06,0.000,48.3,188.7
2026-08-08T15:55:26.114071+00:00,1786204526.114,202.58,15.75,0.4772,-0.06,0.000,45.3,188.7
2026-08-08T15:55:26.315732+00:00,1786204526.316,202.78,15.75,0.4772,-0.06,0.000,41.9,188.7
2026-08-08T15:55:26.512909+00:00,1786204526.513,202.98,15.75,0.4772,-0.06,0.000,38.6,188.7
2026-08-08T15:55:26.899209+00:00,1786204526.899,203.36,15.65,0.4794,-0.06,0.000,35.3,188.7
2026-08-08T15:55:27.099322+00:00,1786204527.099,203.56,15.65,0.4794,-0.06,0.000,32.4,188.7
2026-08-08T15:55:27.300804+00:00,1786204527.301,203.76,15.71,0.4838,-0.06,0.000,29.5,188.7
2026-08-08T15:55:27.505722+00:00,1786204527.506,203.97,15.71,0.4838,-0.06,0.000,29.5,188.7
2026-08-08T15:55:27.709304+00:00,1786204527.709,204.17,15.71,0.4838,-0.06,0.000,29.5,188.7
2026-08-08T15:55:28.102779+00:00,1786204528.103,204.57,17.35,0.4860,-0.06,0.179,33.4,188.7
2026-08-08T15:55:28.308020+00:00,1786204528.308,204.77,17.35,0.4860,-0.06,0.179,37.3,188.7
2026-08-08T15:55:28.699015+00:00,1786204528.699,205.16,15.81,0.4882,-0.06,0.000,37.3,188.7
2026-08-08T15:55:28.904376+00:00,1786204528.904,205.37,15.81,0.4882,-0.06,0.000,37.3,188.7
2026-08-08T15:55:29.104157+00:00,1786204529.104,205.57,17.63,0.4904,-0.06,0.201,41.8,188.7
2026-08-08T15:55:29.307324+00:00,1786204529.307,205.77,17.63,0.4904,-0.06,0.229,46.9,188.7
2026-08-08T15:55:29.512664+00:00,1786204529.513,205.98,17.63,0.4904,-0.06,0.229,51.9,188.7
2026-08-08T15:55:29.903816+00:00,1786204529.904,206.37,15.95,0.4948,-0.06,0.000,52.0,188.7
2026-08-08T15:55:30.124452+00:00,1786204530.124,206.59,15.95,0.4948,-0.06,0.000,52.0,188.7
2026-08-08T15:55:30.503259+00:00,1786204530.503,206.97,17.66,0.4970,-0.06,0.194,56.4,188.7
2026-08-08T15:55:30.706788+00:00,1786204530.707,207.17,17.66,0.4970,-0.06,0.000,56.8,188.7
2026-08-08T15:55:30.910019+00:00,1786204530.910,207.37,17.55,0.4992,-0.06,0.000,57.2,188.7
2026-08-08T15:55:31.108731+00:00,1786204531.109,207.57,17.55,0.4992,-0.06,0.200,61.7,188.7
2026-08-08T15:55:31.307519+00:00,1786204531.307,207.77,17.55,0.4992,-0.06,0.201,66.2,188.7
2026-08-08T15:55:31.505874+00:00,1786204531.506,207.97,17.58,0.5036,-0.06,0.000,66.6,188.7
2026-08-08T15:55:31.710611+00:00,1786204531.711,208.17,17.58,0.5036,-0.06,0.000,67.1,188.7
2026-08-08T15:55:31.907351+00:00,1786204531.907,208.37,17.58,0.5036,-0.06,0.000,67.5,188.7
2026-08-08T15:55:32.320716+00:00,1786204532.321,208.78,17.55,0.5058,-0.06,0.184,71.7,188.7
2026-08-08T15:55:32.523713+00:00,1786204532.524,208.99,17.55,0.5058,-0.06,0.185,75.8,188.7
2026-08-08T15:55:32.908265+00:00,1786204532.908,209.37,15.83,0.5080,-0.06,-0.211,72.0,188.7
2026-08-08T15:55:33.112414+00:00,1786204533.112,209.58,15.83,0.5080,-0.06,-0.211,64.2,188.7
2026-08-08T15:55:33.505245+00:00,1786204533.505,209.97,17.64,0.5102,-0.06,0.000,60.7,188.7
2026-08-08T15:55:33.708926+00:00,1786204533.709,210.17,17.64,0.5102,-0.06,0.000,61.1,188.7
2026-08-08T15:55:33.908938+00:00,1786204533.909,210.37,15.83,0.5146,-0.06,-0.183,57.8,188.7
2026-08-08T15:55:34.120987+00:00,1786204534.121,210.58,15.83,0.5146,-0.06,-0.186,49.9,188.7
2026-08-08T15:55:34.329684+00:00,1786204534.330,210.79,15.83,0.5146,-0.06,-0.185,41.4,188.7
2026-08-08T15:55:34.526214+00:00,1786204534.526,210.99,15.70,0.5168,-0.06,-0.200,32.7,188.7
2026-08-08T15:55:34.742206+00:00,1786204534.742,211.21,15.70,0.5168,-0.06,-0.212,28.8,188.7
2026-08-08T15:55:34.944904+00:00,1786204534.945,211.41,15.70,0.5168,-0.06,-0.212,24.9,188.7
2026-08-08T15:55:35.320365+00:00,1786204535.320,211.78,15.69,0.5190,-0.06,0.000,20.5,188.7
2026-08-08T15:55:35.531562+00:00,1786204535.532,212.00,15.69,0.5190,-0.06,0.000,20.0,188.7
2026-08-08T15:55:35.928954+00:00,1786204535.929,212.39,15.70,0.5212,-0.06,-0.222,15.6,188.7
2026-08-08T15:55:36.134918+00:00,1786204536.135,212.60,15.70,0.5212,-0.06,-0.222,7.1,188.7
2026-08-08T15:55:36.332293+00:00,1786204536.332,212.80,15.59,0.5234,-0.06,0.000,2.5,188.7
2026-08-08T15:55:36.534449+00:00,1786204536.534,213.00,15.59,0.5234,-0.06,0.000,2.1,188.7
2026-08-08T15:55:36.740487+00:00,1786204536.740,213.20,15.59,0.5234,-0.06,0.000,0.0,188.7
2026-08-08T15:55:37.135226+00:00,1786204537.135,213.60,15.76,0.5256,-0.06,0.000,0.0,188.7
2026-08-08T15:55:37.337954+00:00,1786204537.338,213.80,15.76,0.5256,-0.06,0.000,0.0,188.7
2026-08-08T15:55:37.539164+00:00,1786204537.539,214.00,14.39,0.5278,-0.06,-0.139,0.0,188.7
2026-08-08T15:55:37.741239+00:00,1786204537.741,214.21,14.39,0.5278,-0.06,-0.149,0.0,188.7
2026-08-08T15:55:37.962792+00:00,1786204537.963,214.43,16.10,0.5300,-0.06,0.000,0.0,188.7
2026-08-08T15:55:38.166022+00:00,1786204538.166,214.63,16.10,0.5300,-0.06,0.000,0.0,188.7
2026-08-08T15:55:38.371599+00:00,1786204538.372,214.84,16.10,0.5300,-0.06,0.000,0.0,188.7
2026-08-08T15:55:38.575385+00:00,1786204538.575,215.04,14.18,0.5322,-0.06,-0.175,0.0,188.7
2026-08-08T15:55:38.778301+00:00,1786204538.778,215.24,14.18,0.5322,-0.06,-0.174,0.0,188.7
2026-08-08T15:55:38.979340+00:00,1786204538.979,215.44,15.98,0.5344,-0.06,0.000,0.0,188.7
2026-08-08T15:55:39.183480+00:00,1786204539.183,215.65,15.98,0.5344,-0.06,0.000,2.1,188.7
2026-08-08T15:55:39.383097+00:00,1786204539.383,215.85,15.98,0.5344,-0.06,0.000,6.0,188.7
2026-08-08T15:55:39.667489+00:00,1786204539.667,216.13,16.42,0.5366,-0.06,0.266,15.0,188.7
2026-08-08T15:55:39.871142+00:00,1786204539.871,216.34,16.42,0.5366,-0.06,0.265,20.2,188.7
2026-08-08T15:55:40.087357+00:00,1786204540.087,216.55,14.58,0.5388,-0.06,-0.200,16.6,188.7
2026-08-08T15:55:40.285272+00:00,1786204540.285,216.75,14.58,0.5388,-0.06,-0.200,17.1,188.7
2026-08-08T15:55:40.484948+00:00,1786204540.485,216.95,14.58,0.5388,-0.06,-0.201,17.5,188.7
2026-08-08T15:55:40.867141+00:00,1786204540.867,217.33,15.15,0.5410,-0.06,0.117,19.5,188.7
2026-08-08T15:55:41.069775+00:00,1786204541.070,217.53,15.15,0.5410,-0.06,0.117,21.4,188.7
2026-08-08T15:55:41.468491+00:00,1786204541.468,217.93,13.49,0.5432,-0.06,-0.278,16.7,188.7
2026-08-08T15:55:41.676599+00:00,1786204541.677,218.14,13.49,0.5432,-0.06,-0.277,12.0,188.7
2026-08-08T15:55:41.877262+00:00,1786204541.877,218.34,13.13,0.5454,-0.06,-0.317,6.7,188.7
2026-08-08T15:55:42.082809+00:00,1786204542.083,218.55,13.13,0.5454,-0.06,-0.378,3.0,188.7
2026-08-08T15:55:42.288447+00:00,1786204542.288,218.75,13.13,0.5454,-0.06,-0.379,0.0,188.7
2026-08-08T15:55:42.660413+00:00,1786204542.660,219.12,13.14,0.5476,-0.06,-0.154,0.0,188.7
2026-08-08T15:55:42.861049+00:00,1786204542.861,219.33,13.14,0.5476,-0.06,-0.154,0.0,188.7
2026-08-08T15:55:43.066148+00:00,1786204543.066,219.53,13.19,0.5498,-0.06,-0.149,0.0,188.7
2026-08-08T15:55:43.263535+00:00,1786204543.264,219.73,13.19,0.5498,-0.06,-0.227,0.0,188.7
2026-08-08T15:55:43.461069+00:00,1786204543.461,219.93,12.58,0.5520,-0.06,-0.298,0.0,188.7
2026-08-08T15:55:43.657530+00:00,1786204543.658,220.12,12.58,0.5520,-0.06,-0.116,0.0,188.7
2026-08-08T15:55:43.855792+00:00,1786204543.856,220.32,12.58,0.5520,-0.06,-0.116,0.0,188.7
2026-08-08T15:55:44.056030+00:00,1786204544.056,220.52,12.58,0.5520,-0.06,-0.071,0.0,188.7
2026-08-08T15:55:44.259204+00:00,1786204544.259,220.72,12.58,0.5520,-0.06,-0.071,0.0,188.7
2026-08-08T15:55:44.463469+00:00,1786204544.463,220.93,11.95,0.5542,-0.06,-0.151,0.0,188.7
2026-08-08T15:55:44.670663+00:00,1786204544.671,221.13,11.95,0.5542,-0.06,-0.165,0.0,188.7
2026-08-08T15:55:44.873301+00:00,1786204544.873,221.34,11.95,0.5542,-0.06,-0.164,0.0,188.7
2026-08-08T15:55:45.068013+00:00,1786204545.068,221.53,11.30,0.5564,-0.06,-0.261,0.0,188.7
2026-08-08T15:55:45.270144+00:00,1786204545.270,221.73,11.30,0.5564,-0.06,-0.261,0.0,188.7
2026-08-08T15:55:45.474515+00:00,1786204545.474,221.94,11.30,0.5564,-0.06,-0.176,0.0,188.7
2026-08-08T15:55:45.680476+00:00,1786204545.680,222.14,11.30,0.5564,-0.06,-0.175,0.0,188.7
2026-08-08T15:55:45.887238+00:00,1786204545.887,222.35,11.30,0.5564,-0.06,-0.174,0.0,188.7
2026-08-08T15:55:46.083684+00:00,1786204546.084,222.55,10.50,0.5586,-0.06,-0.285,0.0,188.7
2026-08-08T15:55:46.279584+00:00,1786204546.280,222.74,10.50,0.5586,-0.06,-0.286,0.0,188.7
2026-08-08T15:55:46.486438+00:00,1786204546.486,222.95,10.50,0.5586,-0.06,-0.200,0.0,188.7
2026-08-08T15:55:46.688106+00:00,1786204546.688,223.15,10.50,0.5586,-0.06,-0.200,0.0,188.7
2026-08-08T15:55:46.889232+00:00,1786204546.889,223.35,10.50,0.5586,-0.06,-0.200,0.0,188.7
2026-08-08T15:55:47.096294+00:00,1786204547.096,223.56,9.83,0.5608,-0.06,-0.202,0.0,188.7
2026-08-08T15:55:47.303089+00:00,1786204547.303,223.77,9.83,0.5608,-0.06,-0.201,0.0,188.7
2026-08-08T15:55:47.499822+00:00,1786204547.500,223.96,9.66,0.5630,-0.06,-0.225,0.0,188.7
2026-08-08T15:55:47.698652+00:00,1786204547.699,224.16,9.66,0.5630,-0.06,-0.226,0.0,188.7
2026-08-08T15:55:47.899742+00:00,1786204547.900,224.36,9.66,0.5630,-0.06,-0.227,0.0,188.7
2026-08-08T15:55:48.094622+00:00,1786204548.095,224.56,9.66,0.5630,-0.06,-0.115,0.0,188.7
2026-08-08T15:55:48.296730+00:00,1786204548.297,224.76,9.66,0.5630,-0.06,-0.115,0.0,188.7
2026-08-08T15:55:48.504093+00:00,1786204548.504,224.97,9.17,0.5652,-0.06,-0.183,0.0,188.7
2026-08-08T15:55:48.708409+00:00,1786204548.708,225.17,9.17,0.5652,-0.06,-0.183,0.0,188.7
2026-08-08T15:55:48.910672+00:00,1786204548.911,225.37,9.17,0.5652,-0.06,-0.183,0.0,188.7
2026-08-08T15:55:49.113104+00:00,1786204549.113,225.58,9.17,0.5652,-0.06,-0.091,0.0,188.7
2026-08-08T15:55:49.309285+00:00,1786204549.309,225.77,9.17,0.5652,-0.06,-0.092,0.0,188.7
2026-08-08T15:55:49.518621+00:00,1786204549.519,225.98,9.17,0.5652,-0.06,-0.068,0.0,188.7
2026-08-08T15:55:49.721619+00:00,1786204549.722,226.19,9.17,0.5652,-0.06,-0.068,0.0,188.7
2026-08-08T15:55:49.924037+00:00,1786204549.924,226.39,9.17,0.5652,-0.06,-0.068,0.0,188.7
2026-08-08T15:55:50.125720+00:00,1786204550.126,226.59,8.03,0.5674,-0.06,-0.223,0.0,188.7
2026-08-08T15:55:50.328717+00:00,1786204550.329,226.79,8.03,0.5674,-0.06,-0.223,0.0,188.7
2026-08-08T15:55:50.534608+00:00,1786204550.535,227.00,8.03,0.5674,-0.06,-0.155,0.0,188.7
2026-08-08T15:55:50.734659+00:00,1786204550.735,227.20,8.03,0.5674,-0.06,-0.156,0.0,188.7
2026-08-08T15:55:50.939504+00:00,1786204550.939,227.40,8.03,0.5674,-0.06,-0.156,0.0,188.7
2026-08-08T15:55:51.145319+00:00,1786204551.145,227.61,8.03,0.5674,-0.06,-0.155,0.0,188.7
2026-08-08T15:55:51.350564+00:00,1786204551.351,227.81,8.03,0.5674,-0.06,-0.155,0.0,188.7
2026-08-08T15:55:51.550342+00:00,1786204551.550,228.01,8.03,0.5674,-0.06,-0.155,0.0,188.7
2026-08-08T15:55:51.746922+00:00,1786204551.747,228.21,8.03,0.5674,-0.06,-0.156,0.0,188.7
2026-08-08T15:55:51.948428+00:00,1786204551.948,228.41,8.03,0.5674,-0.06,-0.156,0.0,188.7
2026-08-08T15:55:52.148809+00:00,1786204552.149,228.61,0.00,0.5674,-0.06,-1.103,0.0,188.7
2026-08-08T15:55:52.344683+00:00,1786204552.345,228.81,0.00,0.5674,-0.06,-1.107,0.0,188.7
2026-08-08T15:55:52.548399+00:00,1786204552.548,229.01,0.00,0.5674,-0.06,-1.108,0.0,188.7
2026-08-08T15:55:52.751718+00:00,1786204552.752,229.22,0.00,0.5674,-0.06,-1.106,0.0,188.7
2026-08-08T15:55:52.949979+00:00,1786204552.950,229.41,0.00,0.5674,-0.06,-1.110,0.0,188.7
2026-08-08T15:55:53.148605+00:00,1786204553.149,229.61,0.00,0.5674,-0.06,-1.114,0.0,188.7
2026-08-08T15:55:53.355042+00:00,1786204553.355,229.82,0.00,0.5674,-0.06,-1.113,0.0,188.7
2026-08-08T15:55:53.561218+00:00,1786204553.561,230.03,0.00,0.5674,-0.06,-1.109,0.0,188.7
2026-08-08T15:55:53.766610+00:00,1786204553.767,230.23,0.00,0.5674,-0.06,-1.105,0.0,188.7
2026-08-08T15:55:53.966307+00:00,1786204553.966,230.43,0.00,0.5674,-0.06,-1.106,0.0,188.7
2026-08-08T15:55:54.172807+00:00,1786204554.173,230.64,0.00,0.5674,-0.06,0.000,0.0,188.7
2026-08-08T15:55:54.376450+00:00,1786204554.376,230.84,0.00,0.5674,-0.06,0.000,0.0,188.7
2026-08-08T15:55:54.578434+00:00,1786204554.578,231.04,0.00,0.5674,-0.06,0.000,0.0,188.7
2026-08-08T15:55:54.784834+00:00,1786204554.785,231.25,0.00,0.5674,-0.06,0.000,0.0,188.7
2026-08-08T15:55:54.990341+00:00,1786204554.990,231.45,0.00,0.5674,-0.06,0.000,0.0,188.7
2026-08-08T15:55:55.196656+00:00,1786204555.197,231.66,0.00,0.5674,-0.06,0.000,0.0,188.7
2026-08-08T15:55:55.402850+00:00,1786204555.403,231.87,0.00,0.5674,-0.06,0.000,0.0,188.7
2026-08-08T15:55:55.599525+00:00,1786204555.600,232.06,0.00,0.5674,-0.06,0.000,0.0,188.7
2026-08-08T15:55:55.806395+00:00,1786204555.806,232.27,0.00,0.5674,-0.06,0.000,0.0,188.7
2026-08-08T15:55:56.010054+00:00,1786204556.010,232.47,0.00,0.5674,-0.06,0.000,0.0,188.7
2026-08-08T15:55:56.213233+00:00,1786204556.213,232.68,0.00,0.5674,-0.06,0.000,0.0,188.7
2026-08-08T15:55:56.409770+00:00,1786204556.410,232.87,0.00,0.5674,-0.06,0.000,0.0,188.7
2026-08-08T15:55:56.612133+00:00,1786204556.612,233.08,0.00,0.5674,-0.06,0.000,0.0,188.7
2026-08-08T15:55:56.818991+00:00,1786204556.819,233.28,0.00,0.5674,-0.06,0.000,0.0,188.7
2026-08-08T15:55:57.025841+00:00,1786204557.026,233.49,0.00,0.5674,-0.06,0.000,0.0,188.7
2026-08-08T15:55:57.230014+00:00,1786204557.230,233.69,0.00,0.5674,-0.06,0.000,0.0,188.7
2026-08-08T15:55:57.433730+00:00,1786204557.434,233.90,0.00,0.5674,-0.06,0.000,0.0,188.7
2026-08-08T15:55:57.634203+00:00,1786204557.634,234.10,0.00,0.5674,-0.06,0.000,0.0,188.7
2026-08-08T15:55:57.834734+00:00,1786204557.835,234.30,0.00,0.5674,-0.06,0.000,0.0,188.7
2026-08-08T15:55:58.041212+00:00,1786204558.041,234.51,0.00,0.5674,-0.06,0.000,0.0,188.7
2026-08-08T15:55:58.238168+00:00,1786204558.238,234.70,0.00,0.5674,-0.06,0.000,0.0,188.7
2026-08-08T15:55:58.446284+00:00,1786204558.446,234.91,0.00,0.5674,-0.06,0.000,0.0,188.7
2026-08-08T15:55:58.643606+00:00,1786204558.644,235.11,0.00,0.5674,-0.06,0.000,0.0,188.7
2026-08-08T15:55:58.850085+00:00,1786204558.850,235.31,0.00,0.5674,-0.06,0.000,0.0,188.7
2026-08-08T15:55:59.053914+00:00,1786204559.054,235.52,0.00,0.5674,-0.06,0.000,0.0,188.7
2026-08-08T15:55:59.259956+00:00,1786204559.260,235.72,0.00,0.5674,-0.06,0.000,0.0,188.7
2026-08-08T15:55:59.457373+00:00,1786204559.457,235.92,0.00,0.5674,-0.06,0.000,0.0,188.7
2026-08-08T15:55:59.652091+00:00,1786204559.652,236.12,0.00,0.5674,-0.06,0.000,0.0,188.7
2026-08-08T15:55:59.858451+00:00,1786204559.858,236.32,0.00,0.5674,-0.06,0.000,0.0,188.7
2026-08-08T15:56:00.054877+00:00,1786204560.055,236.52,0.00,0.5674,-0.06,0.000,0.0,188.7
2026-08-08T15:56:00.254001+00:00,1786204560.254,236.72,0.00,0.5674,-0.06,0.000,0.0,188.7
2026-08-08T15:56:00.457153+00:00,1786204560.457,236.92,0.00,0.5674,-0.06,0.000,0.0,188.7
2026-08-08T15:56:00.662232+00:00,1786204560.662,237.13,0.00,0.5674,-0.06,0.000,0.0,188.7
2026-08-08T15:56:00.867812+00:00,1786204560.868,237.33,0.00,0.5674,-0.06,0.000,0.0,188.7
2026-08-08T15:56:01.075329+00:00,1786204561.075,237.54,0.00,0.5674,-0.06,0.000,0.0,188.7
2026-08-08T15:56:01.280040+00:00,1786204561.280,237.74,0.00,0.5674,-0.06,0.000,0.0,188.7
2026-08-08T15:56:01.483742+00:00,1786204561.484,237.95,0.00,0.5674,-0.06,0.000,0.0,188.7
2026-08-08T15:56:01.689661+00:00,1786204561.690,238.15,0.00,0.5674,-0.06,0.000,0.0,188.7
2026-08-08T15:56:01.894227+00:00,1786204561.894,238.36,0.00,0.5674,-0.06,0.000,0.0,188.7
2026-08-08T15:56:02.095074+00:00,1786204562.095,238.56,0.00,0.5674,-0.06,0.000,0.0,188.7
2026-08-08T15:56:02.302684+00:00,1786204562.303,238.77,0.00,0.5674,-0.06,0.000,0.0,188.7
2026-08-08T15:56:02.496919+00:00,1786204562.497,238.96,0.00,0.5674,-0.06,0.000,0.0,188.7
2026-08-08T15:56:02.701410+00:00,1786204562.701,239.17,0.00,0.5674,-0.06,0.000,0.0,188.7
2026-08-08T15:56:02.909961+00:00,1786204562.909,239.37,0.00,0.5674,-0.06,0.000,0.0,188.7
2026-08-08T15:56:03.115610+00:00,1786204563.116,239.58,0.00,0.5674,-0.06,0.000,0.0,188.7
2026-08-08T15:56:03.320783+00:00,1786204563.321,239.78,0.00,0.5674,-0.06,0.000,0.0,188.7
2026-08-08T15:56:03.526200+00:00,1786204563.526,239.99,0.00,0.5674,-0.06,0.000,0.0,188.7
2026-08-08T15:56:03.720940+00:00,1786204563.721,240.18,0.00,0.5674,-0.06,0.000,0.0,188.7
2026-08-08T15:56:03.923935+00:00,1786204563.924,240.39,0.00,0.5674,-0.06,0.000,0.0,188.7
2026-08-08T15:56:04.125302+00:00,1786204564.125,240.59,0.00,0.5674,-0.06,0.000,0.0,188.7
2026-08-08T15:56:04.328142+00:00,1786204564.328,240.79,0.00,0.5674,-0.06,0.000,0.0,188.7
2026-08-08T15:56:04.534019+00:00,1786204564.534,241.00,0.00,0.5674,-0.06,0.000,0.0,188.7
2026-08-08T15:56:04.734438+00:00,1786204564.734,241.20,0.00,0.5674,-0.06,0.000,0.0,188.7
2026-08-08T15:56:04.938742+00:00,1786204564.939,241.40,0.00,0.5674,-0.06,0.000,0.0,188.7
2026-08-08T15:56:05.141279+00:00,1786204565.141,241.61,0.00,0.5674,-0.06,0.000,0.0,188.7
2026-08-08T15:56:05.348275+00:00,1786204565.348,241.81,0.00,0.5674,-0.06,0.000,0.0,188.7
2026-08-08T15:56:05.547262+00:00,1786204565.547,242.01,0.00,0.5674,-0.06,0.000,0.0,188.7
2026-08-08T15:56:05.741670+00:00,1786204565.742,242.21,0.00,0.5674,-0.06,0.000,0.0,188.7
2026-08-08T15:56:05.947111+00:00,1786204565.947,242.41,0.00,0.5674,-0.06,0.000,0.0,188.7
2026-08-08T15:56:06.155351+00:00,1786204566.155,242.62,0.00,0.5674,-0.06,0.000,0.0,188.7
2026-08-08T15:56:06.361988+00:00,1786204566.362,242.83,0.00,0.5674,-0.06,0.000,0.0,188.7
2026-08-08T15:56:06.563346+00:00,1786204566.563,243.03,0.00,0.5674,-0.06,0.000,0.0,188.7
2026-08-08T15:56:06.762776+00:00,1786204566.763,243.23,0.00,0.5674,-0.06,0.000,0.0,188.7
2026-08-08T15:56:06.968608+00:00,1786204566.969,243.43,0.00,0.5674,-0.06,0.000,0.0,188.7
2026-08-08T15:56:07.163260+00:00,1786204567.163,243.63,0.00,0.5674,-0.06,0.000,0.0,188.7
2026-08-08T15:56:07.358190+00:00,1786204567.358,243.82,0.00,0.5674,-0.06,0.000,0.0,188.7
2026-08-08T15:56:07.554218+00:00,1786204567.554,244.02,0.00,0.5674,-0.06,0.000,0.0,188.7
2026-08-08T15:56:07.747645+00:00,1786204567.748,244.21,0.00,0.5674,-0.06,0.000,0.0,188.7
2026-08-08T15:56:07.943868+00:00,1786204567.944,244.41,0.00,0.5674,-0.06,0.000,0.0,188.7
2026-08-08T15:56:08.145180+00:00,1786204568.145,244.61,0.00,0.5674,-0.06,0.000,0.0,188.7
2026-08-08T15:56:08.339575+00:00,1786204568.340,244.80,0.00,0.5674,-0.06,0.000,0.0,188.7
2026-08-08T15:56:08.537852+00:00,1786204568.538,245.00,0.00,0.5674,-0.06,0.000,0.0,188.7
2026-08-08T15:56:08.744254+00:00,1786204568.744,245.21,0.00,0.5674,-0.06,0.000,0.0,188.7
2026-08-08T15:56:08.948400+00:00,1786204568.948,245.41,0.00,0.5674,-0.06,0.000,0.0,188.7
2026-08-08T15:56:09.154963+00:00,1786204569.155,245.62,0.00,0.5674,-0.06,0.000,0.0,188.7
2026-08-08T15:56:09.356268+00:00,1786204569.356,245.82,0.00,0.5674,-0.06,0.000,0.0,188.7
2026-08-08T15:56:09.560197+00:00,1786204569.560,246.02,0.00,0.5674,-0.06,0.000,0.0,188.7
2026-08-08T15:56:09.755546+00:00,1786204569.756,246.22,0.00,0.5674,-0.06,0.000,0.0,188.7
2026-08-08T15:56:09.959141+00:00,1786204569.959,246.42,0.00,0.5674,-0.06,0.000,0.0,188.7
2026-08-08T15:56:10.163068+00:00,1786204570.163,246.63,0.00,0.5674,-0.06,0.000,0.0,188.7
2026-08-08T15:56:10.368926+00:00,1786204570.369,246.83,0.00,0.5674,-0.06,0.000,0.0,188.7
2026-08-08T15:56:10.574665+00:00,1786204570.575,247.04,0.00,0.5674,-0.06,0.000,0.0,188.7
2026-08-08T15:56:10.771858+00:00,1786204570.772,247.24,0.00,0.5674,-0.06,0.000,0.0,188.7
2026-08-08T15:56:10.969153+00:00,1786204570.969,247.43,0.00,0.5674,-0.06,0.000,0.0,188.7
2026-08-08T15:56:11.168473+00:00,1786204571.168,247.63,0.00,0.5674,-0.06,0.000,0.0,188.7
2026-08-08T15:56:11.369535+00:00,1786204571.370,247.83,0.00,0.5674,-0.06,0.000,0.0,188.7
2026-08-08T15:56:11.574497+00:00,1786204571.574,248.04,0.00,0.5674,-0.06,0.000,0.0,188.7
2026-08-08T15:56:11.776339+00:00,1786204571.776,248.24,0.00,0.5674,-0.06,0.000,0.0,188.7
2026-08-08T15:56:11.974812+00:00,1786204571.975,248.44,0.00,0.5674,-0.06,0.000,0.0,188.7
2026-08-08T15:56:12.170051+00:00,1786204572.170,248.63,0.00,0.5674,-0.06,0.000,0.0,188.7
2026-08-08T15:56:12.375086+00:00,1786204572.375,248.84,0.00,0.5674,-0.06,0.000,0.0,188.7
2026-08-08T15:56:12.577933+00:00,1786204572.578,249.04,0.00,0.5674,-0.06,0.000,0.0,188.7
2026-08-08T15:56:12.775673+00:00,1786204572.776,249.24,0.00,0.5674,-0.06,0.000,0.0,188.7
2026-08-08T15:56:12.973946+00:00,1786204572.974,249.44,0.00,0.5674,-0.06,0.000,0.0,188.7
2026-08-08T15:56:13.177307+00:00,1786204573.177,249.64,0.00,0.5674,-0.06,0.000,0.0,188.7
2026-08-08T15:56:13.380211+00:00,1786204573.380,249.84,0.00,0.5674,-0.06,0.000,0.0,188.7
2026-08-08T15:56:13.579826+00:00,1786204573.580,250.04,0.00,0.5674,-0.06,0.000,0.0,188.7
2026-08-08T15:56:13.775350+00:00,1786204573.775,250.24,0.00,0.5674,-0.06,0.000,0.0,188.7
2026-08-08T15:56:13.978589+00:00,1786204573.979,250.44,0.00,0.5674,-0.06,0.000,0.0,188.7
2026-08-08T15:56:14.181930+00:00,1786204574.182,250.65,0.00,0.5674,-0.06,0.000,0.0,188.7
2026-08-08T15:56:14.376835+00:00,1786204574.377,250.84,0.00,0.5674,-0.06,0.000,0.0,188.7
2026-08-08T15:56:14.574509+00:00,1786204574.574,251.04,0.00,0.5674,-0.06,0.000,0.0,188.7
2026-08-08T15:56:14.772924+00:00,1786204574.773,251.24,0.00,0.5674,-0.06,0.000,0.0,188.7
2026-08-08T15:56:14.974339+00:00,1786204574.974,251.44,0.00,0.5674,-0.06,0.000,0.0,188.7
2026-08-08T15:56:15.171052+00:00,1786204575.171,251.64,0.00,0.5674,-0.06,0.000,0.0,188.7
2026-08-08T15:56:15.366242+00:00,1786204575.366,251.83,0.00,0.5674,-0.06,0.000,0.0,188.7
2026-08-08T15:56:15.566656+00:00,1786204575.567,252.03,0.00,0.5674,-0.06,0.000,0.0,188.7
2026-08-08T15:56:15.771526+00:00,1786204575.772,252.24,0.00,0.5674,-0.06,0.000,0.0,188.7
2026-08-08T15:56:15.977647+00:00,1786204575.978,252.44,0.00,0.5674,-0.06,0.000,0.0,188.7
2026-08-08T15:56:16.178215+00:00,1786204576.178,252.64,0.00,0.5674,-0.06,0.000,0.0,188.7
2026-08-08T15:56:16.380734+00:00,1786204576.381,252.84,0.00,0.5674,-0.06,0.000,0.0,188.7
2026-08-08T15:56:16.577413+00:00,1786204576.577,253.04,0.00,0.5674,-0.06,0.000,0.0,188.7
2026-08-08T15:56:16.779661+00:00,1786204576.780,253.24,0.00,0.5674,-0.06,0.000,0.0,188.7
2026-08-08T15:56:16.980393+00:00,1786204576.980,253.44,0.00,0.5674,-0.06,0.000,0.0,188.7
2026-08-08T15:56:17.183693+00:00,1786204577.184,253.65,0.00,0.5674,-0.06,0.000,0.0,188.7
2026-08-08T15:56:17.382302+00:00,1786204577.382,253.85,0.00,0.5674,-0.06,0.000,0.0,188.7
2026-08-08T15:56:17.583571+00:00,1786204577.584,254.05,0.00,0.5674,-0.06,0.000,0.0,188.7
2026-08-08T15:56:17.790055+00:00,1786204577.790,254.25,0.00,0.5674,-0.06,0.000,0.0,188.7
2026-08-08T15:56:17.994397+00:00,1786204577.994,254.46,0.00,0.5674,-0.06,0.000,0.0,188.7
2026-08-08T15:56:18.198847+00:00,1786204578.199,254.66,0.00,0.5674,-0.06,0.000,0.0,188.7
2026-08-08T15:56:18.395077+00:00,1786204578.395,254.86,0.00,0.5674,-0.06,0.000,0.0,188.7
2026-08-08T15:56:18.602208+00:00,1786204578.602,255.07,0.00,0.5674,-0.06,0.000,0.0,188.7
2026-08-08T15:56:18.798432+00:00,1786204578.798,255.26,0.00,0.5674,-0.06,0.000,0.0,188.7
2026-08-08T15:56:18.994318+00:00,1786204578.994,255.46,0.00,0.5674,-0.06,0.000,0.0,188.7
2026-08-08T15:56:19.188802+00:00,1786204579.189,255.65,0.00,0.5674,-0.06,0.000,0.0,188.7
2026-08-08T15:56:19.390714+00:00,1786204579.391,255.85,0.00,0.5674,-0.06,0.000,0.0,188.7
2026-08-08T15:56:19.595042+00:00,1786204579.595,256.06,0.00,0.5674,-0.06,0.000,0.0,188.7
2026-08-08T15:56:19.798318+00:00,1786204579.798,256.26,0.00,0.5674,-0.06,0.000,0.0,188.7
2026-08-08T15:56:19.992965+00:00,1786204579.993,256.46,0.00,0.5674,-0.06,0.000,0.0,188.7
2026-08-08T15:56:20.195471+00:00,1786204580.195,256.66,0.00,0.5674,-0.06,0.000,0.0,188.7
2026-08-08T15:56:20.390200+00:00,1786204580.390,256.85,0.00,0.5674,-0.06,0.000,0.0,188.7
2026-08-08T15:56:20.592442+00:00,1786204580.592,257.06,0.00,0.5674,-0.06,0.000,0.0,188.7
2026-08-08T15:56:20.795683+00:00,1786204580.796,257.26,0.00,0.5674,-0.06,0.000,0.0,188.7
2026-08-08T15:56:20.990322+00:00,1786204580.990,257.45,0.00,0.5674,-0.06,0.000,0.0,188.7
2026-08-08T15:56:21.184832+00:00,1786204581.185,257.65,0.00,0.5674,-0.06,0.000,0.0,188.7
2026-08-08T15:56:21.379562+00:00,1786204581.380,257.84,0.00,0.5674,-0.06,0.000,0.0,188.7
2026-08-08T15:56:21.585540+00:00,1786204581.585,258.05,0.00,0.5674,-0.06,0.000,0.0,188.7
2026-08-08T15:56:21.791059+00:00,1786204581.791,258.26,0.00,0.5674,-0.06,0.000,0.0,188.7
2026-08-08T15:56:21.998145+00:00,1786204581.998,258.46,0.00,0.5674,-0.06,0.000,0.0,188.7
2026-08-08T15:56:22.204861+00:00,1786204582.205,258.67,0.00,0.5674,-0.06,0.000,0.0,188.7
2026-08-08T15:56:22.407337+00:00,1786204582.407,258.87,0.00,0.5674,-0.06,0.000,0.0,188.7
2026-08-08T15:56:22.602928+00:00,1786204582.603,259.07,0.00,0.5674,-0.06,0.000,0.0,188.7
2026-08-08T15:56:22.807870+00:00,1786204582.808,259.27,0.00,0.5674,-0.06,0.000,0.0,188.7
2026-08-08T15:56:23.014519+00:00,1786204583.015,259.48,0.00,0.5674,-0.06,0.000,0.0,188.7
2026-08-08T15:56:23.216707+00:00,1786204583.217,259.68,0.00,0.5674,-0.06,0.000,0.0,188.7
2026-08-08T15:56:23.422843+00:00,1786204583.423,259.89,0.00,0.5674,-0.06,0.000,0.0,188.7
2026-08-08T15:56:23.625575+00:00,1786204583.626,260.09,0.00,0.5674,-0.06,0.000,0.0,188.7
2026-08-08T15:56:23.830152+00:00,1786204583.830,260.29,0.00,0.5674,-0.06,0.000,0.0,188.7
2026-08-08T15:56:24.034495+00:00,1786204584.034,260.50,0.00,0.5674,-0.06,0.000,0.0,188.7
2026-08-08T15:56:24.232027+00:00,1786204584.232,260.70,0.00,0.5674,-0.06,0.000,0.0,188.7
2026-08-08T15:56:24.434645+00:00,1786204584.435,260.90,0.00,0.5674,-0.06,0.000,0.0,188.7
2026-08-08T15:56:24.637837+00:00,1786204584.638,261.10,0.00,0.5674,-0.06,0.000,0.0,188.7
2026-08-08T15:56:24.842614+00:00,1786204584.843,261.31,0.00,0.5674,-0.06,0.000,0.0,188.7
2026-08-08T15:56:25.039335+00:00,1786204585.039,261.50,0.00,0.5674,-0.06,0.000,0.0,188.7
2026-08-08T15:56:25.241631+00:00,1786204585.242,261.71,0.00,0.5674,-0.06,0.000,0.0,188.7
2026-08-08T15:56:25.450179+00:00,1786204585.450,261.91,0.00,0.5674,-0.06,0.000,0.0,188.7
2026-08-08T15:56:25.656552+00:00,1786204585.657,262.12,0.00,0.5674,-0.06,0.000,0.0,188.7
2026-08-08T15:56:25.860156+00:00,1786204585.860,262.32,0.00,0.5674,-0.06,0.000,0.0,188.7
2026-08-08T15:56:26.061785+00:00,1786204586.062,262.53,0.00,0.5674,-0.06,0.000,0.0,188.7
2026-08-08T15:56:26.268077+00:00,1786204586.268,262.73,0.00,0.5674,-0.06,0.000,0.0,188.7
2026-08-08T15:56:26.471178+00:00,1786204586.471,262.94,0.00,0.5674,-0.06,0.000,0.0,188.7
2026-08-08T15:56:26.673873+00:00,1786204586.674,263.14,0.00,0.5674,-0.06,0.000,0.0,188.7
2026-08-08T15:56:26.880158+00:00,1786204586.880,263.34,0.00,0.5674,-0.06,0.000,0.0,188.7
2026-08-08T15:56:27.083601+00:00,1786204587.084,263.55,0.00,0.5674,-0.06,0.000,0.0,188.7
2026-08-08T15:56:27.290060+00:00,1786204587.290,263.75,0.00,0.5674,-0.06,0.000,0.0,188.7
2026-08-08T15:56:27.493333+00:00,1786204587.493,263.96,0.00,0.5674,-0.06,0.000,0.0,188.7
2026-08-08T15:56:27.698338+00:00,1786204587.698,264.16,0.00,0.5674,-0.06,0.000,0.0,188.7
2026-08-08T15:56:27.905290+00:00,1786204587.905,264.37,0.00,0.5674,-0.06,0.000,0.0,188.7
2026-08-08T15:56:28.108299+00:00,1786204588.108,264.57,0.00,0.5674,-0.06,0.000,0.0,188.7
2026-08-08T15:56:28.311959+00:00,1786204588.312,264.78,0.00,0.5674,-0.06,0.000,0.0,188.7
2026-08-08T15:56:28.514220+00:00,1786204588.514,264.98,0.00,0.5674,-0.06,0.000,0.0,188.7
2026-08-08T15:56:28.716832+00:00,1786204588.717,265.18,0.00,0.5674,-0.06,0.000,0.0,188.7
2026-08-08T15:56:28.920381+00:00,1786204588.920,265.38,0.00,0.5674,-0.06,0.000,0.0,188.7
2026-08-08T15:56:29.125393+00:00,1786204589.125,265.59,0.00,0.5674,-0.06,0.000,0.0,188.7
2026-08-08T15:56:29.329002+00:00,1786204589.329,265.79,0.00,0.5674,-0.06,0.000,0.0,188.7
2026-08-08T15:56:29.532030+00:00,1786204589.532,266.00,0.00,0.5674,-0.06,0.000,0.0,188.7
2026-08-08T15:56:29.736063+00:00,1786204589.736,266.20,0.00,0.5674,-0.06,0.000,0.0,188.7
2026-08-08T15:56:29.939340+00:00,1786204589.939,266.40,0.00,0.5674,-0.06,0.000,0.0,188.7
2026-08-08T15:56:30.142206+00:00,1786204590.142,266.61,0.00,0.5674,-0.06,0.000,0.0,188.7
2026-08-08T15:56:30.343160+00:00,1786204590.343,266.81,0.00,0.5674,-0.06,0.000,0.0,188.7
2026-08-08T15:56:30.547788+00:00,1786204590.548,267.01,0.00,0.5674,-0.06,0.000,0.0,188.7
2026-08-08T15:56:30.752465+00:00,1786204590.752,267.22,0.00,0.5674,-0.06,0.000,0.0,188.7
2026-08-08T15:56:30.955473+00:00,1786204590.955,267.42,0.00,0.5674,-0.06,0.000,0.0,188.7
2026-08-08T15:56:31.158536+00:00,1786204591.159,267.62,0.00,0.5674,-0.06,0.000,0.0,188.7
2026-08-08T15:56:31.362225+00:00,1786204591.362,267.83,0.00,0.5674,-0.06,0.000,0.0,188.7
2026-08-08T15:56:31.562802+00:00,1786204591.563,268.03,0.00,0.5674,-0.06,0.000,0.0,188.7
2026-08-08T15:56:31.765945+00:00,1786204591.766,268.23,0.00,0.5674,-0.06,0.000,0.0,188.7
2026-08-08T15:56:31.967453+00:00,1786204591.967,268.43,0.00,0.5674,-0.06,0.000,0.0,188.7
2026-08-08T15:56:32.172342+00:00,1786204592.172,268.64,0.00,0.5674,-0.06,0.000,0.0,188.7
2026-08-08T15:56:32.378183+00:00,1786204592.378,268.84,0.00,0.5674,-0.06,0.000,0.0,188.7
2026-08-08T15:56:32.584046+00:00,1786204592.584,269.05,0.00,0.5674,-0.06,0.000,0.0,188.7
2026-08-08T15:56:32.785410+00:00,1786204592.785,269.25,0.00,0.5674,-0.06,0.000,0.0,188.7
2026-08-08T15:56:32.988611+00:00,1786204592.989,269.45,0.00,0.5674,-0.06,0.000,0.0,188.7
2026-08-08T15:56:33.191252+00:00,1786204593.191,269.66,0.00,0.5674,-0.06,0.000,0.0,188.7
2026-08-08T15:56:33.394022+00:00,1786204593.394,269.86,0.00,0.5674,-0.06,0.000,0.0,188.7
2026-08-08T15:56:33.598858+00:00,1786204593.599,270.06,0.00,0.5674,-0.06,0.000,0.0,188.7
2026-08-08T15:56:33.803658+00:00,1786204593.804,270.27,0.00,0.5674,-0.06,0.000,0.0,188.7
2026-08-08T15:56:34.006001+00:00,1786204594.006,270.47,0.00,0.5674,-0.06,0.000,0.0,188.7
2026-08-08T15:56:34.210487+00:00,1786204594.210,270.67,0.00,0.5674,-0.06,0.000,0.0,188.7
2026-08-08T15:56:34.415128+00:00,1786204594.415,270.88,0.00,0.5674,-0.06,0.000,0.0,188.7
2026-08-08T15:56:34.617680+00:00,1786204594.618,271.08,0.00,0.5674,-0.06,0.000,0.0,188.7
2026-08-08T15:56:34.821587+00:00,1786204594.822,271.29,0.00,0.5674,-0.06,0.000,0.0,188.7
2026-08-08T15:56:35.024443+00:00,1786204595.024,271.49,0.00,0.5674,-0.06,0.000,0.0,188.7
2026-08-08T15:56:35.227183+00:00,1786204595.227,271.69,0.00,0.5674,-0.06,0.000,0.0,188.7
2026-08-08T15:56:35.431010+00:00,1786204595.431,271.90,0.00,0.5674,-0.06,0.000,0.0,188.7
2026-08-08T15:56:35.632840+00:00,1786204595.633,272.10,0.00,0.5674,-0.06,0.000,0.0,188.7
2026-08-08T15:56:35.834784+00:00,1786204595.835,272.30,0.00,0.5674,-0.06,0.000,0.0,188.7
2026-08-08T15:56:36.029669+00:00,1786204596.030,272.49,0.00,0.5674,-0.06,0.000,0.0,188.7
2026-08-08T15:56:36.231479+00:00,1786204596.231,272.70,0.00,0.5674,-0.06,0.000,0.0,188.7
2026-08-08T15:56:36.435207+00:00,1786204596.435,272.90,0.00,0.5674,-0.06,0.000,0.0,188.7
2026-08-08T15:56:36.637312+00:00,1786204596.637,273.10,0.00,0.5674,-0.06,0.000,0.0,188.7
2026-08-08T15:56:36.840798+00:00,1786204596.841,273.30,0.00,0.5674,-0.06,0.000,0.0,188.7
2026-08-08T15:56:37.043664+00:00,1786204597.044,273.51,0.00,0.5674,-0.06,0.000,0.0,188.7
2026-08-08T15:56:37.246720+00:00,1786204597.247,273.71,0.00,0.5674,-0.06,0.000,0.0,188.7
2026-08-08T15:56:37.450790+00:00,1786204597.451,273.91,0.00,0.5674,-0.06,0.000,0.0,188.7
2026-08-08T15:56:37.652977+00:00,1786204597.653,274.12,0.00,0.5674,-0.06,0.000,0.0,188.7
2026-08-08T15:56:37.854049+00:00,1786204597.854,274.32,0.00,0.5674,-0.06,0.000,0.0,188.7
2026-08-08T15:56:38.056981+00:00,1786204598.057,274.52,0.00,0.5674,-0.06,0.000,0.0,188.7
2026-08-08T15:56:38.259382+00:00,1786204598.259,274.72,0.00,0.5674,-0.06,0.000,0.0,188.7
2026-08-08T15:56:38.463473+00:00,1786204598.463,274.93,0.00,0.5674,-0.06,0.000,0.0,188.7
2026-08-08T15:56:38.665173+00:00,1786204598.665,275.13,0.00,0.5674,-0.06,0.000,0.0,188.7
2026-08-08T15:56:38.871191+00:00,1786204598.871,275.34,0.00,0.5674,-0.06,0.000,0.0,188.7
2026-08-08T15:56:39.073753+00:00,1786204599.074,275.54,0.00,0.5674,-0.06,0.000,0.0,188.7
2026-08-08T15:56:39.274741+00:00,1786204599.275,275.74,0.00,0.5674,-0.06,0.000,0.0,188.7
2026-08-08T15:56:39.476129+00:00,1786204599.476,275.94,0.00,0.5674,-0.06,0.000,0.0,188.7
2026-08-08T15:56:39.677897+00:00,1786204599.678,276.14,0.00,0.5674,-0.06,0.000,0.0,188.7
2026-08-08T15:56:39.879573+00:00,1786204599.880,276.34,0.00,0.5674,-0.06,0.000,0.0,188.7
2026-08-08T15:56:40.081624+00:00,1786204600.082,276.55,0.00,0.5674,-0.06,0.000,0.0,188.7
2026-08-08T15:56:40.283723+00:00,1786204600.284,276.75,0.00,0.5674,-0.06,0.000,0.0,188.7
2026-08-08T15:56:40.490013+00:00,1786204600.490,276.95,0.00,0.5674,-0.06,0.000,0.0,188.7
2026-08-08T15:56:40.690291+00:00,1786204600.690,277.15,0.00,0.5674,-0.06,0.000,0.0,188.7
2026-08-08T15:56:40.895824+00:00,1786204600.896,277.36,0.00,0.5674,-0.06,0.000,0.0,188.7
2026-08-08T15:56:41.098403+00:00,1786204601.098,277.56,0.00,0.5674,-0.06,0.000,0.0,188.7
2026-08-08T15:56:41.299801+00:00,1786204601.300,277.76,0.00,0.5674,-0.06,0.000,0.0,188.7
2026-08-08T15:56:41.502613+00:00,1786204601.503,277.97,0.00,0.5674,-0.06,0.000,0.0,188.7
2026-08-08T15:56:41.703571+00:00,1786204601.704,278.17,0.00,0.5674,-0.06,0.000,0.0,188.7
2026-08-08T15:56:41.906523+00:00,1786204601.907,278.37,0.00,0.5674,-0.06,0.000,0.0,188.7
2026-08-08T15:56:42.104092+00:00,1786204602.104,278.57,0.00,0.5674,-0.06,0.000,0.0,188.7
2026-08-08T15:56:42.307479+00:00,1786204602.307,278.77,0.00,0.5674,-0.06,0.000,0.0,188.7
2026-08-08T15:56:42.511108+00:00,1786204602.511,278.98,0.00,0.5674,-0.06,0.000,0.0,188.7
2026-08-08T15:56:42.710199+00:00,1786204602.710,279.17,0.00,0.5674,-0.06,0.000,0.0,188.7
2026-08-08T15:56:42.914848+00:00,1786204602.915,279.38,0.00,0.5674,-0.06,0.000,0.0,188.7
2026-08-08T15:56:43.117155+00:00,1786204603.117,279.58,0.00,0.5674,-0.06,0.000,0.0,188.7
2026-08-08T15:56:43.322273+00:00,1786204603.322,279.79,0.00,0.5674,-0.06,0.000,0.0,188.7
2026-08-08T15:56:43.524129+00:00,1786204603.524,279.99,0.00,0.5674,-0.06,0.000,0.0,188.7
2026-08-08T15:56:43.725539+00:00,1786204603.726,280.19,0.00,0.5674,-0.06,0.000,0.0,188.7
2026-08-08T15:56:43.928731+00:00,1786204603.929,280.39,0.00,0.5674,-0.06,0.000,0.0,188.7
2026-08-08T15:56:44.132322+00:00,1786204604.132,280.60,0.00,0.5674,-0.06,0.000,0.0,188.7
2026-08-08T15:56:44.338652+00:00,1786204604.339,280.80,0.00,0.5674,-0.06,0.000,0.0,188.7
2026-08-08T15:56:44.541935+00:00,1786204604.542,281.01,0.00,0.5674,-0.06,0.000,0.0,188.7
2026-08-08T15:56:44.745945+00:00,1786204604.746,281.21,0.00,0.5674,-0.06,0.000,0.0,188.7
2026-08-08T15:56:44.947478+00:00,1786204604.947,281.41,0.00,0.5674,-0.06,0.000,0.0,188.7
2026-08-08T15:56:45.149772+00:00,1786204605.150,281.61,0.00,0.5674,-0.06,0.000,0.0,188.7
2026-08-08T15:56:45.353237+00:00,1786204605.353,281.82,0.00,0.5674,-0.06,0.000,0.0,188.7
2026-08-08T15:56:45.554884+00:00,1786204605.555,282.02,0.00,0.5674,-0.06,0.000,0.0,188.7
2026-08-08T15:56:45.758546+00:00,1786204605.759,282.22,0.00,0.5674,-0.06,0.000,0.0,188.7
2026-08-08T15:56:45.961640+00:00,1786204605.962,282.43,0.00,0.5674,-0.06,0.000,0.0,188.7
2026-08-08T15:56:46.164401+00:00,1786204606.164,282.63,0.00,0.5674,-0.06,0.000,0.0,188.7
2026-08-08T15:56:46.366438+00:00,1786204606.366,282.83,0.00,0.5674,-0.06,0.000,0.0,188.7
2026-08-08T15:56:46.566527+00:00,1786204606.567,283.03,0.00,0.5674,-0.06,0.000,0.0,188.7
2026-08-08T15:56:46.769009+00:00,1786204606.769,283.23,0.00,0.5674,-0.06,0.000,0.0,188.7
2026-08-08T15:56:46.964822+00:00,1786204606.965,283.43,0.00,0.5674,-0.06,0.000,0.0,188.7
2026-08-08T15:56:47.167290+00:00,1786204607.167,283.63,0.00,0.5674,-0.06,0.000,0.0,188.7
2026-08-08T15:56:47.369228+00:00,1786204607.369,283.83,0.00,0.5674,-0.06,0.000,0.0,188.7
2026-08-08T15:56:47.567986+00:00,1786204607.568,284.03,0.00,0.5674,-0.06,0.000,0.0,188.7
2026-08-08T15:56:47.773360+00:00,1786204607.773,284.24,0.00,0.5674,-0.06,0.000,0.0,188.7
2026-08-08T15:56:47.975730+00:00,1786204607.976,284.44,0.00,0.5674,-0.06,0.000,0.0,188.7
2026-08-08T15:56:48.178254+00:00,1786204608.178,284.64,0.00,0.5674,-0.06,0.000,0.0,188.7
2026-08-08T15:56:48.380070+00:00,1786204608.380,284.84,0.00,0.5674,-0.06,0.000,0.0,188.7
2026-08-08T15:56:48.579914+00:00,1786204608.580,285.04,0.00,0.5674,-0.06,0.000,0.0,188.7
2026-08-08T15:56:48.782699+00:00,1786204608.783,285.25,0.00,0.5674,-0.06,0.000,0.0,188.7
2026-08-08T15:56:48.985022+00:00,1786204608.985,285.45,0.00,0.5674,-0.06,0.000,0.0,188.7
2026-08-08T15:56:49.186907+00:00,1786204609.187,285.65,0.00,0.5674,-0.06,0.000,0.0,188.7
2026-08-08T15:56:49.389555+00:00,1786204609.390,285.85,0.00,0.5674,-0.06,0.000,0.0,188.7
2026-08-08T15:56:49.589989+00:00,1786204609.590,286.05,0.00,0.5674,-0.06,0.000,0.0,188.7
2026-08-08T15:56:49.792324+00:00,1786204609.792,286.26,0.00,0.5674,-0.06,0.000,0.0,188.7
2026-08-08T15:56:49.995143+00:00,1786204609.995,286.46,0.00,0.5674,-0.06,0.000,0.0,188.7
2026-08-08T15:56:50.197543+00:00,1786204610.198,286.66,0.00,0.5674,-0.06,0.000,0.0,188.7
2026-08-08T15:56:50.402953+00:00,1786204610.403,286.87,0.00,0.5674,-0.06,0.000,0.0,188.7
2026-08-08T15:56:50.604758+00:00,1786204610.605,287.07,0.00,0.5674,-0.06,0.000,0.0,188.7
2026-08-08T15:56:50.806369+00:00,1786204610.806,287.27,0.00,0.5674,-0.06,0.000,0.0,188.7
2026-08-08T15:56:51.007370+00:00,1786204611.007,287.47,0.00,0.5674,-0.06,0.000,0.0,188.7
2026-08-08T15:56:51.209382+00:00,1786204611.209,287.67,0.00,0.5674,-0.06,0.000,0.0,188.7
2026-08-08T15:56:51.412969+00:00,1786204611.413,287.88,0.00,0.5674,-0.06,0.000,0.0,188.7
2026-08-08T15:56:51.617261+00:00,1786204611.617,288.08,0.00,0.5674,-0.06,0.000,0.0,188.7
2026-08-08T15:56:51.819485+00:00,1786204611.819,288.28,0.00,0.5674,-0.06,0.000,0.0,188.7
2026-08-08T15:56:52.021958+00:00,1786204612.022,288.49,0.00,0.5674,-0.06,0.000,0.0,188.7
2026-08-08T15:56:52.224237+00:00,1786204612.224,288.69,0.00,0.5674,-0.06,0.000,0.0,188.7
2026-08-08T15:56:52.426456+00:00,1786204612.426,288.89,0.00,0.5674,-0.06,0.000,0.0,188.7
2026-08-08T15:56:52.626466+00:00,1786204612.626,289.09,0.00,0.5674,-0.06,0.000,0.0,188.7
2026-08-08T15:56:52.828763+00:00,1786204612.829,289.29,0.00,0.5674,-0.06,0.000,0.0,188.7
2026-08-08T15:56:53.031087+00:00,1786204613.031,289.50,0.00,0.5674,-0.06,0.000,0.0,188.7
2026-08-08T15:56:53.233142+00:00,1786204613.233,289.70,0.00,0.5674,-0.06,0.000,0.0,188.7
2026-08-08T15:56:53.435320+00:00,1786204613.435,289.90,0.00,0.5674,-0.06,0.000,0.0,188.7
2026-08-08T15:56:53.634554+00:00,1786204613.635,290.10,0.00,0.5674,-0.06,0.000,0.0,188.7
2026-08-08T15:56:53.836700+00:00,1786204613.837,290.30,0.00,0.5674,-0.06,0.000,0.0,188.7
2026-08-08T15:56:54.039170+00:00,1786204614.039,290.50,0.00,0.5674,-0.06,0.000,0.0,188.7
2026-08-08T15:56:54.240853+00:00,1786204614.241,290.70,0.00,0.5674,-0.06,0.000,0.0,188.7
2026-08-08T15:56:54.442381+00:00,1786204614.442,290.91,0.00,0.5674,-0.06,0.000,0.0,188.7
2026-08-08T15:56:54.643286+00:00,1786204614.643,291.11,0.00,0.5674,-0.06,0.000,0.0,188.7
2026-08-08T15:56:54.845735+00:00,1786204614.846,291.31,0.00,0.5674,-0.06,0.000,0.0,188.7
2026-08-08T15:56:55.050214+00:00,1786204615.050,291.51,0.00,0.5674,-0.06,0.000,0.0,188.7
2026-08-08T15:56:55.252303+00:00,1786204615.252,291.72,0.00,0.5674,-0.06,0.000,0.0,188.7
2026-08-08T15:56:55.454410+00:00,1786204615.454,291.92,0.00,0.5674,-0.06,0.000,0.0,188.7
2026-08-08T15:56:55.654267+00:00,1786204615.654,292.12,0.00,0.5674,-0.06,0.000,0.0,188.7
2026-08-08T15:56:55.859007+00:00,1786204615.859,292.32,0.00,0.5674,-0.06,0.000,0.0,188.7
2026-08-08T15:56:56.063568+00:00,1786204616.064,292.53,0.00,0.5674,-0.06,0.000,0.0,188.7
2026-08-08T15:56:56.265316+00:00,1786204616.265,292.73,0.00,0.5674,-0.06,0.000,0.0,188.7
2026-08-08T15:56:56.468016+00:00,1786204616.468,292.93,0.00,0.5674,-0.06,0.000,0.0,188.7
2026-08-08T15:56:56.668492+00:00,1786204616.668,293.13,0.00,0.5674,-0.06,0.000,0.0,188.7
2026-08-08T15:56:56.871108+00:00,1786204616.871,293.34,0.00,0.5674,-0.06,0.000,0.0,188.7
2026-08-08T15:56:57.073054+00:00,1786204617.073,293.54,0.00,0.5674,-0.06,0.000,0.0,188.7
2026-08-08T15:56:57.274883+00:00,1786204617.275,293.74,0.00,0.5674,-0.06,0.000,0.0,188.7
2026-08-08T15:56:57.475518+00:00,1786204617.476,293.94,0.00,0.5674,-0.06,0.000,0.0,188.7
2026-08-08T15:56:57.673077+00:00,1786204617.673,294.14,0.00,0.5674,-0.06,0.000,0.0,188.7
2026-08-08T15:56:57.874899+00:00,1786204617.875,294.34,0.00,0.5674,-0.06,0.000,0.0,188.7
2026-08-08T15:56:58.077196+00:00,1786204618.077,294.54,0.00,0.5674,-0.06,0.000,0.0,188.7
2026-08-08T15:56:58.279122+00:00,1786204618.279,294.74,0.00,0.5674,-0.06,0.000,0.0,188.7
2026-08-08T15:56:58.481077+00:00,1786204618.481,294.95,0.00,0.5674,-0.06,0.000,0.0,188.7
2026-08-08T15:56:58.680491+00:00,1786204618.680,295.14,0.00,0.5674,-0.06,0.000,0.0,188.7
2026-08-08T15:56:58.882796+00:00,1786204618.883,295.35,0.00,0.5674,-0.06,0.000,0.0,188.7
2026-08-08T15:56:59.085023+00:00,1786204619.085,295.55,0.00,0.5674,-0.06,0.000,0.0,188.7
2026-08-08T15:56:59.286776+00:00,1786204619.287,295.75,0.00,0.5674,-0.06,0.000,0.0,188.7
2026-08-08T15:56:59.488509+00:00,1786204619.488,295.95,0.00,0.5674,-0.06,0.000,0.0,188.7
2026-08-08T15:56:59.691626+00:00,1786204619.692,296.16,0.43,0.5696,-0.06,0.060,0.0,188.7
2026-08-08T15:56:59.895955+00:00,1786204619.896,296.36,0.43,0.5696,-0.06,0.060,0.0,188.7
2026-08-08T15:57:00.098036+00:00,1786204620.098,296.56,0.43,0.5696,-0.06,0.060,0.0,188.7
2026-08-08T15:57:00.299613+00:00,1786204620.300,296.76,0.43,0.5696,-0.06,0.060,0.0,188.7
2026-08-08T15:57:00.501265+00:00,1786204620.501,296.97,0.43,0.5696,-0.06,0.060,0.0,188.7
2026-08-08T15:57:00.701003+00:00,1786204620.701,297.17,0.43,0.5718,-0.06,0.060,0.0,188.7
2026-08-08T15:57:00.903234+00:00,1786204620.903,297.37,0.43,0.5718,-0.06,0.060,0.0,188.7
2026-08-08T15:57:01.105836+00:00,1786204621.106,297.57,0.43,0.5718,-0.06,0.059,0.0,188.7
2026-08-08T15:57:01.307291+00:00,1786204621.307,297.77,0.43,0.5718,-0.06,0.060,0.0,188.7
2026-08-08T15:57:01.509191+00:00,1786204621.509,297.97,0.43,0.5718,-0.06,0.059,0.0,188.7
2026-08-08T15:57:01.708186+00:00,1786204621.708,298.17,0.43,0.5718,-0.06,0.000,0.0,188.7
2026-08-08T15:57:01.908690+00:00,1786204621.909,298.37,0.43,0.5718,-0.06,0.000,0.0,188.7
2026-08-08T15:57:02.114898+00:00,1786204622.115,298.58,0.43,0.5718,-0.06,0.000,0.0,188.7
2026-08-08T15:57:02.316535+00:00,1786204622.317,298.78,0.43,0.5740,-0.06,0.000,0.0,188.7
2026-08-08T15:57:02.517895+00:00,1786204622.518,298.98,0.43,0.5740,-0.06,0.000,0.0,188.7
2026-08-08T15:57:02.722786+00:00,1786204622.723,299.19,0.43,0.5762,-0.06,0.000,0.0,188.7
2026-08-08T15:57:02.925308+00:00,1786204622.925,299.39,0.43,0.5762,-0.06,0.000,0.0,188.7
2026-08-08T15:57:03.127433+00:00,1786204623.127,299.59,0.43,0.5762,-0.06,0.000,0.0,188.7
2026-08-08T15:57:03.331699+00:00,1786204623.332,299.80,8.58,0.5784,-0.06,1.119,12.1,188.7
2026-08-08T15:57:03.534055+00:00,1786204623.534,300.00,8.58,0.5784,-0.06,1.119,23.6,188.7
2026-08-08T15:57:03.739887+00:00,1786204623.740,300.20,8.58,0.5784,-0.06,1.115,35.1,188.7
2026-08-08T15:57:03.939039+00:00,1786204623.939,300.40,8.58,0.5784,-0.06,1.116,46.5,188.7
2026-08-08T15:57:04.138965+00:00,1786204624.139,300.60,8.58,0.5784,-0.06,1.119,58.0,188.7
2026-08-08T15:57:04.339677+00:00,1786204624.340,300.80,9.91,0.5806,-0.06,1.303,73.5,188.7
2026-08-08T15:57:04.540404+00:00,1786204624.540,301.00,9.91,0.5806,-0.06,1.303,88.9,188.7
2026-08-08T15:57:04.740301+00:00,1786204624.740,301.20,11.99,0.5828,-0.06,1.593,111.7,188.7
2026-08-08T15:57:04.938206+00:00,1786204624.938,301.40,11.99,0.5828,-0.06,1.597,134.6,188.7
2026-08-08T15:57:05.135667+00:00,1786204625.136,301.60,11.99,0.5828,-0.06,1.600,157.6,188.7
2026-08-08T15:57:05.397707+00:00,1786204625.398,301.86,13.25,0.5850,-0.06,0.628,168.1,188.7
2026-08-08T15:57:05.602957+00:00,1786204625.603,302.07,13.25,0.5850,-0.06,0.627,178.7,188.7
2026-08-08T15:57:05.801380+00:00,1786204625.801,302.27,14.13,0.5872,-0.06,0.748,192.0,188.7
2026-08-08T15:57:06.010628+00:00,1786204626.011,302.47,14.13,0.5872,-0.06,0.744,205.3,188.7
2026-08-08T15:57:06.207398+00:00,1786204626.207,302.67,14.13,0.5872,-0.06,0.745,218.6,188.7
2026-08-08T15:57:06.407135+00:00,1786204626.407,302.87,15.28,0.5916,-0.06,0.721,232.7,188.7
2026-08-08T15:57:06.610652+00:00,1786204626.611,303.07,15.28,0.5916,-0.06,0.720,246.8,188.7
2026-08-08T15:57:06.805205+00:00,1786204626.805,303.27,15.28,0.5916,-0.06,0.442,255.9,188.7
2026-08-08T15:57:07.007687+00:00,1786204627.008,303.47,14.80,0.5938,-0.06,0.377,263.6,188.7
2026-08-08T15:57:07.209391+00:00,1786204627.209,303.67,14.80,0.5938,-0.06,0.377,271.3,188.7
2026-08-08T15:57:07.404372+00:00,1786204627.404,303.87,14.80,0.5938,-0.06,0.215,264.8,188.7
2026-08-08T15:57:07.607551+00:00,1786204627.608,304.07,14.38,0.5960,-0.06,0.156,257.0,188.7
2026-08-08T15:57:07.814207+00:00,1786204627.814,304.28,14.38,0.5960,-0.06,0.000,246.7,188.7
2026-08-08T15:57:08.008910+00:00,1786204628.009,304.47,14.38,0.5960,-0.06,0.000,236.4,188.7
2026-08-08T15:57:08.205295+00:00,1786204628.205,304.67,15.74,0.5982,-0.06,0.224,230.4,188.7
2026-08-08T15:57:08.411648+00:00,1786204628.412,304.88,15.74,0.5982,-0.06,0.064,217.5,188.7
2026-08-08T15:57:08.607980+00:00,1786204628.608,305.07,15.74,0.5982,-0.06,0.064,204.7,188.7
2026-08-08T15:57:08.804667+00:00,1786204628.805,305.27,14.44,0.6004,-0.06,-0.117,181.1,188.7
2026-08-08T15:57:09.012031+00:00,1786204629.012,305.48,14.44,0.6004,-0.06,-0.051,158.5,188.7
2026-08-08T15:57:09.207492+00:00,1786204629.207,305.67,14.44,0.6004,-0.06,-0.051,135.9,188.7
2026-08-08T15:57:09.404791+00:00,1786204629.405,305.87,17.58,0.6048,-0.06,0.385,134.9,188.7
2026-08-08T15:57:09.611107+00:00,1786204629.611,306.08,17.58,0.6048,-0.06,0.444,135.2,188.7
2026-08-08T15:57:09.807668+00:00,1786204629.808,306.27,17.58,0.6048,-0.06,0.446,132.8,188.7
2026-08-08T15:57:10.009156+00:00,1786204630.009,306.47,15.89,0.6070,-0.06,0.210,124.9,188.7
2026-08-08T15:57:10.212914+00:00,1786204630.213,306.68,15.89,0.6070,-0.06,0.000,113.1,188.7
2026-08-08T15:57:10.408377+00:00,1786204630.408,306.87,15.89,0.6070,-0.06,0.000,100.5,188.7
2026-08-08T15:57:10.606335+00:00,1786204630.606,307.07,17.57,0.6092,-0.06,0.255,93.4,188.7
2026-08-08T15:57:10.813877+00:00,1786204630.814,307.28,17.57,0.6092,-0.06,0.434,95.0,188.7
2026-08-08T15:57:11.010211+00:00,1786204631.010,307.47,17.57,0.6092,-0.06,0.436,98.0,188.7
2026-08-08T15:57:11.209100+00:00,1786204631.209,307.67,17.46,0.6136,-0.06,0.420,100.6,188.7
2026-08-08T15:57:11.414319+00:00,1786204631.414,307.88,17.46,0.6136,-0.06,0.000,97.5,188.7
2026-08-08T15:57:11.609198+00:00,1786204631.609,308.07,17.46,0.6136,-0.06,0.000,95.6,188.7
2026-08-08T15:57:11.805827+00:00,1786204631.806,308.27,17.59,0.6158,-0.06,0.000,96.3,188.7
2026-08-08T15:57:12.011395+00:00,1786204632.011,308.48,17.59,0.6158,-0.06,0.235,101.7,188.7
2026-08-08T15:57:12.215332+00:00,1786204632.215,308.68,17.59,0.6158,-0.06,0.235,102.9,188.7
2026-08-08T15:57:12.428990+00:00,1786204632.429,308.89,17.58,0.6180,-0.06,0.232,106.9,188.7
2026-08-08T15:57:12.632729+00:00,1786204632.633,309.10,17.58,0.6180,-0.06,0.000,106.1,188.7
2026-08-08T15:57:12.838745+00:00,1786204632.839,309.30,17.58,0.6180,-0.06,0.000,108.8,188.7
2026-08-08T15:57:13.217656+00:00,1786204633.218,309.68,17.51,0.6223,-0.06,0.000,110.3,188.7
2026-08-08T15:57:13.420836+00:00,1786204633.421,309.88,17.51,0.6223,-0.06,0.000,111.8,188.7
2026-08-08T15:57:13.622882+00:00,1786204633.623,310.09,19.39,0.6245,-0.06,0.242,109.9,188.7
2026-08-08T15:57:13.831082+00:00,1786204633.831,310.30,19.39,0.6245,-0.06,0.241,106.8,188.7
2026-08-08T15:57:14.026380+00:00,1786204634.026,310.49,19.39,0.6245,-0.06,0.226,103.3,188.7
2026-08-08T15:57:14.227880+00:00,1786204634.228,310.69,17.41,0.6267,-0.06,0.000,99.8,188.7
2026-08-08T15:57:14.434249+00:00,1786204634.434,310.90,17.41,0.6267,-0.06,0.000,100.1,188.7
2026-08-08T15:57:14.639687+00:00,1786204634.640,311.10,17.41,0.6267,-0.06,0.000,100.5,188.7
2026-08-08T15:57:15.018714+00:00,1786204635.019,311.48,17.59,0.6311,-0.06,0.000,95.3,188.7
2026-08-08T15:57:15.221690+00:00,1786204635.222,311.69,17.59,0.6311,-0.06,0.000,86.5,188.7
2026-08-08T15:57:15.424300+00:00,1786204635.424,311.89,15.95,0.6333,-0.06,-0.197,73.7,188.7
2026-08-08T15:57:15.633388+00:00,1786204635.633,312.10,15.95,0.6333,-0.06,-0.196,61.2,188.7
2026-08-08T15:57:15.840437+00:00,1786204635.840,312.30,15.95,0.6333,-0.06,-0.431,52.9,188.7
2026-08-08T15:57:16.224379+00:00,1786204636.224,312.69,17.58,0.6355,-0.06,-0.210,48.7,188.7
2026-08-08T15:57:16.426704+00:00,1786204636.427,312.89,17.58,0.6355,-0.06,-0.209,44.5,188.7
2026-08-08T15:57:16.625738+00:00,1786204636.626,313.09,17.57,0.6377,-0.06,0.000,39.7,188.7
2026-08-08T15:57:16.832575+00:00,1786204636.833,313.30,17.57,0.6377,-0.06,0.000,34.9,188.7
2026-08-08T15:57:17.029865+00:00,1786204637.030,313.49,17.57,0.6377,-0.06,0.000,30.2,188.7
2026-08-08T15:57:17.227527+00:00,1786204637.227,313.69,17.56,0.6421,-0.06,0.000,30.2,188.7
2026-08-08T15:57:17.428300+00:00,1786204637.428,313.89,17.56,0.6421,-0.06,0.000,30.2,188.7
2026-08-08T15:57:17.625118+00:00,1786204637.625,314.09,17.56,0.6421,-0.06,0.203,34.3,188.7
2026-08-08T15:57:17.828304+00:00,1786204637.828,314.29,17.52,0.6443,-0.06,0.198,38.3,188.7
2026-08-08T15:57:18.030346+00:00,1786204638.030,314.49,17.52,0.6443,-0.06,0.199,36.4,188.7
2026-08-08T15:57:18.228183+00:00,1786204638.228,314.69,17.52,0.6443,-0.06,0.000,30.5,188.7
2026-08-08T15:57:18.429988+00:00,1786204638.430,314.89,15.83,0.6465,-0.06,-0.244,20.1,188.7
2026-08-08T15:57:18.637416+00:00,1786204638.637,315.10,15.83,0.6465,-0.06,-0.241,15.3,188.7
2026-08-08T15:57:18.843874+00:00,1786204638.844,315.31,15.83,0.6465,-0.06,-0.241,10.5,188.7
2026-08-08T15:57:19.224978+00:00,1786204639.225,315.69,15.90,0.6487,-0.06,-0.212,6.3,188.7
2026-08-08T15:57:19.438404+00:00,1786204639.438,315.90,15.90,0.6487,-0.06,-0.209,0.0,188.7
2026-08-08T15:57:19.643309+00:00,1786204639.643,316.11,15.82,0.6509,-0.06,-0.218,0.0,188.7
2026-08-08T15:57:19.842958+00:00,1786204639.843,316.31,15.82,0.6509,-0.06,-0.217,0.0,188.7
2026-08-08T15:57:20.044326+00:00,1786204640.044,316.51,15.82,0.6509,-0.06,-0.213,0.0,188.7
2026-08-08T15:57:20.243216+00:00,1786204640.243,316.71,14.32,0.6531,-0.06,-0.401,0.0,188.7
2026-08-08T15:57:20.437895+00:00,1786204640.438,316.90,14.32,0.6531,-0.06,-0.401,0.0,188.7
2026-08-08T15:57:20.639935+00:00,1786204640.640,317.10,15.64,0.6553,-0.06,0.000,0.0,188.7
2026-08-08T15:57:20.837916+00:00,1786204640.838,317.30,15.64,0.6553,-0.06,0.000,0.0,188.7
2026-08-08T15:57:21.040029+00:00,1786204641.040,317.50,15.64,0.6553,-0.06,0.000,0.0,188.7
2026-08-08T15:57:21.240822+00:00,1786204641.241,317.70,15.33,0.6575,-0.06,-0.078,0.0,188.7
2026-08-08T15:57:21.442109+00:00,1786204641.442,317.91,15.33,0.6575,-0.06,-0.078,0.0,188.7
2026-08-08T15:57:21.644943+00:00,1786204641.645,318.11,16.25,0.6597,-0.06,0.060,0.0,188.7
2026-08-08T15:57:21.841898+00:00,1786204641.842,318.31,16.25,0.6597,-0.06,0.060,0.0,188.7
2026-08-08T15:57:22.043872+00:00,1786204642.044,318.51,16.25,0.6597,-0.06,0.060,0.0,188.7
2026-08-08T15:57:22.246004+00:00,1786204642.246,318.71,16.80,0.6641,-0.06,0.343,0.0,188.7
2026-08-08T15:57:22.447773+00:00,1786204642.448,318.91,16.80,0.6641,-0.06,0.341,0.0,188.7
2026-08-08T15:57:22.651134+00:00,1786204642.651,319.12,16.59,0.6663,-0.06,0.131,4.3,188.7
2026-08-08T15:57:22.855920+00:00,1786204642.856,319.32,16.59,0.6663,-0.06,0.131,11.4,188.7
2026-08-08T15:57:23.051283+00:00,1786204643.051,319.52,16.59,0.6663,-0.06,0.131,18.5,188.7
2026-08-08T15:57:23.254462+00:00,1786204643.254,319.72,16.60,0.6685,-0.06,0.175,25.9,188.7
2026-08-08T15:57:23.452090+00:00,1786204643.452,319.92,16.60,0.6685,-0.06,0.176,33.3,188.7
2026-08-08T15:57:23.659105+00:00,1786204643.659,320.12,16.88,0.6707,-0.06,0.087,39.2,188.7
2026-08-08T15:57:23.853394+00:00,1786204643.853,320.32,16.88,0.6707,-0.06,0.087,45.1,188.7
2026-08-08T15:57:24.060079+00:00,1786204644.060,320.52,16.88,0.6707,-0.06,0.087,50.9,188.7
2026-08-08T15:57:24.267089+00:00,1786204644.267,320.73,17.04,0.6729,-0.06,0.000,58.1,188.7
2026-08-08T15:57:24.472257+00:00,1786204644.472,320.94,17.04,0.6729,-0.06,0.000,65.3,188.7
2026-08-08T15:57:24.668743+00:00,1786204644.669,321.13,17.25,0.6751,-0.06,0.091,67.5,188.7
2026-08-08T15:57:24.864714+00:00,1786204644.865,321.33,17.25,0.6751,-0.06,0.092,69.7,188.7
2026-08-08T15:57:25.059404+00:00,1786204645.059,321.52,17.25,0.6751,-0.06,0.092,71.9,188.7
2026-08-08T15:57:25.312258+00:00,1786204645.312,321.78,17.25,0.6773,-0.06,0.087,75.4,188.7
2026-08-08T15:57:25.515155+00:00,1786204645.515,321.98,17.25,0.6773,-0.06,0.087,79.0,188.7
2026-08-08T15:57:25.896312+00:00,1786204645.896,322.36,16.09,0.6795,-0.06,-0.098,76.0,188.7
2026-08-08T15:57:26.274755+00:00,1786204646.275,322.74,16.62,0.6817,-0.06,0.000,75.0,188.7
2026-08-08T15:57:26.472217+00:00,1786204646.472,322.94,16.62,0.6817,-0.06,0.000,73.9,188.7
2026-08-08T15:57:26.675688+00:00,1786204646.676,323.14,16.62,0.6817,-0.06,0.000,67.2,188.7
2026-08-08T15:57:26.884583+00:00,1786204646.885,323.35,16.77,0.6839,-0.14,0.000,60.4,188.7
2026-08-08T15:57:27.087474+00:00,1786204647.087,323.55,16.77,0.6839,-0.18,-0.055,56.5,188.7
2026-08-08T15:57:27.291420+00:00,1786204647.291,323.76,16.11,0.6861,-0.22,-0.131,50.9,188.7
2026-08-08T15:57:27.497967+00:00,1786204647.498,323.96,16.11,0.6861,-0.25,-0.130,45.3,188.7
2026-08-08T15:57:27.883393+00:00,1786204647.883,324.35,15.95,0.6905,-0.33,-0.141,38.3,188.7
2026-08-08T15:57:28.090625+00:00,1786204648.091,324.55,15.95,0.6905,-0.37,-0.140,31.3,188.7
2026-08-08T15:57:28.288973+00:00,1786204648.289,324.75,15.95,0.6905,-0.41,0.000,28.3,188.7
2026-08-08T15:57:28.491991+00:00,1786204648.492,324.96,16.15,0.6927,-0.45,-0.059,24.1,188.7
2026-08-08T15:57:28.696816+00:00,1786204648.697,325.16,16.15,0.6927,-0.49,-0.059,19.8,188.7
2026-08-08T15:57:29.083833+00:00,1786204649.084,325.55,17.53,0.6949,-0.56,0.104,20.3,188.7
2026-08-08T15:57:29.291113+00:00,1786204649.291,325.76,17.53,0.6949,-0.60,0.087,20.3,188.7
2026-08-08T15:57:29.491308+00:00,1786204649.491,325.96,17.53,0.6949,-0.64,0.087,18.4,188.7
2026-08-08T15:57:29.691091+00:00,1786204649.691,326.16,17.58,0.6993,-0.68,0.171,18.0,188.7
2026-08-08T15:57:29.900488+00:00,1786204649.900,326.36,17.58,0.6993,-0.72,0.171,17.5,188.7
2026-08-08T15:57:30.283950+00:00,1786204650.284,326.75,17.62,0.7015,-0.80,0.194,17.2,188.7
2026-08-08T15:57:30.492964+00:00,1786204650.493,326.96,17.62,0.7015,-0.84,0.194,16.9,188.7
2026-08-08T15:57:30.690838+00:00,1786204650.691,327.15,17.62,0.7015,-0.87,0.194,20.2,188.7
2026-08-08T15:57:30.892072+00:00,1786204650.892,327.36,19.66,0.7059,-0.91,0.406,27.0,188.7
2026-08-08T15:57:31.098847+00:00,1786204651.099,327.56,19.66,0.7059,-0.95,0.405,33.6,188.7
2026-08-08T15:57:31.484963+00:00,1786204651.485,327.95,22.65,0.7103,-1.03,0.592,46.6,188.7
2026-08-08T15:57:31.694779+00:00,1786204651.695,328.16,22.65,0.7103,-1.03,0.591,59.9,188.7
2026-08-08T15:57:31.890765+00:00,1786204651.891,328.35,22.65,0.7103,-1.03,0.592,74.4,188.7
2026-08-08T15:57:32.089412+00:00,1786204652.089,328.55,22.51,0.7125,-1.03,0.571,89.8,188.7
2026-08-08T15:57:32.295925+00:00,1786204652.296,328.76,22.51,0.7125,-1.03,0.572,105.4,188.7
2026-08-08T15:57:32.491234+00:00,1786204652.491,328.96,22.51,0.7125,-1.03,0.615,122.6,188.7
2026-08-08T15:57:32.695341+00:00,1786204652.695,329.16,22.60,0.7169,-1.03,0.628,140.2,188.7
2026-08-08T15:57:32.901938+00:00,1786204652.902,329.37,22.60,0.7169,-1.03,0.626,155.4,188.7
2026-08-08T15:57:33.106300+00:00,1786204653.106,329.57,22.60,0.7169,-1.03,0.370,165.0,188.7
2026-08-08T15:57:33.488562+00:00,1786204653.489,329.95,22.63,0.7213,-1.03,0.346,174.2,188.7
2026-08-08T15:57:33.692471+00:00,1786204653.692,330.16,22.63,0.7213,-1.03,0.000,171.2,188.7
2026-08-08T15:57:33.896370+00:00,1786204653.896,330.36,22.60,0.7257,-1.03,0.000,168.6,188.7
2026-08-08T15:57:34.096986+00:00,1786204654.097,330.56,22.60,0.7257,-1.03,0.000,166.2,188.7
2026-08-08T15:57:34.292966+00:00,1786204654.293,330.76,22.60,0.7257,-1.03,0.000,162.2,188.7
2026-08-08T15:57:34.493294+00:00,1786204654.493,330.96,26.37,0.7301,-1.03,0.487,174.2,188.7
2026-08-08T15:57:34.699853+00:00,1786204654.700,331.16,26.37,0.7301,-1.03,0.485,185.9,188.7
2026-08-08T15:57:34.898349+00:00,1786204654.898,331.36,26.37,0.7301,-1.03,0.475,197.4,188.7
2026-08-08T15:57:35.099927+00:00,1786204655.100,331.56,26.37,0.7345,-1.03,0.476,209.1,188.7
2026-08-08T15:57:35.301988+00:00,1786204655.302,331.77,26.37,0.7345,-1.03,0.476,215.5,188.7
2026-08-08T15:57:35.508100+00:00,1786204655.508,331.97,26.37,0.7345,-1.03,0.514,223.2,188.7
2026-08-08T15:57:35.893692+00:00,1786204655.894,332.36,26.09,0.7389,-1.03,0.436,221.7,188.7
2026-08-08T15:57:36.099324+00:00,1786204656.099,332.56,26.09,0.7389,-1.03,0.440,220.4,188.7
2026-08-08T15:57:36.295682+00:00,1786204656.296,332.76,26.60,0.7411,-1.03,0.506,221.6,188.7
2026-08-08T15:57:36.502662+00:00,1786204656.503,332.97,26.60,0.7411,-1.03,0.503,223.3,188.7
2026-08-08T15:57:36.699530+00:00,1786204656.699,333.16,26.60,0.7411,-1.03,0.000,209.6,188.7
2026-08-08T15:57:36.903093+00:00,1786204656.903,333.37,26.53,0.7477,-1.03,0.000,194.7,188.7
2026-08-08T15:57:37.100190+00:00,1786204657.100,333.56,26.53,0.7477,-1.03,0.000,179.4,188.7
2026-08-08T15:57:37.295056+00:00,1786204657.295,333.76,26.53,0.7477,-1.03,0.000,164.1,188.7
2026-08-08T15:57:37.495339+00:00,1786204657.495,333.96,26.81,0.7521,-1.03,0.056,157.4,188.7
2026-08-08T15:57:37.701839+00:00,1786204657.702,334.17,26.81,0.7521,-1.03,0.056,151.2,188.7
2026-08-08T15:57:37.909301+00:00,1786204657.909,334.37,26.81,0.7521,-1.03,0.100,155.5,188.7
2026-08-08T15:57:38.291358+00:00,1786204658.291,334.76,26.48,0.7565,-1.03,0.000,156.5,188.7
2026-08-08T15:57:38.495229+00:00,1786204658.495,334.96,26.48,0.7565,-1.03,0.000,157.6,188.7
2026-08-08T15:57:38.695259+00:00,1786204658.695,335.16,26.36,0.7609,-1.03,0.000,158.6,188.7
2026-08-08T15:57:38.900053+00:00,1786204658.900,335.36,26.36,0.7609,-1.03,0.000,143.8,188.7
2026-08-08T15:57:39.095593+00:00,1786204659.096,335.56,26.36,0.7609,-1.03,0.000,129.0,188.7
2026-08-08T15:57:39.297917+00:00,1786204659.298,335.76,26.40,0.7653,-1.03,0.000,114.6,188.7
2026-08-08T15:57:39.502935+00:00,1786204659.503,335.97,26.40,0.7653,-1.03,0.000,100.1,188.7
2026-08-08T15:57:39.700806+00:00,1786204659.701,336.16,26.40,0.7653,-1.03,-0.052,84.0,188.7
2026-08-08T15:57:39.903440+00:00,1786204659.903,336.37,31.49,0.7697,-1.03,0.590,92.1,188.7
2026-08-08T15:57:40.104225+00:00,1786204660.104,336.57,31.49,0.7697,-1.03,0.592,102.8,188.7
2026-08-08T15:57:40.299739+00:00,1786204660.300,336.76,31.49,0.7697,-1.03,0.693,117.1,188.7
2026-08-08T15:57:40.503939+00:00,1786204660.504,336.97,31.61,0.7763,-1.03,0.709,129.7,188.7
2026-08-08T15:57:40.707973+00:00,1786204660.708,337.17,31.61,0.7763,-1.03,0.724,142.9,188.7
2026-08-08T15:57:40.915068+00:00,1786204660.915,337.38,31.61,0.7763,-1.03,0.723,171.5,188.7
2026-08-08T15:57:41.115564+00:00,1786204661.116,337.58,31.15,0.7807,-1.03,0.659,197.2,188.7
2026-08-08T15:57:41.319972+00:00,1786204661.320,337.78,31.15,0.7807,-1.03,0.653,222.7,188.7
2026-08-08T15:57:41.521258+00:00,1786204661.521,337.99,31.15,0.7807,-1.03,0.654,248.2,188.7
2026-08-08T15:57:41.719015+00:00,1786204661.719,338.18,25.80,0.7851,-1.03,-0.082,243.7,188.7
2026-08-08T15:57:41.926605+00:00,1786204661.927,338.39,25.80,0.7851,-1.03,-0.781,218.3,188.7
2026-08-08T15:57:42.121052+00:00,1786204662.121,338.59,25.80,0.7851,-1.03,-0.784,191.6,188.7
2026-08-08T15:57:42.317166+00:00,1786204662.317,338.78,31.30,0.7895,-1.03,0.000,193.7,188.7
2026-08-08T15:57:42.530279+00:00,1786204662.530,338.99,31.30,0.7895,-1.03,0.000,195.8,188.7
2026-08-08T15:57:42.731382+00:00,1786204662.731,339.20,31.30,0.7895,-1.03,0.000,197.9,188.7
2026-08-08T15:57:43.112708+00:00,1786204663.113,339.58,31.37,0.7961,-1.03,0.000,200.1,188.7
2026-08-08T15:57:43.313673+00:00,1786204663.314,339.78,31.37,0.7961,-1.03,0.000,202.3,188.7
2026-08-08T15:57:43.515862+00:00,1786204663.516,339.98,31.66,0.8005,-1.03,0.065,207.0,188.7
2026-08-08T15:57:43.722848+00:00,1786204663.723,340.19,31.66,0.8005,-1.03,0.065,211.8,188.7
2026-08-08T15:57:43.921011+00:00,1786204663.921,340.38,31.66,0.8005,-1.03,0.740,242.7,188.7
2026-08-08T15:57:44.122553+00:00,1786204664.123,340.59,31.83,0.8049,-1.03,0.763,249.5,188.7
2026-08-08T15:57:44.324405+00:00,1786204664.324,340.79,31.83,0.8049,-1.03,0.761,256.1,188.7
2026-08-08T15:57:44.519577+00:00,1786204664.520,340.98,31.83,0.8049,-1.03,0.067,233.6,188.7
2026-08-08T15:57:44.722214+00:00,1786204664.722,341.19,31.62,0.8115,-1.03,0.000,207.7,188.7
2026-08-08T15:57:44.928777+00:00,1786204664.929,341.39,31.62,0.8115,-1.03,0.000,181.3,188.7
2026-08-08T15:57:45.133290+00:00,1786204665.133,341.60,31.62,0.8115,-1.03,0.000,154.9,188.7
2026-08-08T15:57:45.515891+00:00,1786204665.516,341.98,31.40,0.8159,-1.03,0.000,131.3,188.7
2026-08-08T15:57:45.715910+00:00,1786204665.716,342.18,31.40,0.8159,-1.03,0.000,108.0,188.7
2026-08-08T15:57:45.917677+00:00,1786204665.918,342.38,26.40,0.8203,-1.03,-0.667,62.1,188.7
2026-08-08T15:57:46.122999+00:00,1786204666.123,342.59,26.40,0.8203,-1.03,-0.665,44.5,188.7
2026-08-08T15:57:46.320547+00:00,1786204666.321,342.78,26.40,0.8203,-1.03,-0.687,47.0,188.7
2026-08-08T15:57:46.521299+00:00,1786204666.521,342.99,31.88,0.8247,-1.03,0.000,73.0,188.7
2026-08-08T15:57:46.725643+00:00,1786204666.726,343.19,31.88,0.8247,-1.03,0.000,73.3,188.7
2026-08-08T15:57:46.931482+00:00,1786204666.931,343.40,31.88,0.8247,-1.03,0.000,73.7,188.7
2026-08-08T15:57:47.314456+00:00,1786204667.314,343.78,31.59,0.8313,-1.03,0.000,73.8,188.7
2026-08-08T15:57:47.689084+00:00,1786204667.689,344.15,27.58,0.8357,-1.03,-0.439,58.1,188.7
2026-08-08T15:57:47.886791+00:00,1786204667.887,344.35,27.58,0.8357,-1.03,-0.448,42.1,188.7
2026-08-08T15:57:48.081811+00:00,1786204668.082,344.55,27.58,0.8357,-1.03,-0.449,23.5,188.7
2026-08-08T15:57:48.301691+00:00,1786204668.302,344.77,31.32,0.8401,-1.03,0.574,41.7,188.7
2026-08-08T15:57:48.504516+00:00,1786204668.504,344.97,31.32,0.8401,-1.03,0.574,35.2,188.7
2026-08-08T15:57:48.703927+00:00,1786204668.704,345.17,31.19,0.8445,-1.03,0.559,27.0,188.7
2026-08-08T15:57:48.908406+00:00,1786204668.908,345.37,31.19,0.8445,-1.03,-0.080,0.0,188.7
2026-08-08T15:57:49.107416+00:00,1786204669.107,345.57,31.19,0.8445,-1.03,-0.080,0.0,188.7
2026-08-08T15:57:49.303500+00:00,1786204669.303,345.77,29.90,0.8489,-1.03,-0.232,0.0,188.7
2026-08-08T15:57:49.510855+00:00,1786204669.511,345.97,29.90,0.8489,-1.03,-0.214,0.0,188.7
2026-08-08T15:57:49.709172+00:00,1786204669.709,346.17,31.25,0.8533,-1.03,0.505,0.0,188.7
2026-08-08T15:57:49.912729+00:00,1786204669.913,346.38,31.25,0.8533,-1.03,0.505,9.0,188.7
2026-08-08T15:57:50.108602+00:00,1786204670.109,346.57,31.25,0.8533,-1.03,0.504,27.2,188.7
2026-08-08T15:57:50.488288+00:00,1786204670.488,346.95,28.56,0.8577,-1.03,-0.350,36.8,188.7
2026-08-08T15:57:50.690779+00:00,1786204670.691,347.15,28.56,0.8577,-1.03,-0.350,46.3,188.7
2026-08-08T15:57:50.890805+00:00,1786204670.891,347.35,26.99,0.8621,-1.03,-0.534,50.8,188.7
2026-08-08T15:57:51.094817+00:00,1786204671.095,347.56,26.99,0.8621,-1.03,-0.534,31.9,188.7
2026-08-08T15:57:51.290804+00:00,1786204671.291,347.75,26.99,0.8621,-1.03,-0.535,13.0,188.7
2026-08-08T15:57:51.492394+00:00,1786204671.492,347.96,31.65,0.8665,-1.03,0.222,21.0,188.7
2026-08-08T15:57:51.699010+00:00,1786204671.699,348.16,31.65,0.8665,-1.03,0.222,29.1,188.7
2026-08-08T15:57:51.906502+00:00,1786204671.906,348.37,31.65,0.8665,-1.03,0.050,46.8,188.7
2026-08-08T15:57:52.285986+00:00,1786204672.286,348.75,31.42,0.8730,-1.03,0.000,62.8,188.7
2026-08-08T15:57:52.490052+00:00,1786204672.490,348.95,31.42,0.8730,-1.03,0.000,78.9,188.7
2026-08-08T15:57:52.692299+00:00,1786204672.692,349.16,31.68,0.8774,-1.03,0.392,72.7,188.7
2026-08-08T15:57:52.900886+00:00,1786204672.901,349.36,31.68,0.8774,-1.03,0.391,66.4,188.7
2026-08-08T15:57:53.106392+00:00,1786204673.106,349.57,31.68,0.8774,-1.03,0.588,68.1,188.7
2026-08-08T15:57:53.489025+00:00,1786204673.489,349.95,26.53,0.8818,-1.03,-0.054,67.3,188.7
2026-08-08T15:57:53.692559+00:00,1786204673.693,350.16,26.53,0.8818,-1.03,-0.053,66.5,188.7
2026-08-08T15:57:53.893213+00:00,1786204673.893,350.36,31.66,0.8862,-1.03,0.000,75.4,188.7
2026-08-08T15:57:54.099608+00:00,1786204674.100,350.56,31.66,0.8862,-1.03,0.000,83.7,188.7
2026-08-08T15:57:54.306446+00:00,1786204674.306,350.77,31.66,0.8862,-1.03,0.000,65.7,188.7
2026-08-08T15:57:54.688449+00:00,1786204674.688,351.15,31.64,0.8928,-1.03,0.000,47.7,188.7
2026-08-08T15:57:54.891119+00:00,1786204674.891,351.36,31.64,0.8928,-1.03,0.000,29.8,188.7
2026-08-08T15:57:55.092259+00:00,1786204675.092,351.56,31.70,0.8972,-1.03,0.000,42.8,188.7
2026-08-08T15:57:55.300254+00:00,1786204675.300,351.76,31.70,0.8972,-1.03,0.000,55.9,188.7
2026-08-08T15:57:55.506649+00:00,1786204675.507,351.97,31.70,0.8972,-1.03,0.000,74.7,188.7
2026-08-08T15:57:55.889552+00:00,1786204675.889,352.35,26.39,0.9016,-1.03,0.000,91.1,188.7
2026-08-08T15:57:56.092889+00:00,1786204676.093,352.56,26.39,0.9016,-1.03,0.000,107.6,188.7
2026-08-08T15:57:56.295740+00:00,1786204676.296,352.76,31.71,0.9060,-1.03,0.000,99.5,188.7
2026-08-08T15:57:56.502012+00:00,1786204676.502,352.97,31.71,0.9060,-1.03,0.000,91.5,188.7
2026-08-08T15:57:56.709018+00:00,1786204676.709,353.17,31.71,0.9060,-1.03,0.000,89.7,188.7
2026-08-08T15:57:57.089835+00:00,1786204677.090,353.55,31.57,0.9126,-1.03,0.000,89.7,188.7
2026-08-08T15:57:57.289960+00:00,1786204677.290,353.75,31.57,0.9126,-1.03,0.000,89.8,188.7
2026-08-08T15:57:57.491301+00:00,1786204677.491,353.96,32.02,0.9170,-1.03,0.000,75.7,188.7
2026-08-08T15:57:57.698860+00:00,1786204677.699,354.16,32.02,0.9170,-1.03,0.000,61.5,188.7
2026-08-08T15:57:57.896067+00:00,1786204677.896,354.36,32.02,0.9170,-1.03,0.000,40.2,188.7
2026-08-08T15:57:58.108205+00:00,1786204678.108,354.57,25.98,0.9214,-1.03,-0.050,40.2,188.7
2026-08-08T15:57:58.313293+00:00,1786204678.313,354.78,25.98,0.9214,-1.03,-0.050,40.1,188.7
2026-08-08T15:57:58.509365+00:00,1786204678.509,354.97,25.98,0.9214,-1.03,-0.718,16.1,188.7
2026-08-08T15:57:58.904952+00:00,1786204678.905,355.37,31.49,0.9258,-1.03,0.000,16.0,188.7
2026-08-08T15:57:59.100103+00:00,1786204679.100,355.56,31.49,0.9258,-1.03,0.000,15.9,188.7
2026-08-08T15:57:59.298780+00:00,1786204679.299,355.76,31.37,0.9324,-1.03,0.000,15.7,188.7
2026-08-08T15:57:59.501161+00:00,1786204679.501,355.97,31.37,0.9324,-1.03,0.000,15.6,188.7
2026-08-08T15:57:59.696238+00:00,1786204679.696,356.16,31.37,0.9324,-1.03,-0.082,12.4,188.7
2026-08-08T15:57:59.913365+00:00,1786204679.913,356.38,31.49,0.9368,-1.03,-0.066,9.9,188.7
2026-08-08T15:58:00.121636+00:00,1786204680.122,356.59,31.49,0.9368,-1.03,-0.066,7.4,188.7
2026-08-08T15:58:00.328634+00:00,1786204680.329,356.79,31.49,0.9368,-1.03,0.690,34.7,188.7
2026-08-08T15:58:00.711527+00:00,1786204680.712,357.18,31.18,0.9412,-1.03,0.602,58.5,188.7
2026-08-08T15:58:00.915273+00:00,1786204680.915,357.38,31.18,0.9412,-1.03,0.600,79.8,188.7
2026-08-08T15:58:01.116670+00:00,1786204681.117,357.58,31.85,0.9478,-1.03,0.000,79.9,188.7
2026-08-08T15:58:01.320139+00:00,1786204681.320,357.78,31.85,0.9478,-1.03,0.000,79.9,188.7
2026-08-08T15:58:01.525723+00:00,1786204681.526,357.99,31.85,0.9478,-1.03,0.060,82.3,188.7
2026-08-08T15:58:01.913392+00:00,1786204681.913,358.38,31.62,0.9522,-1.03,0.000,82.4,188.7
2026-08-08T15:58:02.115194+00:00,1786204682.115,358.58,31.62,0.9522,-1.03,0.000,82.1,188.7
2026-08-08T15:58:02.322964+00:00,1786204682.323,358.79,31.68,0.9566,-1.03,0.000,81.9,188.7
2026-08-08T15:58:02.521817+00:00,1786204682.522,358.99,31.68,0.9566,-1.03,0.000,81.7,188.7
2026-08-08T15:58:02.727753+00:00,1786204682.728,359.19,31.68,0.9566,-1.03,0.000,85.7,188.7
2026-08-08T15:58:03.110138+00:00,1786204683.110,359.57,31.73,0.9632,-1.03,0.064,92.1,188.7
2026-08-08T15:58:03.314755+00:00,1786204683.315,359.78,31.73,0.9632,-1.03,0.064,118.5,188.7
2026-08-08T15:58:03.699170+00:00,1786204683.699,360.16,32.41,0.9676,-1.03,0.060,121.3,188.7
2026-08-08T15:58:03.900411+00:00,1786204683.900,360.36,32.41,0.9676,-1.03,0.060,124.0,188.7
2026-08-08T15:58:04.103575+00:00,1786204684.104,360.57,32.16,0.9720,-1.03,0.000,124.5,188.7
2026-08-08T15:58:04.305254+00:00,1786204684.305,360.77,32.16,0.9720,-1.03,0.062,127.2,188.7
2026-08-08T15:58:04.504944+00:00,1786204684.505,360.97,32.16,0.9720,-1.03,0.062,133.0,188.7
2026-08-08T15:58:04.703304+00:00,1786204684.703,361.17,31.71,0.9786,-1.03,0.000,135.5,188.7
2026-08-08T15:58:04.912821+00:00,1786204684.913,361.38,31.71,0.9786,-1.03,0.000,138.0,188.7
2026-08-08T15:58:05.116769+00:00,1786204685.117,361.58,31.71,0.9786,-1.03,0.000,113.0,188.7
2026-08-08T15:58:05.498310+00:00,1786204685.498,361.96,31.64,0.9830,-1.03,0.000,91.6,188.7
2026-08-08T15:58:05.699973+00:00,1786204685.700,362.16,31.64,0.9830,-1.03,0.000,70.3,188.7
2026-08-08T15:58:05.902140+00:00,1786204685.902,362.37,31.50,0.9874,-1.03,-0.115,65.9,188.7
2026-08-08T15:58:06.108659+00:00,1786204686.109,362.57,31.50,0.9874,-1.03,-0.114,61.6,188.7
2026-08-08T15:58:06.303484+00:00,1786204686.303,362.77,31.50,0.9874,-1.03,-0.083,56.1,188.7
2026-08-08T15:58:06.506383+00:00,1786204686.506,362.97,31.75,0.9940,-1.03,-0.051,54.3,188.7
2026-08-08T15:58:06.710509+00:00,1786204686.710,363.17,31.75,0.9940,-1.03,-0.051,52.5,188.7
2026-08-08T15:58:06.904973+00:00,1786204686.905,363.37,31.75,0.9940,-1.03,0.000,52.5,188.7
2026-08-08T15:58:07.105341+00:00,1786204687.105,363.57,31.83,0.9984,-1.03,0.000,52.6,188.7
2026-08-08T15:58:07.306857+00:00,1786204687.307,363.77,31.83,0.9984,-1.03,0.000,52.7,188.7
2026-08-08T15:58:07.502155+00:00,1786204687.502,363.97,31.83,0.9984,-1.03,0.000,50.4,188.7
2026-08-08T15:58:07.702886+00:00,1786204687.703,364.17,31.63,1.0028,-1.03,0.000,48.0,188.7
2026-08-08T15:58:07.908178+00:00,1786204687.908,364.37,31.63,1.0028,-1.03,0.000,45.3,188.7
2026-08-08T15:58:08.105540+00:00,1786204688.105,364.57,31.63,1.0028,-1.03,0.000,42.6,188.7
2026-08-08T15:58:08.305266+00:00,1786204688.305,364.77,31.62,1.0094,-1.03,0.000,42.3,188.7
2026-08-08T15:58:08.508628+00:00,1786204688.509,364.97,31.62,1.0094,-1.03,0.000,39.7,188.7
2026-08-08T15:58:08.704863+00:00,1786204688.705,365.17,31.62,1.0094,-1.03,0.000,37.1,188.7
2026-08-08T15:58:08.920087+00:00,1786204688.920,365.38,31.20,1.0138,-1.03,-0.076,34.1,188.7
2026-08-08T15:58:09.124156+00:00,1786204689.124,365.59,31.20,1.0138,-1.03,-0.087,30.7,188.7
2026-08-08T15:58:09.324445+00:00,1786204689.324,365.79,31.20,1.0138,-1.03,-0.087,27.2,188.7
2026-08-08T15:58:09.521893+00:00,1786204689.522,365.99,30.93,1.0182,-1.03,-0.124,22.4,188.7
2026-08-08T15:58:09.728868+00:00,1786204689.729,366.19,30.93,1.0182,-1.03,-0.096,18.6,188.7
2026-08-08T15:58:09.926029+00:00,1786204689.926,366.39,30.93,1.0182,-1.03,-0.096,19.0,188.7
2026-08-08T15:58:10.123017+00:00,1786204690.123,366.59,31.57,1.0248,-1.03,0.000,23.3,188.7
2026-08-08T15:58:10.325077+00:00,1786204690.325,366.79,31.57,1.0248,-1.03,0.000,26.3,188.7
2026-08-08T15:58:10.521891+00:00,1786204690.522,366.99,31.57,1.0248,-1.03,0.000,28.1,188.7
2026-08-08T15:58:10.721413+00:00,1786204690.721,367.19,31.64,1.0292,-1.03,0.000,29.9,188.7
2026-08-08T15:58:10.928230+00:00,1786204690.928,367.39,31.64,1.0292,-1.03,0.062,32.1,188.7
2026-08-08T15:58:11.126611+00:00,1786204691.127,367.59,31.64,1.0292,-1.03,0.062,34.3,188.7
2026-08-08T15:58:11.323601+00:00,1786204691.324,367.79,31.20,1.0336,-1.03,0.000,33.9,188.7
2026-08-08T15:58:11.527848+00:00,1786204691.528,367.99,31.20,1.0336,-1.03,0.000,33.6,188.7
2026-08-08T15:58:11.735600+00:00,1786204691.736,368.20,31.20,1.0336,-1.03,0.000,33.3,188.7
2026-08-08T15:58:12.118808+00:00,1786204692.119,368.58,31.85,1.0402,-1.03,0.116,37.7,188.7
2026-08-08T15:58:12.325944+00:00,1786204692.326,368.79,31.85,1.0402,-1.03,0.000,37.9,188.7
2026-08-08T15:58:12.524356+00:00,1786204692.524,368.99,31.63,1.0446,-1.03,0.000,37.9,188.7
2026-08-08T15:58:12.728196+00:00,1786204692.728,369.19,31.63,1.0446,-1.03,0.000,37.9,188.7
2026-08-08T15:58:12.923612+00:00,1786204692.924,369.39,31.63,1.0446,-1.03,0.000,37.9,188.7
2026-08-08T15:58:13.122558+00:00,1786204693.123,369.59,26.22,1.0490,-1.03,-0.686,17.7,188.7
2026-08-08T15:58:13.329845+00:00,1786204693.330,369.79,26.22,1.0490,-1.03,-0.683,0.0,188.7
2026-08-08T15:58:13.527722+00:00,1786204693.528,369.99,26.22,1.0490,-1.03,-0.627,0.0,188.7
2026-08-08T15:58:13.921545+00:00,1786204693.921,370.39,31.53,1.0556,-1.03,0.000,0.0,188.7
2026-08-08T15:58:14.116997+00:00,1786204694.117,370.58,31.53,1.0556,-1.03,0.000,0.0,188.7
2026-08-08T15:58:14.319667+00:00,1786204694.320,370.78,35.78,1.0600,-1.03,0.497,15.6,188.7
2026-08-08T15:58:14.525005+00:00,1786204694.525,370.99,35.78,1.0600,-1.03,0.498,38.9,188.7
2026-08-08T15:58:14.725755+00:00,1786204694.726,371.19,32.02,1.0644,-1.03,0.000,39.2,188.7
2026-08-08T15:58:14.928229+00:00,1786204694.928,371.39,32.02,1.0644,-1.03,0.000,39.4,188.7
2026-08-08T15:58:15.122109+00:00,1786204695.122,371.59,32.02,1.0644,-1.03,0.000,39.6,188.7
2026-08-08T15:58:15.322647+00:00,1786204695.323,371.79,28.21,1.0688,-1.03,0.251,43.9,188.7
2026-08-08T15:58:15.520292+00:00,1786204695.520,371.98,28.21,1.0688,-1.03,0.252,48.2,188.7
2026-08-08T15:58:15.726813+00:00,1786204695.727,372.19,28.21,1.0688,-1.03,0.251,55.0,188.7
2026-08-08T15:58:15.923574+00:00,1786204695.924,372.39,31.38,1.0732,-1.03,0.000,55.1,188.7
2026-08-08T15:58:16.118364+00:00,1786204696.118,372.58,31.38,1.0732,-1.03,0.000,55.1,188.7
2026-08-08T15:58:16.314964+00:00,1786204696.315,372.78,31.38,1.0732,-1.03,-0.614,28.4,188.7
2026-08-08T15:58:16.515786+00:00,1786204696.516,372.98,31.63,1.0798,-1.03,-0.580,7.1,188.7
2026-08-08T15:58:16.721676+00:00,1786204696.722,373.19,31.63,1.0798,-1.03,-0.055,5.1,188.7
2026-08-08T15:58:16.916892+00:00,1786204696.917,373.38,31.63,1.0798,-1.03,-0.055,3.1,188.7
2026-08-08T15:58:17.115361+00:00,1786204697.115,373.58,31.91,1.0842,-1.03,0.000,3.2,188.7
2026-08-08T15:58:17.315714+00:00,1786204697.316,373.78,31.91,1.0842,-1.03,0.516,45.6,188.7
2026-08-08T15:58:17.515992+00:00,1786204697.516,373.98,31.91,1.0842,-1.03,0.515,87.8,188.7
2026-08-08T15:58:17.716447+00:00,1786204697.716,374.18,26.16,1.0886,-1.03,-0.285,98.1,188.7
2026-08-08T15:58:17.924292+00:00,1786204697.924,374.39,26.16,1.0886,-1.03,-0.724,73.9,188.7
2026-08-08T15:58:18.131681+00:00,1786204698.132,374.60,26.16,1.0886,-1.03,-0.720,49.8,188.7
2026-08-08T15:58:18.511522+00:00,1786204698.511,374.98,31.61,1.0930,-1.03,0.000,26.5,188.7
2026-08-08T15:58:18.713733+00:00,1786204698.714,375.18,31.61,1.0930,-1.03,0.000,3.3,188.7
2026-08-08T15:58:18.914360+00:00,1786204698.914,375.38,31.47,1.0996,-1.03,0.000,3.0,188.7
2026-08-08T15:58:19.117217+00:00,1786204699.117,375.58,31.47,1.0996,-1.03,0.000,2.6,188.7
2026-08-08T15:58:19.325948+00:00,1786204699.326,375.79,31.47,1.0996,-1.03,-0.056,0.0,188.7
2026-08-08T15:58:19.708874+00:00,1786204699.709,376.17,31.80,1.1040,-1.03,0.000,0.0,188.7
2026-08-08T15:58:19.907461+00:00,1786204699.907,376.37,31.80,1.1040,-1.03,0.000,0.0,188.7
2026-08-08T15:58:20.108544+00:00,1786204700.109,376.57,31.54,1.1084,-1.03,0.624,3.5,188.7
2026-08-08T15:58:20.314581+00:00,1786204700.315,376.78,31.54,1.1084,-1.03,0.625,26.4,188.7
2026-08-08T15:58:20.515242+00:00,1786204700.515,376.98,31.60,1.1128,-1.03,0.634,49.6,188.7
2026-08-08T15:58:20.721539+00:00,1786204700.721,377.19,31.60,1.1128,-1.03,0.000,72.0,188.7
2026-08-08T15:58:20.920287+00:00,1786204700.920,377.38,31.60,1.1128,-1.03,0.000,93.2,188.7
2026-08-08T15:58:21.118608+00:00,1786204701.119,377.58,26.57,1.1172,-1.03,-0.617,74.0,188.7
2026-08-08T15:58:21.323864+00:00,1786204701.324,377.79,26.57,1.1172,-1.03,-0.617,54.8,188.7
2026-08-08T15:58:21.520158+00:00,1786204701.520,377.98,26.57,1.1172,-1.03,-0.620,33.4,188.7
2026-08-08T15:58:21.717704+00:00,1786204701.718,378.18,31.23,1.1215,-1.03,-0.080,11.1,188.7
2026-08-08T15:58:21.926041+00:00,1786204701.926,378.39,31.23,1.1215,-1.03,-0.080,0.0,188.7
2026-08-08T15:58:22.130586+00:00,1786204702.131,378.59,31.23,1.1215,-1.03,0.000,0.0,188.7
2026-08-08T15:58:22.514902+00:00,1786204702.515,378.98,31.51,1.1281,-1.03,0.000,23.8,188.7
2026-08-08T15:58:22.715435+00:00,1786204702.715,379.18,31.51,1.1281,-1.03,0.000,47.9,188.7
2026-08-08T15:58:22.916969+00:00,1786204702.917,379.38,31.43,1.1325,-1.03,0.000,47.8,188.7
2026-08-08T15:58:23.124889+00:00,1786204703.125,379.59,31.43,1.1325,-1.03,0.000,47.7,188.7
2026-08-08T15:58:23.330395+00:00,1786204703.330,379.79,31.43,1.1325,-1.03,0.611,69.9,188.7
2026-08-08T15:58:23.717674+00:00,1786204703.718,380.18,26.33,1.1369,-1.03,0.000,67.7,188.7
2026-08-08T15:58:23.928142+00:00,1786204703.928,380.39,26.33,1.1369,-1.03,0.000,67.5,188.7
2026-08-08T15:58:24.313048+00:00,1786204704.313,380.78,31.34,1.1413,-1.03,0.000,67.2,188.7
2026-08-08T15:58:24.688674+00:00,1786204704.689,381.15,27.19,1.1457,-1.03,-0.406,52.3,188.7
2026-08-08T15:58:24.884906+00:00,1786204704.885,381.35,27.19,1.1457,-1.03,-0.407,14.8,188.7
2026-08-08T15:58:25.088734+00:00,1786204705.089,381.55,27.19,1.1457,-1.03,-0.467,0.0,188.7
2026-08-08T15:58:25.300171+00:00,1786204705.300,381.76,29.33,1.1501,-1.03,-0.235,0.0,188.7
2026-08-08T15:58:25.495288+00:00,1786204705.495,381.96,29.33,1.1501,-1.03,-0.227,0.0,188.7
2026-08-08T15:58:25.693026+00:00,1786204705.693,382.16,36.34,1.1545,-1.03,0.530,0.0,188.7
2026-08-08T15:58:25.894560+00:00,1786204705.895,382.36,36.34,1.1545,-1.03,0.531,6.4,188.7
2026-08-08T15:58:26.097781+00:00,1786204706.098,382.56,36.34,1.1545,-1.03,1.168,79.7,188.7
2026-08-08T15:58:26.294133+00:00,1786204706.294,382.76,29.00,1.1589,-1.03,0.314,110.2,188.7
2026-08-08T15:58:26.499344+00:00,1786204706.499,382.96,29.00,1.1589,-1.03,-0.297,102.0,188.7
2026-08-08T15:58:26.705960+00:00,1786204706.706,383.17,29.00,1.1589,-1.03,0.250,112.2,188.7
2026-08-08T15:58:27.084167+00:00,1786204707.084,383.55,27.87,1.1633,-1.03,0.087,113.4,188.7
2026-08-08T15:58:27.288611+00:00,1786204707.289,383.75,27.87,1.1633,-1.03,0.087,114.5,188.7
2026-08-08T15:58:27.494819+00:00,1786204707.495,383.96,31.90,1.1699,-1.03,0.326,126.7,188.7
2026-08-08T15:58:27.703803+00:00,1786204707.704,384.17,31.90,1.1699,-1.03,0.324,138.9,188.7
2026-08-08T15:58:27.904899+00:00,1786204707.905,384.37,31.90,1.1699,-1.03,-0.558,118.6,188.7
2026-08-08T15:58:28.291415+00:00,1786204708.291,384.76,31.49,1.1743,-1.03,-0.563,76.0,188.7
2026-08-08T15:58:28.495387+00:00,1786204708.495,384.96,31.49,1.1743,-1.03,-0.562,57.8,188.7
2026-08-08T15:58:28.693416+00:00,1786204708.693,385.16,26.16,1.1787,-1.03,-0.329,47.8,188.7
2026-08-08T15:58:28.906209+00:00,1786204708.906,385.37,26.16,1.1787,-1.03,-0.328,35.7,188.7
2026-08-08T15:58:29.110300+00:00,1786204709.110,385.57,26.16,1.1787,-1.03,-0.328,38.1,188.7
2026-08-08T15:58:29.493362+00:00,1786204709.493,385.96,26.28,1.1831,-1.03,-0.184,45.0,188.7
2026-08-08T15:58:29.692709+00:00,1786204709.693,386.16,26.28,1.1831,-1.03,-0.185,53.7,188.7
2026-08-08T15:58:29.890631+00:00,1786204709.891,386.35,31.99,1.1875,-1.03,0.000,63.0,188.7
2026-08-08T15:58:30.103283+00:00,1786204710.103,386.57,31.99,1.1875,-1.03,0.000,72.1,188.7
2026-08-08T15:58:30.301806+00:00,1786204710.302,386.77,31.99,1.1875,-1.03,0.000,46.9,188.7
2026-08-08T15:58:30.687383+00:00,1786204710.687,387.15,31.50,1.1941,-1.03,0.000,21.4,188.7
2026-08-08T15:58:30.889156+00:00,1786204710.889,387.35,31.50,1.1941,-1.03,0.000,0.0,188.7
2026-08-08T15:58:31.089394+00:00,1786204711.089,387.55,32.11,1.1985,-1.03,0.689,0.0,188.7
2026-08-08T15:58:31.291029+00:00,1786204711.291,387.76,32.11,1.1985,-1.03,0.693,23.0,188.7
2026-08-08T15:58:31.491013+00:00,1786204711.491,387.96,32.11,1.1985,-1.03,0.694,41.9,188.7
2026-08-08T15:58:31.691117+00:00,1786204711.691,388.16,26.63,1.2029,-1.03,0.000,38.6,188.7
2026-08-08T15:58:31.898082+00:00,1786204711.898,388.36,26.63,1.2029,-1.03,0.000,35.4,188.7
2026-08-08T15:58:32.093083+00:00,1786204712.093,388.56,26.63,1.2029,-1.03,-0.676,0.0,188.7
2026-08-08T15:58:32.294096+00:00,1786204712.294,388.76,26.33,1.2073,-1.03,-0.717,0.0,188.7
2026-08-08T15:58:32.492830+00:00,1786204712.493,388.96,26.33,1.2073,-1.03,-0.717,0.0,188.7
2026-08-08T15:58:32.692092+00:00,1786204712.692,389.16,26.33,1.2073,-1.03,-0.715,0.0,188.7
2026-08-08T15:58:32.889671+00:00,1786204712.890,389.35,31.98,1.2117,-1.03,0.067,0.0,188.7
2026-08-08T15:58:33.088846+00:00,1786204713.089,389.55,31.98,1.2117,-1.03,0.000,0.0,188.7
2026-08-08T15:58:33.289753+00:00,1786204713.290,389.75,34.19,1.2161,-1.03,0.290,17.8,188.7
2026-08-08T15:58:33.493072+00:00,1786204713.493,389.96,34.19,1.2161,-1.03,0.290,43.1,188.7
2026-08-08T15:58:33.696531+00:00,1786204713.697,390.16,34.19,1.2161,-1.03,1.047,94.0,188.7
2026-08-08T15:58:33.906761+00:00,1786204713.907,390.37,29.54,1.2205,-1.03,0.402,114.6,188.7
2026-08-08T15:58:34.111376+00:00,1786204714.111,390.58,29.54,1.2205,-1.03,0.400,127.0,188.7
2026-08-08T15:58:34.492087+00:00,1786204714.492,390.96,29.44,1.2249,-1.03,0.393,139.0,188.7
2026-08-08T15:58:34.695582+00:00,1786204714.696,391.16,29.44,1.2249,-1.03,0.392,151.1,188.7
2026-08-08T15:58:34.896419+00:00,1786204714.896,391.36,27.73,1.2293,-1.03,0.177,155.0,188.7
2026-08-08T15:58:35.102799+00:00,1786204715.103,391.57,27.73,1.2293,-1.03,-0.534,136.1,188.7
2026-08-08T15:58:35.299434+00:00,1786204715.299,391.76,27.73,1.2293,-1.03,-0.535,91.3,188.7
2026-08-08T15:58:35.497065+00:00,1786204715.497,391.96,26.22,1.2337,-1.03,-1.005,32.6,188.7
2026-08-08T15:58:35.716467+00:00,1786204715.716,392.18,26.22,1.2337,-1.03,-0.998,0.0,188.7
2026-08-08T15:58:35.909722+00:00,1786204715.910,392.37,26.22,1.2337,-1.03,-1.001,0.0,188.7
2026-08-08T15:58:36.114925+00:00,1786204716.115,392.58,31.56,1.2381,-1.03,0.254,0.0,188.7
2026-08-08T15:58:36.312225+00:00,1786204716.312,392.78,31.56,1.2381,-1.03,0.255,0.0,188.7
2026-08-08T15:58:36.678241+00:00,1786204716.678,393.14,32.05,1.2425,-1.03,0.332,24.0,188.7
2026-08-08T15:58:36.882828+00:00,1786204716.883,393.35,32.05,1.2425,-1.03,0.332,60.6,188.7
2026-08-08T15:58:37.087831+00:00,1786204717.088,393.55,32.31,1.2469,-1.03,0.580,106.7,188.7
2026-08-08T15:58:37.293986+00:00,1786204717.294,393.76,32.31,1.2469,-1.03,0.580,126.1,188.7
2026-08-08T15:58:37.496437+00:00,1786204717.496,393.96,32.31,1.2469,-1.03,0.579,147.9,188.7
2026-08-08T15:58:37.877107+00:00,1786204717.877,394.34,31.64,1.2535,-1.03,0.633,158.0,188.7
2026-08-08T15:58:38.083529+00:00,1786204718.083,394.55,31.64,1.2535,-1.03,0.637,168.2,188.7
2026-08-08T15:58:38.285102+00:00,1786204718.285,394.75,38.79,1.2579,-1.03,1.471,196.4,188.7
2026-08-08T15:58:38.491804+00:00,1786204718.492,394.96,38.79,1.2579,-1.03,0.846,226.9,188.7
2026-08-08T15:58:38.687861+00:00,1786204718.688,395.15,38.79,1.2579,-1.03,0.847,257.4,188.7
2026-08-08T15:58:38.886017+00:00,1786204718.886,395.35,31.60,1.2645,-1.03,-0.057,243.1,188.7
2026-08-08T15:58:39.089200+00:00,1786204719.089,395.55,31.60,1.2645,-1.03,-0.057,228.8,188.7
2026-08-08T15:58:39.297424+00:00,1786204719.297,395.76,31.60,1.2645,-1.03,-0.090,221.7,188.7
2026-08-08T15:58:39.682195+00:00,1786204719.682,396.15,38.84,1.2689,-1.03,0.759,279.9,188.7
2026-08-08T15:58:39.887059+00:00,1786204719.887,396.35,38.84,1.2689,-1.03,0.758,338.1,188.7
2026-08-08T15:58:40.088782+00:00,1786204720.089,396.55,31.26,1.2755,-1.03,0.000,370.7,188.7
2026-08-08T15:58:40.294756+00:00,1786204720.295,396.76,31.26,1.2755,-1.03,0.000,403.1,188.7
2026-08-08T15:58:40.490140+00:00,1786204720.490,396.95,31.26,1.2755,-1.03,-0.949,401.3,188.7
2026-08-08T15:58:40.691754+00:00,1786204720.692,397.16,39.13,1.2821,-1.03,0.000,397.6,188.7
2026-08-08T15:58:40.895020+00:00,1786204720.895,397.36,39.13,1.2821,-1.03,0.000,393.8,188.7
2026-08-08T15:58:41.103076+00:00,1786204721.103,397.57,39.13,1.2821,-1.03,0.944,429.5,188.7
2026-08-08T15:58:41.484417+00:00,1786204721.484,397.95,31.61,1.2865,-1.03,0.000,417.0,188.7
2026-08-08T15:58:41.690019+00:00,1786204721.690,398.15,31.61,1.2865,-1.03,0.000,394.9,188.7
2026-08-08T15:58:41.889838+00:00,1786204721.890,398.35,39.10,1.2931,-1.03,0.000,378.4,188.7
2026-08-08T15:58:42.091449+00:00,1786204722.091,398.56,39.10,1.2931,-1.03,0.000,361.9,188.7
2026-08-08T15:58:42.288645+00:00,1786204722.289,398.75,39.10,1.2931,-1.03,0.990,388.9,188.7
2026-08-08T15:58:42.492422+00:00,1786204722.492,398.96,31.67,1.2975,-1.03,0.051,367.5,188.7
2026-08-08T15:58:42.699165+00:00,1786204722.699,399.16,31.67,1.2975,-1.03,0.051,298.3,188.7
2026-08-08T15:58:42.895576+00:00,1786204722.896,399.36,31.67,1.2975,-1.03,-0.941,220.8,188.7
2026-08-08T15:58:43.100901+00:00,1786204723.101,399.56,31.12,1.3041,-1.03,-1.009,141.2,188.7
2026-08-08T15:58:43.306126+00:00,1786204723.306,399.77,31.12,1.3041,-1.03,-1.010,106.7,188.7
2026-08-08T15:58:43.510858+00:00,1786204723.511,399.97,31.12,1.3041,-1.03,-0.068,106.1,188.7
2026-08-08T15:58:43.888881+00:00,1786204723.889,400.35,39.68,1.3107,-1.03,1.019,162.1,188.7
2026-08-08T15:58:44.092905+00:00,1786204724.093,400.56,39.68,1.3107,-1.03,0.074,132.2,188.7
2026-08-08T15:58:44.295213+00:00,1786204724.295,400.76,38.80,1.3173,-1.03,0.000,98.2,188.7
2026-08-08T15:58:44.496518+00:00,1786204724.496,400.96,38.80,1.3173,-1.03,0.000,103.6,188.7
2026-08-08T15:58:44.702413+00:00,1786204724.702,401.17,38.80,1.3173,-1.03,0.897,149.2,188.7
2026-08-08T15:58:45.083191+00:00,1786204725.083,401.55,31.70,1.3217,-1.03,0.000,183.7,188.7
2026-08-08T15:58:45.296125+00:00,1786204725.296,401.76,31.70,1.3217,-1.03,0.000,178.2,188.7
2026-08-08T15:58:45.687044+00:00,1786204725.687,402.15,39.62,1.3283,-1.03,0.914,220.5,188.7
2026-08-08T15:58:45.890975+00:00,1786204725.891,402.35,39.62,1.3283,-1.03,0.914,220.1,188.7
2026-08-08T15:58:46.089035+00:00,1786204726.089,402.55,39.64,1.3349,-1.03,0.918,268.1,188.7
2026-08-08T15:58:46.296686+00:00,1786204726.297,402.76,39.64,1.3349,-1.03,0.000,274.1,188.7
2026-08-08T15:58:46.493311+00:00,1786204726.493,402.96,39.64,1.3349,-1.03,0.000,274.6,188.7
2026-08-08T15:58:46.690722+00:00,1786204726.691,403.15,39.45,1.3415,-1.03,0.076,278.4,188.7
2026-08-08T15:58:46.901384+00:00,1786204726.901,403.37,39.45,1.3415,-1.03,0.075,237.5,188.7
2026-08-08T15:58:47.106553+00:00,1786204727.107,403.57,39.45,1.3415,-1.03,0.075,244.8,188.7
2026-08-08T15:58:47.488766+00:00,1786204727.489,403.95,39.09,1.3481,-1.03,0.854,287.0,188.7
2026-08-08T15:58:47.695411+00:00,1786204727.695,404.16,39.09,1.3481,-1.03,0.857,365.5,188.7
2026-08-08T15:58:47.897915+00:00,1786204727.898,404.36,31.33,1.3525,-1.03,-1.042,364.2,188.7
2026-08-08T15:58:48.099239+00:00,1786204728.099,404.56,31.33,1.3525,-1.03,-1.044,362.8,188.7
2026-08-08T15:58:48.294517+00:00,1786204728.294,404.76,31.33,1.3525,-1.03,-1.047,327.5,188.7
2026-08-08T15:58:48.498525+00:00,1786204728.499,404.96,39.45,1.3591,-1.03,0.000,280.6,188.7
2026-08-08T15:58:48.702620+00:00,1786204728.703,405.17,39.45,1.3591,-1.03,0.000,277.0,188.7
2026-08-08T15:58:48.908179+00:00,1786204728.908,405.37,39.45,1.3591,-1.03,0.000,277.6,188.7
2026-08-08T15:58:49.287966+00:00,1786204729.288,405.75,39.54,1.3657,-1.03,0.000,278.3,188.7
2026-08-08T15:58:49.490416+00:00,1786204729.490,405.95,39.54,1.3657,-1.03,0.000,238.8,188.7
2026-08-08T15:58:49.692863+00:00,1786204729.693,406.16,39.29,1.3722,-1.03,0.000,244.4,188.7
2026-08-08T15:58:49.898794+00:00,1786204729.899,406.36,39.29,1.3722,-1.03,0.000,250.0,188.7
2026-08-08T15:58:50.095405+00:00,1786204730.095,406.56,39.29,1.3722,-1.03,1.006,253.6,188.7
2026-08-08T15:58:50.297420+00:00,1786204730.297,406.76,39.41,1.3788,-1.03,1.022,258.1,188.7
2026-08-08T15:58:50.502840+00:00,1786204730.503,406.97,39.41,1.3788,-1.03,1.017,262.1,188.7
2026-08-08T15:58:50.698429+00:00,1786204730.698,407.16,39.41,1.3788,-1.03,0.000,261.9,188.7
2026-08-08T15:58:50.899389+00:00,1786204730.899,407.36,39.97,1.3854,-1.03,0.066,265.3,188.7
2026-08-08T15:58:51.102540+00:00,1786204731.103,407.57,39.97,1.3854,-1.03,0.066,265.3,188.7
2026-08-08T15:58:51.307955+00:00,1786204731.308,407.77,39.97,1.3854,-1.03,0.058,265.1,188.7
2026-08-08T15:58:51.690583+00:00,1786204731.691,408.15,39.02,1.3920,-1.03,-0.066,258.3,188.7
2026-08-08T15:58:51.897196+00:00,1786204731.897,408.36,39.02,1.3920,-1.03,0.000,219.6,188.7
2026-08-08T15:58:52.099929+00:00,1786204732.100,408.56,31.65,1.3964,-1.03,-0.964,140.3,188.7
2026-08-08T15:58:52.302173+00:00,1786204732.302,408.77,31.65,1.3964,-1.03,-0.961,143.0,188.7
2026-08-08T15:58:52.509355+00:00,1786204732.509,408.97,31.65,1.3964,-1.03,-0.976,145.3,188.7
2026-08-08T15:58:52.892848+00:00,1786204732.893,409.36,39.48,1.4030,-1.03,0.000,189.2,188.7
2026-08-08T15:58:53.099571+00:00,1786204733.100,409.56,39.48,1.4030,-1.03,0.000,189.2,188.7
2026-08-08T15:58:53.295406+00:00,1786204733.295,409.76,39.59,1.4096,-1.03,0.000,189.3,188.7
2026-08-08T15:58:53.499813+00:00,1786204733.500,409.96,39.59,1.4096,-1.03,0.000,189.5,188.7
2026-08-08T15:58:53.694474+00:00,1786204733.694,410.16,39.59,1.4096,-1.03,0.000,189.5,188.7
2026-08-08T15:58:53.896099+00:00,1786204733.896,410.36,31.67,1.4140,-1.03,-0.926,149.8,188.7
2026-08-08T15:58:54.101405+00:00,1786204734.101,410.57,31.67,1.4140,-1.03,-0.927,110.2,188.7
2026-08-08T15:58:54.296823+00:00,1786204734.297,410.76,31.67,1.4140,-1.03,0.000,104.6,188.7
2026-08-08T15:58:54.499523+00:00,1786204734.499,410.96,39.60,1.4206,-1.03,1.005,105.1,188.7
2026-08-08T15:58:54.705214+00:00,1786204734.705,411.17,39.60,1.4206,-1.03,1.005,104.8,188.7
2026-08-08T15:58:54.912016+00:00,1786204734.912,411.38,39.60,1.4206,-1.03,0.000,58.7,188.7
2026-08-08T15:58:55.294194+00:00,1786204735.294,411.76,31.37,1.4250,-1.03,-1.028,15.5,188.7
2026-08-08T15:58:55.496788+00:00,1786204735.497,411.96,31.37,1.4250,-1.03,-1.038,0.0,188.7
2026-08-08T15:58:55.697152+00:00,1786204735.697,412.16,31.82,1.4316,-1.03,-0.982,0.0,188.7
2026-08-08T15:58:55.895934+00:00,1786204735.896,412.36,31.82,1.4316,-1.03,-0.980,0.0,188.7
2026-08-08T15:58:56.094953+00:00,1786204736.095,412.56,31.82,1.4316,-1.03,0.000,0.0,188.7
2026-08-08T15:58:56.294090+00:00,1786204736.294,412.76,37.22,1.4338,-1.03,0.702,0.0,188.7
2026-08-08T15:58:56.489332+00:00,1786204736.489,412.95,37.22,1.4338,-1.03,0.702,0.0,188.7
2026-08-08T15:58:56.688458+00:00,1786204736.688,413.15,37.22,1.4338,-1.03,-0.302,0.0,188.7
2026-08-08T15:58:56.894523+00:00,1786204736.894,413.36,31.48,1.4382,-1.03,-1.029,0.0,188.7
2026-08-08T15:58:57.090533+00:00,1786204737.091,413.55,31.48,1.4382,-1.03,-1.033,0.0,188.7
2026-08-08T15:58:57.290815+00:00,1786204737.291,413.75,27.76,1.4426,-1.03,-0.501,0.0,188.7
2026-08-08T15:58:57.661907+00:00,1786204737.662,414.13,27.76,1.4426,-1.03,-0.462,0.0,188.7
2026-08-08T15:58:57.875456+00:00,1786204737.875,414.34,27.10,1.4470,-1.03,-0.602,0.0,188.7
2026-08-08T15:58:58.073079+00:00,1786204738.073,414.54,27.10,1.4470,-1.03,-0.602,0.0,188.7
2026-08-08T15:58:58.274323+00:00,1786204738.274,414.74,32.10,1.4514,-1.03,0.000,0.0,188.7
2026-08-08T15:58:58.471825+00:00,1786204738.472,414.94,32.10,1.4514,-1.03,-0.652,0.0,188.7
2026-08-08T15:58:58.670448+00:00,1786204738.670,415.13,32.10,1.4514,-1.03,-0.651,0.0,188.7
2026-08-08T15:58:58.868079+00:00,1786204738.868,415.33,31.27,1.4558,-1.03,-0.758,0.0,188.7
2026-08-08T15:58:59.074162+00:00,1786204739.074,415.54,31.27,1.4558,-1.03,0.000,0.0,188.7
2026-08-08T15:58:59.458028+00:00,1786204739.458,415.92,32.19,1.4602,-1.03,0.083,0.0,188.7
2026-08-08T15:58:59.657975+00:00,1786204739.658,416.12,32.19,1.4602,-1.03,0.520,0.0,188.7
2026-08-08T15:59:00.216404+00:00,1786204740.216,416.68,32.27,1.4668,-1.03,0.491,0.0,188.7
2026-08-08T15:59:00.428061+00:00,1786204740.428,416.89,27.37,1.4690,-1.03,0.000,0.0,188.7
2026-08-08T15:59:00.624185+00:00,1786204740.624,417.09,27.37,1.4690,-1.03,0.000,0.0,188.7
2026-08-08T15:59:00.824253+00:00,1786204740.824,417.29,27.37,1.4690,-1.03,-0.516,0.0,188.7
2026-08-08T15:59:01.026142+00:00,1786204741.026,417.49,32.29,1.4734,-1.03,0.000,0.0,188.7
2026-08-08T15:59:01.223039+00:00,1786204741.223,417.69,32.29,1.4734,-1.03,0.000,0.0,188.7
2026-08-08T15:59:01.426388+00:00,1786204741.426,417.89,31.76,1.4778,-1.03,0.053,0.0,188.7
2026-08-08T15:59:01.622139+00:00,1786204741.622,418.09,31.76,1.4778,-1.03,0.053,0.0,188.7
2026-08-08T15:59:01.820773+00:00,1786204741.821,418.28,31.76,1.4778,-1.03,-0.050,0.0,188.7
2026-08-08T15:59:02.020704+00:00,1786204742.021,418.48,32.46,1.4844,-1.03,0.000,0.0,188.7
2026-08-08T15:59:02.224714+00:00,1786204742.225,418.69,32.46,1.4844,-1.03,0.000,0.0,188.7
2026-08-08T15:59:02.426107+00:00,1786204742.426,418.89,32.46,1.4844,-1.03,0.709,6.1,188.7
2026-08-08T15:59:02.627765+00:00,1786204742.628,419.09,29.85,1.4888,-1.03,0.344,38.0,188.7
2026-08-08T15:59:02.831893+00:00,1786204742.832,419.30,29.85,1.4888,-1.03,0.344,48.6,188.7
2026-08-08T15:59:03.200001+00:00,1786204743.200,419.66,28.45,1.4910,-1.03,-0.491,54.9,188.7
2026-08-08T15:59:03.404590+00:00,1786204743.405,419.87,28.45,1.4910,-1.03,-0.489,61.1,188.7
2026-08-08T15:59:03.605699+00:00,1786204743.606,420.07,28.54,1.4976,-1.03,-0.411,73.6,188.7
2026-08-08T15:59:03.815912+00:00,1786204743.816,420.28,28.54,1.4976,-1.03,-0.409,58.8,188.7
2026-08-08T15:59:04.023361+00:00,1786204744.023,420.49,28.54,1.4976,-1.03,-0.408,40.5,188.7
2026-08-08T15:59:04.404283+00:00,1786204744.404,420.87,31.63,1.5020,-1.03,-0.097,17.3,188.7
2026-08-08T15:59:04.606979+00:00,1786204744.607,421.07,31.63,1.5020,-1.03,-0.097,0.0,188.7
2026-08-08T15:59:04.803478+00:00,1786204744.803,421.27,31.42,1.5064,-1.03,-0.122,0.0,188.7
2026-08-08T15:59:05.003090+00:00,1786204745.003,421.47,31.42,1.5064,-1.03,0.184,0.0,188.7
2026-08-08T15:59:05.200277+00:00,1786204745.200,421.66,31.42,1.5064,-1.03,0.184,25.9,188.7
2026-08-08T15:59:05.403718+00:00,1786204745.404,421.87,31.55,1.5130,-1.03,0.391,39.8,188.7
2026-08-08T15:59:05.610967+00:00,1786204745.611,422.07,31.55,1.5130,-1.03,0.390,53.6,188.7
2026-08-08T15:59:05.808200+00:00,1786204745.808,422.27,31.55,1.5130,-1.03,0.380,65.3,188.7
2026-08-08T15:59:06.013262+00:00,1786204746.013,422.48,31.28,1.5174,-1.03,0.346,75.6,188.7
2026-08-08T15:59:06.215390+00:00,1786204746.215,422.68,31.28,1.5174,-1.03,0.347,89.7,188.7
2026-08-08T15:59:06.421266+00:00,1786204746.421,422.89,31.28,1.5174,-1.03,0.000,89.1,188.7
2026-08-08T15:59:06.804133+00:00,1786204746.804,423.27,30.78,1.5218,-1.03,-0.107,84.3,188.7
2026-08-08T15:59:07.010875+00:00,1786204747.011,423.47,30.78,1.5218,-1.03,-0.080,54.0,188.7
2026-08-08T15:59:07.211021+00:00,1786204747.211,423.68,31.42,1.5284,-1.03,0.000,42.9,188.7
2026-08-08T15:59:07.415526+00:00,1786204747.415,423.88,31.42,1.5284,-1.03,0.000,31.9,188.7
2026-08-08T15:59:07.621029+00:00,1786204747.621,424.09,31.42,1.5284,-1.03,0.000,49.4,188.7
2026-08-08T15:59:08.007077+00:00,1786204748.007,424.47,31.65,1.5328,-1.03,0.000,67.1,188.7
2026-08-08T15:59:08.206812+00:00,1786204748.207,424.67,31.65,1.5328,-1.03,0.000,82.1,188.7
2026-08-08T15:59:08.409420+00:00,1786204748.409,424.87,26.57,1.5372,-1.03,-0.546,78.1,188.7
2026-08-08T15:59:08.616258+00:00,1786204748.616,425.08,26.57,1.5372,-1.03,-0.544,74.1,188.7
2026-08-08T15:59:08.813023+00:00,1786204748.813,425.28,26.57,1.5372,-1.03,-0.546,58.6,188.7
2026-08-08T15:59:09.012708+00:00,1786204749.013,425.48,31.58,1.5416,-1.03,0.100,65.8,188.7
2026-08-08T15:59:09.214590+00:00,1786204749.215,425.68,31.58,1.5416,-1.03,0.101,74.0,188.7
2026-08-08T15:59:09.430376+00:00,1786204749.430,425.89,31.58,1.5416,-1.03,0.000,67.4,188.7
2026-08-08T15:59:09.640261+00:00,1786204749.640,426.10,30.53,1.5482,-1.03,-0.112,56.3,188.7
2026-08-08T15:59:09.835924+00:00,1786204749.836,426.30,30.53,1.5482,-1.03,-0.113,37.5,188.7
2026-08-08T15:59:10.040714+00:00,1786204750.041,426.50,30.53,1.5482,-1.03,-0.154,17.3,188.7
2026-08-08T15:59:10.422693+00:00,1786204750.423,426.89,31.40,1.5526,-1.03,0.000,3.4,188.7
2026-08-08T15:59:10.626724+00:00,1786204750.627,427.09,31.40,1.5526,-1.03,0.604,12.9,188.7
2026-08-08T15:59:10.828068+00:00,1786204750.828,427.29,26.81,1.5570,-1.03,0.000,0.0,188.7
2026-08-08T15:59:11.030289+00:00,1786204751.030,427.49,26.81,1.5570,-1.03,0.000,0.0,188.7
2026-08-08T15:59:11.229947+00:00,1786204751.230,427.69,26.81,1.5570,-1.03,-0.597,0.0,188.7
2026-08-08T15:59:11.436794+00:00,1786204751.437,427.90,32.85,1.5614,-1.03,0.159,0.0,188.7
2026-08-08T15:59:11.636829+00:00,1786204751.637,428.10,32.85,1.5614,-1.03,0.160,0.0,188.7
2026-08-08T15:59:11.841279+00:00,1786204751.841,428.31,35.03,1.5658,-1.03,0.569,22.2,188.7
2026-08-08T15:59:12.045048+00:00,1786204752.045,428.51,35.03,1.5658,-1.03,0.567,47.4,188.7
2026-08-08T15:59:12.244481+00:00,1786204752.244,428.71,35.03,1.5658,-1.03,0.567,72.4,188.7
2026-08-08T15:59:12.445905+00:00,1786204752.446,428.91,25.20,1.5702,-1.03,-0.851,45.0,188.7
2026-08-08T15:59:12.651485+00:00,1786204752.651,429.12,25.20,1.5702,-1.03,-0.851,36.5,188.7
2026-08-08T15:59:12.867011+00:00,1786204752.867,429.33,25.20,1.5702,-1.03,-0.220,46.4,188.7
2026-08-08T15:59:13.243314+00:00,1786204753.243,429.71,28.35,1.5746,-1.03,0.193,70.1,188.7
2026-08-08T15:59:13.446602+00:00,1786204753.447,429.91,28.35,1.5746,-1.03,0.193,71.2,188.7
2026-08-08T15:59:13.646503+00:00,1786204753.646,430.11,31.74,1.5790,-1.03,-0.140,62.5,188.7
2026-08-08T15:59:13.854670+00:00,1786204753.855,430.32,31.74,1.5790,-1.03,-0.139,57.5,188.7
2026-08-08T15:59:14.061808+00:00,1786204754.062,430.53,31.74,1.5790,-1.03,-0.412,47.0,188.7
2026-08-08T15:59:14.446508+00:00,1786204754.446,430.91,31.70,1.5856,-1.03,-0.385,37.5,188.7
2026-08-08T15:59:14.648483+00:00,1786204754.648,431.11,31.70,1.5856,-1.03,-0.385,29.5,188.7
2026-08-08T15:59:14.849877+00:00,1786204754.850,431.31,31.64,1.5900,-1.03,0.744,56.8,188.7
2026-08-08T15:59:15.053851+00:00,1786204755.054,431.52,31.64,1.5900,-1.03,0.745,62.3,188.7
2026-08-08T15:59:15.261146+00:00,1786204755.261,431.73,31.64,1.5900,-1.03,0.746,91.7,188.7
2026-08-08T15:59:15.645996+00:00,1786204755.646,432.11,26.39,1.5944,-1.03,-0.227,84.6,188.7
2026-08-08T15:59:15.848867+00:00,1786204755.849,432.31,26.39,1.5944,-1.03,-0.227,96.1,188.7
2026-08-08T15:59:16.049669+00:00,1786204756.050,432.51,31.34,1.5988,-1.03,0.000,89.2,188.7
2026-08-08T15:59:16.254540+00:00,1786204756.255,432.72,31.34,1.5988,-1.03,0.000,82.2,188.7
2026-08-08T15:59:16.448972+00:00,1786204756.449,432.91,31.34,1.5988,-1.03,0.000,56.9,188.7
2026-08-08T15:59:16.648095+00:00,1786204756.648,433.11,31.58,1.6032,-1.03,0.000,31.8,188.7
2026-08-08T15:59:16.851792+00:00,1786204756.852,433.32,31.58,1.6032,-1.03,0.000,6.7,188.7
2026-08-08T15:59:17.050070+00:00,1786204757.050,433.51,31.58,1.6032,-1.03,0.000,34.1,188.7
2026-08-08T15:59:17.249976+00:00,1786204757.250,433.71,31.65,1.6098,-1.03,0.000,61.6,188.7
2026-08-08T15:59:17.454843+00:00,1786204757.455,433.92,31.65,1.6098,-1.03,0.000,70.7,188.7
2026-08-08T15:59:17.649855+00:00,1786204757.650,434.11,31.65,1.6098,-1.03,0.730,92.6,188.7
2026-08-08T15:59:17.852823+00:00,1786204757.853,434.32,31.62,1.6142,-1.03,0.725,114.4,188.7
2026-08-08T15:59:18.056915+00:00,1786204758.057,434.52,31.62,1.6142,-1.03,0.000,119.4,188.7
2026-08-08T15:59:18.255439+00:00,1786204758.255,434.72,31.62,1.6142,-1.03,0.000,124.5,188.7
2026-08-08T15:59:18.452279+00:00,1786204758.452,434.92,26.18,1.6185,-1.03,-0.715,115.5,188.7
2026-08-08T15:59:18.659966+00:00,1786204758.660,435.12,26.18,1.6185,-1.03,-0.746,104.6,188.7
2026-08-08T15:59:18.868574+00:00,1786204758.869,435.33,26.18,1.6185,-1.03,-0.745,93.7,188.7
2026-08-08T15:59:19.247083+00:00,1786204759.247,435.71,26.33,1.6229,-1.03,-0.665,44.0,188.7
2026-08-08T15:59:19.450664+00:00,1786204759.451,435.91,26.33,1.6229,-1.03,-0.672,0.0,188.7
2026-08-08T15:59:19.652029+00:00,1786204759.652,436.12,26.56,1.6273,-1.03,-0.643,0.0,188.7
2026-08-08T15:59:19.851996+00:00,1786204759.852,436.32,26.56,1.6273,-1.03,-0.641,0.0,188.7
2026-08-08T15:59:20.057656+00:00,1786204760.058,436.52,26.56,1.6273,-1.03,-0.637,0.0,188.7
2026-08-08T15:59:20.250682+00:00,1786204760.251,436.71,31.91,1.6317,-1.03,0.000,0.0,188.7
2026-08-08T15:59:20.449794+00:00,1786204760.450,436.91,31.91,1.6317,-1.03,0.000,0.0,188.7
2026-08-08T15:59:20.649160+00:00,1786204760.649,437.11,32.78,1.6361,-1.03,0.834,0.0,188.7
2026-08-08T15:59:20.843705+00:00,1786204760.844,437.31,32.78,1.6361,-1.03,0.839,0.0,188.7
2026-08-08T15:59:21.043679+00:00,1786204761.044,437.51,32.78,1.6361,-1.03,0.842,17.5,188.7
2026-08-08T15:59:21.244446+00:00,1786204761.244,437.71,30.14,1.6383,-1.03,0.530,35.3,188.7
2026-08-08T15:59:21.443488+00:00,1786204761.443,437.91,30.14,1.6383,-1.03,0.532,53.0,188.7
2026-08-08T15:59:21.641953+00:00,1786204761.642,438.11,30.14,1.6383,-1.03,0.500,69.6,188.7
2026-08-08T15:59:21.868687+00:00,1786204761.869,438.33,27.57,1.6427,-1.03,0.138,45.4,188.7
2026-08-08T15:59:22.071790+00:00,1786204762.072,438.54,27.57,1.6427,-1.03,0.138,21.4,188.7
2026-08-08T15:59:22.270799+00:00,1786204762.271,438.73,27.13,1.6471,-1.03,-0.658,0.0,188.7
2026-08-08T15:59:22.476131+00:00,1786204762.476,438.94,27.13,1.6471,-1.03,-0.655,0.0,188.7
2026-08-08T15:59:22.675242+00:00,1786204762.675,439.14,27.13,1.6471,-1.03,-0.775,0.0,188.7
2026-08-08T15:59:22.879346+00:00,1786204762.879,439.34,27.17,1.6515,-1.03,-0.766,0.0,188.7
2026-08-08T15:59:23.075347+00:00,1786204763.075,439.54,27.17,1.6515,-1.03,-0.767,0.0,188.7
2026-08-08T15:59:23.274781+00:00,1786204763.275,439.74,27.28,1.6559,-1.03,-0.392,0.0,188.7
2026-08-08T15:59:23.480771+00:00,1786204763.481,439.94,27.28,1.6559,-1.03,-0.391,0.0,188.7
2026-08-08T15:59:23.680266+00:00,1786204763.680,440.14,27.28,1.6559,-1.03,-0.390,0.0,188.7
2026-08-08T15:59:23.878630+00:00,1786204763.879,440.34,30.04,1.6581,-1.03,0.341,28.8,188.7
2026-08-08T15:59:24.074374+00:00,1786204764.074,440.54,30.04,1.6581,-1.03,0.343,61.7,188.7
2026-08-08T15:59:24.277655+00:00,1786204764.278,440.74,30.17,1.6625,-1.03,0.420,75.4,188.7
2026-08-08T15:59:24.478256+00:00,1786204764.478,440.94,30.17,1.6625,-1.03,0.421,89.1,188.7
2026-08-08T15:59:24.683723+00:00,1786204764.684,441.15,30.17,1.6625,-1.03,0.420,70.7,188.7
2026-08-08T15:59:24.886513+00:00,1786204764.887,441.35,26.69,1.6669,-1.03,-0.067,34.0,188.7
2026-08-08T15:59:25.082136+00:00,1786204765.082,441.55,26.69,1.6669,-1.03,-0.067,0.0,188.7
2026-08-08T15:59:25.284437+00:00,1786204765.284,441.75,26.72,1.6691,-1.03,-0.077,0.0,188.7
2026-08-08T15:59:25.480595+00:00,1786204765.481,441.94,26.72,1.6691,-1.03,-0.078,0.0,188.7
2026-08-08T15:59:25.682563+00:00,1786204765.683,442.15,26.72,1.6691,-1.03,-0.078,0.0,188.7
2026-08-08T15:59:25.879634+00:00,1786204765.880,442.34,26.35,1.6735,-1.03,-0.511,0.0,188.7
2026-08-08T15:59:26.078122+00:00,1786204766.078,442.54,26.35,1.6735,-1.03,-0.511,0.0,188.7
2026-08-08T15:59:26.281937+00:00,1786204766.282,442.75,25.76,1.6779,-1.03,-0.610,0.0,188.7
2026-08-08T15:59:26.479318+00:00,1786204766.479,442.94,25.76,1.6779,-1.03,-0.611,0.0,188.7
2026-08-08T15:59:26.678665+00:00,1786204766.679,443.14,25.76,1.6779,-1.03,-0.613,0.0,188.7
2026-08-08T15:59:26.875655+00:00,1786204766.876,443.34,29.32,1.6801,-1.03,0.367,0.0,188.7
2026-08-08T15:59:27.074499+00:00,1786204767.074,443.54,29.32,1.6801,-1.03,0.366,0.0,188.7
2026-08-08T15:59:27.275391+00:00,1786204767.275,443.74,24.94,1.6845,-1.03,-0.248,0.0,188.7
2026-08-08T15:59:27.471769+00:00,1786204767.472,443.94,24.94,1.6845,-1.03,-0.248,0.0,188.7
2026-08-08T15:59:27.671520+00:00,1786204767.672,444.14,24.94,1.6845,-1.03,-0.248,0.0,188.7
2026-08-08T15:59:27.871302+00:00,1786204767.871,444.34,24.62,1.6867,-1.03,-0.241,0.0,188.7
2026-08-08T15:59:28.069363+00:00,1786204768.069,444.53,24.62,1.6867,-1.03,-0.241,0.0,188.7
2026-08-08T15:59:28.269851+00:00,1786204768.270,444.73,24.44,1.6911,-1.03,-0.186,0.0,188.7
2026-08-08T15:59:28.466162+00:00,1786204768.466,444.93,24.44,1.6911,-1.03,-0.186,0.0,188.7
2026-08-08T15:59:28.665968+00:00,1786204768.666,445.13,24.44,1.6911,-1.03,-0.186,0.0,188.7
2026-08-08T15:59:28.863355+00:00,1786204768.863,445.33,24.31,1.6933,-1.03,-0.699,0.0,188.7
2026-08-08T15:59:29.065137+00:00,1786204769.065,445.53,24.31,1.6933,-1.03,-0.698,0.0,188.7
2026-08-08T15:59:29.267921+00:00,1786204769.268,445.73,24.67,1.6977,-1.03,0.000,0.0,188.7
2026-08-08T15:59:29.464207+00:00,1786204769.464,445.93,24.67,1.6977,-1.03,0.000,0.0,188.7
2026-08-08T15:59:29.664014+00:00,1786204769.664,446.13,24.67,1.6977,-1.03,0.000,0.0,188.7
2026-08-08T15:59:29.861551+00:00,1786204769.862,446.33,25.14,1.7021,-1.03,0.071,0.0,188.7
2026-08-08T15:59:30.061286+00:00,1786204770.061,446.53,25.14,1.7021,-1.03,0.071,0.0,188.7
2026-08-08T15:59:30.262336+00:00,1786204770.262,446.73,25.21,1.7043,-1.03,0.107,0.0,188.7
2026-08-08T15:59:30.458001+00:00,1786204770.458,446.92,25.21,1.7043,-1.03,0.107,0.0,188.7
2026-08-08T15:59:30.657515+00:00,1786204770.658,447.12,25.21,1.7043,-1.03,0.107,0.0,188.7
2026-08-08T15:59:30.859185+00:00,1786204770.859,447.32,25.16,1.7087,-1.03,0.118,0.0,188.7
2026-08-08T15:59:31.059013+00:00,1786204771.059,447.52,25.16,1.7087,-1.03,0.118,0.0,188.7
2026-08-08T15:59:31.259956+00:00,1786204771.260,447.72,25.12,1.7109,-1.03,0.063,0.0,188.7
2026-08-08T15:59:31.455974+00:00,1786204771.456,447.92,25.12,1.7109,-1.03,0.063,0.0,188.7
2026-08-08T15:59:31.655697+00:00,1786204771.656,448.12,25.12,1.7109,-1.03,0.063,0.0,188.7
2026-08-08T15:59:31.854994+00:00,1786204771.855,448.32,25.13,1.7153,-1.03,0.000,0.0,188.7
2026-08-08T15:59:32.057071+00:00,1786204772.057,448.52,25.13,1.7153,-1.03,0.000,0.0,188.7
2026-08-08T15:59:32.256946+00:00,1786204772.257,448.72,25.03,1.7175,-1.03,0.000,0.0,188.7
2026-08-08T15:59:32.456199+00:00,1786204772.456,448.92,25.03,1.7175,-1.03,0.000,0.0,188.7
2026-08-08T15:59:32.655460+00:00,1786204772.655,449.12,25.03,1.7175,-1.03,0.000,0.0,188.7
2026-08-08T15:59:32.853188+00:00,1786204772.853,449.32,25.01,1.7219,-1.03,0.000,3.0,188.7
2026-08-08T15:59:33.047877+00:00,1786204773.048,449.51,25.01,1.7219,-1.03,0.000,22.8,188.7
2026-08-08T15:59:33.255736+00:00,1786204773.256,449.72,25.18,1.7263,-1.03,0.000,22.9,188.7
2026-08-08T15:59:33.452899+00:00,1786204773.453,449.92,25.18,1.7263,-1.03,0.000,23.1,188.7
2026-08-08T15:59:33.656610+00:00,1786204773.657,450.12,25.18,1.7263,-1.03,0.000,23.2,188.7
2026-08-08T15:59:33.855981+00:00,1786204773.856,450.32,25.27,1.7285,-1.03,0.000,21.2,188.7
2026-08-08T15:59:34.058049+00:00,1786204774.058,450.52,25.27,1.7285,-1.03,0.000,19.1,188.7
2026-08-08T15:59:34.394373+00:00,1786204774.394,450.86,24.67,1.7329,-1.03,0.000,15.9,188.7
2026-08-08T15:59:34.594058+00:00,1786204774.594,451.06,24.67,1.7329,-1.03,0.000,12.6,188.7
2026-08-08T15:59:34.795496+00:00,1786204774.795,451.26,25.21,1.7373,-1.03,0.000,9.5,188.7
2026-08-08T15:59:34.999456+00:00,1786204774.999,451.46,25.21,1.7373,-1.03,0.000,6.0,188.7
2026-08-08T15:59:35.197393+00:00,1786204775.197,451.66,25.21,1.7373,-1.03,0.000,2.6,188.7
2026-08-08T15:59:35.397376+00:00,1786204775.397,451.86,26.42,1.7417,-1.03,0.161,6.1,188.7
2026-08-08T15:59:35.603333+00:00,1786204775.603,452.07,26.42,1.7417,-1.03,0.161,9.6,188.7
2026-08-08T15:59:35.798966+00:00,1786204775.799,452.26,26.42,1.7417,-1.03,0.161,13.1,188.7
2026-08-08T15:59:35.999730+00:00,1786204776.000,452.46,26.09,1.7461,-1.03,0.106,16.6,188.7
2026-08-08T15:59:36.205125+00:00,1786204776.205,452.67,26.09,1.7461,-1.03,0.106,20.1,188.7
2026-08-08T15:59:36.412407+00:00,1786204776.412,452.88,26.09,1.7461,-1.03,0.195,26.3,188.7
2026-08-08T15:59:36.796970+00:00,1786204776.797,453.26,26.36,1.7483,-1.03,0.213,33.2,188.7
2026-08-08T15:59:37.000936+00:00,1786204777.001,453.46,26.36,1.7483,-1.03,0.145,38.1,188.7
2026-08-08T15:59:37.204774+00:00,1786204777.205,453.67,26.41,1.7527,-1.03,0.152,43.1,188.7
2026-08-08T15:59:37.405025+00:00,1786204777.405,453.87,26.41,1.7527,-1.03,0.151,48.2,188.7
2026-08-08T15:59:37.600460+00:00,1786204777.600,454.06,26.41,1.7527,-1.03,0.000,48.6,188.7
2026-08-08T15:59:37.800774+00:00,1786204777.801,454.26,26.38,1.7571,-1.03,0.000,48.9,188.7
2026-08-08T15:59:38.003787+00:00,1786204778.004,454.47,26.38,1.7571,-1.03,0.000,49.3,188.7
2026-08-08T15:59:38.200549+00:00,1786204778.200,454.66,26.38,1.7571,-1.03,0.000,49.7,188.7
2026-08-08T15:59:38.399221+00:00,1786204778.399,454.86,26.15,1.7615,-1.03,0.000,49.9,188.7
2026-08-08T15:59:38.602366+00:00,1786204778.602,455.07,26.15,1.7615,-1.03,0.000,50.4,188.7
2026-08-08T15:59:38.800013+00:00,1786204778.800,455.26,26.15,1.7615,-1.03,0.000,50.8,188.7
2026-08-08T15:59:38.999978+00:00,1786204779.000,455.46,22.62,1.7659,-1.03,-0.520,36.6,188.7
2026-08-08T15:59:39.206217+00:00,1786204779.206,455.67,22.62,1.7659,-1.03,-0.526,22.2,188.7
2026-08-08T15:59:39.404546+00:00,1786204779.405,455.87,22.62,1.7659,-1.03,-0.526,7.8,188.7
2026-08-08T15:59:39.607074+00:00,1786204779.607,456.07,22.67,1.7703,-1.03,-0.518,0.0,188.7
2026-08-08T15:59:39.807350+00:00,1786204779.807,456.27,22.67,1.7703,-1.03,-0.513,0.0,188.7
2026-08-08T15:59:40.009243+00:00,1786204780.009,456.47,22.67,1.7703,-1.03,-0.513,0.0,188.7
2026-08-08T15:59:40.206678+00:00,1786204780.207,456.67,22.71,1.7725,-1.03,-0.508,0.0,188.7
2026-08-08T15:59:40.405555+00:00,1786204780.406,456.87,22.71,1.7725,-1.03,-0.476,0.0,188.7
2026-08-08T15:59:40.604492+00:00,1786204780.604,457.07,24.45,1.7769,-1.03,-0.235,0.0,188.7
2026-08-08T15:59:40.798584+00:00,1786204780.799,457.26,24.45,1.7769,-1.03,-0.235,0.0,188.7
2026-08-08T15:59:40.997581+00:00,1786204780.998,457.46,24.45,1.7769,-1.03,0.254,0.0,188.7
2026-08-08T15:59:41.197987+00:00,1786204781.198,457.66,25.95,1.7791,-1.03,0.463,0.0,188.7
2026-08-08T15:59:41.394420+00:00,1786204781.394,457.86,25.95,1.7791,-1.03,0.464,0.0,188.7
2026-08-08T15:59:41.593559+00:00,1786204781.594,458.06,25.95,1.7791,-1.03,0.458,0.0,188.7
2026-08-08T15:59:41.794027+00:00,1786204781.794,458.26,24.54,1.7835,-1.03,0.261,0.0,188.7
2026-08-08T15:59:41.996667+00:00,1786204781.997,458.46,24.54,1.7835,-1.03,0.261,0.0,188.7
2026-08-08T15:59:42.198577+00:00,1786204782.199,458.66,23.73,1.7857,-1.03,0.143,0.0,188.7
2026-08-08T15:59:42.398629+00:00,1786204782.399,458.86,23.73,1.7857,-1.03,0.143,0.0,188.7
2026-08-08T15:59:42.598413+00:00,1786204782.598,459.06,23.73,1.7857,-1.03,-0.100,0.0,188.7
2026-08-08T15:59:42.798493+00:00,1786204782.798,459.26,24.55,1.7901,-1.03,0.000,0.0,188.7
2026-08-08T15:59:42.999588+00:00,1786204783.000,459.46,24.55,1.7901,-1.03,0.000,0.0,188.7
2026-08-08T15:59:43.198309+00:00,1786204783.198,459.66,23.66,1.7923,-1.03,-0.318,0.0,188.7
2026-08-08T15:59:43.399400+00:00,1786204783.399,459.86,23.66,1.7923,-1.03,-0.317,0.0,188.7
2026-08-08T15:59:43.599737+00:00,1786204783.600,460.06,23.66,1.7923,-1.03,-0.317,0.0,188.7
2026-08-08T15:59:43.804849+00:00,1786204783.805,460.27,23.79,1.7967,-1.03,-0.103,0.0,188.7
2026-08-08T15:59:44.008338+00:00,1786204784.008,460.47,23.79,1.7967,-1.03,-0.103,0.0,188.7
2026-08-08T15:59:44.208088+00:00,1786204784.208,460.67,23.71,1.7989,-1.03,0.000,4.1,188.7
2026-08-08T15:59:44.409208+00:00,1786204784.409,460.87,23.71,1.7989,-1.03,0.000,16.8,188.7
2026-08-08T15:59:44.616111+00:00,1786204784.616,461.08,23.63,1.8033,-1.03,0.000,23.2,188.7
2026-08-08T15:59:44.814355+00:00,1786204784.814,461.28,23.63,1.8033,-1.03,-0.126,26.2,188.7
2026-08-08T15:59:45.011429+00:00,1786204785.011,461.48,23.63,1.8033,-1.03,-0.126,15.3,188.7
2026-08-08T15:59:45.216379+00:00,1786204785.216,461.68,23.47,1.8055,-1.03,0.000,0.0,188.7
2026-08-08T15:59:45.412629+00:00,1786204785.413,461.88,23.47,1.8055,-1.03,0.000,0.0,188.7
2026-08-08T15:59:45.613489+00:00,1786204785.613,462.08,23.55,1.8099,-1.03,0.000,0.0,188.7
2026-08-08T15:59:45.815102+00:00,1786204785.815,462.28,23.55,1.8099,-1.03,0.000,0.0,188.7
2026-08-08T15:59:46.015066+00:00,1786204786.015,462.48,23.55,1.8099,-1.03,0.000,0.0,188.7
2026-08-08T15:59:46.212055+00:00,1786204786.212,462.68,23.52,1.8121,-1.03,0.000,0.0,188.7
2026-08-08T15:59:46.411479+00:00,1786204786.411,462.88,23.52,1.8121,-1.03,0.000,0.0,188.7
2026-08-08T15:59:46.611308+00:00,1786204786.611,463.08,23.37,1.8165,-1.03,0.000,0.0,188.7
2026-08-08T15:59:46.813172+00:00,1786204786.813,463.28,23.37,1.8165,-1.03,0.000,0.0,188.7
2026-08-08T15:59:47.012751+00:00,1786204787.013,463.48,23.37,1.8165,-1.03,0.000,0.0,188.7
2026-08-08T15:59:47.209707+00:00,1786204787.210,463.67,23.31,1.8187,-1.03,0.000,0.0,188.7
2026-08-08T15:59:47.409004+00:00,1786204787.409,463.87,23.31,1.8187,-1.03,0.000,0.0,188.7
2026-08-08T15:59:47.609293+00:00,1786204787.609,464.07,23.18,1.8231,-1.03,-0.051,0.0,188.7
2026-08-08T15:59:47.813606+00:00,1786204787.814,464.28,23.18,1.8231,-1.03,-0.051,0.0,188.7
2026-08-08T15:59:48.013184+00:00,1786204788.013,464.48,23.18,1.8231,-1.03,-0.051,0.0,188.7
2026-08-08T15:59:48.213051+00:00,1786204788.213,464.68,23.12,1.8253,-1.03,-0.055,0.0,188.7
2026-08-08T15:59:48.411210+00:00,1786204788.411,464.88,23.12,1.8253,-1.03,-0.055,0.0,188.7
2026-08-08T15:59:48.611161+00:00,1786204788.611,465.08,23.14,1.8297,-1.03,0.000,0.0,188.7
2026-08-08T15:59:48.814565+00:00,1786204788.815,465.28,23.14,1.8297,-1.03,0.000,0.0,188.7
2026-08-08T15:59:49.014481+00:00,1786204789.014,465.48,23.14,1.8297,-1.03,0.000,0.0,188.7
2026-08-08T15:59:49.213983+00:00,1786204789.214,465.68,23.14,1.8319,-1.03,0.000,0.0,188.7
2026-08-08T15:59:49.413218+00:00,1786204789.413,465.88,23.14,1.8319,-1.03,0.000,0.0,188.7
2026-08-08T15:59:49.613232+00:00,1786204789.613,466.08,23.19,1.8363,-1.03,0.000,0.0,188.7
2026-08-08T15:59:49.815091+00:00,1786204789.815,466.28,23.19,1.8363,-1.03,0.000,0.0,188.7
2026-08-08T15:59:50.014811+00:00,1786204790.015,466.48,23.19,1.8363,-1.03,0.000,0.0,188.7
2026-08-08T15:59:50.211445+00:00,1786204790.211,466.68,23.22,1.8385,-1.03,0.000,0.0,188.7
2026-08-08T15:59:50.410921+00:00,1786204790.411,466.87,23.22,1.8385,-1.03,0.000,0.0,188.7
2026-08-08T15:59:50.610789+00:00,1786204790.611,467.07,23.28,1.8429,-1.03,0.000,0.0,188.7
2026-08-08T15:59:50.814084+00:00,1786204790.814,467.28,23.28,1.8429,-1.03,0.000,0.0,188.7
2026-08-08T15:59:51.018279+00:00,1786204791.018,467.48,23.28,1.8429,-1.03,0.000,0.0,188.7
2026-08-08T15:59:51.217647+00:00,1786204791.218,467.68,23.27,1.8451,-1.03,0.000,0.0,188.7
2026-08-08T15:59:51.417025+00:00,1786204791.417,467.88,23.27,1.8451,-1.03,0.000,0.0,188.7
2026-08-08T15:59:51.613418+00:00,1786204791.613,468.08,23.27,1.8473,-1.03,0.000,0.0,188.7
2026-08-08T15:59:51.812802+00:00,1786204791.813,468.28,23.27,1.8473,-1.03,0.000,0.0,188.7
2026-08-08T15:59:52.012400+00:00,1786204792.012,468.48,23.27,1.8473,-1.03,0.000,0.0,188.7
2026-08-08T15:59:52.209005+00:00,1786204792.209,468.67,23.40,1.8517,-1.03,0.000,0.0,188.7
2026-08-08T15:59:52.408469+00:00,1786204792.408,468.87,23.40,1.8517,-1.03,0.000,0.0,188.7
2026-08-08T15:59:52.608352+00:00,1786204792.608,469.07,23.47,1.8539,-1.03,0.000,0.0,188.7
2026-08-08T15:59:52.807687+00:00,1786204792.808,469.27,23.47,1.8539,-1.03,0.000,0.0,188.7
2026-08-08T15:59:53.007724+00:00,1786204793.008,469.47,23.47,1.8539,-1.03,0.000,0.0,188.7
2026-08-08T15:59:53.206792+00:00,1786204793.207,469.67,23.57,1.8583,-1.03,0.000,0.0,188.7
2026-08-08T15:59:53.406224+00:00,1786204793.406,469.87,23.57,1.8583,-1.03,0.000,0.0,188.7
2026-08-08T15:59:53.605776+00:00,1786204793.606,470.07,23.58,1.8605,-1.03,0.000,0.0,188.7
2026-08-08T15:59:53.804966+00:00,1786204793.805,470.27,23.58,1.8605,-1.03,0.000,0.0,188.7
2026-08-08T15:59:54.004604+00:00,1786204794.005,470.47,23.58,1.8605,-1.03,0.000,0.0,188.7
2026-08-08T15:59:54.201154+00:00,1786204794.201,470.67,23.59,1.8648,-1.03,0.000,0.0,188.7
2026-08-08T15:59:54.400786+00:00,1786204794.401,470.86,23.59,1.8648,-1.03,0.000,0.0,188.7
2026-08-08T15:59:54.603496+00:00,1786204794.603,471.07,23.51,1.8670,-1.03,0.000,0.0,188.7
2026-08-08T15:59:54.802795+00:00,1786204794.803,471.27,23.51,1.8670,-1.03,0.000,0.0,188.7
2026-08-08T15:59:55.002571+00:00,1786204795.003,471.47,23.51,1.8670,-1.03,0.000,0.0,188.7
2026-08-08T15:59:55.200309+00:00,1786204795.200,471.66,23.45,1.8714,-1.03,0.000,0.0,188.7
2026-08-08T15:59:55.399778+00:00,1786204795.400,471.86,23.45,1.8714,-1.03,0.000,0.0,188.7
2026-08-08T15:59:55.599299+00:00,1786204795.599,472.06,23.51,1.8736,-1.03,0.000,0.0,188.7
2026-08-08T15:59:55.798650+00:00,1786204795.799,472.26,23.51,1.8736,-1.03,0.000,0.0,188.7
2026-08-08T15:59:55.998244+00:00,1786204795.998,472.46,23.51,1.8736,-1.03,0.000,0.0,188.7
2026-08-08T15:59:56.197550+00:00,1786204796.198,472.66,23.82,1.8780,-1.03,0.000,0.0,188.7
2026-08-08T15:59:56.396958+00:00,1786204796.397,472.86,23.82,1.8780,-1.03,0.000,0.0,188.7
2026-08-08T15:59:56.597304+00:00,1786204796.597,473.06,23.91,1.8802,-1.03,0.057,0.0,188.7
2026-08-08T15:59:56.794258+00:00,1786204796.794,473.26,23.91,1.8802,-1.03,0.057,0.0,188.7
2026-08-08T15:59:56.994361+00:00,1786204796.994,473.46,23.91,1.8802,-1.03,0.057,0.0,188.7
2026-08-08T15:59:57.191084+00:00,1786204797.191,473.66,24.04,1.8846,-1.03,0.082,0.0,188.7
2026-08-08T15:59:57.389058+00:00,1786204797.389,473.85,24.04,1.8846,-1.03,0.082,0.0,188.7
2026-08-08T15:59:57.592011+00:00,1786204797.592,474.06,24.03,1.8868,-1.03,0.072,0.0,188.7
2026-08-08T15:59:57.789841+00:00,1786204797.790,474.25,24.03,1.8868,-1.03,0.073,3.1,188.7
2026-08-08T15:59:57.990306+00:00,1786204797.990,474.45,24.03,1.8868,-1.03,0.073,5.2,188.7
2026-08-08T15:59:58.192534+00:00,1786204798.193,474.66,24.25,1.8912,-1.03,0.060,7.0,188.7
2026-08-08T15:59:58.390194+00:00,1786204798.390,474.85,24.25,1.8912,-1.03,0.060,8.9,188.7
2026-08-08T15:59:58.614192+00:00,1786204798.614,475.08,24.25,1.8934,-1.03,0.000,9.1,188.7
2026-08-08T15:59:58.818025+00:00,1786204798.818,475.28,24.25,1.8934,-1.03,0.000,9.3,188.7
2026-08-08T15:59:59.016691+00:00,1786204799.017,475.48,24.25,1.8934,-1.03,0.000,9.4,188.7
2026-08-08T15:59:59.218177+00:00,1786204799.218,475.68,22.90,1.8978,-1.03,-0.156,5.2,188.7
2026-08-08T15:59:59.426501+00:00,1786204799.426,475.89,22.90,1.8978,-1.03,-0.155,0.0,188.7
2026-08-08T15:59:59.620581+00:00,1786204799.621,476.08,22.90,1.8978,-1.03,-0.155,0.0,188.7
2026-08-08T15:59:59.827455+00:00,1786204799.827,476.29,23.79,1.9022,-1.03,0.000,0.0,188.7
2026-08-08T16:00:00.024306+00:00,1786204800.024,476.49,23.79,1.9022,-1.03,0.000,0.0,188.7
2026-08-08T16:00:00.224251+00:00,1786204800.224,476.69,22.68,1.9044,-1.03,-0.214,0.0,188.7
2026-08-08T16:00:00.428989+00:00,1786204800.429,476.89,22.68,1.9044,-1.03,-0.213,0.0,188.7
2026-08-08T16:00:00.628543+00:00,1786204800.629,477.09,22.68,1.9044,-1.03,-0.216,0.0,188.7
2026-08-08T16:00:00.826567+00:00,1786204800.827,477.29,27.63,1.9088,-1.03,0.466,0.0,188.7
2026-08-08T16:00:01.026444+00:00,1786204801.026,477.49,27.63,1.9088,-1.03,0.466,6.6,188.7
2026-08-08T16:00:01.229003+00:00,1786204801.229,477.69,26.52,1.9132,-1.03,0.499,20.4,188.7
2026-08-08T16:00:01.431281+00:00,1786204801.431,477.90,26.52,1.9132,-1.03,0.501,34.2,188.7
2026-08-08T16:00:01.634380+00:00,1786204801.634,478.10,26.52,1.9132,-1.03,0.499,48.2,188.7
2026-08-08T16:00:01.834725+00:00,1786204801.835,478.30,24.63,1.9154,-1.03,0.117,49.7,188.7
2026-08-08T16:00:02.038899+00:00,1786204802.039,478.50,24.63,1.9154,-1.03,0.117,51.2,188.7
2026-08-08T16:00:02.420223+00:00,1786204802.420,478.88,23.72,1.9198,-1.03,0.131,52.9,188.7
2026-08-08T16:00:02.623303+00:00,1786204802.623,479.09,23.72,1.9198,-1.03,0.131,54.7,188.7
2026-08-08T16:00:02.822778+00:00,1786204802.823,479.29,24.42,1.9242,-1.03,0.220,61.0,188.7
2026-08-08T16:00:03.026947+00:00,1786204803.027,479.49,24.42,1.9242,-1.03,-0.405,49.6,188.7
2026-08-08T16:00:03.225768+00:00,1786204803.226,479.69,24.42,1.9242,-1.03,-0.405,38.2,188.7
2026-08-08T16:00:03.426275+00:00,1786204803.426,479.89,26.36,1.9264,-1.03,0.000,43.3,188.7
2026-08-08T16:00:03.631583+00:00,1786204803.631,480.10,26.36,1.9264,-1.03,0.000,48.3,188.7
2026-08-08T16:00:03.836956+00:00,1786204803.837,480.30,26.36,1.9264,-1.03,0.000,53.4,188.7
2026-08-08T16:00:04.219391+00:00,1786204804.219,480.68,26.30,1.9308,-1.03,0.194,60.0,188.7
2026-08-08T16:00:04.423569+00:00,1786204804.424,480.89,26.30,1.9308,-1.03,0.194,66.6,188.7
2026-08-08T16:00:04.623575+00:00,1786204804.623,481.09,26.28,1.9352,-1.03,0.323,83.0,188.7
2026-08-08T16:00:04.833356+00:00,1786204804.833,481.30,26.28,1.9352,-1.03,0.322,99.3,188.7
2026-08-08T16:00:05.040334+00:00,1786204805.040,481.50,26.28,1.9352,-1.03,0.233,113.1,188.7
2026-08-08T16:00:05.427313+00:00,1786204805.427,481.89,22.60,1.9396,-1.03,-0.211,91.2,188.7
2026-08-08T16:00:05.629295+00:00,1786204805.629,482.09,22.60,1.9396,-1.03,-0.211,69.3,188.7
2026-08-08T16:00:05.826616+00:00,1786204805.827,482.29,22.66,1.9440,-1.03,-0.429,41.7,188.7
2026-08-08T16:00:06.031325+00:00,1786204806.031,482.50,22.66,1.9440,-1.03,-0.429,14.1,188.7
2026-08-08T16:00:06.225981+00:00,1786204806.226,482.69,22.66,1.9440,-1.03,-0.431,0.0,188.7
2026-08-08T16:00:06.423914+00:00,1786204806.424,482.89,26.42,1.9484,-1.03,0.000,0.0,188.7
2026-08-08T16:00:06.623350+00:00,1786204806.623,483.09,26.42,1.9484,-1.03,0.000,0.0,188.7
2026-08-08T16:00:06.822735+00:00,1786204806.823,483.29,26.42,1.9484,-1.03,0.000,0.0,188.7
2026-08-08T16:00:07.019455+00:00,1786204807.019,483.48,25.91,1.9506,-1.03,0.000,0.0,188.7
2026-08-08T16:00:07.218959+00:00,1786204807.219,483.68,25.91,1.9506,-1.03,0.000,0.0,188.7
2026-08-08T16:00:07.419396+00:00,1786204807.419,483.88,25.05,1.9550,-1.03,0.341,0.0,188.7
2026-08-08T16:00:07.614831+00:00,1786204807.615,484.08,25.05,1.9550,-1.03,0.343,12.4,188.7
2026-08-08T16:00:07.819063+00:00,1786204807.819,484.28,25.05,1.9550,-1.03,0.334,21.6,188.7
2026-08-08T16:00:08.023550+00:00,1786204808.024,484.49,24.76,1.9594,-1.03,0.292,29.5,188.7
2026-08-08T16:00:08.218190+00:00,1786204808.218,484.68,24.76,1.9594,-1.03,0.292,37.4,188.7
2026-08-08T16:00:08.421673+00:00,1786204808.422,484.89,24.79,1.9616,-1.03,-0.227,24.5,188.7
2026-08-08T16:00:08.622501+00:00,1786204808.622,485.09,24.79,1.9616,-1.03,-0.227,11.7,188.7
2026-08-08T16:00:08.825338+00:00,1786204808.825,485.29,24.79,1.9616,-1.03,-0.227,0.0,188.7
2026-08-08T16:00:09.024879+00:00,1786204809.025,485.49,24.90,1.9660,-1.03,-0.140,0.0,188.7
2026-08-08T16:00:09.222338+00:00,1786204809.222,485.69,24.90,1.9660,-1.03,-0.140,0.0,188.7
2026-08-08T16:00:09.422764+00:00,1786204809.423,485.89,25.00,1.9682,-1.03,0.000,0.0,188.7
2026-08-08T16:00:09.626909+00:00,1786204809.627,486.09,25.00,1.9682,-1.03,0.000,0.0,188.7
2026-08-08T16:00:09.826297+00:00,1786204809.826,486.29,25.00,1.9682,-1.03,0.000,0.0,188.7
2026-08-08T16:00:10.024674+00:00,1786204810.025,486.49,25.33,1.9726,-1.03,0.080,7.4,188.7
2026-08-08T16:00:10.219444+00:00,1786204810.219,486.68,25.33,1.9726,-1.03,0.080,21.7,188.7
2026-08-08T16:00:10.423987+00:00,1786204810.424,486.89,25.64,1.9770,-1.03,0.118,24.9,188.7
2026-08-08T16:00:10.627523+00:00,1786204810.628,487.09,25.64,1.9770,-1.03,0.118,28.2,188.7
2026-08-08T16:00:10.830396+00:00,1786204810.830,487.29,25.64,1.9770,-1.03,0.118,31.4,188.7
2026-08-08T16:00:11.030760+00:00,1786204811.031,487.49,25.74,1.9792,-1.03,0.117,34.8,188.7
2026-08-08T16:00:11.234101+00:00,1786204811.234,487.70,25.74,1.9792,-1.03,0.116,38.2,188.7
2026-08-08T16:00:11.443692+00:00,1786204811.444,487.91,25.87,1.9836,-1.03,0.120,32.2,188.7
2026-08-08T16:00:11.643058+00:00,1786204811.643,488.11,25.87,1.9836,-1.03,0.120,26.1,188.7
2026-08-08T16:00:11.844204+00:00,1786204811.844,488.31,25.87,1.9836,-1.03,0.120,20.3,188.7
2026-08-08T16:00:12.047526+00:00,1786204812.047,488.51,24.06,1.9880,-1.03,-0.174,6.9,188.7
2026-08-08T16:00:12.253749+00:00,1786204812.254,488.72,24.06,1.9880,-1.03,-0.173,0.0,188.7
2026-08-08T16:00:12.458483+00:00,1786204812.458,488.92,24.06,1.9880,-1.03,-0.216,0.0,188.7
2026-08-08T16:00:12.839836+00:00,1786204812.840,489.30,24.43,1.9924,-1.03,-0.153,0.0,188.7
2026-08-08T16:00:13.215659+00:00,1786204813.216,489.68,27.11,1.9968,-1.03,0.171,8.5,188.7
2026-08-08T16:00:13.422579+00:00,1786204813.423,489.89,27.11,1.9968,-1.03,0.159,18.3,188.7
2026-08-08T16:00:13.618655+00:00,1786204813.619,490.08,27.11,1.9968,-1.03,0.159,28.0,188.7
2026-08-08T16:00:13.818061+00:00,1786204813.818,490.28,26.88,2.0012,-1.03,0.119,32.3,188.7
2026-08-08T16:00:14.021573+00:00,1786204814.021,490.49,26.88,2.0012,-1.03,0.118,36.6,188.7
2026-08-08T16:00:14.217228+00:00,1786204814.217,490.68,26.88,2.0012,-1.03,0.119,40.9,188.7
2026-08-08T16:00:14.416379+00:00,1786204814.416,490.88,31.86,2.0034,-1.03,0.914,74.9,188.7
2026-08-08T16:00:14.622485+00:00,1786204814.622,491.09,31.86,2.0034,-1.03,0.914,109.0,188.7
2026-08-08T16:00:14.820425+00:00,1786204814.820,491.28,31.86,2.0034,-1.03,0.918,142.0,188.7
2026-08-08T16:00:15.022852+00:00,1786204815.023,491.49,26.51,2.0078,-1.03,0.265,146.9,188.7
2026-08-08T16:00:15.226661+00:00,1786204815.227,491.69,26.51,2.0078,-1.03,-0.083,141.1,188.7
2026-08-08T16:00:15.427821+00:00,1786204815.428,491.89,26.51,2.0078,-1.03,-0.084,135.3,188.7
2026-08-08T16:00:15.814919+00:00,1786204815.815,492.28,26.21,2.0122,-1.03,-0.113,128.6,188.7
2026-08-08T16:00:16.019701+00:00,1786204816.020,492.48,26.21,2.0122,-1.03,-0.085,122.5,188.7
2026-08-08T16:00:16.222172+00:00,1786204816.222,492.69,25.91,2.0166,-1.03,-0.123,115.3,188.7
2026-08-08T16:00:16.428310+00:00,1786204816.428,492.89,25.91,2.0166,-1.03,-0.122,108.0,188.7
2026-08-08T16:00:16.633265+00:00,1786204816.633,493.10,25.91,2.0166,-1.03,-0.746,91.1,188.7
2026-08-08T16:00:17.014689+00:00,1786204817.015,493.48,22.60,2.0210,-1.03,-1.075,67.5,188.7
2026-08-08T16:00:17.219139+00:00,1786204817.219,493.68,22.60,2.0210,-1.03,-1.072,45.2,188.7
2026-08-08T16:00:17.419487+00:00,1786204817.419,493.88,22.85,2.0254,-1.03,-0.424,38.0,188.7
2026-08-08T16:00:17.626830+00:00,1786204817.627,494.09,22.85,2.0254,-1.03,-0.423,20.2,188.7
2026-08-08T16:00:17.833070+00:00,1786204817.833,494.30,22.85,2.0254,-1.03,-0.423,2.9,188.7
2026-08-08T16:00:18.214533+00:00,1786204818.215,494.68,26.52,2.0298,-1.03,0.000,0.0,188.7
2026-08-08T16:00:18.415568+00:00,1786204818.416,494.88,26.52,2.0298,-1.03,0.000,0.0,188.7
2026-08-08T16:00:18.614007+00:00,1786204818.614,495.08,22.72,2.0320,-1.03,-0.370,0.0,188.7
2026-08-08T16:00:18.810558+00:00,1786204818.811,495.27,22.72,2.0320,-1.03,-0.371,0.0,188.7
2026-08-08T16:00:19.009845+00:00,1786204819.010,495.47,22.72,2.0320,-1.03,-0.372,0.0,188.7
2026-08-08T16:00:19.209382+00:00,1786204819.209,495.67,28.21,2.0364,-1.03,0.709,0.0,188.7
2026-08-08T16:00:19.407802+00:00,1786204819.408,495.87,28.21,2.0364,-1.03,0.711,0.0,188.7
2026-08-08T16:00:19.610412+00:00,1786204819.610,496.07,25.12,2.0386,-1.03,0.287,0.0,188.7
2026-08-08T16:00:19.806702+00:00,1786204819.807,496.27,25.12,2.0386,-1.03,0.289,0.0,188.7
2026-08-08T16:00:20.006510+00:00,1786204820.006,496.47,25.12,2.0386,-1.03,0.290,0.0,188.7
2026-08-08T16:00:20.203511+00:00,1786204820.203,496.67,24.12,2.0430,-1.03,-0.335,0.0,188.7
2026-08-08T16:00:20.402556+00:00,1786204820.403,496.87,24.12,2.0430,-1.03,-0.336,0.0,188.7
2026-08-08T16:00:20.604727+00:00,1786204820.605,497.07,23.98,2.0452,-1.03,0.175,0.0,188.7
2026-08-08T16:00:20.803792+00:00,1786204820.804,497.27,23.98,2.0452,-1.03,0.175,0.0,188.7
2026-08-08T16:00:21.003821+00:00,1786204821.004,497.47,23.98,2.0452,-1.03,0.175,0.0,188.7
2026-08-08T16:00:21.201253+00:00,1786204821.201,497.67,23.82,2.0496,-1.03,-0.612,0.0,188.7
2026-08-08T16:00:21.400557+00:00,1786204821.401,497.86,23.82,2.0496,-1.03,-0.611,0.0,188.7
2026-08-08T16:00:21.600221+00:00,1786204821.600,498.06,23.73,2.0518,-1.03,-0.193,0.0,188.7
2026-08-08T16:00:21.798592+00:00,1786204821.799,498.26,23.73,2.0518,-1.03,-0.193,0.0,188.7
2026-08-08T16:00:21.998457+00:00,1786204821.998,498.46,23.73,2.0518,-1.03,-0.193,0.0,188.7
2026-08-08T16:00:22.197903+00:00,1786204822.198,498.66,23.56,2.0562,-1.03,-0.078,0.0,188.7
2026-08-08T16:00:22.396051+00:00,1786204822.396,498.86,23.56,2.0562,-1.03,-0.078,0.0,188.7
2026-08-08T16:00:22.592751+00:00,1786204822.593,499.06,23.56,2.0584,-1.03,-0.059,0.0,188.7
2026-08-08T16:00:22.791149+00:00,1786204822.791,499.26,23.56,2.0584,-1.03,-0.059,0.0,188.7
2026-08-08T16:00:22.992383+00:00,1786204822.992,499.46,23.56,2.0584,-1.03,-0.059,2.8,188.7
2026-08-08T16:00:23.194931+00:00,1786204823.195,499.66,23.60,2.0628,-1.03,0.000,0.0,188.7
2026-08-08T16:00:23.387692+00:00,1786204823.388,499.85,23.60,2.0628,-1.03,0.000,0.0,188.7
2026-08-08T16:00:23.587395+00:00,1786204823.587,500.05,23.71,2.0650,-1.03,0.000,0.0,188.7
2026-08-08T16:00:23.786875+00:00,1786204823.787,500.25,23.71,2.0650,-1.03,0.000,0.0,188.7
2026-08-08T16:00:23.986720+00:00,1786204823.987,500.45,23.71,2.0650,-1.03,0.000,0.0,188.7
2026-08-08T16:00:24.185838+00:00,1786204824.186,500.65,23.81,2.0694,-1.03,0.000,0.0,188.7
2026-08-08T16:00:24.385221+00:00,1786204824.385,500.85,23.81,2.0694,-1.03,0.000,0.0,188.7
2026-08-08T16:00:24.584692+00:00,1786204824.585,501.05,23.84,2.0716,-1.03,0.000,0.0,188.7
2026-08-08T16:00:24.784099+00:00,1786204824.784,501.25,23.84,2.0716,-1.03,0.000,0.0,188.7
2026-08-08T16:00:24.983760+00:00,1786204824.984,501.45,23.84,2.0716,-1.03,0.000,0.0,188.7
2026-08-08T16:00:25.182974+00:00,1786204825.183,501.65,23.88,2.0760,-1.03,0.000,0.0,188.7
2026-08-08T16:00:25.382517+00:00,1786204825.383,501.85,23.88,2.0760,-1.03,0.000,0.0,188.7
2026-08-08T16:00:25.581813+00:00,1786204825.582,502.05,24.00,2.0782,-1.03,0.000,0.0,188.7
2026-08-08T16:00:25.781183+00:00,1786204825.781,502.25,24.00,2.0782,-1.03,0.000,0.0,188.7
2026-08-08T16:00:25.980795+00:00,1786204825.981,502.44,24.00,2.0782,-1.03,0.000,0.0,188.7
2026-08-08T16:00:26.177757+00:00,1786204826.178,502.64,24.11,2.0826,-1.03,0.000,0.0,188.7
2026-08-08T16:00:26.377147+00:00,1786204826.377,502.84,24.11,2.0826,-1.03,0.000,0.0,188.7
2026-08-08T16:00:26.576596+00:00,1786204826.577,503.04,24.16,2.0848,-1.03,0.000,0.0,188.7
2026-08-08T16:00:26.776028+00:00,1786204826.776,503.24,24.16,2.0848,-1.03,0.000,0.0,188.7
2026-08-08T16:00:26.975420+00:00,1786204826.975,503.44,24.16,2.0848,-1.03,0.000,0.0,188.7
2026-08-08T16:00:27.175157+00:00,1786204827.175,503.64,24.43,2.0892,-1.03,0.077,0.0,188.7
2026-08-08T16:00:27.373108+00:00,1786204827.373,503.84,24.43,2.0892,-1.03,0.077,0.0,188.7
2026-08-08T16:00:27.572659+00:00,1786204827.573,504.04,24.67,2.0914,-1.03,0.093,0.0,188.7
2026-08-08T16:00:27.770876+00:00,1786204827.771,504.23,24.67,2.0914,-1.03,0.093,0.0,188.7
2026-08-08T16:00:27.972070+00:00,1786204827.972,504.44,24.67,2.0914,-1.03,0.093,4.2,188.7
2026-08-08T16:00:28.168437+00:00,1786204828.168,504.63,25.18,2.0958,-1.03,0.149,8.9,188.7
2026-08-08T16:00:28.363169+00:00,1786204828.363,504.83,25.18,2.0958,-1.03,0.150,13.6,188.7
2026-08-08T16:00:28.562633+00:00,1786204828.563,505.03,25.54,2.1002,-1.03,0.194,19.8,188.7
2026-08-08T16:00:28.764210+00:00,1786204828.764,505.23,25.54,2.1002,-1.03,0.193,26.0,188.7
2026-08-08T16:00:28.964251+00:00,1786204828.964,505.43,25.54,2.1002,-1.03,0.193,32.2,188.7
2026-08-08T16:00:29.321739+00:00,1786204829.322,505.79,24.49,2.1046,-1.03,0.000,32.3,188.7
2026-08-08T16:00:29.524780+00:00,1786204829.525,505.99,24.49,2.1046,-1.03,0.000,32.5,188.7
2026-08-08T16:00:29.910469+00:00,1786204829.910,506.37,24.92,2.1090,-1.03,0.000,32.7,188.7
2026-08-08T16:00:30.108802+00:00,1786204830.109,506.57,24.92,2.1090,-1.03,0.000,33.0,188.7
2026-08-08T16:00:30.482176+00:00,1786204830.482,506.95,23.24,2.1133,-1.03,-0.158,28.5,188.7
2026-08-08T16:00:30.675455+00:00,1786204830.675,507.14,23.24,2.1133,-1.03,-0.215,22.6,188.7
2026-08-08T16:00:30.870392+00:00,1786204830.870,507.33,23.24,2.1133,-1.03,-0.215,16.6,188.7
2026-08-08T16:00:31.093087+00:00,1786204831.093,507.56,26.60,2.1177,-1.03,0.117,20.9,188.7
2026-08-08T16:00:31.468891+00:00,1786204831.469,507.93,26.60,2.1177,-1.03,0.109,25.0,188.7
2026-08-08T16:00:31.680580+00:00,1786204831.681,508.14,23.49,2.1199,-1.03,-0.209,19.2,188.7
2026-08-08T16:00:31.883408+00:00,1786204831.883,508.35,23.49,2.1199,-1.03,-0.108,13.8,188.7
2026-08-08T16:00:32.083972+00:00,1786204832.084,508.55,24.56,2.1243,-1.03,0.000,11.7,188.7
2026-08-08T16:00:32.284834+00:00,1786204832.285,508.75,24.56,2.1243,-1.03,0.000,9.0,188.7
2026-08-08T16:00:32.482518+00:00,1786204832.482,508.95,24.56,2.1243,-1.03,0.000,6.3,188.7
2026-08-08T16:00:32.681358+00:00,1786204832.681,509.15,31.20,2.1287,-1.03,1.005,42.5,188.7
2026-08-08T16:00:32.891686+00:00,1786204832.892,509.36,31.20,2.1287,-1.03,0.997,76.5,188.7
2026-08-08T16:00:33.098039+00:00,1786204833.098,509.56,31.20,2.1287,-1.03,0.993,110.4,188.7
2026-08-08T16:00:33.479982+00:00,1786204833.480,509.94,25.80,2.1331,-1.03,-0.094,102.0,188.7
2026-08-08T16:00:33.684020+00:00,1786204833.684,510.15,25.80,2.1331,-1.03,-0.101,93.4,188.7
2026-08-08T16:00:33.887333+00:00,1786204833.887,510.35,22.60,2.1375,-1.03,-0.113,84.0,188.7
2026-08-08T16:00:34.090881+00:00,1786204834.091,510.55,22.60,2.1375,-1.03,-0.112,80.6,188.7
2026-08-08T16:00:34.296737+00:00,1786204834.297,510.76,22.60,2.1375,-1.03,-0.247,73.7,188.7
2026-08-08T16:00:34.680300+00:00,1786204834.680,511.14,23.16,2.1419,-1.03,-0.163,68.9,188.7
2026-08-08T16:00:34.884129+00:00,1786204834.884,511.35,23.16,2.1419,-1.03,-0.163,64.1,188.7
2026-08-08T16:00:35.083721+00:00,1786204835.084,511.55,26.39,2.1463,-1.03,-0.556,52.3,188.7
2026-08-08T16:00:35.288608+00:00,1786204835.289,511.75,26.39,2.1463,-1.03,-0.557,41.9,188.7
2026-08-08T16:00:35.483530+00:00,1786204835.483,511.95,26.39,2.1463,-1.03,-0.560,31.5,188.7
2026-08-08T16:00:35.683193+00:00,1786204835.683,512.15,26.40,2.1507,-1.03,0.076,30.2,188.7
2026-08-08T16:00:35.888977+00:00,1786204835.889,512.35,26.40,2.1507,-1.03,0.076,29.1,188.7
2026-08-08T16:00:36.084700+00:00,1786204836.085,512.55,26.40,2.1507,-1.03,0.480,50.2,188.7
2026-08-08T16:00:36.286855+00:00,1786204836.287,512.75,26.20,2.1551,-1.03,0.456,67.7,188.7
2026-08-08T16:00:36.492599+00:00,1786204836.493,512.96,26.20,2.1551,-1.03,0.456,82.0,188.7
2026-08-08T16:00:36.699530+00:00,1786204836.699,513.16,26.20,2.1551,-1.03,0.419,95.2,188.7
2026-08-08T16:00:36.901913+00:00,1786204836.902,513.37,26.20,2.1573,-1.03,0.419,108.4,188.7
2026-08-08T16:00:37.100933+00:00,1786204837.101,513.56,26.20,2.1573,-1.03,0.000,70.0,188.7
2026-08-08T16:00:37.302314+00:00,1786204837.302,513.77,26.20,2.1573,-1.03,0.000,32.0,188.7
2026-08-08T16:00:37.681944+00:00,1786204837.682,514.15,26.38,2.1617,-1.03,0.000,0.0,188.7
2026-08-08T16:00:37.882033+00:00,1786204837.882,514.35,26.38,2.1617,-1.03,0.000,0.0,188.7
2026-08-08T16:00:38.079354+00:00,1786204838.079,514.54,26.59,2.1661,-1.03,0.000,0.0,188.7
2026-08-08T16:00:38.280266+00:00,1786204838.280,514.74,26.59,2.1661,-1.03,0.000,4.4,188.7
2026-08-08T16:00:38.483215+00:00,1786204838.483,514.95,27.44,2.1705,-1.03,0.156,13.7,188.7
2026-08-08T16:00:38.684884+00:00,1786204838.685,515.15,27.44,2.1705,-1.03,0.156,26.5,188.7
2026-08-08T16:00:38.887955+00:00,1786204838.888,515.35,27.44,2.1705,-1.03,0.157,37.1,188.7
2026-08-08T16:00:39.084298+00:00,1786204839.084,515.55,29.87,2.1727,-1.03,0.467,59.9,188.7
2026-08-08T16:00:39.287452+00:00,1786204839.287,515.75,29.87,2.1727,-1.03,0.466,94.3,188.7
2026-08-08T16:00:39.488006+00:00,1786204839.488,515.95,23.32,2.1771,-1.03,-0.366,100.6,188.7
2026-08-08T16:00:39.697260+00:00,1786204839.697,516.16,23.32,2.1771,-1.03,-0.421,105.4,188.7
2026-08-08T16:00:39.894098+00:00,1786204839.894,516.36,23.32,2.1771,-1.03,-0.422,90.9,188.7
2026-08-08T16:00:40.090536+00:00,1786204840.091,516.55,23.55,2.1815,-1.03,-0.420,76.3,188.7
2026-08-08T16:00:40.291788+00:00,1786204840.292,516.76,23.55,2.1815,-1.03,-0.420,49.4,188.7
2026-08-08T16:00:40.488572+00:00,1786204840.489,516.95,23.55,2.1815,-1.03,-0.539,20.2,188.7
2026-08-08T16:00:40.690652+00:00,1786204840.691,517.15,26.53,2.1859,-1.03,-0.126,2.7,188.7
2026-08-08T16:00:40.898697+00:00,1786204840.899,517.36,26.53,2.1859,-1.03,-0.125,0.0,188.7
2026-08-08T16:00:41.100849+00:00,1786204841.101,517.56,26.53,2.1859,-1.03,-0.460,0.0,188.7
2026-08-08T16:00:41.482303+00:00,1786204841.482,517.95,26.30,2.1903,-1.03,-0.452,0.0,188.7
2026-08-08T16:00:41.679225+00:00,1786204841.679,518.14,26.30,2.1903,-1.03,0.377,0.0,188.7
2026-08-08T16:00:42.065590+00:00,1786204842.066,518.53,26.57,2.1947,-1.03,0.380,0.0,188.7
2026-08-08T16:00:42.264361+00:00,1786204842.264,518.73,26.57,2.1947,-1.03,0.380,0.0,188.7
2026-08-08T16:00:42.468019+00:00,1786204842.468,518.93,31.48,2.1991,-1.03,0.926,16.7,188.7
2026-08-08T16:00:42.663411+00:00,1786204842.663,519.13,31.48,2.1991,-1.03,0.928,52.6,188.7
2026-08-08T16:00:42.867200+00:00,1786204842.867,519.33,28.65,2.2013,-1.03,0.595,67.8,188.7
2026-08-08T16:00:43.065757+00:00,1786204843.066,519.53,28.65,2.2013,-1.03,0.247,71.5,188.7
2026-08-08T16:00:43.260541+00:00,1786204843.261,519.72,28.65,2.2013,-1.03,0.249,75.2,188.7
2026-08-08T16:00:43.475096+00:00,1786204843.475,519.94,28.63,2.2057,-1.03,0.246,66.7,188.7
2026-08-08T16:00:43.674563+00:00,1786204843.675,520.14,28.63,2.2057,-1.03,0.296,59.9,188.7
2026-08-08T16:00:43.882924+00:00,1786204843.883,520.35,24.49,2.2101,-1.03,-0.229,63.5,188.7
2026-08-08T16:00:44.090208+00:00,1786204844.090,520.55,24.49,2.2101,-1.03,-0.286,67.1,188.7
2026-08-08T16:00:44.293248+00:00,1786204844.293,520.76,24.49,2.2101,-1.03,-0.285,70.7,188.7
2026-08-08T16:00:44.674581+00:00,1786204844.675,521.14,24.35,2.2145,-1.03,-0.897,57.1,188.7
2026-08-08T16:00:44.878031+00:00,1786204844.878,521.34,24.35,2.2145,-1.03,-0.894,43.6,188.7
2026-08-08T16:00:45.087207+00:00,1786204845.087,521.55,26.44,2.2189,-1.03,-0.277,50.6,188.7
2026-08-08T16:00:45.285318+00:00,1786204845.285,521.75,26.44,2.2189,-1.03,-0.277,46.0,188.7
2026-08-08T16:00:45.491696+00:00,1786204845.492,521.96,26.44,2.2189,-1.03,-0.275,41.4,188.7
2026-08-08T16:00:45.879130+00:00,1786204845.879,522.34,26.42,2.2233,-1.03,-0.256,47.7,188.7
2026-08-08T16:00:46.080059+00:00,1786204846.080,522.54,26.42,2.2233,-1.03,-0.256,53.6,188.7
2026-08-08T16:00:46.278013+00:00,1786204846.278,522.74,26.52,2.2277,-1.03,0.236,49.4,188.7
2026-08-08T16:00:46.485757+00:00,1786204846.486,522.95,26.52,2.2277,-1.03,0.236,45.0,188.7
2026-08-08T16:00:46.691246+00:00,1786204846.691,523.16,26.52,2.2277,-1.03,0.236,40.5,188.7
2026-08-08T16:00:47.073424+00:00,1786204847.073,523.54,31.04,2.2321,-1.03,0.774,34.4,188.7
2026-08-08T16:00:47.451213+00:00,1786204847.451,523.92,26.90,2.2365,-1.03,0.275,7.2,188.7
2026-08-08T16:00:47.652708+00:00,1786204847.653,524.12,26.90,2.2365,-1.03,0.050,0.0,188.7
2026-08-08T16:00:47.858218+00:00,1786204847.858,524.32,26.90,2.2365,-1.03,0.050,0.0,188.7
2026-08-08T16:00:48.054951+00:00,1786204848.055,524.52,27.07,2.2409,-1.03,0.069,0.0,188.7
2026-08-08T16:00:48.253088+00:00,1786204848.253,524.72,27.07,2.2409,-1.03,0.077,0.0,188.7
2026-08-08T16:00:48.452014+00:00,1786204848.452,524.92,31.81,2.2453,-1.03,0.630,0.0,188.7
2026-08-08T16:00:48.647824+00:00,1786204848.648,525.11,31.81,2.2453,-1.03,0.619,15.2,188.7
2026-08-08T16:00:48.843202+00:00,1786204848.843,525.31,31.81,2.2453,-1.03,0.622,49.1,188.7
2026-08-08T16:00:49.058143+00:00,1786204849.058,525.52,27.09,2.2475,-1.03,0.066,60.1,188.7
2026-08-08T16:00:49.262611+00:00,1786204849.263,525.73,27.09,2.2475,-1.03,-0.502,70.4,188.7
2026-08-08T16:00:49.644337+00:00,1786204849.644,526.11,24.56,2.2519,-1.03,-0.297,87.2,188.7
2026-08-08T16:00:49.848088+00:00,1786204849.848,526.31,24.56,2.2519,-1.03,-0.297,86.7,188.7
2026-08-08T16:00:50.048739+00:00,1786204850.049,526.51,24.28,2.2563,-1.03,-0.333,85.1,188.7
2026-08-08T16:00:50.254309+00:00,1786204850.254,526.72,24.28,2.2563,-1.03,-0.354,83.0,188.7
2026-08-08T16:00:50.450597+00:00,1786204850.451,526.91,24.28,2.2563,-1.03,-0.354,80.2,188.7
2026-08-08T16:00:50.648275+00:00,1786204850.648,527.11,26.41,2.2607,-1.03,-0.683,67.2,188.7
2026-08-08T16:00:50.854369+00:00,1786204850.854,527.32,26.41,2.2607,-1.03,-0.680,39.2,188.7
2026-08-08T16:00:51.050454+00:00,1786204851.050,527.51,26.41,2.2607,-1.03,-0.679,11.2,188.7
2026-08-08T16:00:51.249360+00:00,1786204851.249,527.71,26.35,2.2651,-1.03,-0.093,0.0,188.7
2026-08-08T16:00:51.458790+00:00,1786204851.459,527.92,26.35,2.2651,-1.03,-0.092,0.0,188.7
2026-08-08T16:00:51.657676+00:00,1786204851.658,528.12,26.35,2.2651,-1.03,0.248,0.0,188.7
2026-08-08T16:00:51.856915+00:00,1786204851.857,528.32,30.58,2.2695,-1.03,0.833,0.0,188.7
2026-08-08T16:00:52.053785+00:00,1786204852.054,528.52,30.58,2.2695,-1.03,0.874,27.7,188.7
2026-08-08T16:00:52.252571+00:00,1786204852.253,528.72,26.30,2.2717,-1.03,0.282,33.8,188.7
2026-08-08T16:00:52.456033+00:00,1786204852.456,528.92,26.30,2.2717,-1.03,0.281,39.7,188.7
2026-08-08T16:00:52.663160+00:00,1786204852.663,529.13,26.30,2.2717,-1.03,0.000,14.0,188.7
2026-08-08T16:00:53.064322+00:00,1786204853.064,529.53,26.38,2.2761,-1.03,0.000,0.0,188.7
2026-08-08T16:00:53.268619+00:00,1786204853.269,529.73,26.38,2.2761,-1.03,0.000,0.0,188.7
2026-08-08T16:00:53.464464+00:00,1786204853.464,529.93,26.12,2.2805,-1.03,0.000,0.0,188.7
2026-08-08T16:00:53.663572+00:00,1786204853.664,530.13,26.12,2.2805,-1.03,0.000,0.0,188.7
2026-08-08T16:00:53.864631+00:00,1786204853.865,530.33,28.17,2.2849,-1.03,0.228,0.0,188.7
2026-08-08T16:00:54.068798+00:00,1786204854.069,530.53,28.17,2.2849,-1.03,-0.304,0.0,188.7
2026-08-08T16:00:54.270232+00:00,1786204854.270,530.73,28.17,2.2849,-1.03,-0.303,0.0,188.7
2026-08-08T16:00:54.474897+00:00,1786204854.475,530.94,31.31,2.2871,-1.03,0.626,29.5,188.7
2026-08-08T16:00:54.671537+00:00,1786204854.671,531.14,31.31,2.2871,-1.03,0.628,64.9,188.7
2026-08-08T16:00:54.881161+00:00,1786204854.881,531.35,26.27,2.2915,-1.03,0.000,85.7,188.7
2026-08-08T16:00:55.085370+00:00,1786204855.085,531.55,26.27,2.2915,-1.03,0.000,106.4,188.7
2026-08-08T16:00:55.284328+00:00,1786204855.284,531.75,26.27,2.2915,-1.03,0.000,127.0,188.7
2026-08-08T16:00:55.668945+00:00,1786204855.669,532.13,26.24,2.2959,-1.03,0.000,129.8,188.7
2026-08-08T16:00:55.869369+00:00,1786204855.869,532.33,26.24,2.2959,-1.03,0.000,132.6,188.7
2026-08-08T16:00:56.070862+00:00,1786204856.071,532.53,22.67,2.3003,-1.03,-0.693,105.9,188.7
2026-08-08T16:00:56.276052+00:00,1786204856.276,532.74,22.67,2.3003,-1.03,-0.693,55.6,188.7
2026-08-08T16:00:56.471016+00:00,1786204856.471,532.94,22.67,2.3003,-1.03,-0.695,3.8,188.7
2026-08-08T16:00:56.670279+00:00,1786204856.670,533.13,22.86,2.3047,-1.03,-1.070,0.0,188.7
2026-08-08T16:00:56.877838+00:00,1786204856.878,533.34,22.86,2.3047,-1.03,-1.063,0.0,188.7
2026-08-08T16:00:57.077353+00:00,1786204857.077,533.54,22.86,2.3047,-1.03,-0.430,0.0,188.7
2026-08-08T16:00:57.464680+00:00,1786204857.465,533.93,26.59,2.3091,-1.03,0.000,0.0,188.7
2026-08-08T16:00:57.661317+00:00,1786204857.661,534.13,26.59,2.3091,-1.03,0.000,0.0,188.7
2026-08-08T16:00:57.859869+00:00,1786204857.860,534.32,29.18,2.3135,-1.03,0.373,0.0,188.7
2026-08-08T16:00:58.057542+00:00,1786204858.057,534.52,29.18,2.3135,-1.03,0.373,0.0,188.7
2026-08-08T16:00:58.256566+00:00,1786204858.257,534.72,26.72,2.3157,-1.03,0.515,0.0,188.7
2026-08-08T16:00:58.462711+00:00,1786204858.463,534.93,26.72,2.3157,-1.03,0.515,0.0,188.7
2026-08-08T16:00:58.663597+00:00,1786204858.664,535.13,26.72,2.3157,-1.03,0.514,2.1,188.7
2026-08-08T16:00:58.863276+00:00,1786204858.863,535.33,25.92,2.3201,-1.03,0.387,0.0,188.7
2026-08-08T16:00:59.068093+00:00,1786204859.068,535.53,25.92,2.3201,-1.03,0.388,0.0,188.7
2026-08-08T16:00:59.268519+00:00,1786204859.268,535.73,25.43,2.3223,-1.03,0.325,0.0,188.7
2026-08-08T16:00:59.466148+00:00,1786204859.466,535.93,25.43,2.3223,-1.03,-0.161,0.0,188.7
2026-08-08T16:00:59.664399+00:00,1786204859.664,536.13,25.43,2.3223,-1.03,-0.161,0.0,188.7
2026-08-08T16:00:59.863798+00:00,1786204859.864,536.33,26.28,2.3267,-1.03,-0.401,0.0,188.7
2026-08-08T16:01:00.062044+00:00,1786204860.062,536.53,26.28,2.3267,-1.03,-0.401,0.0,188.7
2026-08-08T16:01:00.262429+00:00,1786204860.262,536.73,25.14,2.3289,-1.03,-0.220,0.0,188.7
2026-08-08T16:01:00.459687+00:00,1786204860.460,536.92,25.14,2.3289,-1.03,-0.221,0.0,188.7
2026-08-08T16:01:00.659193+00:00,1786204860.659,537.12,25.14,2.3289,-1.03,-0.221,0.0,188.7
2026-08-08T16:01:00.857840+00:00,1786204860.858,537.32,24.99,2.3333,-1.03,-0.129,12.5,188.7
2026-08-08T16:01:01.055493+00:00,1786204861.055,537.52,24.99,2.3333,-1.03,-0.130,37.4,188.7
2026-08-08T16:01:01.263360+00:00,1786204861.263,537.73,24.89,2.3377,-1.03,-0.076,47.1,188.7
2026-08-08T16:01:01.464303+00:00,1786204861.464,537.93,24.89,2.3377,-1.03,-0.075,44.4,188.7
2026-08-08T16:01:01.667467+00:00,1786204861.667,538.13,24.89,2.3377,-1.03,-0.075,41.7,188.7
2026-08-08T16:01:01.874435+00:00,1786204861.874,538.34,24.93,2.3399,-1.03,-0.187,22.1,188.7
2026-08-08T16:01:02.078595+00:00,1786204862.079,538.54,24.93,2.3399,-1.03,-0.187,2.6,188.7
2026-08-08T16:01:02.438610+00:00,1786204862.439,538.90,23.50,2.3443,-1.03,-0.209,0.0,188.7
2026-08-08T16:01:02.639143+00:00,1786204862.639,539.10,23.50,2.3443,-1.03,-0.209,0.0,188.7
2026-08-08T16:01:02.836631+00:00,1786204862.837,539.30,22.31,2.3465,-1.03,-0.361,0.0,188.7
2026-08-08T16:01:03.032947+00:00,1786204863.033,539.50,22.31,2.3465,-1.03,-0.342,0.0,188.7
2026-08-08T16:01:03.232367+00:00,1786204863.232,539.70,22.31,2.3465,-1.03,-0.342,0.0,188.7
2026-08-08T16:01:03.435243+00:00,1786204863.435,539.90,23.04,2.3509,-1.03,-0.236,0.0,188.7
2026-08-08T16:01:03.630622+00:00,1786204863.631,540.09,23.04,2.3509,-1.03,-0.236,0.0,188.7
2026-08-08T16:01:03.829184+00:00,1786204863.829,540.29,23.02,2.3531,-1.03,-0.240,0.0,188.7
2026-08-08T16:01:04.028055+00:00,1786204864.028,540.49,23.02,2.3531,-1.03,-0.246,0.0,188.7
2026-08-08T16:01:04.226713+00:00,1786204864.227,540.69,23.02,2.3531,-1.03,-0.247,0.0,188.7
2026-08-08T16:01:04.428764+00:00,1786204864.429,540.89,24.62,2.3575,-1.03,0.156,0.0,188.7
2026-08-08T16:01:04.627382+00:00,1786204864.627,541.09,24.62,2.3575,-1.03,0.156,0.0,188.7
2026-08-08T16:01:04.823925+00:00,1786204864.824,541.29,26.06,2.3597,-1.03,0.524,0.0,188.7
2026-08-08T16:01:05.022431+00:00,1786204865.022,541.49,26.06,2.3597,-1.03,0.523,0.0,188.7
2026-08-08T16:01:05.222043+00:00,1786204865.222,541.69,26.06,2.3597,-1.03,0.523,0.0,188.7
2026-08-08T16:01:05.422116+00:00,1786204865.422,541.89,24.78,2.3640,-1.03,0.242,0.0,188.7
2026-08-08T16:01:05.619980+00:00,1786204865.620,542.08,24.78,2.3640,-1.03,0.242,0.0,188.7
2026-08-08T16:01:05.819224+00:00,1786204865.819,542.28,24.41,2.3662,-1.03,0.194,0.0,188.7
2026-08-08T16:01:06.017802+00:00,1786204866.018,542.48,24.41,2.3662,-1.03,0.194,0.0,188.7
2026-08-08T16:01:06.218546+00:00,1786204866.219,542.68,24.41,2.3662,-1.03,0.194,7.6,188.7
2026-08-08T16:01:06.421811+00:00,1786204866.422,542.89,24.49,2.3706,-1.03,0.000,13.5,188.7
2026-08-08T16:01:06.621792+00:00,1786204866.622,543.09,24.49,2.3706,-1.03,0.000,19.4,188.7
2026-08-08T16:01:06.820825+00:00,1786204866.821,543.28,24.51,2.3750,-1.03,-0.216,23.1,188.7
2026-08-08T16:01:07.018088+00:00,1786204867.018,543.48,24.51,2.3750,-1.03,-0.216,26.3,188.7
2026-08-08T16:01:07.223661+00:00,1786204867.224,543.69,24.51,2.3750,-1.03,-0.216,29.6,188.7
2026-08-08T16:01:07.459200+00:00,1786204867.459,543.92,24.16,2.3772,-1.03,-0.084,33.7,188.7
2026-08-08T16:01:07.662871+00:00,1786204867.663,544.13,24.16,2.3772,-1.03,-0.084,38.0,188.7
2026-08-08T16:01:07.866975+00:00,1786204867.867,544.33,21.44,2.3816,-1.03,-0.402,34.1,188.7
2026-08-08T16:01:08.068108+00:00,1786204868.068,544.53,21.44,2.3816,-1.03,-0.402,30.4,188.7
2026-08-08T16:01:08.271510+00:00,1786204868.271,544.74,21.44,2.3816,-1.03,-0.401,26.7,188.7
2026-08-08T16:01:08.663821+00:00,1786204868.664,545.13,22.61,2.3860,-1.03,-0.233,15.7,188.7
2026-08-08T16:01:08.868224+00:00,1786204868.868,545.33,22.61,2.3860,-1.03,-0.233,4.7,188.7
2026-08-08T16:01:09.065909+00:00,1786204869.066,545.53,26.34,2.3904,-1.03,0.227,0.0,188.7
2026-08-08T16:01:09.265294+00:00,1786204869.265,545.73,26.34,2.3904,-1.03,0.227,0.0,188.7
2026-08-08T16:01:09.464556+00:00,1786204869.465,545.93,26.34,2.3904,-1.03,0.227,0.0,188.7
2026-08-08T16:01:09.664880+00:00,1786204869.665,546.13,25.33,2.3926,-1.03,0.147,0.0,188.7
2026-08-08T16:01:09.863973+00:00,1786204869.864,546.33,25.33,2.3926,-1.03,0.147,0.0,188.7
2026-08-08T16:01:10.064119+00:00,1786204870.064,546.53,24.30,2.3970,-1.03,0.360,0.0,188.7
2026-08-08T16:01:10.268891+00:00,1786204870.269,546.73,24.30,2.3970,-1.03,0.360,0.0,188.7
2026-08-08T16:01:10.468454+00:00,1786204870.468,546.93,24.30,2.3970,-1.03,0.360,0.0,188.7
2026-08-08T16:01:10.668083+00:00,1786204870.668,547.13,26.02,2.3992,-1.03,0.472,0.0,188.7
2026-08-08T16:01:10.867891+00:00,1786204870.868,547.33,26.02,2.3992,-1.03,0.473,16.6,188.7
2026-08-08T16:01:11.072099+00:00,1786204871.072,547.54,24.55,2.4036,-1.03,-0.248,15.7,188.7
2026-08-08T16:01:11.269424+00:00,1786204871.269,547.73,24.55,2.4036,-1.03,-0.249,14.7,188.7
2026-08-08T16:01:11.471812+00:00,1786204871.472,547.94,24.55,2.4036,-1.03,-0.248,13.8,188.7
2026-08-08T16:01:11.677072+00:00,1786204871.677,548.14,24.71,2.4080,-1.03,-0.086,13.9,188.7
2026-08-08T16:01:11.882522+00:00,1786204871.883,548.35,24.71,2.4080,-1.03,-0.085,13.9,188.7
2026-08-08T16:01:12.081403+00:00,1786204872.081,548.55,24.73,2.4102,-1.03,0.060,26.3,188.7
2026-08-08T16:01:12.277191+00:00,1786204872.277,548.74,24.73,2.4102,-1.03,0.060,38.7,188.7
2026-08-08T16:01:12.475839+00:00,1786204872.476,548.94,24.73,2.4102,-1.03,0.060,51.1,188.7
2026-08-08T16:01:12.796701+00:00,1786204872.797,549.26,23.43,2.4146,-1.03,-0.338,48.3,188.7
2026-08-08T16:01:13.000750+00:00,1786204873.001,549.46,23.43,2.4146,-1.03,-0.337,45.4,188.7
2026-08-08T16:01:13.200050+00:00,1786204873.200,549.66,24.18,2.4190,-1.03,0.000,37.8,188.7
2026-08-08T16:01:13.406887+00:00,1786204873.407,549.87,24.18,2.4190,-1.03,0.000,30.3,188.7
2026-08-08T16:01:13.602314+00:00,1786204873.602,550.07,24.18,2.4190,-1.03,0.000,22.7,188.7
2026-08-08T16:01:13.802115+00:00,1786204873.802,550.27,26.36,2.4234,-1.03,0.216,25.3,188.7
2026-08-08T16:01:14.006690+00:00,1786204874.007,550.47,26.36,2.4234,-1.03,0.216,27.9,188.7
2026-08-08T16:01:14.204891+00:00,1786204874.205,550.67,26.36,2.4234,-1.03,0.213,24.9,188.7
2026-08-08T16:01:14.408881+00:00,1786204874.409,550.87,26.24,2.4278,-1.03,0.196,21.4,188.7
2026-08-08T16:01:14.611519+00:00,1786204874.611,551.08,26.24,2.4278,-1.03,0.196,17.8,188.7
2026-08-08T16:01:14.816684+00:00,1786204874.817,551.28,26.24,2.4278,-1.03,0.386,15.4,188.7
2026-08-08T16:01:15.021360+00:00,1786204875.021,551.49,25.92,2.4322,-1.03,0.342,11.3,188.7
2026-08-08T16:01:15.223106+00:00,1786204875.223,551.69,25.92,2.4322,-1.03,0.239,25.9,188.7
2026-08-08T16:01:15.439649+00:00,1786204875.440,551.90,25.92,2.4322,-1.03,0.238,40.5,188.7
2026-08-08T16:01:15.640450+00:00,1786204875.640,552.10,25.53,2.4366,-1.03,0.184,53.3,188.7
2026-08-08T16:01:15.846339+00:00,1786204875.846,552.31,25.53,2.4366,-1.03,-0.112,52.6,188.7
2026-08-08T16:01:16.041937+00:00,1786204876.042,552.51,25.53,2.4366,-1.03,-0.113,52.0,188.7
2026-08-08T16:01:16.238850+00:00,1786204876.239,552.70,25.92,2.4410,-1.03,-0.060,48.8,188.7
2026-08-08T16:01:16.443905+00:00,1786204876.444,552.91,25.92,2.4410,-1.03,0.000,47.5,188.7
2026-08-08T16:01:16.640181+00:00,1786204876.640,553.10,25.92,2.4410,-1.03,0.000,46.1,188.7
2026-08-08T16:01:16.838110+00:00,1786204876.838,553.30,26.58,2.4454,-1.03,0.000,56.2,188.7
2026-08-08T16:01:17.042318+00:00,1786204877.042,553.51,26.58,2.4454,-1.03,0.091,69.0,188.7
2026-08-08T16:01:17.241388+00:00,1786204877.241,553.71,26.58,2.4454,-1.03,0.091,72.5,188.7
2026-08-08T16:01:17.439599+00:00,1786204877.440,553.90,26.53,2.4498,-1.03,0.085,75.8,188.7
2026-08-08T16:01:17.644004+00:00,1786204877.644,554.11,26.53,2.4498,-1.03,0.139,80.8,188.7
2026-08-08T16:01:17.843665+00:00,1786204877.844,554.31,26.53,2.4498,-1.03,0.140,78.6,188.7
2026-08-08T16:01:18.043669+00:00,1786204878.044,554.51,26.18,2.4542,-1.03,0.090,74.7,188.7
2026-08-08T16:01:18.245546+00:00,1786204878.246,554.71,26.18,2.4542,-1.03,0.000,68.1,188.7
2026-08-08T16:01:18.443121+00:00,1786204878.443,554.91,26.18,2.4542,-1.03,0.000,62.2,188.7
2026-08-08T16:01:18.640612+00:00,1786204878.641,555.10,26.21,2.4586,-1.03,0.000,56.2,188.7
2026-08-08T16:01:18.845727+00:00,1786204878.846,555.31,26.21,2.4586,-1.03,-0.051,43.0,188.7
2026-08-08T16:01:19.044578+00:00,1786204879.045,555.51,26.21,2.4586,-1.03,-0.051,31.3,188.7
2026-08-08T16:01:19.241360+00:00,1786204879.241,555.71,26.39,2.4630,-1.03,0.000,24.3,188.7
2026-08-08T16:01:19.446095+00:00,1786204879.446,555.91,26.39,2.4630,-1.03,0.000,17.4,188.7
2026-08-08T16:01:19.652706+00:00,1786204879.653,556.12,26.39,2.4630,-1.03,0.000,12.2,188.7
2026-08-08T16:01:20.037413+00:00,1786204880.037,556.50,26.54,2.4674,-1.03,0.000,15.9,188.7
2026-08-08T16:01:20.238094+00:00,1786204880.238,556.70,26.54,2.4674,-1.03,0.000,19.5,188.7
2026-08-08T16:01:20.439076+00:00,1786204880.439,556.90,26.60,2.4718,-1.03,0.053,23.2,188.7
2026-08-08T16:01:20.645658+00:00,1786204880.646,557.11,26.60,2.4718,-1.03,0.053,25.0,188.7
2026-08-08T16:01:20.840345+00:00,1786204880.840,557.30,26.60,2.4718,-1.03,0.000,25.3,188.7
2026-08-08T16:01:21.044780+00:00,1786204881.045,557.51,26.33,2.4762,-1.03,0.000,25.2,188.7
2026-08-08T16:01:21.246611+00:00,1786204881.247,557.71,26.33,2.4762,-1.03,0.000,22.3,188.7
2026-08-08T16:01:21.485919+00:00,1786204881.486,557.95,26.33,2.4762,-1.03,0.000,19.4,188.7
2026-08-08T16:01:21.858921+00:00,1786204881.859,558.32,30.56,2.4806,-1.03,0.480,35.4,188.7
2026-08-08T16:01:22.062341+00:00,1786204882.062,558.53,30.56,2.4806,-1.03,0.480,49.8,188.7
2026-08-08T16:01:22.260291+00:00,1786204882.260,558.72,30.94,2.4850,-1.03,0.551,67.2,188.7
2026-08-08T16:01:22.466597+00:00,1786204882.467,558.93,30.94,2.4850,-1.03,0.550,86.1,188.7
2026-08-08T16:01:22.663089+00:00,1786204882.663,559.13,30.94,2.4850,-1.03,0.543,107.5,188.7
2026-08-08T16:01:22.865410+00:00,1786204882.865,559.33,31.63,2.4916,-1.03,0.630,133.0,188.7
2026-08-08T16:01:23.070666+00:00,1786204883.071,559.53,31.63,2.4916,-1.03,0.627,158.3,188.7
2026-08-08T16:01:23.277187+00:00,1786204883.277,559.74,31.63,2.4916,-1.03,0.660,186.3,188.7
2026-08-08T16:01:23.662439+00:00,1786204883.662,560.13,31.60,2.4960,-1.03,0.606,212.3,188.7
2026-08-08T16:01:23.872586+00:00,1786204883.873,560.34,31.60,2.4960,-1.03,0.610,236.9,188.7
2026-08-08T16:01:24.256979+00:00,1786204884.257,560.72,26.36,2.5004,-1.03,-0.486,222.1,188.7
2026-08-08T16:01:24.462890+00:00,1786204884.463,560.93,26.36,2.5004,-1.03,-0.486,207.3,188.7
2026-08-08T16:01:24.663043+00:00,1786204884.663,561.13,26.39,2.5048,-1.03,-0.526,191.2,188.7
2026-08-08T16:01:24.871347+00:00,1786204884.871,561.34,26.39,2.5048,-1.03,-0.526,175.2,188.7
2026-08-08T16:01:25.078263+00:00,1786204885.078,561.54,26.39,2.5048,-1.03,-0.524,157.5,188.7
2026-08-08T16:01:25.462366+00:00,1786204885.462,561.93,31.36,2.5092,-1.03,0.000,158.0,188.7
2026-08-08T16:01:25.663030+00:00,1786204885.663,562.13,31.36,2.5092,-1.03,0.000,160.1,188.7
2026-08-08T16:01:25.865053+00:00,1786204885.865,562.33,31.64,2.5158,-1.03,0.000,162.4,188.7
2026-08-08T16:01:26.068727+00:00,1786204886.069,562.53,31.64,2.5158,-1.03,0.000,164.7,188.7
2026-08-08T16:01:26.264203+00:00,1786204886.264,562.73,31.64,2.5158,-1.03,0.000,167.1,188.7
2026-08-08T16:01:26.464673+00:00,1786204886.465,562.93,31.53,2.5202,-1.03,0.650,174.3,188.7
2026-08-08T16:01:26.671453+00:00,1786204886.671,563.14,31.53,2.5202,-1.03,0.650,181.5,188.7
2026-08-08T16:01:26.866776+00:00,1786204886.867,563.33,31.53,2.5202,-1.03,0.648,185.7,188.7
2026-08-08T16:01:27.252968+00:00,1786204887.253,563.72,27.07,2.5268,-1.03,0.079,166.9,188.7
2026-08-08T16:01:27.450606+00:00,1786204887.451,563.91,27.07,2.5268,-1.03,0.079,148.2,188.7
2026-08-08T16:01:27.654735+00:00,1786204887.655,564.12,27.07,2.5268,-1.03,-0.543,106.1,188.7
2026-08-08T16:01:27.863146+00:00,1786204887.863,564.33,32.25,2.5312,-1.03,0.112,87.8,188.7
2026-08-08T16:01:28.067820+00:00,1786204888.068,564.53,32.25,2.5312,-1.03,0.076,66.8,188.7
2026-08-08T16:01:28.269018+00:00,1786204888.269,564.73,31.18,2.5356,-1.03,-0.058,42.4,188.7
2026-08-08T16:01:28.474584+00:00,1786204888.475,564.94,31.18,2.5356,-1.03,-0.057,17.8,188.7
2026-08-08T16:01:28.679292+00:00,1786204888.679,565.14,31.18,2.5356,-1.03,0.000,34.7,188.7
2026-08-08T16:01:29.061283+00:00,1786204889.061,565.53,26.12,2.5400,-1.03,-0.629,30.4,188.7
2026-08-08T16:01:29.264795+00:00,1786204889.265,565.73,26.12,2.5400,-1.03,-0.627,27.5,188.7
2026-08-08T16:01:29.464532+00:00,1786204889.465,565.93,31.78,2.5444,-1.03,0.591,67.6,188.7
2026-08-08T16:01:29.674553+00:00,1786204889.675,566.14,31.78,2.5444,-1.03,0.588,107.5,188.7
2026-08-08T16:01:29.868525+00:00,1786204889.869,566.33,31.78,2.5444,-1.03,0.591,129.4,188.7
2026-08-08T16:01:30.068453+00:00,1786204890.068,566.53,31.40,2.5510,-1.03,-0.107,125.6,188.7
2026-08-08T16:01:30.274020+00:00,1786204890.274,566.74,31.40,2.5510,-1.03,-0.107,121.6,188.7
2026-08-08T16:01:30.481885+00:00,1786204890.482,566.95,31.40,2.5510,-1.03,0.000,121.5,188.7
2026-08-08T16:01:30.870084+00:00,1786204890.870,567.33,31.33,2.5554,-1.03,0.000,121.3,188.7
2026-08-08T16:01:31.065827+00:00,1786204891.066,567.53,31.33,2.5554,-1.03,0.000,97.5,188.7
2026-08-08T16:01:31.267344+00:00,1786204891.267,567.73,26.58,2.5598,-1.03,0.059,73.5,188.7
2026-08-08T16:01:31.473701+00:00,1786204891.474,567.94,26.58,2.5598,-1.03,0.059,49.5,188.7
2026-08-08T16:01:31.681861+00:00,1786204891.682,568.15,26.58,2.5598,-1.03,-0.651,26.9,188.7
2026-08-08T16:01:32.063690+00:00,1786204892.064,568.53,31.67,2.5642,-1.03,0.000,26.5,188.7
2026-08-08T16:01:32.266913+00:00,1786204892.267,568.73,31.67,2.5642,-1.03,0.000,45.6,188.7
2026-08-08T16:01:32.467082+00:00,1786204892.467,568.93,31.67,2.5686,-1.03,0.000,41.1,188.7
2026-08-08T16:01:32.670974+00:00,1786204892.671,569.13,31.67,2.5686,-1.03,0.000,37.9,188.7
2026-08-08T16:01:32.868817+00:00,1786204892.869,569.33,31.67,2.5686,-1.03,0.000,40.2,188.7
2026-08-08T16:01:33.069897+00:00,1786204893.070,569.53,31.54,2.5752,-1.03,0.000,42.5,188.7
2026-08-08T16:01:33.273008+00:00,1786204893.273,569.74,31.54,2.5752,-1.03,0.000,42.7,188.7
2026-08-08T16:01:33.468702+00:00,1786204893.469,569.93,31.54,2.5752,-1.03,0.625,86.8,188.7
2026-08-08T16:01:33.672485+00:00,1786204893.672,570.14,31.61,2.5796,-1.03,0.635,131.3,188.7
2026-08-08T16:01:33.881301+00:00,1786204893.881,570.35,31.61,2.5796,-1.03,0.635,132.7,188.7
2026-08-08T16:01:34.088356+00:00,1786204894.088,570.55,31.61,2.5796,-1.03,0.000,111.0,188.7
2026-08-08T16:01:34.470671+00:00,1786204894.471,570.93,26.45,2.5840,-1.03,-0.658,66.8,188.7
2026-08-08T16:01:34.674713+00:00,1786204894.675,571.14,26.45,2.5840,-1.03,-0.657,48.5,188.7
2026-08-08T16:01:34.875937+00:00,1786204894.876,571.34,26.35,2.5884,-1.03,-0.669,29.7,188.7
2026-08-08T16:01:35.077362+00:00,1786204895.077,571.54,26.35,2.5884,-1.03,-0.668,7.2,188.7
2026-08-08T16:01:35.275164+00:00,1786204895.275,571.74,26.35,2.5884,-1.03,-0.653,0.0,188.7
2026-08-08T16:01:35.472702+00:00,1786204895.473,571.94,26.44,2.5928,-1.03,-0.643,0.0,188.7
2026-08-08T16:01:35.668901+00:00,1786204895.669,572.13,26.44,2.5928,-1.03,-0.642,0.0,188.7
2026-08-08T16:01:35.868056+00:00,1786204895.868,572.33,26.44,2.5928,-1.03,-0.654,0.0,188.7
2026-08-08T16:01:36.068129+00:00,1786204896.068,572.53,31.90,2.5972,-1.03,0.000,0.0,188.7
2026-08-08T16:01:36.264597+00:00,1786204896.265,572.73,31.90,2.5972,-1.03,0.000,0.0,188.7
2026-08-08T16:01:36.464953+00:00,1786204896.465,572.93,32.92,2.6016,-1.03,0.901,0.0,188.7
2026-08-08T16:01:36.671113+00:00,1786204896.671,573.14,32.92,2.6016,-1.03,0.900,12.6,188.7
2026-08-08T16:01:36.875586+00:00,1786204896.876,573.34,32.92,2.6016,-1.03,0.912,48.0,188.7
2026-08-08T16:01:37.083960+00:00,1786204897.084,573.55,30.18,2.6038,-1.03,0.530,65.6,188.7
2026-08-08T16:01:37.285380+00:00,1786204897.285,573.75,30.18,2.6038,-1.03,0.528,83.3,188.7
2026-08-08T16:01:37.669950+00:00,1786204897.670,574.13,31.18,2.6082,-1.03,0.600,104.8,188.7
2026-08-08T16:01:37.877279+00:00,1786204897.877,574.34,31.18,2.6082,-1.03,0.597,103.3,188.7
2026-08-08T16:01:38.074959+00:00,1786204898.075,574.54,27.28,2.6125,-1.03,0.106,81.5,188.7
2026-08-08T16:01:38.278358+00:00,1786204898.278,574.74,27.28,2.6125,-1.03,-0.581,38.0,188.7
2026-08-08T16:01:38.476722+00:00,1786204898.477,574.94,27.28,2.6125,-1.03,-0.581,17.7,188.7
2026-08-08T16:01:38.674414+00:00,1786204898.674,575.14,26.75,2.6169,-1.03,-0.777,14.0,188.7
2026-08-08T16:01:38.882707+00:00,1786204898.883,575.35,26.75,2.6169,-1.03,-0.775,10.2,188.7
2026-08-08T16:01:39.088588+00:00,1786204899.089,575.55,26.75,2.6169,-1.03,-0.775,6.7,188.7
2026-08-08T16:01:39.473691+00:00,1786204899.474,575.94,31.57,2.6235,-1.03,0.162,35.3,188.7
2026-08-08T16:01:39.675745+00:00,1786204899.676,576.14,31.57,2.6235,-1.03,0.162,63.4,188.7
2026-08-08T16:01:39.876112+00:00,1786204899.876,576.34,31.38,2.6279,-1.03,0.000,85.2,188.7
2026-08-08T16:01:40.081276+00:00,1786204900.081,576.55,31.38,2.6279,-1.03,0.000,107.0,188.7
2026-08-08T16:01:40.276547+00:00,1786204900.277,576.74,31.38,2.6279,-1.03,0.518,147.8,188.7
2026-08-08T16:01:40.479831+00:00,1786204900.480,576.94,26.57,2.6323,-1.03,-0.090,142.7,188.7
2026-08-08T16:01:40.684183+00:00,1786204900.684,577.15,26.57,2.6323,-1.03,-0.090,137.5,188.7
2026-08-08T16:01:40.878727+00:00,1786204900.879,577.34,26.57,2.6323,-1.03,0.000,100.2,188.7
2026-08-08T16:01:41.079592+00:00,1786204901.080,577.54,26.53,2.6367,-1.03,0.000,63.0,188.7
2026-08-08T16:01:41.281309+00:00,1786204901.281,577.75,26.53,2.6367,-1.03,0.000,25.3,188.7
2026-08-08T16:01:41.489291+00:00,1786204901.489,577.95,26.53,2.6367,-1.03,-0.696,0.0,188.7
2026-08-08T16:01:41.873019+00:00,1786204901.873,578.34,26.38,2.6411,-1.03,-0.656,0.0,188.7
2026-08-08T16:01:42.068419+00:00,1786204902.068,578.53,26.38,2.6411,-1.03,-0.633,0.0,188.7
2026-08-08T16:01:42.267189+00:00,1786204902.267,578.73,26.38,2.6455,-1.03,-0.635,0.0,188.7
2026-08-08T16:01:42.471648+00:00,1786204902.472,578.94,26.38,2.6455,-1.03,-0.633,0.0,188.7
2026-08-08T16:01:42.666941+00:00,1786204902.667,579.13,26.38,2.6455,-1.03,0.000,0.0,188.7
2026-08-08T16:01:43.050271+00:00,1786204903.050,579.51,26.79,2.6499,-1.03,0.000,0.0,188.7
2026-08-08T16:01:43.249243+00:00,1786204903.249,579.71,26.79,2.6499,-1.03,0.000,0.0,188.7
2026-08-08T16:01:43.449487+00:00,1786204903.449,579.91,31.41,2.6543,-1.03,0.572,0.0,188.7
2026-08-08T16:01:43.650560+00:00,1786204903.651,580.11,31.41,2.6543,-1.03,0.572,0.0,188.7
2026-08-08T16:01:43.852032+00:00,1786204903.852,580.32,31.72,2.6587,-1.03,0.611,5.3,188.7
2026-08-08T16:01:44.058601+00:00,1786204904.059,580.52,31.72,2.6587,-1.03,0.680,24.4,188.7
2026-08-08T16:01:44.254036+00:00,1786204904.254,580.72,31.72,2.6587,-1.03,0.680,49.5,188.7
2026-08-08T16:01:44.459572+00:00,1786204904.460,580.92,29.13,2.6609,-1.03,0.348,60.1,188.7
2026-08-08T16:01:44.666234+00:00,1786204904.666,581.13,29.13,2.6609,-1.03,0.348,51.9,188.7
2026-08-08T16:01:44.874513+00:00,1786204904.874,581.34,27.55,2.6653,-1.03,0.148,59.7,188.7
2026-08-08T16:01:45.075651+00:00,1786204905.076,581.54,27.55,2.6653,-1.03,0.105,66.2,188.7
2026-08-08T16:01:45.273712+00:00,1786204905.274,581.74,27.55,2.6653,-1.03,0.105,69.9,188.7
2026-08-08T16:01:45.643973+00:00,1786204905.644,582.11,27.83,2.6697,-1.03,-0.453,55.8,188.7
2026-08-08T16:01:45.849307+00:00,1786204905.849,582.31,27.83,2.6697,-1.03,-0.452,41.7,188.7
2026-08-08T16:01:46.047474+00:00,1786204906.047,582.51,27.83,2.6741,-1.03,-0.493,47.7,188.7
2026-08-08T16:01:46.249771+00:00,1786204906.250,582.71,27.83,2.6741,-1.03,-0.494,52.3,188.7
2026-08-08T16:01:46.447758+00:00,1786204906.448,582.91,27.83,2.6741,-1.03,-0.493,56.3,188.7
2026-08-08T16:01:46.647901+00:00,1786204906.648,583.11,27.02,2.6785,-1.03,-0.267,67.5,188.7
2026-08-08T16:01:46.856126+00:00,1786204906.856,583.32,27.02,2.6785,-1.03,-0.267,78.7,188.7
2026-08-08T16:01:47.052362+00:00,1786204907.052,583.52,27.02,2.6785,-1.03,-0.068,76.8,188.7
2026-08-08T16:01:47.252746+00:00,1786204907.253,583.72,26.32,2.6829,-1.03,-0.158,71.8,188.7
2026-08-08T16:01:47.456580+00:00,1786204907.457,583.92,26.32,2.6829,-1.03,-0.157,66.9,188.7
2026-08-08T16:01:47.663908+00:00,1786204907.664,584.13,26.32,2.6829,-1.03,-0.208,37.6,188.7
2026-08-08T16:01:48.047799+00:00,1786204908.048,584.51,26.50,2.6873,-1.03,-0.168,9.5,188.7
2026-08-08T16:01:48.251694+00:00,1786204908.252,584.72,26.50,2.6873,-1.03,-0.167,0.0,188.7
2026-08-08T16:01:48.447307+00:00,1786204908.447,584.91,26.66,2.6917,-1.03,-0.147,0.0,188.7
2026-08-08T16:01:48.646391+00:00,1786204908.646,585.11,26.66,2.6917,-1.03,-0.147,0.0,188.7
2026-08-08T16:01:48.845320+00:00,1786204908.845,585.31,26.66,2.6917,-1.03,0.000,0.0,188.7
2026-08-08T16:01:49.047177+00:00,1786204909.047,585.51,28.16,2.6961,-1.03,0.144,0.0,188.7
2026-08-08T16:01:49.242798+00:00,1786204909.243,585.71,28.16,2.6961,-1.03,0.144,0.0,188.7
2026-08-08T16:01:49.442436+00:00,1786204909.442,585.91,28.44,2.7005,-1.03,0.269,0.0,188.7
2026-08-08T16:01:49.646010+00:00,1786204909.646,586.11,28.44,2.7005,-1.03,0.269,0.0,188.7
2026-08-08T16:01:49.845550+00:00,1786204909.846,586.31,28.44,2.7005,-1.03,0.270,0.0,188.7
2026-08-08T16:01:50.043070+00:00,1786204910.043,586.51,26.93,2.7049,-1.03,0.059,0.0,188.7
2026-08-08T16:01:50.241141+00:00,1786204910.241,586.71,26.93,2.7049,-1.03,0.060,0.0,188.7
2026-08-08T16:01:50.442650+00:00,1786204910.443,586.91,32.05,2.7071,-1.03,0.751,11.0,188.7
2026-08-08T16:01:50.645662+00:00,1786204910.646,587.11,32.05,2.7071,-1.03,0.749,56.6,188.7
2026-08-08T16:01:50.841030+00:00,1786204910.841,587.31,32.05,2.7071,-1.03,0.751,95.1,188.7
2026-08-08T16:01:51.044327+00:00,1786204911.044,587.51,27.01,2.7115,-1.03,-0.159,98.4,188.7
2026-08-08T16:01:51.240102+00:00,1786204911.240,587.70,27.01,2.7115,-1.03,-0.159,95.6,188.7
2026-08-08T16:01:51.444428+00:00,1786204911.444,587.91,27.00,2.7159,-1.03,-0.200,94.4,188.7
2026-08-08T16:01:51.648455+00:00,1786204911.648,588.11,27.00,2.7159,-1.03,-0.200,93.2,188.7
2026-08-08T16:01:51.854189+00:00,1786204911.854,588.32,27.00,2.7159,-1.03,-0.199,93.5,188.7
2026-08-08T16:01:52.057374+00:00,1786204912.057,588.52,26.82,2.7181,-1.03,0.000,98.8,188.7
2026-08-08T16:01:52.261612+00:00,1786204912.262,588.73,26.82,2.7181,-1.03,0.000,104.0,188.7
2026-08-08T16:01:52.484370+00:00,1786204912.484,588.95,26.67,2.7225,-1.03,-0.733,86.0,188.7
2026-08-08T16:01:52.690401+00:00,1786204912.690,589.15,26.67,2.7225,-1.03,-0.732,68.0,188.7
2026-08-08T16:01:52.888131+00:00,1786204912.888,589.35,26.67,2.7225,-1.03,-0.731,45.5,188.7
2026-08-08T16:01:53.088291+00:00,1786204913.088,589.55,23.02,2.7269,-1.03,-0.543,24.8,188.7
2026-08-08T16:01:53.292723+00:00,1786204913.293,589.76,23.02,2.7269,-1.03,-0.541,4.1,188.7
2026-08-08T16:01:53.499703+00:00,1786204913.500,589.96,23.02,2.7269,-1.03,-0.539,0.0,188.7
2026-08-08T16:01:53.880486+00:00,1786204913.880,590.34,26.46,2.7313,-1.03,-0.067,0.0,188.7
2026-08-08T16:01:54.076738+00:00,1786204914.077,590.54,26.46,2.7313,-1.03,-0.068,0.0,188.7
2026-08-08T16:01:54.280815+00:00,1786204914.281,590.74,31.30,2.7357,-1.03,0.560,0.0,188.7
2026-08-08T16:01:54.486421+00:00,1786204914.486,590.95,31.30,2.7357,-1.03,0.559,0.0,188.7
2026-08-08T16:01:54.686352+00:00,1786204914.686,591.15,26.48,2.7401,-1.03,0.000,0.0,188.7
2026-08-08T16:01:54.887404+00:00,1786204914.887,591.35,26.48,2.7401,-1.03,0.000,0.0,188.7
2026-08-08T16:01:55.087054+00:00,1786204915.087,591.55,26.48,2.7401,-1.03,0.000,0.0,188.7
2026-08-08T16:01:55.289078+00:00,1786204915.289,591.75,28.45,2.7423,-1.03,0.684,0.0,188.7
2026-08-08T16:01:55.488162+00:00,1786204915.488,591.95,28.45,2.7423,-1.03,0.686,0.0,188.7
2026-08-08T16:01:55.687371+00:00,1786204915.687,592.15,28.16,2.7467,-1.03,0.652,0.0,188.7
2026-08-08T16:01:55.893404+00:00,1786204915.893,592.36,28.16,2.7467,-1.03,0.235,3.8,188.7
2026-08-08T16:01:56.099530+00:00,1786204916.100,592.56,28.16,2.7467,-1.03,0.234,18.1,188.7
2026-08-08T16:01:56.295401+00:00,1786204916.295,592.76,26.50,2.7511,-1.03,-0.662,0.0,188.7
2026-08-08T16:01:56.489413+00:00,1786204916.489,592.95,26.50,2.7511,-1.03,-0.666,0.0,188.7
2026-08-08T16:01:56.687950+00:00,1786204916.688,593.15,26.40,2.7533,-1.03,0.000,0.0,188.7
2026-08-08T16:01:56.890709+00:00,1786204916.891,593.35,26.40,2.7533,-1.03,0.000,22.1,188.7
2026-08-08T16:01:57.093736+00:00,1786204917.094,593.56,26.40,2.7533,-1.03,0.000,44.6,188.7
2026-08-08T16:01:57.294550+00:00,1786204917.295,593.76,26.38,2.7577,-1.03,-0.286,51.2,188.7
2026-08-08T16:01:57.496344+00:00,1786204917.496,593.96,26.38,2.7577,-1.03,-0.285,57.8,188.7
2026-08-08T16:01:57.852162+00:00,1786204917.852,594.32,25.05,2.7599,-1.03,-0.400,61.1,188.7
2026-08-08T16:01:58.059781+00:00,1786204918.060,594.52,25.05,2.7599,-1.03,-0.400,51.2,188.7
2026-08-08T16:01:58.258735+00:00,1786204918.259,594.72,25.09,2.7643,-1.03,-0.395,41.3,188.7
2026-08-08T16:01:58.472584+00:00,1786204918.473,594.94,25.09,2.7643,-1.03,-0.180,13.4,188.7
2026-08-08T16:01:58.675702+00:00,1786204918.676,595.14,25.09,2.7643,-1.03,-0.179,0.0,188.7
2026-08-08T16:01:59.054484+00:00,1786204919.054,595.52,26.36,2.7687,-1.03,0.000,0.0,188.7
2026-08-08T16:01:59.249853+00:00,1786204919.250,595.71,26.36,2.7687,-1.03,0.000,0.0,188.7
2026-08-08T16:01:59.449266+00:00,1786204919.449,595.91,26.38,2.7731,-1.03,0.000,0.0,188.7
2026-08-08T16:01:59.648594+00:00,1786204919.649,596.11,26.38,2.7731,-1.03,0.000,0.0,188.7
2026-08-08T16:01:59.848044+00:00,1786204919.848,596.31,26.38,2.7731,-1.03,0.000,0.0,188.7
2026-08-08T16:02:00.048007+00:00,1786204920.048,596.51,26.98,2.7775,-1.03,0.244,0.0,188.7
2026-08-08T16:02:00.247023+00:00,1786204920.247,596.71,26.98,2.7775,-1.03,0.245,0.0,188.7
2026-08-08T16:02:00.447024+00:00,1786204920.447,596.91,29.37,2.7797,-1.03,0.542,0.0,188.7
2026-08-08T16:02:00.645169+00:00,1786204920.645,597.11,29.37,2.7797,-1.03,0.546,0.0,188.7
2026-08-08T16:02:00.844629+00:00,1786204920.845,597.31,29.37,2.7797,-1.03,0.547,15.5,188.7
2026-08-08T16:02:01.047709+00:00,1786204921.048,597.51,26.07,2.7841,-1.03,0.000,15.4,188.7
2026-08-08T16:02:01.253062+00:00,1786204921.253,597.72,26.07,2.7841,-1.03,0.000,15.3,188.7
2026-08-08T16:02:01.459347+00:00,1786204921.459,597.92,25.93,2.7885,-1.03,-0.062,13.3,188.7
2026-08-08T16:02:01.660320+00:00,1786204921.660,598.12,25.93,2.7885,-1.03,-0.062,20.0,188.7
2026-08-08T16:02:01.858379+00:00,1786204921.858,598.32,25.93,2.7885,-1.03,-0.062,26.7,188.7
2026-08-08T16:02:02.239340+00:00,1786204922.239,598.70,24.37,2.7929,-1.03,-0.332,28.7,188.7
2026-08-08T16:02:02.444295+00:00,1786204922.444,598.91,24.37,2.7929,-1.03,-0.331,30.8,188.7
2026-08-08T16:02:02.643915+00:00,1786204922.644,599.11,24.65,2.7973,-1.03,-0.597,25.1,188.7
2026-08-08T16:02:02.867406+00:00,1786204922.867,599.33,24.65,2.7973,-1.03,-0.591,13.3,188.7
2026-08-08T16:02:03.068357+00:00,1786204923.068,599.53,24.65,2.7973,-1.03,-0.590,0.0,188.7
2026-08-08T16:02:03.448884+00:00,1786204923.449,599.91,26.32,2.8017,-1.03,0.000,0.0,188.7
2026-08-08T16:02:03.651911+00:00,1786204923.652,600.12,26.32,2.8017,-1.03,0.000,0.0,188.7
2026-08-08T16:02:03.848809+00:00,1786204923.849,600.31,26.28,2.8039,-1.03,0.000,0.0,188.7
2026-08-08T16:02:04.048254+00:00,1786204924.048,600.51,26.28,2.8039,-1.03,0.000,0.0,188.7
2026-08-08T16:02:04.255843+00:00,1786204924.256,600.72,29.76,2.8083,-1.03,0.443,18.1,188.7
2026-08-08T16:02:04.458771+00:00,1786204924.459,600.92,29.76,2.8083,-1.03,0.675,34.9,188.7
2026-08-08T16:02:04.655321+00:00,1786204924.655,601.12,29.76,2.8083,-1.03,0.678,51.7,188.7
2026-08-08T16:02:04.862930+00:00,1786204924.863,601.33,29.39,2.8127,-1.03,0.595,53.5,188.7
2026-08-08T16:02:05.063030+00:00,1786204925.063,601.53,29.39,2.8127,-1.03,0.599,55.4,188.7
2026-08-08T16:02:05.445163+00:00,1786204925.445,601.91,26.32,2.8149,-1.03,0.195,41.5,188.7
2026-08-08T16:02:05.648108+00:00,1786204925.648,602.11,26.32,2.8149,-1.03,0.000,41.6,188.7
2026-08-08T16:02:05.848510+00:00,1786204925.848,602.31,25.85,2.8193,-1.03,-0.060,39.8,188.7
2026-08-08T16:02:06.055414+00:00,1786204926.055,602.52,25.85,2.8193,-1.03,-0.054,40.0,188.7
2026-08-08T16:02:06.250811+00:00,1786204926.251,602.71,25.85,2.8193,-1.03,-0.055,40.2,188.7
2026-08-08T16:02:06.448027+00:00,1786204926.448,602.91,26.13,2.8237,-1.03,-0.461,28.2,188.7
2026-08-08T16:02:06.654451+00:00,1786204926.654,603.12,26.13,2.8237,-1.03,-0.460,24.1,188.7
2026-08-08T16:02:06.867346+00:00,1786204926.867,603.33,26.13,2.8237,-1.03,-0.458,20.2,188.7
2026-08-08T16:02:07.246631+00:00,1786204927.247,603.71,25.65,2.8281,-1.03,-0.435,24.6,188.7
2026-08-08T16:02:07.448936+00:00,1786204927.449,603.91,25.65,2.8281,-1.03,-0.435,28.8,188.7
2026-08-08T16:02:07.648153+00:00,1786204927.648,604.11,22.80,2.8325,-1.03,-0.444,33.5,188.7
2026-08-08T16:02:07.855002+00:00,1786204927.855,604.32,22.80,2.8325,-1.03,-0.443,20.8,188.7
2026-08-08T16:02:08.050594+00:00,1786204928.051,604.51,22.80,2.8325,-1.03,-0.385,9.7,188.7
2026-08-08T16:02:08.254828+00:00,1786204928.255,604.72,23.12,2.8369,-1.03,-0.345,0.0,188.7
2026-08-08T16:02:08.457231+00:00,1786204928.457,604.92,23.12,2.8369,-1.03,-0.344,0.0,188.7
2026-08-08T16:02:08.658029+00:00,1786204928.658,605.12,23.12,2.8369,-1.03,-0.378,0.0,188.7
2026-08-08T16:02:09.042510+00:00,1786204929.042,605.51,26.37,2.8413,-1.03,0.000,0.0,188.7
2026-08-08T16:02:09.239530+00:00,1786204929.239,605.70,26.37,2.8413,-1.03,0.000,0.0,188.7
2026-08-08T16:02:09.444530+00:00,1786204929.444,605.91,26.40,2.8435,-1.03,0.094,0.0,188.7
2026-08-08T16:02:09.650385+00:00,1786204929.650,606.11,26.40,2.8435,-1.03,0.094,0.0,188.7
2026-08-08T16:02:09.850416+00:00,1786204929.850,606.31,26.18,2.8479,-1.03,0.426,0.0,188.7
2026-08-08T16:02:10.051614+00:00,1786204930.052,606.52,26.18,2.8479,-1.03,0.427,0.0,188.7
2026-08-08T16:02:10.252206+00:00,1786204930.252,606.72,26.18,2.8479,-1.03,0.426,0.0,188.7
2026-08-08T16:02:10.452924+00:00,1786204930.453,606.92,25.46,2.8523,-1.03,0.296,0.0,188.7
2026-08-08T16:02:10.652284+00:00,1786204930.652,607.12,25.46,2.8523,-1.03,0.297,0.0,188.7
2026-08-08T16:02:10.850778+00:00,1786204930.851,607.31,27.04,2.8545,-1.03,0.497,0.0,188.7
2026-08-08T16:02:11.049969+00:00,1786204931.050,607.51,27.04,2.8545,-1.03,0.092,0.0,188.7
2026-08-08T16:02:11.249576+00:00,1786204931.250,607.71,27.04,2.8545,-1.03,0.092,0.0,188.7
2026-08-08T16:02:11.455165+00:00,1786204931.455,607.92,25.85,2.8588,-1.03,-0.076,5.1,188.7
2026-08-08T16:02:11.652426+00:00,1786204931.652,608.12,25.85,2.8588,-1.03,-0.076,15.7,188.7
2026-08-08T16:02:11.854634+00:00,1786204931.855,608.32,24.72,2.8610,-1.03,-0.202,22.1,188.7
2026-08-08T16:02:12.048363+00:00,1786204932.048,608.51,24.72,2.8610,-1.03,-0.203,28.5,188.7
2026-08-08T16:02:12.244307+00:00,1786204932.244,608.71,24.72,2.8610,-1.03,-0.204,33.2,188.7
2026-08-08T16:02:12.619735+00:00,1786204932.620,609.08,24.29,2.8654,-1.03,-0.150,38.5,188.7
2026-08-08T16:02:12.823149+00:00,1786204932.823,609.29,24.29,2.8654,-1.03,-0.150,43.8,188.7
2026-08-08T16:02:13.022072+00:00,1786204933.022,609.49,21.85,2.8698,-1.03,-0.664,36.9,188.7
2026-08-08T16:02:13.225326+00:00,1786204933.225,609.69,21.85,2.8698,-1.03,-0.663,19.0,188.7
2026-08-08T16:02:13.430947+00:00,1786204933.431,609.89,21.85,2.8698,-1.03,-0.661,0.0,188.7
2026-08-08T16:02:13.815278+00:00,1786204933.815,610.28,22.64,2.8742,-1.03,-0.378,0.0,188.7
2026-08-08T16:02:14.012611+00:00,1786204934.013,610.48,22.64,2.8742,-1.03,-0.378,0.0,188.7
2026-08-08T16:02:14.386974+00:00,1786204934.387,610.85,22.63,2.8764,-1.03,-0.229,0.0,188.7
2026-08-08T16:02:14.583889+00:00,1786204934.584,611.05,22.63,2.8764,-1.03,-0.229,0.0,188.7
2026-08-08T16:02:14.784183+00:00,1786204934.784,611.25,23.36,2.8808,-1.03,-0.148,0.0,188.7
2026-08-08T16:02:14.979305+00:00,1786204934.979,611.44,23.36,2.8808,-1.03,-0.110,0.0,188.7
2026-08-08T16:02:15.198161+00:00,1786204935.198,611.66,24.48,2.8830,-1.03,0.000,0.0,188.7
2026-08-08T16:02:15.396705+00:00,1786204935.397,611.86,24.48,2.8830,-1.03,0.308,0.0,188.7
2026-08-08T16:02:15.597286+00:00,1786204935.597,612.06,24.48,2.8830,-1.03,0.308,0.0,188.7
2026-08-08T16:02:15.797842+00:00,1786204935.798,612.26,26.26,2.8874,-1.03,0.517,0.0,188.7
2026-08-08T16:02:15.995461+00:00,1786204935.995,612.46,26.26,2.8874,-1.03,0.462,0.0,188.7
2026-08-08T16:02:16.381692+00:00,1786204936.382,612.85,22.61,2.8896,-1.03,0.000,0.0,188.7
2026-08-08T16:02:16.579907+00:00,1786204936.580,613.04,22.61,2.8896,-1.03,0.000,0.0,188.7
2026-08-08T16:02:16.777336+00:00,1786204936.777,613.24,26.68,2.8940,-1.03,0.513,0.0,188.7
2026-08-08T16:02:16.976479+00:00,1786204936.976,613.44,26.68,2.8940,-1.03,0.420,0.0,188.7
2026-08-08T16:02:17.177697+00:00,1786204937.178,613.64,23.06,2.8962,-1.03,0.000,0.0,188.7
2026-08-08T16:02:17.380046+00:00,1786204937.380,613.84,23.06,2.8962,-1.03,-0.181,0.0,188.7
2026-08-08T16:02:17.575700+00:00,1786204937.576,614.04,23.06,2.8962,-1.03,-0.181,0.0,188.7
2026-08-08T16:02:17.773414+00:00,1786204937.773,614.24,26.61,2.9006,-1.03,0.271,11.1,188.7
2026-08-08T16:02:17.973304+00:00,1786204937.973,614.44,26.61,2.9006,-1.03,0.000,29.1,188.7
2026-08-08T16:02:18.176325+00:00,1786204938.176,614.64,23.20,2.9028,-1.03,-0.391,28.6,188.7
2026-08-08T16:02:18.380444+00:00,1786204938.380,614.84,23.20,2.9028,-1.03,0.082,40.8,188.7
2026-08-08T16:02:18.578464+00:00,1786204938.578,615.04,23.20,2.9028,-1.03,0.082,49.1,188.7
2026-08-08T16:02:18.959619+00:00,1786204938.960,615.42,26.14,2.9072,-1.03,-0.069,53.9,188.7
2026-08-08T16:02:19.160935+00:00,1786204939.161,615.62,26.14,2.9072,-1.03,-0.069,56.6,188.7
2026-08-08T16:02:19.361996+00:00,1786204939.362,615.83,22.41,2.9116,-1.03,-0.083,57.2,188.7
2026-08-08T16:02:19.568916+00:00,1786204939.569,616.03,22.41,2.9116,-1.03,-0.083,54.6,188.7
2026-08-08T16:02:19.774510+00:00,1786204939.774,616.24,22.41,2.9116,-1.03,-0.082,43.3,188.7
2026-08-08T16:02:20.157813+00:00,1786204940.158,616.62,22.69,2.9160,-1.03,-0.457,22.2,188.7
2026-08-08T16:02:20.360787+00:00,1786204940.361,616.82,22.69,2.9160,-1.03,-0.456,0.0,188.7
2026-08-08T16:02:20.558724+00:00,1786204940.559,617.02,26.56,2.9204,-1.03,0.391,0.0,188.7
2026-08-08T16:02:20.760930+00:00,1786204940.761,617.22,26.56,2.9204,-1.03,0.392,4.8,188.7
2026-08-08T16:02:20.959785+00:00,1786204940.960,617.42,26.56,2.9204,-1.03,0.392,17.9,188.7
2026-08-08T16:02:21.159641+00:00,1786204941.160,617.62,26.35,2.9248,-1.03,0.000,0.0,188.7
2026-08-08T16:02:21.364061+00:00,1786204941.364,617.83,26.35,2.9248,-1.03,0.000,0.0,188.7
2026-08-08T16:02:21.565105+00:00,1786204941.565,618.03,26.35,2.9248,-1.03,0.497,4.9,188.7
2026-08-08T16:02:21.775219+00:00,1786204941.775,618.24,28.80,2.9270,-1.03,0.806,38.4,188.7
2026-08-08T16:02:21.978391+00:00,1786204941.978,618.44,28.80,2.9270,-1.03,0.806,71.9,188.7
2026-08-08T16:02:22.360135+00:00,1786204942.360,618.82,26.32,2.9314,-1.03,0.458,77.4,188.7
2026-08-08T16:02:22.564760+00:00,1786204942.565,619.03,26.32,2.9314,-1.03,0.458,91.2,188.7
2026-08-08T16:02:22.764615+00:00,1786204942.765,619.23,24.37,2.9358,-1.03,-0.277,94.2,188.7
2026-08-08T16:02:22.971392+00:00,1786204942.971,619.44,24.37,2.9358,-1.03,-0.276,84.5,188.7
2026-08-08T16:02:23.178482+00:00,1786204943.178,619.64,24.37,2.9358,-1.03,-0.275,74.9,188.7
2026-08-08T16:02:23.561114+00:00,1786204943.561,620.03,26.09,2.9402,-1.03,0.000,77.0,188.7
2026-08-08T16:02:23.765135+00:00,1786204943.765,620.23,26.09,2.9402,-1.03,0.000,79.0,188.7
2026-08-08T16:02:23.966837+00:00,1786204943.967,620.43,26.56,2.9424,-1.03,0.000,82.3,188.7
2026-08-08T16:02:24.170241+00:00,1786204944.170,620.63,26.56,2.9424,-1.03,-0.260,77.6,188.7
2026-08-08T16:02:24.366941+00:00,1786204944.367,620.83,26.56,2.9424,-1.03,-0.261,72.9,188.7
2026-08-08T16:02:24.563710+00:00,1786204944.564,621.03,26.54,2.9468,-1.03,0.000,85.9,188.7
2026-08-08T16:02:24.772186+00:00,1786204944.772,621.24,26.54,2.9468,-1.03,0.000,98.9,188.7
2026-08-08T16:02:24.968164+00:00,1786204944.968,621.43,26.54,2.9468,-1.03,0.274,95.3,188.7
2026-08-08T16:02:25.168675+00:00,1786204945.169,621.63,26.23,2.9512,-1.03,0.236,90.3,188.7
2026-08-08T16:02:25.372161+00:00,1786204945.372,621.84,26.23,2.9512,-1.03,0.236,85.3,188.7
2026-08-08T16:02:25.578582+00:00,1786204945.579,622.04,26.23,2.9512,-1.03,0.000,85.3,188.7
2026-08-08T16:02:25.961390+00:00,1786204945.961,622.43,26.05,2.9556,-1.03,0.000,85.2,188.7
2026-08-08T16:02:26.162743+00:00,1786204946.163,622.63,26.05,2.9556,-1.03,-0.065,68.0,188.7
2026-08-08T16:02:26.368973+00:00,1786204946.369,622.83,22.67,2.9600,-1.03,-0.491,26.4,188.7
2026-08-08T16:02:26.576355+00:00,1786204946.576,623.04,22.67,2.9600,-1.03,-0.489,0.0,188.7
2026-08-08T16:02:26.779906+00:00,1786204946.780,623.24,22.67,2.9600,-1.03,-0.485,0.0,188.7
2026-08-08T16:02:26.985924+00:00,1786204946.986,623.45,25.27,2.9644,-1.03,-0.160,0.0,188.7
2026-08-08T16:02:27.182278+00:00,1786204947.182,623.65,25.27,2.9644,-1.03,-0.160,0.0,188.7
2026-08-08T16:02:27.535894+00:00,1786204947.536,624.00,26.42,2.9666,-1.03,0.000,0.0,188.7
2026-08-08T16:02:27.733189+00:00,1786204947.733,624.20,26.42,2.9666,-1.03,0.000,0.0,188.7
2026-08-08T16:02:27.930757+00:00,1786204947.931,624.39,26.67,2.9710,-1.03,0.052,0.0,188.7
2026-08-08T16:02:28.131939+00:00,1786204948.132,624.60,26.67,2.9710,-1.03,0.080,0.0,188.7
2026-08-08T16:02:28.330215+00:00,1786204948.330,624.79,26.67,2.9710,-1.03,0.080,0.0,188.7
2026-08-08T16:02:28.535383+00:00,1786204948.535,625.00,26.09,2.9754,-1.03,0.438,0.0,188.7
2026-08-08T16:02:28.736494+00:00,1786204948.736,625.20,26.09,2.9754,-1.03,0.440,7.4,188.7
2026-08-08T16:02:28.948624+00:00,1786204948.949,625.41,27.57,2.9776,-1.03,0.629,27.9,188.7
2026-08-08T16:02:29.152890+00:00,1786204949.153,625.62,27.57,2.9776,-1.03,0.296,37.7,188.7
2026-08-08T16:02:29.355209+00:00,1786204949.355,625.82,27.57,2.9776,-1.03,0.295,39.0,188.7
2026-08-08T16:02:29.552023+00:00,1786204949.552,626.02,24.53,2.9820,-1.03,-0.261,24.0,188.7
2026-08-08T16:02:29.757931+00:00,1786204949.758,626.22,24.53,2.9820,-1.03,-0.260,8.9,188.7
2026-08-08T16:02:29.957091+00:00,1786204949.957,626.42,24.53,2.9820,-1.03,-0.294,0.0,188.7
2026-08-08T16:02:30.156888+00:00,1786204950.157,626.62,24.88,2.9864,-1.03,-0.246,0.0,188.7
2026-08-08T16:02:30.352631+00:00,1786204950.353,626.82,24.88,2.9864,-1.03,-0.246,0.0,188.7
2026-08-08T16:02:30.551959+00:00,1786204950.552,627.02,24.88,2.9864,-1.03,-0.166,0.0,188.7
2026-08-08T16:02:30.750683+00:00,1786204950.751,627.21,27.07,2.9908,-1.03,0.136,14.2,188.7
2026-08-08T16:02:30.954275+00:00,1786204950.954,627.42,27.07,2.9908,-1.03,-0.069,26.0,188.7
2026-08-08T16:02:31.157593+00:00,1786204951.158,627.62,26.48,2.9952,-1.03,-0.152,26.4,188.7
2026-08-08T16:02:31.359726+00:00,1786204951.360,627.82,26.48,2.9952,-1.03,-0.152,26.8,188.7
2026-08-08T16:02:31.565412+00:00,1786204951.565,628.03,26.48,2.9952,-1.03,0.269,35.0,188.7
2026-08-08T16:02:31.950788+00:00,1786204951.951,628.41,25.77,2.9996,-1.03,0.157,39.5,188.7
2026-08-08T16:02:32.153850+00:00,1786204952.154,628.62,25.77,2.9996,-1.03,0.157,42.3,188.7
2026-08-08T16:02:32.353523+00:00,1786204952.353,628.82,26.40,3.0018,-1.03,0.192,45.6,188.7
2026-08-08T16:02:32.559377+00:00,1786204952.559,629.02,26.40,3.0018,-1.03,0.191,48.8,188.7
2026-08-08T16:02:32.755098+00:00,1786204952.755,629.22,26.40,3.0018,-1.03,0.191,41.6,188.7
2026-08-08T16:02:32.956646+00:00,1786204952.957,629.42,26.35,3.0062,-1.03,-0.091,25.6,188.7
2026-08-08T16:02:33.161882+00:00,1786204953.162,629.63,26.35,3.0062,-1.03,-0.091,2.4,188.7
2026-08-08T16:02:33.369237+00:00,1786204953.369,629.83,26.35,3.0062,-1.03,0.000,0.0,188.7
2026-08-08T16:02:33.750024+00:00,1786204953.750,630.21,26.27,3.0106,-1.03,0.000,0.0,188.7
2026-08-08T16:02:33.949698+00:00,1786204953.950,630.41,26.27,3.0106,-1.03,0.000,0.0,188.7
2026-08-08T16:02:34.148205+00:00,1786204954.148,630.61,28.16,3.0150,-1.03,0.302,9.0,188.7
2026-08-08T16:02:34.343607+00:00,1786204954.344,630.81,28.16,3.0150,-1.03,0.303,28.4,188.7
2026-08-08T16:02:34.547984+00:00,1786204954.548,631.01,28.11,3.0194,-1.03,0.217,43.6,188.7
2026-08-08T16:02:34.750750+00:00,1786204954.751,631.21,28.11,3.0194,-1.03,0.217,58.8,188.7
2026-08-08T16:02:34.954075+00:00,1786204954.954,631.42,28.11,3.0194,-1.03,0.216,71.7,188.7
2026-08-08T16:02:35.153790+00:00,1786204955.154,631.62,30.79,3.0216,-1.03,0.561,89.1,188.7
2026-08-08T16:02:35.370640+00:00,1786204955.371,631.83,30.79,3.0216,-1.03,0.558,112.7,188.7
2026-08-08T16:02:35.756169+00:00,1786204955.756,632.22,26.43,3.0260,-1.03,0.000,117.3,188.7
2026-08-08T16:02:35.960373+00:00,1786204955.960,632.42,26.43,3.0260,-1.03,0.000,122.0,188.7
2026-08-08T16:02:36.159946+00:00,1786204956.160,632.62,23.05,3.0304,-1.03,-0.406,102.0,188.7
2026-08-08T16:02:36.366154+00:00,1786204956.366,632.83,23.05,3.0304,-1.03,-0.640,79.5,188.7
2026-08-08T16:02:36.561087+00:00,1786204956.561,633.03,23.05,3.0304,-1.03,-0.640,57.1,188.7
2026-08-08T16:02:36.758697+00:00,1786204956.759,633.22,22.87,3.0348,-1.03,-0.658,32.9,188.7
2026-08-08T16:02:36.962532+00:00,1786204956.963,633.43,22.87,3.0348,-1.03,-0.658,8.7,188.7
2026-08-08T16:02:37.158186+00:00,1786204957.158,633.62,22.87,3.0348,-1.03,-0.660,0.0,188.7
2026-08-08T16:02:37.354536+00:00,1786204957.355,633.82,26.41,3.0392,-1.03,-0.551,0.0,188.7
2026-08-08T16:02:37.555820+00:00,1786204957.556,634.02,26.41,3.0392,-1.03,-0.555,0.0,188.7
2026-08-08T16:02:37.750385+00:00,1786204957.750,634.21,26.41,3.0392,-1.03,0.000,0.0,188.7
2026-08-08T16:02:37.949110+00:00,1786204957.949,634.41,26.61,3.0436,-1.03,0.000,0.0,188.7
2026-08-08T16:02:38.149914+00:00,1786204958.150,634.61,26.61,3.0436,-1.03,0.497,0.0,188.7
2026-08-08T16:02:38.345971+00:00,1786204958.346,634.81,26.61,3.0436,-1.03,0.499,0.0,188.7
2026-08-08T16:02:38.551018+00:00,1786204958.551,635.02,31.44,3.0480,-1.03,1.172,11.0,188.7
2026-08-08T16:02:38.753220+00:00,1786204958.753,635.22,31.44,3.0480,-1.03,1.192,48.8,188.7
2026-08-08T16:02:39.122156+00:00,1786204959.122,635.59,27.01,3.0502,-1.03,0.532,58.0,188.7
2026-08-08T16:02:39.326363+00:00,1786204959.326,635.79,27.01,3.0502,-1.03,0.530,67.0,188.7
2026-08-08T16:02:39.706764+00:00,1786204959.707,636.17,26.76,3.0546,-1.03,0.000,45.3,188.7
2026-08-08T16:02:39.910467+00:00,1786204959.910,636.37,26.76,3.0546,-1.03,0.000,23.7,188.7
2026-08-08T16:02:40.109725+00:00,1786204960.110,636.57,26.83,3.0590,-1.03,0.000,23.9,188.7
2026-08-08T16:02:40.311320+00:00,1786204960.311,636.78,26.83,3.0590,-1.03,0.000,24.0,188.7
2026-08-08T16:02:40.509280+00:00,1786204960.509,636.97,26.83,3.0590,-1.03,0.000,35.9,188.7
2026-08-08T16:02:40.709286+00:00,1786204960.709,637.17,31.45,3.0656,-1.03,0.569,76.8,188.7
2026-08-08T16:02:40.920651+00:00,1786204960.921,637.38,31.45,3.0656,-1.03,0.000,97.0,188.7
2026-08-08T16:02:41.115164+00:00,1786204961.115,637.58,31.45,3.0656,-1.03,0.000,117.6,188.7
2026-08-08T16:02:41.314239+00:00,1786204961.314,637.78,31.58,3.0700,-1.03,0.580,159.4,188.7
2026-08-08T16:02:41.521273+00:00,1786204961.521,637.99,31.58,3.0700,-1.03,0.579,201.2,188.7
2026-08-08T16:02:41.722882+00:00,1786204961.723,638.19,31.58,3.0700,-1.03,0.665,244.5,188.7
2026-08-08T16:02:41.921410+00:00,1786204961.921,638.39,26.22,3.0744,-1.03,-0.075,259.2,188.7
2026-08-08T16:02:42.120583+00:00,1786204962.121,638.58,26.22,3.0744,-1.03,-0.085,256.5,188.7
2026-08-08T16:02:42.318003+00:00,1786204962.318,638.78,26.22,3.0744,-1.03,-0.085,253.8,188.7
2026-08-08T16:02:42.515655+00:00,1786204962.516,638.98,26.18,3.0788,-1.03,-0.091,235.6,188.7
2026-08-08T16:02:42.720598+00:00,1786204962.721,639.18,26.18,3.0788,-1.03,-0.728,198.1,188.7
2026-08-08T16:02:42.918827+00:00,1786204962.919,639.38,26.18,3.0788,-1.03,-0.733,131.2,188.7
2026-08-08T16:02:43.115007+00:00,1786204963.115,639.58,26.63,3.0832,-1.03,-0.669,65.2,188.7
2026-08-08T16:02:43.317718+00:00,1786204963.318,639.78,26.63,3.0832,-1.03,-0.687,27.3,188.7
2026-08-08T16:02:43.515929+00:00,1786204963.516,639.98,26.63,3.0832,-1.03,-0.690,0.0,188.7
2026-08-08T16:02:43.712024+00:00,1786204963.712,640.18,26.57,3.0876,-1.03,-0.699,0.0,188.7
2026-08-08T16:02:43.914761+00:00,1786204963.915,640.38,26.57,3.0876,-1.03,0.000,0.0,188.7
2026-08-08T16:02:44.119800+00:00,1786204964.120,640.58,26.57,3.0876,-1.03,0.000,0.0,188.7
2026-08-08T16:02:44.319401+00:00,1786204964.319,640.78,29.38,3.0920,-1.03,0.438,0.0,188.7
2026-08-08T16:02:44.516574+00:00,1786204964.517,640.98,29.38,3.0920,-1.03,0.444,0.0,188.7
2026-08-08T16:02:44.713322+00:00,1786204964.713,641.18,26.78,3.0942,-1.03,0.084,0.0,188.7
2026-08-08T16:02:44.919104+00:00,1786204964.919,641.38,26.78,3.0942,-1.03,0.084,0.0,188.7
2026-08-08T16:02:45.119196+00:00,1786204965.119,641.58,26.78,3.0942,-1.03,0.000,0.0,188.7
2026-08-08T16:02:45.322424+00:00,1786204965.322,641.79,27.95,3.0986,-1.03,0.183,0.0,188.7
2026-08-08T16:02:45.517105+00:00,1786204965.517,641.98,27.95,3.0986,-1.03,0.184,0.0,188.7
2026-08-08T16:02:45.714271+00:00,1786204965.714,642.18,28.61,3.1030,-1.03,0.283,0.0,188.7
2026-08-08T16:02:45.919982+00:00,1786204965.920,642.38,28.61,3.1030,-1.03,0.282,0.0,188.7
2026-08-08T16:02:46.119382+00:00,1786204966.119,642.58,28.61,3.1030,-1.03,0.283,0.0,188.7
2026-08-08T16:02:46.322265+00:00,1786204966.322,642.79,27.90,3.1073,-1.03,-0.205,0.0,188.7
2026-08-08T16:02:46.520610+00:00,1786204966.521,642.98,27.90,3.1073,-1.03,-0.205,0.0,188.7
2026-08-08T16:02:46.717792+00:00,1786204966.718,643.18,27.95,3.1095,-1.03,0.162,0.0,188.7
2026-08-08T16:02:46.917101+00:00,1786204966.917,643.38,27.95,3.1095,-1.03,0.163,2.4,188.7
2026-08-08T16:02:47.119872+00:00,1786204967.120,643.58,27.95,3.1095,-1.03,0.163,28.8,188.7
2026-08-08T16:02:47.323864+00:00,1786204967.324,643.79,28.18,3.1139,-1.03,0.000,50.5,188.7
2026-08-08T16:02:47.528006+00:00,1786204967.528,643.99,28.18,3.1139,-1.03,0.000,72.3,188.7
2026-08-08T16:02:47.899475+00:00,1786204967.899,644.36,25.60,3.1183,-1.03,-0.384,82.1,188.7
2026-08-08T16:02:48.103789+00:00,1786204968.104,644.57,25.60,3.1183,-1.03,-0.384,70.4,188.7
2026-08-08T16:02:48.302948+00:00,1786204968.303,644.77,24.67,3.1227,-1.03,-0.502,55.5,188.7
2026-08-08T16:02:48.508010+00:00,1786204968.508,644.97,24.67,3.1227,-1.03,-0.411,27.2,188.7
2026-08-08T16:02:48.705199+00:00,1786204968.705,645.17,24.67,3.1227,-1.03,-0.411,0.0,188.7
2026-08-08T16:02:48.903185+00:00,1786204968.903,645.37,31.61,3.1271,-1.03,0.465,15.3,188.7
2026-08-08T16:02:49.108987+00:00,1786204969.109,645.57,31.61,3.1271,-1.03,0.464,31.8,188.7
2026-08-08T16:02:49.306051+00:00,1786204969.306,645.77,31.61,3.1271,-1.03,0.465,51.0,188.7
2026-08-08T16:02:49.506296+00:00,1786204969.506,645.97,31.85,3.1315,-1.03,0.467,64.1,188.7
2026-08-08T16:02:49.708260+00:00,1786204969.708,646.17,31.85,3.1315,-1.03,0.468,77.3,188.7
2026-08-08T16:02:49.904670+00:00,1786204969.905,646.37,31.85,3.1315,-1.03,0.866,101.4,188.7
2026-08-08T16:02:50.107672+00:00,1786204970.108,646.57,31.61,3.1381,-1.03,0.834,124.0,188.7
2026-08-08T16:02:50.313638+00:00,1786204970.314,646.78,31.61,3.1381,-1.03,0.959,151.1,188.7
2026-08-08T16:02:50.508571+00:00,1786204970.509,646.97,31.61,3.1381,-1.03,0.964,194.6,188.7
2026-08-08T16:02:50.708356+00:00,1786204970.708,647.17,31.63,3.1425,-1.03,0.964,238.2,188.7
2026-08-08T16:02:50.913132+00:00,1786204970.913,647.38,31.63,3.1425,-1.03,0.000,234.7,188.7
2026-08-08T16:02:51.109632+00:00,1786204971.110,647.57,31.63,3.1425,-1.03,0.000,231.2,188.7
2026-08-08T16:02:51.307540+00:00,1786204971.308,647.77,26.36,3.1469,-1.03,-0.729,203.2,188.7
2026-08-08T16:02:51.515969+00:00,1786204971.516,647.98,26.36,3.1469,-1.03,-0.759,179.4,188.7
2026-08-08T16:02:51.710597+00:00,1786204971.711,648.17,26.36,3.1469,-1.03,-0.762,155.5,188.7
2026-08-08T16:02:51.908243+00:00,1786204971.908,648.37,31.35,3.1513,-1.03,-0.069,166.8,188.7
2026-08-08T16:02:52.112362+00:00,1786204972.112,648.58,31.35,3.1513,-1.03,0.000,180.5,188.7
2026-08-08T16:02:52.310818+00:00,1786204972.311,648.77,31.35,3.1513,-1.03,0.000,197.5,188.7
2026-08-08T16:02:52.508272+00:00,1786204972.508,648.97,31.38,3.1579,-1.03,0.000,211.9,188.7
2026-08-08T16:02:52.713935+00:00,1786204972.714,649.18,31.38,3.1579,-1.03,0.000,226.4,188.7
2026-08-08T16:02:52.908846+00:00,1786204972.909,649.37,31.38,3.1579,-1.03,0.000,209.2,188.7
2026-08-08T16:02:53.108941+00:00,1786204973.109,649.57,31.67,3.1623,-1.03,0.000,192.3,188.7
2026-08-08T16:02:53.310192+00:00,1786204973.310,649.77,31.67,3.1623,-1.03,0.737,202.3,188.7
2026-08-08T16:02:53.510493+00:00,1786204973.510,649.97,31.67,3.1623,-1.03,0.739,212.1,188.7
2026-08-08T16:02:53.709269+00:00,1786204973.709,650.17,26.55,3.1667,-1.03,0.000,192.5,188.7
2026-08-08T16:02:53.918773+00:00,1786204973.919,650.38,26.55,3.1667,-1.03,-0.664,137.9,188.7
2026-08-08T16:02:54.115364+00:00,1786204974.115,650.58,26.55,3.1667,-1.03,-0.667,84.7,188.7
2026-08-08T16:02:54.314993+00:00,1786204974.315,650.78,31.16,3.1733,-1.03,0.000,49.5,188.7
2026-08-08T16:02:54.514656+00:00,1786204974.515,650.98,31.16,3.1733,-1.03,0.000,14.1,188.7
2026-08-08T16:02:54.720869+00:00,1786204974.721,651.18,31.16,3.1733,-1.03,0.000,0.0,188.7
2026-08-08T16:02:55.101988+00:00,1786204975.102,651.57,31.66,3.1777,-1.03,0.000,0.0,188.7
2026-08-08T16:02:55.301154+00:00,1786204975.301,651.77,31.66,3.1777,-1.03,0.000,0.0,188.7
2026-08-08T16:02:55.501075+00:00,1786204975.501,651.97,30.31,3.1821,-1.03,-0.172,0.0,188.7
2026-08-08T16:02:55.701059+00:00,1786204975.701,652.17,30.31,3.1821,-1.03,-0.172,15.2,188.7
2026-08-08T16:02:55.905133+00:00,1786204975.905,652.37,32.14,3.1865,-1.03,0.707,67.2,188.7
2026-08-08T16:02:56.105790+00:00,1786204976.106,652.57,32.14,3.1865,-1.03,0.710,96.5,188.7
2026-08-08T16:02:56.309063+00:00,1786204976.309,652.77,32.14,3.1865,-1.03,0.708,123.2,188.7
2026-08-08T16:02:56.508145+00:00,1786204976.508,652.97,30.21,3.1887,-1.03,-0.120,118.4,188.7
2026-08-08T16:02:56.711361+00:00,1786204976.711,653.18,30.21,3.1887,-1.03,-0.120,113.6,188.7
2026-08-08T16:02:56.911654+00:00,1786204976.912,653.38,29.37,3.1931,-1.03,-0.227,104.9,188.7
2026-08-08T16:02:57.115385+00:00,1786204977.115,653.58,29.37,3.1931,-1.03,-0.316,93.2,188.7
2026-08-08T16:02:57.314232+00:00,1786204977.314,653.78,29.37,3.1931,-1.03,-0.316,81.3,188.7
2026-08-08T16:02:57.511395+00:00,1786204977.511,653.98,31.69,3.1997,-1.03,0.191,61.4,188.7
2026-08-08T16:02:57.718466+00:00,1786204977.718,654.18,31.69,3.1997,-1.03,0.190,41.3,188.7
2026-08-08T16:02:57.925797+00:00,1786204977.926,654.39,31.69,3.1997,-1.03,-0.062,41.3,188.7
2026-08-08T16:02:58.306340+00:00,1786204978.306,654.77,31.64,3.2041,-1.03,-0.063,61.7,188.7
2026-08-08T16:02:58.507383+00:00,1786204978.507,654.97,31.64,3.2041,-1.03,-0.063,82.1,188.7
2026-08-08T16:02:58.709194+00:00,1786204978.709,655.17,26.28,3.2085,-1.03,-0.496,64.9,188.7
2026-08-08T16:02:58.918680+00:00,1786204978.919,655.38,26.28,3.2085,-1.03,-0.494,47.8,188.7
2026-08-08T16:02:59.115629+00:00,1786204979.116,655.58,26.28,3.2085,-1.03,-0.389,33.9,188.7
2026-08-08T16:02:59.315268+00:00,1786204979.315,655.78,31.85,3.2129,-1.03,0.314,45.6,188.7
2026-08-08T16:02:59.518816+00:00,1786204979.519,655.98,31.85,3.2129,-1.03,0.313,57.2,188.7
2026-08-08T16:02:59.725844+00:00,1786204979.726,656.19,31.85,3.2129,-1.03,0.000,64.0,188.7
2026-08-08T16:03:00.108880+00:00,1786204980.109,656.57,31.81,3.2195,-1.03,0.000,70.8,188.7
2026-08-08T16:03:00.310217+00:00,1786204980.310,656.77,31.81,3.2195,-1.03,0.000,44.4,188.7
2026-08-08T16:03:00.510998+00:00,1786204980.511,656.98,31.71,3.2239,-1.03,0.000,17.8,188.7
2026-08-08T16:03:00.714513+00:00,1786204980.714,657.18,31.71,3.2239,-1.03,0.000,0.0,188.7
2026-08-08T16:03:00.915066+00:00,1786204980.915,657.38,31.71,3.2239,-1.03,0.683,21.3,188.7
2026-08-08T16:03:01.118678+00:00,1786204981.119,657.58,26.19,3.2283,-1.03,0.000,23.8,188.7
2026-08-08T16:03:01.320404+00:00,1786204981.320,657.78,26.19,3.2283,-1.03,0.000,30.3,188.7
2026-08-08T16:03:01.515312+00:00,1786204981.515,657.98,26.19,3.2283,-1.03,-0.715,18.1,188.7
2026-08-08T16:03:01.716942+00:00,1786204981.717,658.18,31.32,3.2327,-1.03,-0.067,27.4,188.7
2026-08-08T16:03:01.922518+00:00,1786204981.922,658.39,31.32,3.2327,-1.03,-0.067,17.8,188.7
2026-08-08T16:03:02.128701+00:00,1786204982.129,658.59,31.32,3.2327,-1.03,-0.068,8.2,188.7
2026-08-08T16:03:02.510939+00:00,1786204982.511,658.97,31.94,3.2393,-1.03,0.000,10.6,188.7
2026-08-08T16:03:02.714102+00:00,1786204982.714,659.18,31.94,3.2393,-1.03,0.000,13.0,188.7
2026-08-08T16:03:02.913818+00:00,1786204982.913,659.38,31.50,3.2437,-1.03,0.000,15.3,188.7
2026-08-08T16:03:03.114734+00:00,1786204983.115,659.58,31.50,3.2437,-1.03,0.000,32.6,188.7
2026-08-08T16:03:03.313257+00:00,1786204983.313,659.78,31.50,3.2437,-1.03,0.672,74.3,188.7
2026-08-08T16:03:03.516206+00:00,1786204983.516,659.98,26.41,3.2481,-1.03,0.000,86.2,188.7
2026-08-08T16:03:03.725618+00:00,1786204983.726,660.19,26.41,3.2481,-1.03,0.000,72.2,188.7
2026-08-08T16:03:03.930789+00:00,1786204983.931,660.39,26.41,3.2481,-1.03,-0.617,39.4,188.7
2026-08-08T16:03:04.310097+00:00,1786204984.310,660.77,31.27,3.2525,-1.03,0.000,39.1,188.7
2026-08-08T16:03:04.512352+00:00,1786204984.512,660.98,31.27,3.2525,-1.03,0.000,38.8,188.7
2026-08-08T16:03:04.898981+00:00,1786204984.899,661.36,31.39,3.2569,-1.03,-0.065,36.3,188.7
2026-08-08T16:03:05.101270+00:00,1786204985.101,661.57,31.39,3.2569,-1.03,-0.065,33.7,188.7
2026-08-08T16:03:05.299731+00:00,1786204985.300,661.76,32.29,3.2635,-1.03,0.092,37.5,188.7
2026-08-08T16:03:05.505056+00:00,1786204985.505,661.97,32.29,3.2635,-1.03,0.092,16.3,188.7
2026-08-08T16:03:05.700289+00:00,1786204985.700,662.16,32.29,3.2635,-1.03,0.092,22.5,188.7
2026-08-08T16:03:05.902190+00:00,1786204985.902,662.37,31.56,3.2679,-1.03,0.600,46.7,188.7
2026-08-08T16:03:06.109198+00:00,1786204986.109,662.57,31.56,3.2679,-1.03,0.600,92.6,188.7
2026-08-08T16:03:06.316526+00:00,1786204986.316,662.78,31.56,3.2679,-1.03,0.600,117.0,188.7
2026-08-08T16:03:06.699677+00:00,1786204986.700,663.16,26.17,3.2723,-1.03,-0.593,99.3,188.7
2026-08-08T16:03:06.906025+00:00,1786204986.906,663.37,26.17,3.2723,-1.03,-0.592,81.6,188.7
2026-08-08T16:03:07.104052+00:00,1786204987.104,663.57,31.65,3.2767,-1.03,0.000,81.4,188.7
2026-08-08T16:03:07.308417+00:00,1786204987.308,663.77,31.65,3.2767,-1.03,0.000,81.3,188.7
2026-08-08T16:03:07.516297+00:00,1786204987.516,663.98,31.65,3.2767,-1.03,-0.081,78.4,188.7
2026-08-08T16:03:07.901257+00:00,1786204987.901,664.37,31.76,3.2833,-1.03,-0.061,76.3,188.7
2026-08-08T16:03:08.104417+00:00,1786204988.104,664.57,31.76,3.2833,-1.03,-0.061,49.7,188.7
2026-08-08T16:03:08.303494+00:00,1786204988.303,664.77,31.90,3.2877,-1.03,0.000,52.2,188.7
2026-08-08T16:03:08.511026+00:00,1786204988.511,664.98,31.90,3.2877,-1.03,0.000,54.7,188.7
2026-08-08T16:03:08.717197+00:00,1786204988.717,665.18,31.90,3.2877,-1.03,0.000,75.9,188.7
2026-08-08T16:03:09.099405+00:00,1786204989.099,665.56,30.57,3.2921,-1.03,0.510,93.6,188.7
2026-08-08T16:03:09.303667+00:00,1786204989.304,665.77,30.57,3.2921,-1.03,0.510,111.2,188.7
2026-08-08T16:03:09.504400+00:00,1786204989.504,665.97,31.50,3.2965,-1.03,0.000,113.6,188.7
2026-08-08T16:03:09.712672+00:00,1786204989.713,666.18,31.50,3.2965,-1.03,0.000,116.0,188.7
2026-08-08T16:03:09.920166+00:00,1786204989.920,666.38,31.50,3.2965,-1.03,0.000,112.1,188.7
2026-08-08T16:03:10.299191+00:00,1786204990.299,666.76,31.63,3.3031,-1.03,0.000,108.3,188.7
2026-08-08T16:03:10.501261+00:00,1786204990.501,666.97,31.63,3.3031,-1.03,0.000,104.5,188.7
2026-08-08T16:03:10.703901+00:00,1786204990.704,667.17,26.89,3.3075,-1.03,-0.579,62.5,188.7
2026-08-08T16:03:10.914524+00:00,1786204990.914,667.38,26.89,3.3075,-1.03,-0.579,20.6,188.7
2026-08-08T16:03:11.120143+00:00,1786204991.120,667.58,26.89,3.3075,-1.03,-0.579,0.0,188.7
2026-08-08T16:03:11.502928+00:00,1786204991.503,667.97,31.40,3.3119,-1.03,0.095,2.3,188.7
2026-08-08T16:03:11.705840+00:00,1786204991.706,668.17,31.40,3.3119,-1.03,0.095,25.9,188.7
2026-08-08T16:03:11.913957+00:00,1786204991.914,668.38,31.68,3.3185,-1.03,0.000,25.9,188.7
2026-08-08T16:03:12.112245+00:00,1786204992.112,668.58,31.68,3.3185,-1.03,0.000,25.9,188.7
2026-08-08T16:03:12.318250+00:00,1786204992.318,668.78,31.68,3.3185,-1.03,0.000,28.9,188.7
2026-08-08T16:03:12.702230+00:00,1786204992.702,669.17,31.80,3.3229,-1.03,0.000,31.2,188.7
2026-08-08T16:03:12.903860+00:00,1786204992.904,669.37,31.80,3.3229,-1.03,0.000,33.5,188.7
2026-08-08T16:03:13.105157+00:00,1786204993.105,669.57,26.54,3.3273,-1.03,0.000,31.0,188.7
2026-08-08T16:03:13.308374+00:00,1786204993.308,669.77,26.54,3.3273,-1.03,0.000,28.6,188.7
2026-08-08T16:03:13.506919+00:00,1786204993.507,669.97,26.54,3.3273,-1.03,0.000,26.2,188.7
2026-08-08T16:03:13.706417+00:00,1786204993.706,670.17,31.57,3.3317,-1.03,0.000,8.7,188.7
2026-08-08T16:03:13.911294+00:00,1786204993.911,670.38,31.57,3.3317,-1.03,0.000,0.0,188.7
2026-08-08T16:03:14.105713+00:00,1786204994.106,670.57,31.57,3.3317,-1.03,0.000,0.0,188.7
2026-08-08T16:03:14.304201+00:00,1786204994.304,670.77,31.55,3.3361,-1.03,0.000,0.0,188.7
2026-08-08T16:03:14.503746+00:00,1786204994.504,670.97,31.55,3.3361,-1.03,0.000,0.0,188.7
2026-08-08T16:03:14.703983+00:00,1786204994.704,671.17,30.27,3.3405,-1.03,-0.212,0.0,188.7
2026-08-08T16:03:14.904340+00:00,1786204994.904,671.37,30.27,3.3405,-1.03,-0.212,0.0,188.7
2026-08-08T16:03:15.105361+00:00,1786204995.105,671.57,30.27,3.3405,-1.03,0.518,12.6,188.7
2026-08-08T16:03:15.309822+00:00,1786204995.310,671.77,31.94,3.3449,-1.03,0.749,60.5,188.7
2026-08-08T16:03:15.508818+00:00,1786204995.509,671.97,31.94,3.3449,-1.03,0.749,108.4,188.7
2026-08-08T16:03:15.704757+00:00,1786204995.705,672.17,28.98,3.3493,-1.03,-0.360,91.8,188.7
2026-08-08T16:03:15.910557+00:00,1786204995.911,672.37,28.98,3.3493,-1.03,-0.360,75.1,188.7
2026-08-08T16:03:16.116267+00:00,1786204996.116,672.58,28.98,3.3493,-1.03,-0.358,61.8,188.7
2026-08-08T16:03:16.322632+00:00,1786204996.323,672.79,28.88,3.3537,-1.03,-0.368,48.1,188.7
2026-08-08T16:03:16.517086+00:00,1786204996.517,672.98,28.88,3.3537,-1.03,-0.369,34.4,188.7
2026-08-08T16:03:16.739859+00:00,1786204996.740,673.20,28.84,3.3558,-1.03,-0.195,26.4,188.7
2026-08-08T16:03:16.943353+00:00,1786204996.943,673.41,28.84,3.3558,-1.03,-0.195,18.5,188.7
2026-08-08T16:03:17.144431+00:00,1786204997.144,673.61,28.84,3.3558,-1.03,-0.195,12.9,188.7
2026-08-08T16:03:17.343481+00:00,1786204997.343,673.81,27.63,3.3624,-1.03,-0.590,0.0,188.7
2026-08-08T16:03:17.546633+00:00,1786204997.547,674.01,27.63,3.3624,-1.03,-0.588,0.0,188.7
2026-08-08T16:03:17.745699+00:00,1786204997.746,674.21,27.63,3.3624,-1.03,-0.184,0.0,188.7
2026-08-08T16:03:17.941801+00:00,1786204997.942,674.41,28.98,3.3668,-1.03,0.000,0.0,188.7
2026-08-08T16:03:18.141030+00:00,1786204998.141,674.61,28.98,3.3668,-1.03,0.000,0.0,188.7
2026-08-08T16:03:18.340925+00:00,1786204998.341,674.80,31.48,3.3690,-1.03,0.358,0.0,188.7
2026-08-08T16:03:18.545089+00:00,1786204998.545,675.01,31.48,3.3690,-1.03,0.356,0.0,188.7
2026-08-08T16:03:18.746135+00:00,1786204998.746,675.21,31.48,3.3690,-1.03,0.365,13.0,188.7
2026-08-08T16:03:18.950453+00:00,1786204998.950,675.41,28.64,3.3734,-1.03,0.000,19.7,188.7
2026-08-08T16:03:19.144731+00:00,1786204999.145,675.61,28.64,3.3734,-1.03,0.000,0.0,188.7
2026-08-08T16:03:19.350774+00:00,1786204999.351,675.81,29.13,3.3778,-1.03,0.209,0.0,188.7
2026-08-08T16:03:19.552542+00:00,1786204999.552,676.02,29.13,3.3778,-1.03,0.209,0.0,188.7
2026-08-08T16:03:19.751537+00:00,1786204999.752,676.22,29.13,3.3778,-1.03,0.209,0.0,188.7
2026-08-08T16:03:19.948730+00:00,1786204999.949,676.41,28.48,3.3822,-1.03,-0.070,0.0,188.7
2026-08-08T16:03:20.147881+00:00,1786205000.148,676.61,28.48,3.3822,-1.03,-0.070,0.0,188.7
2026-08-08T16:03:20.348605+00:00,1786205000.349,676.81,28.40,3.3844,-1.03,-0.425,0.0,188.7
2026-08-08T16:03:20.546664+00:00,1786205000.547,677.01,28.40,3.3844,-1.03,-0.427,0.0,188.7
2026-08-08T16:03:20.746219+00:00,1786205000.746,677.21,28.40,3.3844,-1.03,-0.427,0.0,188.7
2026-08-08T16:03:20.946276+00:00,1786205000.946,677.41,29.14,3.3888,-1.03,0.070,0.0,188.7
2026-08-08T16:03:21.145269+00:00,1786205001.145,677.61,29.14,3.3888,-1.03,0.069,0.0,188.7
2026-08-08T16:03:21.347514+00:00,1786205001.347,677.81,28.11,3.3932,-1.03,-0.142,15.7,188.7
2026-08-08T16:03:21.549315+00:00,1786205001.549,678.01,28.11,3.3932,-1.03,-0.142,30.1,188.7
2026-08-08T16:03:21.753057+00:00,1786205001.753,678.22,28.11,3.3932,-1.03,-0.142,31.5,188.7
2026-08-08T16:03:21.955508+00:00,1786205001.955,678.42,28.06,3.3976,-1.03,-0.059,29.2,188.7
2026-08-08T16:03:22.157999+00:00,1786205002.158,678.62,28.06,3.3976,-1.03,-0.058,27.0,188.7
2026-08-08T16:03:22.380583+00:00,1786205002.381,678.84,27.87,3.4020,-1.03,-0.073,9.9,188.7
2026-08-08T16:03:22.600592+00:00,1786205002.601,679.06,27.87,3.4020,-1.03,-0.072,0.0,188.7
2026-08-08T16:03:22.792015+00:00,1786205002.792,679.26,27.87,3.4020,-1.03,-0.072,0.0,188.7
2026-08-08T16:03:22.990588+00:00,1786205002.991,679.45,24.14,3.4042,-1.03,-0.680,0.0,188.7
2026-08-08T16:03:23.186211+00:00,1786205003.186,679.65,24.14,3.4042,-1.03,-0.681,0.0,188.7
2026-08-08T16:03:23.387765+00:00,1786205003.388,679.85,27.78,3.4086,-1.03,0.000,0.0,188.7
2026-08-08T16:03:23.584664+00:00,1786205003.585,680.05,27.78,3.4086,-1.03,0.000,0.0,188.7
2026-08-08T16:03:23.784146+00:00,1786205003.784,680.25,27.78,3.4086,-1.03,0.000,0.0,188.7
2026-08-08T16:03:23.981806+00:00,1786205003.982,680.45,32.81,3.4130,-1.03,0.651,0.0,188.7
2026-08-08T16:03:24.179932+00:00,1786205004.180,680.64,32.81,3.4130,-1.03,0.653,0.0,188.7
2026-08-08T16:03:24.383139+00:00,1786205004.383,680.85,27.82,3.4174,-1.03,0.000,0.0,188.7
2026-08-08T16:03:24.581195+00:00,1786205004.581,681.05,27.82,3.4174,-1.03,0.000,0.0,188.7
2026-08-08T16:03:24.782220+00:00,1786205004.782,681.25,27.82,3.4174,-1.03,0.000,11.6,188.7
2026-08-08T16:03:24.984406+00:00,1786205004.984,681.45,30.24,3.4196,-1.03,0.850,39.4,188.7
2026-08-08T16:03:25.181354+00:00,1786205005.181,681.65,30.24,3.4196,-1.03,0.849,67.3,188.7
2026-08-08T16:03:25.379569+00:00,1786205005.380,681.84,27.76,3.4240,-1.03,0.000,71.8,188.7
2026-08-08T16:03:25.580705+00:00,1786205005.581,682.04,27.76,3.4240,-1.03,0.000,76.2,188.7
2026-08-08T16:03:25.781611+00:00,1786205005.782,682.25,27.76,3.4240,-1.03,0.000,80.7,188.7
2026-08-08T16:03:26.164363+00:00,1786205006.164,682.63,27.26,3.4284,-1.03,-0.707,60.0,188.7
2026-08-08T16:03:26.541350+00:00,1786205006.541,683.01,23.39,3.4328,-1.03,-1.109,30.5,188.7
2026-08-08T16:03:26.734315+00:00,1786205006.734,683.20,23.39,3.4328,-1.03,-0.524,17.3,188.7
2026-08-08T16:03:26.928692+00:00,1786205006.929,683.39,23.39,3.4328,-1.03,-0.524,4.1,188.7
2026-08-08T16:03:27.148824+00:00,1786205007.149,683.61,28.33,3.4372,-1.03,0.060,8.5,188.7
2026-08-08T16:03:27.352904+00:00,1786205007.353,683.82,28.33,3.4372,-1.03,-0.224,21.6,188.7
2026-08-08T16:03:27.555051+00:00,1786205007.555,684.02,31.24,3.4416,-1.03,0.117,47.5,188.7
2026-08-08T16:03:27.759156+00:00,1786205007.759,684.22,31.24,3.4416,-1.03,0.405,63.8,188.7
2026-08-08T16:03:27.956706+00:00,1786205007.957,684.42,31.24,3.4416,-1.03,0.406,80.0,188.7
2026-08-08T16:03:28.154060+00:00,1786205008.154,684.62,25.13,3.4460,-1.03,-0.308,70.2,188.7
2026-08-08T16:03:28.359613+00:00,1786205008.360,684.82,25.13,3.4460,-1.03,-0.269,34.3,188.7
2026-08-08T16:03:28.556389+00:00,1786205008.556,685.02,25.13,3.4460,-1.03,0.240,13.1,188.7
2026-08-08T16:03:28.757358+00:00,1786205008.757,685.22,26.32,3.4504,-1.03,0.402,24.8,188.7
2026-08-08T16:03:28.962055+00:00,1786205008.962,685.43,26.32,3.4504,-1.03,0.400,36.4,188.7
2026-08-08T16:03:29.169737+00:00,1786205009.170,685.63,26.32,3.4504,-1.03,-0.277,27.4,188.7
2026-08-08T16:03:29.552935+00:00,1786205009.553,686.02,31.58,3.4548,-1.03,0.410,13.4,188.7
2026-08-08T16:03:29.755755+00:00,1786205009.756,686.22,31.58,3.4548,-1.03,0.000,0.0,188.7
2026-08-08T16:03:29.956314+00:00,1786205009.956,686.42,31.27,3.4614,-1.03,0.000,0.0,188.7
2026-08-08T16:03:30.150507+00:00,1786205010.150,686.61,31.27,3.4614,-1.03,0.000,0.0,188.7
2026-08-08T16:03:30.351325+00:00,1786205010.351,686.82,31.27,3.4614,-1.03,0.776,17.3,188.7
2026-08-08T16:03:30.555756+00:00,1786205010.556,687.02,29.10,3.4636,-1.03,0.503,57.2,188.7
2026-08-08T16:03:30.757080+00:00,1786205010.757,687.22,29.10,3.4636,-1.03,0.501,105.9,188.7
2026-08-08T16:03:30.958979+00:00,1786205010.959,687.42,26.14,3.4680,-1.03,0.000,120.9,188.7
2026-08-08T16:03:31.164561+00:00,1786205011.165,687.63,26.14,3.4680,-1.03,0.000,135.8,188.7
2026-08-08T16:03:31.371613+00:00,1786205011.372,687.84,26.14,3.4680,-1.03,0.000,133.0,188.7
2026-08-08T16:03:31.754742+00:00,1786205011.755,688.22,28.26,3.4724,-1.03,-0.419,126.6,188.7
2026-08-08T16:03:31.964219+00:00,1786205011.964,688.43,28.26,3.4724,-1.03,-0.418,107.4,188.7
2026-08-08T16:03:32.354032+00:00,1786205012.354,688.82,31.70,3.4768,-1.03,0.000,93.0,188.7
2026-08-08T16:03:32.557335+00:00,1786205012.557,689.02,31.70,3.4768,-1.03,0.000,78.6,188.7
2026-08-08T16:03:32.756361+00:00,1786205012.756,689.22,31.68,3.4834,-1.03,0.000,90.3,188.7
2026-08-08T16:03:32.961077+00:00,1786205012.961,689.43,31.68,3.4834,-1.03,0.298,111.8,188.7
2026-08-08T16:03:33.161034+00:00,1786205013.161,689.63,31.68,3.4834,-1.03,0.298,118.5,188.7
2026-08-08T16:03:33.359017+00:00,1786205013.359,689.82,31.73,3.4878,-1.03,0.646,132.3,188.7
2026-08-08T16:03:33.567237+00:00,1786205013.567,690.03,31.73,3.4878,-1.03,0.646,146.2,188.7
2026-08-08T16:03:33.772712+00:00,1786205013.773,690.24,31.73,3.4878,-1.03,0.646,180.7,188.7
2026-08-08T16:03:34.154355+00:00,1786205014.154,690.62,26.34,3.4922,-1.03,-0.222,156.7,188.7
2026-08-08T16:03:34.534532+00:00,1786205014.535,691.00,27.02,3.4966,-1.03,-0.133,150.5,188.7
2026-08-08T16:03:34.731231+00:00,1786205014.731,691.20,27.02,3.4966,-1.03,-0.546,131.6,188.7
2026-08-08T16:03:34.927405+00:00,1786205014.927,691.39,27.02,3.4966,-1.03,-0.548,112.6,188.7
2026-08-08T16:03:35.138459+00:00,1786205015.138,691.60,31.58,3.5010,-1.03,0.000,84.7,188.7
2026-08-08T16:03:35.343314+00:00,1786205015.343,691.81,31.58,3.5010,-1.03,0.000,69.1,188.7
2026-08-08T16:03:35.543207+00:00,1786205015.543,692.01,31.27,3.5054,-1.03,0.000,53.3,188.7
2026-08-08T16:03:35.747949+00:00,1786205015.748,692.21,31.27,3.5054,-1.03,-0.054,53.5,188.7
2026-08-08T16:03:35.959296+00:00,1786205015.959,692.42,31.27,3.5054,-1.03,-0.054,53.8,188.7
2026-08-08T16:03:36.160303+00:00,1786205016.160,692.62,26.39,3.5098,-1.03,-0.621,35.0,188.7
2026-08-08T16:03:36.366440+00:00,1786205016.366,692.83,26.39,3.5098,-1.03,0.000,47.9,188.7
2026-08-08T16:03:36.563601+00:00,1786205016.564,693.03,26.39,3.5098,-1.03,-0.087,58.2,188.7
2026-08-08T16:03:36.764512+00:00,1786205016.764,693.23,25.85,3.5142,-1.03,-0.161,50.9,188.7
2026-08-08T16:03:36.968155+00:00,1786205016.968,693.43,25.85,3.5142,-1.03,-0.160,43.6,188.7
2026-08-08T16:03:37.175834+00:00,1786205017.176,693.64,25.85,3.5142,-1.03,-0.781,17.7,188.7
2026-08-08T16:03:37.562396+00:00,1786205017.562,694.03,30.69,3.5186,-1.03,-0.111,2.4,188.7
2026-08-08T16:03:37.764774+00:00,1786205017.765,694.23,30.69,3.5186,-1.03,-0.072,0.0,188.7
2026-08-08T16:03:37.963607+00:00,1786205017.964,694.43,31.86,3.5230,-1.03,0.074,0.0,188.7
2026-08-08T16:03:38.157978+00:00,1786205018.158,694.62,31.86,3.5230,-1.03,0.075,0.0,188.7
2026-08-08T16:03:38.353324+00:00,1786205018.353,694.82,31.86,3.5230,-1.03,0.692,0.0,188.7
2026-08-08T16:03:38.559793+00:00,1786205018.560,695.02,27.14,3.5274,-1.03,0.095,0.0,188.7
2026-08-08T16:03:38.760724+00:00,1786205018.761,695.22,27.14,3.5274,-1.03,0.095,0.0,188.7
2026-08-08T16:03:38.956118+00:00,1786205018.956,695.42,27.14,3.5274,-1.03,0.164,0.0,188.7
2026-08-08T16:03:39.156275+00:00,1786205019.156,695.62,31.59,3.5340,-1.03,0.728,33.7,188.7
2026-08-08T16:03:39.364322+00:00,1786205019.364,695.83,31.59,3.5340,-1.03,0.728,60.2,188.7
2026-08-08T16:03:39.565247+00:00,1786205019.565,696.03,31.59,3.5340,-1.03,0.124,64.8,188.7
2026-08-08T16:03:39.949399+00:00,1786205019.949,696.41,27.09,3.5384,-1.03,-0.458,48.6,188.7
2026-08-08T16:03:40.150965+00:00,1786205020.151,696.61,27.09,3.5384,-1.03,-0.606,29.7,188.7
2026-08-08T16:03:40.350654+00:00,1786205020.351,696.81,26.61,3.5428,-1.03,-0.666,9.1,188.7
2026-08-08T16:03:40.555340+00:00,1786205020.555,697.02,26.61,3.5428,-1.03,-0.663,7.7,188.7
2026-08-08T16:03:40.750624+00:00,1786205020.751,697.21,26.61,3.5428,-1.03,-0.068,5.7,188.7
2026-08-08T16:03:40.952358+00:00,1786205020.952,697.42,26.34,3.5472,-1.03,-0.102,5.2,188.7
2026-08-08T16:03:41.154397+00:00,1786205021.154,697.62,26.34,3.5472,-1.03,-0.102,7.1,188.7
2026-08-08T16:03:41.363376+00:00,1786205021.363,697.83,26.34,3.5472,-1.03,-0.662,0.0,188.7
2026-08-08T16:03:41.744243+00:00,1786205021.744,698.21,26.53,3.5516,-1.03,-0.590,0.0,188.7
2026-08-08T16:03:41.940680+00:00,1786205021.941,698.40,26.53,3.5516,-1.03,-0.591,0.0,188.7
2026-08-08T16:03:42.314807+00:00,1786205022.315,698.78,30.34,3.5560,-1.03,0.381,0.0,188.7
2026-08-08T16:03:42.513908+00:00,1786205022.514,698.98,30.34,3.5560,-1.03,0.382,6.9,188.7
2026-08-08T16:03:42.727973+00:00,1786205022.728,699.19,27.22,3.5582,-1.03,0.072,4.3,188.7
2026-08-08T16:03:42.932675+00:00,1786205022.933,699.40,27.22,3.5582,-1.03,0.072,0.0,188.7
2026-08-08T16:03:43.129606+00:00,1786205023.130,699.59,26.78,3.5626,-1.03,0.000,0.0,188.7
2026-08-08T16:03:43.327004+00:00,1786205023.327,699.79,26.78,3.5626,-1.03,0.052,0.0,188.7
2026-08-08T16:03:43.524415+00:00,1786205023.524,699.99,26.78,3.5626,-1.03,0.052,0.0,188.7
2026-08-08T16:03:43.726835+00:00,1786205023.727,700.19,26.14,3.5670,-1.03,0.000,0.0,188.7
2026-08-08T16:03:43.927398+00:00,1786205023.927,700.39,26.14,3.5670,-1.03,0.000,0.0,188.7
2026-08-08T16:03:44.127745+00:00,1786205024.128,700.59,28.35,3.5714,-1.03,0.231,0.0,188.7
2026-08-08T16:03:44.328477+00:00,1786205024.328,700.79,28.35,3.5714,-1.03,-0.275,0.0,188.7
2026-08-08T16:03:44.527009+00:00,1786205024.527,700.99,28.35,3.5714,-1.03,-0.275,0.0,188.7
2026-08-08T16:03:44.726780+00:00,1786205024.727,701.19,31.05,3.5736,-1.03,0.532,0.0,188.7
2026-08-08T16:03:44.927180+00:00,1786205024.927,701.39,31.05,3.5736,-1.03,0.533,13.4,188.7
2026-08-08T16:03:45.133131+00:00,1786205025.133,701.60,30.72,3.5780,-1.03,0.546,36.6,188.7
2026-08-08T16:03:45.333987+00:00,1786205025.334,701.80,30.72,3.5780,-1.03,0.545,60.9,188.7
2026-08-08T16:03:45.538270+00:00,1786205025.538,702.00,30.72,3.5780,-1.03,0.543,85.1,188.7
2026-08-08T16:03:45.742623+00:00,1786205025.743,702.21,26.06,3.5824,-1.03,0.000,105.2,188.7
2026-08-08T16:03:45.946522+00:00,1786205025.947,702.41,26.06,3.5824,-1.03,0.000,123.1,188.7
2026-08-08T16:03:46.315295+00:00,1786205026.315,702.78,24.90,3.5846,-1.03,-0.438,128.1,188.7
2026-08-08T16:03:46.520279+00:00,1786205026.520,702.98,24.90,3.5846,-1.03,-0.437,100.1,188.7
2026-08-08T16:03:46.720590+00:00,1786205026.721,703.18,25.09,3.5890,-1.03,-0.413,72.7,188.7
2026-08-08T16:03:46.929933+00:00,1786205026.930,703.39,25.09,3.5890,-1.03,-0.753,47.9,188.7
2026-08-08T16:03:47.124526+00:00,1786205027.125,703.59,25.09,3.5890,-1.03,-0.754,23.1,188.7
2026-08-08T16:03:47.321541+00:00,1786205027.321,703.79,26.19,3.5934,-1.03,-0.575,5.5,188.7
2026-08-08T16:03:47.527402+00:00,1786205027.527,703.99,26.19,3.5934,-1.03,-0.574,0.0,188.7
2026-08-08T16:03:47.721778+00:00,1786205027.722,704.19,26.19,3.5934,-1.03,-0.576,0.0,188.7
2026-08-08T16:03:48.114143+00:00,1786205028.114,704.58,22.53,3.5978,-1.03,-0.413,0.0,188.7
2026-08-08T16:03:48.485682+00:00,1786205028.486,704.95,23.18,3.6022,-1.03,-0.315,0.0,188.7
2026-08-08T16:03:48.686780+00:00,1786205028.687,705.15,23.18,3.6022,-1.03,-0.202,0.0,188.7
2026-08-08T16:03:48.885989+00:00,1786205028.886,705.35,23.18,3.6022,-1.03,-0.202,0.0,188.7
2026-08-08T16:03:49.082636+00:00,1786205029.083,705.55,27.16,3.6043,-1.03,0.244,0.0,188.7
2026-08-08T16:03:49.285359+00:00,1786205029.285,705.75,27.16,3.6043,-1.03,0.245,0.0,188.7
2026-08-08T16:03:49.485727+00:00,1786205029.486,705.95,25.61,3.6087,-1.03,0.061,0.0,188.7
2026-08-08T16:03:49.691726+00:00,1786205029.692,706.16,25.61,3.6087,-1.03,-0.068,0.0,188.7
2026-08-08T16:03:49.890658+00:00,1786205029.891,706.35,25.61,3.6087,-1.03,-0.068,0.0,188.7
2026-08-08T16:03:50.088078+00:00,1786205030.088,706.55,25.94,3.6109,-1.03,0.000,0.0,188.7
2026-08-08T16:03:50.286887+00:00,1786205030.287,706.75,25.94,3.6109,-1.03,0.436,0.0,188.7
2026-08-08T16:03:50.485870+00:00,1786205030.486,706.95,22.43,3.6153,-1.03,-0.104,0.0,188.7
2026-08-08T16:03:50.680376+00:00,1786205030.680,707.14,22.43,3.6153,-1.03,-0.104,0.0,188.7
2026-08-08T16:03:50.882702+00:00,1786205030.883,707.35,22.43,3.6153,-1.03,-0.104,0.0,188.7
2026-08-08T16:03:51.080714+00:00,1786205031.081,707.54,22.45,3.6175,-1.03,-0.655,0.0,188.7
2026-08-08T16:03:51.278933+00:00,1786205031.279,707.74,22.45,3.6175,-1.03,-0.657,0.0,188.7
2026-08-08T16:03:51.478938+00:00,1786205031.479,707.94,23.00,3.6219,-1.03,-0.363,0.0,188.7
2026-08-08T16:03:51.682396+00:00,1786205031.682,708.15,23.00,3.6219,-1.03,-0.363,0.0,188.7
2026-08-08T16:03:51.882297+00:00,1786205031.882,708.35,23.00,3.6219,-1.03,-0.363,0.0,188.7
2026-08-08T16:03:52.079773+00:00,1786205032.080,708.54,23.18,3.6241,-1.03,-0.386,0.0,188.7
2026-08-08T16:03:52.279041+00:00,1786205032.279,708.74,23.18,3.6241,-1.03,-0.386,0.0,188.7
2026-08-08T16:03:52.479054+00:00,1786205032.479,708.94,23.35,3.6285,-1.03,0.128,0.0,188.7
2026-08-08T16:03:52.685042+00:00,1786205032.685,709.15,23.35,3.6285,-1.03,0.128,0.0,188.7
2026-08-08T16:03:52.884806+00:00,1786205032.885,709.35,23.35,3.6285,-1.03,0.128,0.0,188.7
2026-08-08T16:03:53.084362+00:00,1786205033.084,709.55,23.35,3.6307,-1.03,0.125,0.0,188.7
2026-08-08T16:03:53.283719+00:00,1786205033.284,709.75,23.35,3.6307,-1.03,0.125,0.0,188.7
2026-08-08T16:03:53.483510+00:00,1786205033.483,709.95,23.73,3.6351,-1.03,0.100,0.0,188.7
2026-08-08T16:03:53.689092+00:00,1786205033.689,710.15,23.73,3.6351,-1.03,0.100,0.0,188.7
2026-08-08T16:03:53.888740+00:00,1786205033.889,710.35,23.73,3.6351,-1.03,0.100,0.0,188.7
2026-08-08T16:03:54.085298+00:00,1786205034.085,710.55,23.84,3.6373,-1.03,0.092,0.0,188.7
2026-08-08T16:03:54.283098+00:00,1786205034.283,710.75,23.84,3.6373,-1.03,0.092,0.0,188.7
2026-08-08T16:03:54.482739+00:00,1786205034.483,710.95,23.84,3.6373,-1.03,0.068,0.0,188.7
2026-08-08T16:03:54.679139+00:00,1786205034.679,711.14,24.17,3.6417,-1.03,0.114,0.0,188.7
2026-08-08T16:03:54.884465+00:00,1786205034.884,711.35,24.17,3.6417,-1.03,0.113,0.0,188.7
2026-08-08T16:03:55.081076+00:00,1786205035.081,711.55,24.24,3.6439,-1.03,0.123,0.0,188.7
2026-08-08T16:03:55.279138+00:00,1786205035.279,711.74,24.24,3.6439,-1.03,0.123,0.0,188.7
2026-08-08T16:03:55.479086+00:00,1786205035.479,711.94,24.24,3.6439,-1.03,0.071,0.0,188.7
2026-08-08T16:03:55.684602+00:00,1786205035.685,712.15,24.36,3.6483,-1.03,0.088,9.4,188.7
2026-08-08T16:03:55.891152+00:00,1786205035.891,712.36,24.36,3.6483,-1.03,0.088,21.9,188.7
2026-08-08T16:03:56.092720+00:00,1786205036.093,712.56,24.46,3.6505,-1.03,0.086,34.9,188.7
2026-08-08T16:03:56.296880+00:00,1786205036.297,712.76,24.46,3.6505,-1.03,0.085,48.0,188.7
2026-08-08T16:03:56.499514+00:00,1786205036.499,712.96,24.46,3.6505,-1.03,0.085,47.2,188.7
2026-08-08T16:03:56.723999+00:00,1786205036.724,713.19,24.73,3.6549,-1.03,0.076,46.3,188.7
2026-08-08T16:03:56.931472+00:00,1786205036.931,713.40,24.73,3.6549,-1.03,0.076,45.4,188.7
2026-08-08T16:03:57.132144+00:00,1786205037.132,713.60,22.76,3.6593,-1.03,-0.200,36.6,188.7
2026-08-08T16:03:57.339414+00:00,1786205037.339,713.80,22.76,3.6593,-1.03,-0.199,27.9,188.7
2026-08-08T16:03:57.545280+00:00,1786205037.545,714.01,22.76,3.6593,-1.03,-0.198,19.7,188.7
2026-08-08T16:03:57.928023+00:00,1786205037.928,714.39,23.36,3.6637,-1.03,-0.124,13.5,188.7
2026-08-08T16:03:58.130794+00:00,1786205038.131,714.59,23.36,3.6637,-1.03,-0.124,7.4,188.7
2026-08-08T16:03:58.330577+00:00,1786205038.331,714.79,26.39,3.6681,-1.03,0.239,12.9,188.7
2026-08-08T16:03:58.538098+00:00,1786205038.538,715.00,26.39,3.6681,-1.03,0.239,18.4,188.7
2026-08-08T16:03:58.745086+00:00,1786205038.745,715.21,26.39,3.6681,-1.03,0.239,24.5,188.7
2026-08-08T16:03:59.125660+00:00,1786205039.126,715.59,26.37,3.6725,-1.03,0.190,27.8,188.7
2026-08-08T16:03:59.504237+00:00,1786205039.504,715.97,22.95,3.6747,-1.03,-0.191,19.3,188.7
2026-08-08T16:03:59.698715+00:00,1786205039.699,716.16,22.95,3.6747,-1.03,0.000,15.5,188.7
2026-08-08T16:03:59.893186+00:00,1786205039.893,716.36,22.95,3.6747,-1.03,0.000,11.8,188.7
2026-08-08T16:04:00.112683+00:00,1786205040.113,716.58,28.63,3.6791,-1.03,0.635,32.3,188.7
2026-08-08T16:04:00.315290+00:00,1786205040.315,716.78,28.63,3.6791,-1.03,0.614,51.6,188.7
2026-08-08T16:04:00.518298+00:00,1786205040.518,716.98,31.24,3.6835,-1.03,0.916,84.9,188.7
2026-08-08T16:04:00.724953+00:00,1786205040.725,717.19,31.24,3.6835,-1.03,0.563,105.5,188.7
2026-08-08T16:04:00.922209+00:00,1786205040.922,717.39,31.24,3.6835,-1.03,0.565,126.1,188.7
2026-08-08T16:04:01.123376+00:00,1786205041.123,717.59,24.73,3.6879,-1.03,-0.193,118.3,188.7
2026-08-08T16:04:01.324544+00:00,1786205041.325,717.79,24.73,3.6879,-1.03,-0.207,110.2,188.7
2026-08-08T16:04:01.520327+00:00,1786205041.520,717.98,24.73,3.6879,-1.03,0.245,115.1,188.7
2026-08-08T16:04:01.721676+00:00,1786205041.721,718.19,26.47,3.6923,-1.03,0.483,136.1,188.7
2026-08-08T16:04:01.926215+00:00,1786205041.926,718.39,26.47,3.6923,-1.03,0.481,157.1,188.7
2026-08-08T16:04:02.132666+00:00,1786205042.133,718.60,26.47,3.6923,-1.03,-0.298,154.2,188.7
2026-08-08T16:04:02.517258+00:00,1786205042.517,718.98,26.34,3.6967,-1.03,-0.289,149.6,188.7
2026-08-08T16:04:02.721365+00:00,1786205042.721,719.19,26.34,3.6967,-1.03,-0.617,135.0,188.7
2026-08-08T16:04:02.932029+00:00,1786205042.932,719.40,26.19,3.7011,-1.03,-0.635,108.4,188.7
2026-08-08T16:04:03.126647+00:00,1786205043.127,719.59,26.19,3.7011,-1.03,-0.636,81.8,188.7
2026-08-08T16:04:03.333708+00:00,1786205043.334,719.80,26.19,3.7011,-1.03,0.183,80.0,188.7
2026-08-08T16:04:03.717217+00:00,1786205043.717,720.18,26.36,3.7033,-1.03,0.189,80.0,188.7
2026-08-08T16:04:03.921345+00:00,1786205043.921,720.39,26.36,3.7033,-1.03,0.188,91.8,188.7
2026-08-08T16:04:04.120912+00:00,1786205044.121,720.58,26.21,3.7077,-1.03,0.000,92.6,188.7
2026-08-08T16:04:04.325972+00:00,1786205044.326,720.79,26.21,3.7077,-1.03,0.000,93.5,188.7
2026-08-08T16:04:04.520616+00:00,1786205044.521,720.98,26.21,3.7077,-1.03,0.000,71.6,188.7
2026-08-08T16:04:04.720039+00:00,1786205044.720,721.18,26.21,3.7121,-1.03,0.000,50.4,188.7
2026-08-08T16:04:04.924541+00:00,1786205044.925,721.39,26.21,3.7121,-1.03,0.000,15.2,188.7
2026-08-08T16:04:05.120078+00:00,1786205045.120,721.58,26.21,3.7121,-1.03,0.000,0.0,188.7
2026-08-08T16:04:05.332404+00:00,1786205045.332,721.80,26.33,3.7165,-1.03,0.000,0.0,188.7
2026-08-08T16:04:05.531935+00:00,1786205045.532,722.00,26.33,3.7165,-1.03,0.000,0.0,188.7
2026-08-08T16:04:05.731292+00:00,1786205045.731,722.20,26.33,3.7165,-1.03,0.000,0.0,188.7
2026-08-08T16:04:05.928893+00:00,1786205045.929,722.39,26.32,3.7209,-1.03,0.000,0.0,188.7
2026-08-08T16:04:06.128526+00:00,1786205046.128,722.59,26.32,3.7209,-1.03,0.000,0.0,188.7
2026-08-08T16:04:06.328894+00:00,1786205046.329,722.79,28.18,3.7231,-1.03,0.273,0.0,188.7
2026-08-08T16:04:06.533096+00:00,1786205046.533,723.00,28.18,3.7231,-1.03,0.272,0.0,188.7
2026-08-08T16:04:06.732591+00:00,1786205046.733,723.20,28.18,3.7231,-1.03,0.272,0.0,188.7
2026-08-08T16:04:06.933898+00:00,1786205046.934,723.40,27.04,3.7275,-1.03,0.115,15.7,188.7
2026-08-08T16:04:07.129813+00:00,1786205047.130,723.59,27.04,3.7275,-1.03,0.115,38.7,188.7
2026-08-08T16:04:07.333215+00:00,1786205047.333,723.80,24.66,3.7319,-1.03,-0.232,50.9,188.7
2026-08-08T16:04:07.534232+00:00,1786205047.534,724.00,24.66,3.7319,-1.03,-0.232,38.3,188.7
2026-08-08T16:04:07.736580+00:00,1786205047.737,724.20,24.66,3.7319,-1.03,-0.231,25.5,188.7
2026-08-08T16:04:07.936689+00:00,1786205047.937,724.40,23.99,3.7341,-1.03,-0.322,10.1,188.7
2026-08-08T16:04:08.142939+00:00,1786205048.143,724.61,23.99,3.7341,-1.03,-0.321,0.0,188.7
2026-08-08T16:04:08.344836+00:00,1786205048.345,724.81,22.21,3.7363,-1.03,-0.823,0.0,188.7
2026-08-08T16:04:08.550963+00:00,1786205048.551,725.01,22.21,3.7363,-1.03,-0.822,0.0,188.7
2026-08-08T16:04:08.750583+00:00,1786205048.751,725.21,22.21,3.7363,-1.03,-0.822,0.0,188.7
2026-08-08T16:04:08.948315+00:00,1786205048.948,725.41,18.41,3.7385,-1.03,-1.189,0.0,188.7
2026-08-08T16:04:09.146336+00:00,1786205049.146,725.61,18.41,3.7385,-1.03,-1.187,0.0,188.7
2026-08-08T16:04:09.346130+00:00,1786205049.346,725.81,18.41,3.7385,-1.03,-0.862,0.0,188.7
2026-08-08T16:04:09.546725+00:00,1786205049.547,726.01,18.41,3.7385,-1.03,-0.862,0.0,188.7
2026-08-08T16:04:09.746186+00:00,1786205049.746,726.21,18.41,3.7385,-1.03,-0.864,0.0,188.7
2026-08-08T16:04:09.946011+00:00,1786205049.946,726.41,18.41,3.7385,-1.03,-0.771,0.0,188.7
2026-08-08T16:04:10.143995+00:00,1786205050.144,726.61,18.41,3.7385,-1.03,-0.774,0.0,188.7
2026-08-08T16:04:10.343685+00:00,1786205050.344,726.81,18.41,3.7385,-1.03,-0.528,0.0,188.7
2026-08-08T16:04:10.544265+00:00,1786205050.544,727.01,18.41,3.7385,-1.03,-0.530,0.0,188.7
2026-08-08T16:04:10.743717+00:00,1786205050.744,727.21,18.41,3.7385,-1.03,-0.530,0.0,188.7
2026-08-08T16:04:10.943202+00:00,1786205050.943,727.41,0.00,3.7385,-1.03,-2.564,0.0,188.7
2026-08-08T16:04:11.141734+00:00,1786205051.142,727.61,0.00,3.7385,-1.03,-2.563,0.0,188.7
2026-08-08T16:04:11.341265+00:00,1786205051.341,727.81,0.00,3.7385,-1.03,-2.563,0.0,188.7
2026-08-08T16:04:11.538237+00:00,1786205051.538,728.00,0.00,3.7385,-1.03,-2.568,0.0,188.7
2026-08-08T16:04:11.736156+00:00,1786205051.736,728.20,0.00,3.7385,-1.03,-2.570,0.0,188.7
2026-08-08T16:04:11.935905+00:00,1786205051.936,728.40,0.00,3.7385,-1.03,-2.570,0.0,188.7
2026-08-08T16:04:12.135364+00:00,1786205052.135,728.60,0.00,3.7385,-1.03,-2.568,0.0,188.7
2026-08-08T16:04:12.334943+00:00,1786205052.335,728.80,0.00,3.7385,-1.03,-2.568,0.0,188.7
2026-08-08T16:04:12.531655+00:00,1786205052.532,729.00,0.00,3.7385,-1.03,-2.573,0.0,188.7
2026-08-08T16:04:12.731109+00:00,1786205052.731,729.20,0.00,3.7385,-1.03,-2.573,0.0,188.7
2026-08-08T16:04:12.930708+00:00,1786205052.931,729.39,0.00,3.7385,-1.03,0.000,0.0,188.7
2026-08-08T16:04:13.128763+00:00,1786205053.129,729.59,0.00,3.7385,-1.03,0.000,0.0,188.7
2026-08-08T16:04:13.328558+00:00,1786205053.329,729.79,0.00,3.7385,-1.03,0.000,0.0,188.7
2026-08-08T16:04:13.525136+00:00,1786205053.525,729.99,0.00,3.7385,-1.03,0.000,0.0,188.7
2026-08-08T16:04:13.724650+00:00,1786205053.725,730.19,0.00,3.7385,-1.03,0.000,0.0,188.7
2026-08-08T16:04:13.924218+00:00,1786205053.924,730.39,0.00,3.7385,-1.03,0.000,0.0,188.7
2026-08-08T16:04:14.123591+00:00,1786205054.124,730.59,0.00,3.7385,-1.03,0.000,0.0,188.7
2026-08-08T16:04:14.323251+00:00,1786205054.323,730.79,0.00,3.7385,-1.03,0.000,0.0,188.7
2026-08-08T16:04:14.519807+00:00,1786205054.520,730.98,0.00,3.7385,-1.03,0.000,0.0,188.7
2026-08-08T16:04:14.719336+00:00,1786205054.719,731.18,0.00,3.7385,-1.03,0.000,0.0,188.7
2026-08-08T16:04:14.918864+00:00,1786205054.919,731.38,0.00,3.7385,-1.03,0.000,0.0,188.7
2026-08-08T16:04:15.118176+00:00,1786205055.118,731.58,0.00,3.7385,-1.03,0.000,0.0,188.7
2026-08-08T16:04:15.317879+00:00,1786205055.318,731.78,0.00,3.7385,-1.03,0.000,0.0,188.7
2026-08-08T16:04:15.514542+00:00,1786205055.515,731.98,0.00,3.7385,-1.03,0.000,0.0,188.7
2026-08-08T16:04:15.714602+00:00,1786205055.715,732.18,0.00,3.7385,-1.03,0.000,0.0,188.7
2026-08-08T16:04:15.913971+00:00,1786205055.914,732.38,0.00,3.7385,-1.03,0.000,0.0,188.7
2026-08-08T16:04:16.113374+00:00,1786205056.113,732.58,0.00,3.7385,-1.03,0.000,0.0,188.7
2026-08-08T16:04:16.313025+00:00,1786205056.313,732.78,0.00,3.7385,-1.03,0.000,0.0,188.7
2026-08-08T16:04:16.509736+00:00,1786205056.510,732.97,0.00,3.7385,-1.03,0.000,0.0,188.7
2026-08-08T16:04:16.709222+00:00,1786205056.709,733.17,0.00,3.7385,-1.03,0.000,0.0,188.7
2026-08-08T16:04:16.908723+00:00,1786205056.909,733.37,0.00,3.7385,-1.03,0.000,0.0,188.7
2026-08-08T16:04:17.108190+00:00,1786205057.108,733.57,0.00,3.7385,-1.03,0.000,0.0,188.7
2026-08-08T16:04:17.307908+00:00,1786205057.308,733.77,0.00,3.7385,-1.03,0.000,0.0,188.7
2026-08-08T16:04:17.504692+00:00,1786205057.505,733.97,0.00,3.7385,-1.03,0.000,0.0,188.7
2026-08-08T16:04:17.704188+00:00,1786205057.704,734.17,0.00,3.7385,-1.03,0.000,0.0,188.7
2026-08-08T16:04:17.903647+00:00,1786205057.904,734.37,0.00,3.7385,-1.03,0.000,0.0,188.7
2026-08-08T16:04:18.103371+00:00,1786205058.103,734.57,0.00,3.7385,-1.03,0.000,0.0,188.7
2026-08-08T16:04:18.302975+00:00,1786205058.303,734.77,0.00,3.7385,-1.03,0.000,0.0,188.7
2026-08-08T16:04:18.499845+00:00,1786205058.500,734.96,0.00,3.7385,-1.03,0.000,0.0,188.7
2026-08-08T16:04:18.699434+00:00,1786205058.699,735.16,0.00,3.7385,-1.03,0.000,0.0,188.7
2026-08-08T16:04:18.898907+00:00,1786205058.899,735.36,0.00,3.7385,-1.03,0.000,0.0,188.7
2026-08-08T16:04:19.098403+00:00,1786205059.098,735.56,0.00,3.7385,-1.03,0.000,0.0,188.7
2026-08-08T16:04:19.298005+00:00,1786205059.298,735.76,0.00,3.7385,-1.03,0.000,0.0,188.7
2026-08-08T16:04:19.494439+00:00,1786205059.494,735.96,0.00,3.7385,-1.03,0.000,0.0,188.7
2026-08-08T16:04:19.694082+00:00,1786205059.694,736.16,0.00,3.7385,-1.03,0.000,0.0,188.7
2026-08-08T16:04:19.893910+00:00,1786205059.894,736.36,0.00,3.7385,-1.03,0.000,0.0,188.7
2026-08-08T16:04:20.093691+00:00,1786205060.094,736.56,0.00,3.7385,-1.03,0.000,0.0,188.7
2026-08-08T16:04:20.294442+00:00,1786205060.294,736.76,0.00,3.7385,-1.03,0.000,0.0,188.7
2026-08-08T16:04:20.493567+00:00,1786205060.494,736.96,0.00,3.7385,-1.03,0.000,0.0,188.7
2026-08-08T16:04:20.688822+00:00,1786205060.689,737.15,0.00,3.7385,-1.03,0.000,0.0,188.7
2026-08-08T16:04:20.888550+00:00,1786205060.889,737.35,0.00,3.7385,-1.03,0.000,0.0,188.7
2026-08-08T16:04:21.218657+00:00,1786205061.219,737.68,0.00,3.7385,-1.03,0.000,0.0,188.7
2026-08-08T16:04:21.452054+00:00,1786205061.452,737.92,0.00,3.7385,-1.03,0.000,0.0,188.7
2026-08-08T16:04:21.657922+00:00,1786205061.658,738.12,0.00,3.7385,-1.03,0.000,0.0,188.7
2026-08-08T16:04:21.857515+00:00,1786205061.857,738.32,0.00,3.7385,-1.03,0.000,0.0,188.7
2026-08-08T16:04:22.057080+00:00,1786205062.057,738.52,0.00,3.7385,-1.03,0.000,0.0,188.7
2026-08-08T16:04:22.256749+00:00,1786205062.257,738.72,0.00,3.7385,-1.03,0.000,0.0,188.7
2026-08-08T16:04:22.453384+00:00,1786205062.453,738.92,0.00,3.7385,-1.03,0.000,0.0,188.7
2026-08-08T16:04:22.652780+00:00,1786205062.653,739.12,0.00,3.7385,-1.03,0.000,0.0,188.7
2026-08-08T16:04:22.852180+00:00,1786205062.852,739.32,0.00,3.7385,-1.03,0.000,0.0,188.7
2026-08-08T16:04:23.051925+00:00,1786205063.052,739.52,0.00,3.7385,-1.03,0.000,0.0,188.7
2026-08-08T16:04:23.251360+00:00,1786205063.251,739.72,0.00,3.7385,-1.03,0.000,0.0,188.7
2026-08-08T16:04:23.447836+00:00,1786205063.448,739.91,0.00,3.7385,-1.03,0.000,0.0,188.7
2026-08-08T16:04:23.647360+00:00,1786205063.647,740.11,0.00,3.7385,-1.03,0.000,0.0,188.7
2026-08-08T16:04:23.846543+00:00,1786205063.847,740.31,0.00,3.7385,-1.03,0.000,0.0,188.7
2026-08-08T16:04:24.046273+00:00,1786205064.046,740.51,0.00,3.7385,-1.03,0.000,0.0,188.7
2026-08-08T16:04:24.245568+00:00,1786205064.246,740.71,0.00,3.7385,-1.03,0.000,0.0,188.7
2026-08-08T16:04:24.442010+00:00,1786205064.442,740.91,0.00,3.7385,-1.03,0.000,0.0,188.7
2026-08-08T16:04:24.641355+00:00,1786205064.641,741.11,0.00,3.7385,-1.03,0.000,0.0,188.7
2026-08-08T16:04:24.840613+00:00,1786205064.841,741.30,0.00,3.7385,-1.03,0.000,0.0,188.7
2026-08-08T16:04:25.040238+00:00,1786205065.040,741.50,0.00,3.7385,-1.03,0.000,0.0,188.7
2026-08-08T16:04:25.239446+00:00,1786205065.239,741.70,0.00,3.7385,-1.03,0.000,0.0,188.7
2026-08-08T16:04:25.436081+00:00,1786205065.436,741.90,0.00,3.7385,-1.03,0.000,0.0,188.7
2026-08-08T16:04:25.635498+00:00,1786205065.635,742.10,0.00,3.7385,-1.03,0.000,0.0,188.7
2026-08-08T16:04:25.834832+00:00,1786205065.835,742.30,0.00,3.7385,-1.03,0.000,0.0,188.7
2026-08-08T16:04:26.034490+00:00,1786205066.034,742.50,0.00,3.7385,-1.03,0.000,0.0,188.7
2026-08-08T16:04:26.233974+00:00,1786205066.234,742.70,0.00,3.7385,-1.03,0.000,0.0,188.7
2026-08-08T16:04:26.430402+00:00,1786205066.430,742.89,0.00,3.7385,-1.03,0.000,0.0,188.7
2026-08-08T16:04:26.629873+00:00,1786205066.630,743.09,0.00,3.7385,-1.03,0.000,0.0,188.7
2026-08-08T16:04:26.829279+00:00,1786205066.829,743.29,0.00,3.7385,-1.03,0.000,0.0,188.7
2026-08-08T16:04:27.028790+00:00,1786205067.029,743.49,0.00,3.7385,-1.03,0.000,0.0,188.7
2026-08-08T16:04:27.228192+00:00,1786205067.228,743.69,0.00,3.7385,-1.03,0.000,0.0,188.7
2026-08-08T16:04:27.424409+00:00,1786205067.424,743.89,0.00,3.7385,-1.03,0.000,0.0,188.7
2026-08-08T16:04:27.623828+00:00,1786205067.624,744.09,0.00,3.7385,-1.03,0.000,0.0,188.7
2026-08-08T16:04:27.823049+00:00,1786205067.823,744.29,0.00,3.7385,-1.03,0.000,0.0,188.7
2026-08-08T16:04:28.022541+00:00,1786205068.023,744.49,0.00,3.7385,-1.03,0.000,0.0,188.7
2026-08-08T16:04:28.222045+00:00,1786205068.222,744.69,0.00,3.7385,-1.03,0.000,0.0,188.7
2026-08-08T16:04:28.418489+00:00,1786205068.418,744.88,0.00,3.7385,-1.03,0.000,0.0,188.7
2026-08-08T16:04:28.617922+00:00,1786205068.618,745.08,0.00,3.7385,-1.03,0.000,0.0,188.7
2026-08-08T16:04:28.817131+00:00,1786205068.817,745.28,0.00,3.7385,-1.03,0.000,0.0,188.7
2026-08-08T16:04:29.016597+00:00,1786205069.017,745.48,0.00,3.7385,-1.03,0.000,0.0,188.7
2026-08-08T16:04:29.215962+00:00,1786205069.216,745.68,0.00,3.7385,-1.03,0.000,0.0,188.7
2026-08-08T16:04:29.412188+00:00,1786205069.412,745.88,0.00,3.7385,-1.03,0.000,0.0,188.7
2026-08-08T16:04:29.611784+00:00,1786205069.612,746.08,0.00,3.7385,-1.03,0.000,0.0,188.7
2026-08-08T16:04:29.811059+00:00,1786205069.811,746.28,0.00,3.7385,-1.03,0.000,0.0,188.7
2026-08-08T16:04:30.010565+00:00,1786205070.011,746.47,0.00,3.7385,-1.03,0.000,0.0,188.7
2026-08-08T16:04:30.210076+00:00,1786205070.210,746.67,0.00,3.7385,-1.03,0.000,0.0,188.7
2026-08-08T16:04:30.406754+00:00,1786205070.407,746.87,0.00,3.7385,-1.03,0.000,0.0,188.7
2026-08-08T16:04:30.606276+00:00,1786205070.606,747.07,0.00,3.7385,-1.03,0.000,0.0,188.7
2026-08-08T16:04:30.805612+00:00,1786205070.806,747.27,0.00,3.7385,-1.03,0.000,0.0,188.7
2026-08-08T16:04:31.005055+00:00,1786205071.005,747.47,0.00,3.7385,-1.03,0.000,0.0,188.7
2026-08-08T16:04:31.204448+00:00,1786205071.204,747.67,0.00,3.7385,-1.03,0.000,0.0,188.7
2026-08-08T16:04:31.401027+00:00,1786205071.401,747.87,0.00,3.7385,-1.03,0.000,0.0,188.7
2026-08-08T16:04:31.600465+00:00,1786205071.600,748.06,0.00,3.7385,-1.03,0.000,0.0,188.7
2026-08-08T16:04:31.799854+00:00,1786205071.800,748.26,0.00,3.7385,-1.03,0.000,0.0,188.7
2026-08-08T16:04:32.003272+00:00,1786205072.003,748.47,0.00,3.7385,-1.03,0.000,0.0,188.7
2026-08-08T16:04:32.202650+00:00,1786205072.203,748.67,0.00,3.7385,-1.03,0.000,0.0,188.7
2026-08-08T16:04:32.399860+00:00,1786205072.400,748.86,0.00,3.7385,-1.03,0.000,0.0,188.7
2026-08-08T16:04:32.599189+00:00,1786205072.599,749.06,0.00,3.7385,-1.03,0.000,0.0,188.7
2026-08-08T16:04:32.798439+00:00,1786205072.798,749.26,0.00,3.7385,-1.03,0.000,0.0,188.7
2026-08-08T16:04:32.998014+00:00,1786205072.998,749.46,0.00,3.7385,-1.03,0.000,0.0,188.7
2026-08-08T16:04:33.198009+00:00,1786205073.198,749.66,0.00,3.7385,-1.03,0.000,0.0,188.7
2026-08-08T16:04:33.394420+00:00,1786205073.394,749.86,0.00,3.7385,-1.03,0.000,0.0,188.7
2026-08-08T16:04:33.594311+00:00,1786205073.594,750.06,0.00,3.7385,-1.03,0.000,0.0,188.7
2026-08-08T16:04:33.796752+00:00,1786205073.797,750.26,0.00,3.7385,-1.03,0.000,0.0,188.7
2026-08-08T16:04:34.000153+00:00,1786205074.000,750.46,0.00,3.7385,-1.03,0.000,0.0,188.7
2026-08-08T16:04:34.197994+00:00,1786205074.198,750.66,0.00,3.7385,-1.03,0.000,0.0,188.7
2026-08-08T16:04:34.403221+00:00,1786205074.403,750.87,0.00,3.7385,-1.03,0.000,0.0,188.7
2026-08-08T16:04:34.604056+00:00,1786205074.604,751.07,0.00,3.7385,-1.03,0.000,0.0,188.7
2026-08-08T16:04:34.805228+00:00,1786205074.805,751.27,0.00,3.7385,-1.03,0.000,0.0,188.7
2026-08-08T16:04:35.008719+00:00,1786205075.009,751.47,0.00,3.7385,-1.03,0.000,0.0,188.7
2026-08-08T16:04:35.211090+00:00,1786205075.211,751.68,0.00,3.7385,-1.03,0.000,0.0,188.7
2026-08-08T16:04:35.415342+00:00,1786205075.415,751.88,0.00,3.7385,-1.03,0.000,0.0,188.7
2026-08-08T16:04:35.616646+00:00,1786205075.617,752.08,0.00,3.7385,-1.03,0.000,0.0,188.7
2026-08-08T16:04:35.817415+00:00,1786205075.817,752.28,0.00,3.7385,-1.03,0.000,0.0,188.7
2026-08-08T16:04:36.018400+00:00,1786205076.018,752.48,0.00,3.7385,-1.03,0.000,0.0,188.7
2026-08-08T16:04:36.217756+00:00,1786205076.218,752.68,0.00,3.7385,-1.03,0.000,0.0,188.7
2026-08-08T16:04:36.414025+00:00,1786205076.414,752.88,0.00,3.7385,-1.03,0.000,0.0,188.7
2026-08-08T16:04:36.613203+00:00,1786205076.613,753.08,0.00,3.7385,-1.03,0.000,0.0,188.7
2026-08-08T16:04:36.812438+00:00,1786205076.812,753.28,0.00,3.7385,-1.03,0.000,0.0,188.7
2026-08-08T16:04:37.012945+00:00,1786205077.013,753.48,0.00,3.7385,-1.03,0.000,0.0,188.7
2026-08-08T16:04:37.212271+00:00,1786205077.212,753.68,0.00,3.7385,-1.03,0.000,0.0,188.7
2026-08-08T16:04:37.412388+00:00,1786205077.412,753.88,1.06,3.7407,-1.03,0.147,0.0,188.7
2026-08-08T16:04:37.610294+00:00,1786205077.610,754.07,1.06,3.7407,-1.03,0.148,0.0,188.7
2026-08-08T16:04:37.809634+00:00,1786205077.810,754.27,1.06,3.7407,-1.03,0.148,0.0,188.7
2026-08-08T16:04:38.009778+00:00,1786205078.010,754.47,1.06,3.7407,-1.03,0.148,0.0,188.7
2026-08-08T16:04:38.208981+00:00,1786205078.209,754.67,1.06,3.7407,-1.03,0.148,0.0,188.7
2026-08-08T16:04:38.406073+00:00,1786205078.406,754.87,1.06,3.7407,-1.03,0.148,0.0,188.7
2026-08-08T16:04:38.605226+00:00,1786205078.605,755.07,1.06,3.7407,-1.03,0.148,0.0,188.7
2026-08-08T16:04:38.801493+00:00,1786205078.801,755.27,1.03,3.7429,-1.03,0.143,0.0,188.7
2026-08-08T16:04:38.997720+00:00,1786205078.998,755.46,1.03,3.7429,-1.03,0.144,0.0,188.7
2026-08-08T16:04:39.196850+00:00,1786205079.197,755.66,1.03,3.7429,-1.03,0.144,0.0,188.7
2026-08-08T16:04:39.393107+00:00,1786205079.393,755.86,1.03,3.7429,-1.03,0.000,0.0,188.7
2026-08-08T16:04:39.590530+00:00,1786205079.591,756.05,1.03,3.7429,-1.03,0.000,0.0,188.7
2026-08-08T16:04:39.790671+00:00,1786205079.791,756.25,1.00,3.7451,-1.03,0.000,0.0,188.7
2026-08-08T16:04:39.990578+00:00,1786205079.991,756.45,1.00,3.7451,-1.03,0.000,0.0,188.7
2026-08-08T16:04:40.189878+00:00,1786205080.190,756.65,1.00,3.7451,-1.03,0.000,0.0,188.7
2026-08-08T16:04:40.387113+00:00,1786205080.387,756.85,1.00,3.7451,-1.03,0.000,0.0,188.7
2026-08-08T16:04:40.586495+00:00,1786205080.586,757.05,1.00,3.7451,-1.03,0.000,0.0,188.7
2026-08-08T16:04:40.783318+00:00,1786205080.783,757.25,0.99,3.7473,-1.03,0.000,0.0,188.7
2026-08-08T16:04:40.983309+00:00,1786205080.983,757.45,0.99,3.7473,-1.03,0.000,0.0,188.7
2026-08-08T16:04:41.183081+00:00,1786205081.183,757.65,0.99,3.7473,-1.03,0.000,0.0,188.7
2026-08-08T16:04:41.379927+00:00,1786205081.380,757.84,0.99,3.7473,-1.03,0.000,0.0,188.7
2026-08-08T16:04:41.579146+00:00,1786205081.579,758.04,0.99,3.7473,-1.03,0.000,0.0,188.7
2026-08-08T16:04:41.777355+00:00,1786205081.777,758.24,7.14,3.7495,-1.03,0.860,4.3,188.7
2026-08-08T16:04:41.974148+00:00,1786205081.974,758.44,7.14,3.7495,-1.03,0.861,10.4,188.7
2026-08-08T16:04:42.178094+00:00,1786205082.178,758.64,7.14,3.7495,-1.03,0.859,16.4,188.7
2026-08-08T16:04:42.377186+00:00,1786205082.377,758.84,7.14,3.7495,-1.03,0.858,22.5,188.7
2026-08-08T16:04:42.580085+00:00,1786205082.580,759.04,7.14,3.7495,-1.03,0.857,28.5,188.7
2026-08-08T16:04:42.779432+00:00,1786205082.779,759.24,8.05,3.7517,-1.03,0.983,36.5,188.7
2026-08-08T16:04:42.975862+00:00,1786205082.976,759.44,8.05,3.7517,-1.03,0.985,44.5,188.7
2026-08-08T16:04:43.182302+00:00,1786205083.182,759.65,8.05,3.7517,-1.03,0.982,52.5,188.7
2026-08-08T16:04:43.385261+00:00,1786205083.385,759.85,8.05,3.7517,-1.03,0.979,60.7,188.7
2026-08-08T16:04:43.587924+00:00,1786205083.588,760.05,8.05,3.7517,-1.03,0.977,68.8,188.7
2026-08-08T16:04:43.787394+00:00,1786205083.787,760.25,8.81,3.7539,-1.03,0.231,70.1,188.7
2026-08-08T16:04:43.982633+00:00,1786205083.983,760.45,8.81,3.7539,-1.03,0.231,71.4,188.7
2026-08-08T16:04:44.185212+00:00,1786205084.185,760.65,8.81,3.7539,-1.03,0.231,72.7,188.7
2026-08-08T16:04:44.383254+00:00,1786205084.383,760.85,9.02,3.7561,-1.03,0.260,74.4,188.7
2026-08-08T16:04:44.578118+00:00,1786205084.578,761.04,9.02,3.7561,-1.03,0.261,76.0,188.7
2026-08-08T16:04:44.783672+00:00,1786205084.784,761.25,9.02,3.7561,-1.03,0.134,76.3,188.7
2026-08-08T16:04:44.989142+00:00,1786205084.989,761.45,9.02,3.7561,-1.03,0.134,76.7,188.7
2026-08-08T16:04:45.189892+00:00,1786205085.190,761.65,9.02,3.7561,-1.03,0.134,77.0,188.7
2026-08-08T16:04:45.392448+00:00,1786205085.392,761.86,9.03,3.7583,-1.03,0.136,77.4,188.7
2026-08-08T16:04:45.597573+00:00,1786205085.598,762.06,9.03,3.7583,-1.03,0.136,77.7,188.7
2026-08-08T16:04:45.798158+00:00,1786205085.798,762.26,9.03,3.7583,-1.03,0.000,70.4,188.7
2026-08-08T16:04:45.993345+00:00,1786205085.993,762.46,9.03,3.7583,-1.03,0.000,63.1,188.7
2026-08-08T16:04:46.195814+00:00,1786205086.196,762.66,9.03,3.7583,-1.03,0.000,55.8,188.7
2026-08-08T16:04:46.398056+00:00,1786205086.398,762.86,8.77,3.7605,-1.03,0.000,48.6,188.7
2026-08-08T16:04:46.600807+00:00,1786205086.601,763.06,8.77,3.7605,-1.03,0.000,41.3,188.7
2026-08-08T16:04:46.804193+00:00,1786205086.804,763.27,8.77,3.7605,-1.03,0.000,32.1,188.7
2026-08-08T16:04:47.005998+00:00,1786205087.006,763.47,8.77,3.7605,-1.03,0.000,22.9,188.7
2026-08-08T16:04:47.211417+00:00,1786205087.211,763.68,8.77,3.7605,-1.03,0.000,13.7,188.7
2026-08-08T16:04:47.410734+00:00,1786205087.411,763.87,8.64,3.7627,-1.03,-0.054,4.0,188.7
2026-08-08T16:04:47.616721+00:00,1786205087.617,764.08,8.64,3.7627,-1.03,-0.053,0.0,188.7
2026-08-08T16:04:47.817993+00:00,1786205087.818,764.28,8.64,3.7627,-1.03,-0.053,0.0,188.7
2026-08-08T16:04:48.018006+00:00,1786205088.018,764.48,8.64,3.7627,-1.03,-0.053,0.0,188.7
2026-08-08T16:04:48.220264+00:00,1786205088.220,764.68,8.64,3.7627,-1.03,-0.053,0.0,188.7
2026-08-08T16:04:48.497142+00:00,1786205088.497,764.96,8.63,3.7649,-1.03,0.000,0.0,188.7
2026-08-08T16:04:48.699385+00:00,1786205088.699,765.16,8.63,3.7649,-1.03,0.000,0.0,188.7
2026-08-08T16:04:48.900962+00:00,1786205088.901,765.36,8.63,3.7649,-1.03,0.000,0.0,188.7
2026-08-08T16:04:49.101680+00:00,1786205089.102,765.57,8.63,3.7649,-1.03,0.000,0.0,188.7
2026-08-08T16:04:49.304827+00:00,1786205089.305,765.77,8.61,3.7671,-1.03,0.000,0.0,188.7
2026-08-08T16:04:49.504171+00:00,1786205089.504,765.97,8.61,3.7671,-1.03,0.000,0.0,188.7
2026-08-08T16:04:49.703720+00:00,1786205089.704,766.17,8.61,3.7671,-1.03,0.000,0.0,188.7
2026-08-08T16:04:49.901554+00:00,1786205089.902,766.37,8.55,3.7693,-1.03,0.000,0.0,188.7
2026-08-08T16:04:50.101153+00:00,1786205090.101,766.57,8.55,3.7693,-1.03,0.000,0.0,188.7
2026-08-08T16:04:50.298346+00:00,1786205090.298,766.76,8.55,3.7693,-1.03,0.000,0.0,188.7
2026-08-08T16:04:50.497606+00:00,1786205090.498,766.96,8.55,3.7693,-1.03,0.000,0.0,188.7
2026-08-08T16:04:50.696988+00:00,1786205090.697,767.16,8.55,3.7693,-1.03,0.000,0.0,188.7
2026-08-08T16:04:50.895071+00:00,1786205090.895,767.36,8.53,3.7715,-1.03,0.000,0.0,188.7
2026-08-08T16:04:51.094777+00:00,1786205091.095,767.56,8.53,3.7715,-1.03,0.000,0.0,188.7
2026-08-08T16:04:51.292707+00:00,1786205091.293,767.76,8.53,3.7715,-1.03,0.000,0.0,188.7
2026-08-08T16:04:51.491873+00:00,1786205091.492,767.96,8.53,3.7715,-1.03,0.000,0.0,188.7
2026-08-08T16:04:51.691082+00:00,1786205091.691,768.16,8.53,3.7715,-1.03,0.000,0.0,188.7
2026-08-08T16:04:51.888923+00:00,1786205091.889,768.35,8.75,3.7737,-1.03,0.000,0.0,188.7
2026-08-08T16:04:52.088432+00:00,1786205092.088,768.55,8.75,3.7737,-1.03,0.000,0.0,188.7
2026-08-08T16:04:52.285010+00:00,1786205092.285,768.75,8.75,3.7737,-1.03,0.000,0.0,188.7
2026-08-08T16:04:52.484347+00:00,1786205092.484,768.95,8.75,3.7737,-1.03,0.000,0.0,188.7
2026-08-08T16:04:52.683608+00:00,1786205092.684,769.15,8.75,3.7737,-1.03,0.000,0.0,188.7
2026-08-08T16:04:52.887873+00:00,1786205092.888,769.35,9.13,3.7759,-1.03,0.083,0.0,188.7
2026-08-08T16:04:53.086476+00:00,1786205093.086,769.55,9.13,3.7759,-1.03,0.083,0.0,188.7
2026-08-08T16:04:53.286559+00:00,1786205093.287,769.75,9.69,3.7781,-1.03,0.162,0.0,188.7
2026-08-08T16:04:53.490813+00:00,1786205093.491,769.95,9.69,3.7781,-1.03,0.162,0.0,188.7
2026-08-08T16:04:53.690632+00:00,1786205093.691,770.15,9.69,3.7781,-1.03,0.162,0.0,188.7
2026-08-08T16:04:53.892124+00:00,1786205093.892,770.36,10.45,3.7803,-1.03,0.236,0.0,188.7
2026-08-08T16:04:54.090337+00:00,1786205094.090,770.55,10.45,3.7803,-1.03,0.236,0.0,188.7
2026-08-08T16:04:54.287195+00:00,1786205094.287,770.75,10.45,3.7803,-1.03,0.236,0.0,188.7
2026-08-08T16:04:54.486439+00:00,1786205094.486,770.95,10.45,3.7803,-1.03,0.236,0.0,188.7
2026-08-08T16:04:54.685724+00:00,1786205094.686,771.15,10.45,3.7803,-1.03,0.236,0.0,188.7
2026-08-08T16:04:54.883023+00:00,1786205094.883,771.35,11.13,3.7825,-1.03,0.278,0.0,188.7
2026-08-08T16:04:55.082685+00:00,1786205095.083,771.55,11.13,3.7825,-1.03,0.278,3.3,188.7
2026-08-08T16:04:55.287862+00:00,1786205095.288,771.75,11.87,3.7847,-1.03,0.302,7.2,188.7
2026-08-08T16:04:55.489109+00:00,1786205095.489,771.95,11.87,3.7847,-1.03,0.303,11.0,188.7
2026-08-08T16:04:55.693848+00:00,1786205095.694,772.16,11.87,3.7847,-1.03,0.302,14.9,188.7
2026-08-08T16:04:55.889254+00:00,1786205095.889,772.35,12.72,3.7869,-1.03,0.316,19.3,188.7
2026-08-08T16:04:56.094003+00:00,1786205096.094,772.56,12.72,3.7869,-1.03,0.315,23.6,188.7
2026-08-08T16:04:56.414567+00:00,1786205096.415,772.88,13.48,3.7891,-1.03,0.396,29.5,188.7
2026-08-08T16:04:56.616885+00:00,1786205096.617,773.08,13.48,3.7891,-1.03,0.395,35.3,188.7
2026-08-08T16:04:56.816883+00:00,1786205096.817,773.28,14.03,3.7913,-1.03,0.467,42.6,188.7
2026-08-08T16:04:57.024320+00:00,1786205097.024,773.49,14.03,3.7913,-1.03,0.378,47.5,188.7
2026-08-08T16:04:57.223169+00:00,1786205097.223,773.69,14.03,3.7913,-1.03,0.377,52.5,188.7
2026-08-08T16:04:57.419077+00:00,1786205097.419,773.88,14.06,3.7935,-1.03,0.285,55.1,188.7
2026-08-08T16:04:57.624396+00:00,1786205097.624,774.09,14.06,3.7935,-1.03,0.285,57.7,188.7
2026-08-08T16:04:57.819687+00:00,1786205097.820,774.28,14.06,3.7935,-1.03,0.286,60.3,188.7
2026-08-08T16:04:58.020269+00:00,1786205098.020,774.48,13.91,3.7957,-1.03,0.155,59.7,188.7
2026-08-08T16:04:58.226003+00:00,1786205098.226,774.69,13.91,3.7957,-1.03,0.155,59.2,188.7
2026-08-08T16:04:58.434098+00:00,1786205098.434,774.90,13.91,3.7957,-1.03,0.060,57.2,188.7
2026-08-08T16:04:58.637613+00:00,1786205098.638,775.10,14.90,3.7979,-1.03,0.195,57.5,188.7
2026-08-08T16:04:58.845702+00:00,1786205098.846,775.31,14.90,3.7979,-1.03,0.119,56.5,188.7
2026-08-08T16:04:59.043021+00:00,1786205099.043,775.51,14.90,3.7979,-1.03,0.119,54.9,188.7
2026-08-08T16:04:59.432264+00:00,1786205099.432,775.90,15.70,3.8023,-1.03,0.210,55.0,188.7
2026-08-08T16:04:59.633954+00:00,1786205099.634,776.10,15.70,3.8023,-1.03,0.206,54.5,188.7
2026-08-08T16:04:59.833106+00:00,1786205099.833,776.30,17.45,3.8045,-1.03,0.426,58.9,188.7
2026-08-08T16:05:00.039718+00:00,1786205100.040,776.50,17.45,3.8045,-1.03,0.424,63.3,188.7
2026-08-08T16:05:00.240159+00:00,1786205100.240,776.70,17.45,3.8045,-1.03,0.442,67.7,188.7
2026-08-08T16:05:00.439656+00:00,1786205100.440,776.90,15.68,3.8067,-1.03,0.222,67.0,188.7
2026-08-08T16:05:00.644214+00:00,1786205100.644,777.11,15.68,3.8067,-1.03,0.222,64.9,188.7
2026-08-08T16:05:00.851106+00:00,1786205100.851,777.32,15.68,3.8067,-1.03,0.098,60.5,188.7
2026-08-08T16:05:01.232892+00:00,1786205101.233,777.70,17.56,3.8111,-1.03,0.310,59.3,188.7
2026-08-08T16:05:01.437338+00:00,1786205101.437,777.90,17.56,3.8111,-1.03,0.309,59.5,188.7
2026-08-08T16:05:01.635475+00:00,1786205101.635,778.10,15.74,3.8133,-1.03,0.000,53.4,188.7
2026-08-08T16:05:01.842019+00:00,1786205101.842,778.31,15.74,3.8133,-1.03,0.000,48.8,188.7
2026-08-08T16:05:02.039781+00:00,1786205102.040,778.50,15.74,3.8133,-1.03,-0.215,40.3,188.7
2026-08-08T16:05:02.242173+00:00,1786205102.242,778.71,17.51,3.8155,-1.03,0.000,35.7,188.7
2026-08-08T16:05:02.446836+00:00,1786205102.447,778.91,17.51,3.8155,-1.03,0.000,33.3,188.7
2026-08-08T16:05:02.652656+00:00,1786205102.653,779.12,17.51,3.8155,-1.03,0.229,35.5,188.7
2026-08-08T16:05:03.035063+00:00,1786205103.035,779.50,17.53,3.8199,-1.03,0.215,39.0,188.7
2026-08-08T16:05:03.239145+00:00,1786205103.239,779.70,17.53,3.8199,-1.03,0.215,40.0,188.7
2026-08-08T16:05:03.439758+00:00,1786205103.440,779.90,19.90,3.8221,-1.03,0.294,45.0,188.7
2026-08-08T16:05:03.645796+00:00,1786205103.646,780.11,19.90,3.8221,-1.03,0.293,50.0,188.7
2026-08-08T16:05:03.852499+00:00,1786205103.852,780.32,19.90,3.8221,-1.03,0.521,58.5,188.7
2026-08-08T16:05:04.236884+00:00,1786205104.237,780.70,19.77,3.8265,-1.03,0.467,65.7,188.7
2026-08-08T16:05:04.441318+00:00,1786205104.441,780.91,19.77,3.8265,-1.03,0.466,68.0,188.7
2026-08-08T16:05:04.640203+00:00,1786205104.640,781.10,19.78,3.8287,-1.03,0.263,65.6,188.7
2026-08-08T16:05:04.846651+00:00,1786205104.847,781.31,19.78,3.8287,-1.03,0.263,63.0,188.7
2026-08-08T16:05:05.042495+00:00,1786205105.042,781.51,19.78,3.8287,-1.03,0.264,65.3,188.7
2026-08-08T16:05:05.241546+00:00,1786205105.241,781.71,19.85,3.8331,-1.03,0.293,68.2,188.7
2026-08-08T16:05:05.447765+00:00,1786205105.448,781.91,19.85,3.8331,-1.03,0.292,73.4,188.7
2026-08-08T16:05:05.643504+00:00,1786205105.643,782.11,19.85,3.8331,-1.03,0.000,67.4,188.7
2026-08-08T16:05:05.844067+00:00,1786205105.844,782.31,19.76,3.8353,-1.03,0.000,61.3,188.7
2026-08-08T16:05:06.047096+00:00,1786205106.047,782.51,19.76,3.8353,-1.03,0.000,61.6,188.7
2026-08-08T16:05:06.241255+00:00,1786205106.241,782.71,19.76,3.8353,-1.03,0.000,61.9,188.7
2026-08-08T16:05:06.440645+00:00,1786205106.441,782.90,19.76,3.8397,-1.03,0.000,66.1,188.7
2026-08-08T16:05:06.641671+00:00,1786205106.642,783.11,19.76,3.8397,-1.03,0.000,66.3,188.7
2026-08-08T16:05:06.838891+00:00,1786205106.839,783.30,19.76,3.8397,-1.03,0.000,66.5,188.7
2026-08-08T16:05:07.039861+00:00,1786205107.040,783.50,19.70,3.8419,-1.03,0.000,62.0,188.7
2026-08-08T16:05:07.244186+00:00,1786205107.244,783.71,19.70,3.8419,-1.03,0.000,57.9,188.7
2026-08-08T16:05:07.442242+00:00,1786205107.442,783.91,19.70,3.8419,-1.03,0.000,53.8,188.7
2026-08-08T16:05:07.642467+00:00,1786205107.642,784.11,19.80,3.8463,-1.03,0.000,47.0,188.7
2026-08-08T16:05:07.847098+00:00,1786205107.847,784.31,19.80,3.8463,-1.03,0.000,40.2,188.7
2026-08-08T16:05:08.044819+00:00,1786205108.045,784.51,19.80,3.8463,-1.03,0.000,28.3,188.7
2026-08-08T16:05:08.243698+00:00,1786205108.244,784.71,19.75,3.8485,-1.03,0.000,17.6,188.7
2026-08-08T16:05:08.447885+00:00,1786205108.448,784.91,19.75,3.8485,-1.03,0.000,7.0,188.7
2026-08-08T16:05:08.643559+00:00,1786205108.644,785.11,19.75,3.8485,-1.03,0.000,0.0,188.7
2026-08-08T16:05:08.840123+00:00,1786205108.840,785.30,19.87,3.8528,-1.03,0.000,0.0,188.7
2026-08-08T16:05:09.036416+00:00,1786205109.036,785.50,19.87,3.8528,-1.03,0.000,0.0,188.7
2026-08-08T16:05:09.235965+00:00,1786205109.236,785.70,19.87,3.8528,-1.03,0.000,0.0,188.7
2026-08-08T16:05:09.438230+00:00,1786205109.438,785.90,20.63,3.8550,-1.03,0.129,0.0,188.7
2026-08-08T16:05:09.636697+00:00,1786205109.637,786.10,20.63,3.8550,-1.03,0.115,0.0,188.7
2026-08-08T16:05:09.835268+00:00,1786205109.835,786.30,20.96,3.8572,-1.03,0.161,0.0,188.7
2026-08-08T16:05:10.037298+00:00,1786205110.037,786.50,20.96,3.8572,-1.03,0.161,0.0,188.7
2026-08-08T16:05:10.237119+00:00,1786205110.237,786.70,20.96,3.8572,-1.03,0.168,0.0,188.7
2026-08-08T16:05:10.435313+00:00,1786205110.435,786.90,21.65,3.8616,-1.03,0.266,0.0,188.7
2026-08-08T16:05:10.634817+00:00,1786205110.635,787.10,21.65,3.8616,-1.03,0.265,7.7,188.7
2026-08-08T16:05:10.837602+00:00,1786205110.838,787.30,21.10,3.8638,-1.03,0.172,12.1,188.7
2026-08-08T16:05:11.040609+00:00,1786205111.041,787.50,21.10,3.8638,-1.03,0.172,16.5,188.7
2026-08-08T16:05:11.243806+00:00,1786205111.244,787.71,21.10,3.8638,-1.03,0.171,20.8,188.7
2026-08-08T16:05:11.446872+00:00,1786205111.447,787.91,21.21,3.8660,-1.03,0.081,23.0,188.7
2026-08-08T16:05:11.654424+00:00,1786205111.654,788.12,21.21,3.8660,-1.03,0.081,25.2,188.7
2026-08-08T16:05:12.041149+00:00,1786205112.041,788.51,20.56,3.8704,-1.03,-0.050,24.1,188.7
2026-08-08T16:05:12.244981+00:00,1786205112.245,788.71,20.56,3.8704,-1.03,-0.050,23.0,188.7
2026-08-08T16:05:12.446968+00:00,1786205112.447,788.91,20.24,3.8726,-1.03,-0.090,21.0,188.7
2026-08-08T16:05:12.654330+00:00,1786205112.654,789.12,20.24,3.8726,-1.03,-0.177,16.9,188.7
2026-08-08T16:05:12.848274+00:00,1786205112.848,789.31,20.24,3.8726,-1.03,-0.177,12.9,188.7
2026-08-08T16:05:13.060479+00:00,1786205113.060,789.52,19.56,3.8770,-1.03,-0.193,8.5,188.7
2026-08-08T16:05:13.268856+00:00,1786205113.269,789.73,19.56,3.8770,-1.03,-0.192,4.1,188.7
2026-08-08T16:05:13.463708+00:00,1786205113.464,789.93,19.56,3.8770,-1.03,-0.193,0.0,188.7
2026-08-08T16:05:13.662049+00:00,1786205113.662,790.13,22.28,3.8814,-1.03,0.134,0.0,188.7
2026-08-08T16:05:13.861646+00:00,1786205113.862,790.33,22.28,3.8814,-1.03,0.134,0.0,188.7
2026-08-08T16:05:14.062913+00:00,1786205114.063,790.53,22.28,3.8814,-1.03,0.237,3.8,188.7
2026-08-08T16:05:14.262305+00:00,1786205114.262,790.73,23.39,3.8836,-1.03,0.390,10.9,188.7
2026-08-08T16:05:14.466830+00:00,1786205114.467,790.93,23.39,3.8836,-1.03,0.433,19.0,188.7
2026-08-08T16:05:14.669235+00:00,1786205114.669,791.13,22.65,3.8858,-1.03,0.332,21.2,188.7
2026-08-08T16:05:14.877140+00:00,1786205114.877,791.34,22.65,3.8858,-1.03,0.329,23.4,188.7
2026-08-08T16:05:15.081147+00:00,1786205115.081,791.55,22.65,3.8858,-1.03,0.425,30.6,188.7
2026-08-08T16:05:15.464252+00:00,1786205115.464,791.93,19.76,3.8902,-1.03,0.000,26.2,188.7
2026-08-08T16:05:15.676750+00:00,1786205115.677,792.14,19.76,3.8902,-1.03,0.000,21.9,188.7
2026-08-08T16:05:15.875261+00:00,1786205115.875,792.34,22.44,3.8946,-1.03,0.000,20.1,188.7
2026-08-08T16:05:16.082613+00:00,1786205116.083,792.55,22.44,3.8946,-1.03,0.000,18.3,188.7
2026-08-08T16:05:16.284875+00:00,1786205116.285,792.75,22.44,3.8946,-1.03,0.000,19.9,188.7
2026-08-08T16:05:16.671158+00:00,1786205116.671,793.14,22.38,3.8968,-1.03,-0.117,18.4,188.7
2026-08-08T16:05:16.875532+00:00,1786205116.876,793.34,22.38,3.8968,-1.03,-0.117,17.8,188.7
2026-08-08T16:05:17.263102+00:00,1786205117.263,793.73,22.47,3.9012,-1.03,0.000,22.3,188.7
2026-08-08T16:05:17.467595+00:00,1786205117.468,793.93,22.47,3.9012,-1.03,0.000,26.8,188.7
2026-08-08T16:05:17.669145+00:00,1786205117.669,794.13,19.95,3.9034,-1.03,-0.290,24.5,188.7
2026-08-08T16:05:17.881587+00:00,1786205117.882,794.35,19.95,3.9034,-1.03,0.000,28.9,188.7
2026-08-08T16:05:18.083852+00:00,1786205118.084,794.55,19.95,3.9034,-1.03,0.000,33.3,188.7
