timestamp_iso,timestamp_unix,duree_s,vitesse_kmh,distance_km,pitch_deg,acceleration_ms2,puissance_w,puissance_cible_w
2026-07-31T19:06:36.352241+00:00,1785524796.352,0.23,0.00,0.0000,16.24,-0.027,0.0,255.3
2026-07-31T19:06:36.857486+00:00,1785524796.857,0.74,0.00,0.0000,16.24,-0.027,0.0,255.3
2026-07-31T19:06:37.359578+00:00,1785524797.360,1.24,0.00,0.0000,16.24,-0.027,0.0,255.3
2026-07-31T19:06:37.862511+00:00,1785524797.862,1.74,0.00,0.0000,16.24,-0.027,0.0,255.3
2026-07-31T19:06:38.367672+00:00,1785524798.368,2.25,0.00,0.0000,16.24,-0.027,0.0,255.3
2026-07-31T19:06:38.867668+00:00,1785524798.868,2.75,0.00,0.0000,16.26,0.020,0.0,255.3
2026-07-31T19:06:39.372614+00:00,1785524799.373,3.25,0.00,0.0000,16.26,0.020,0.0,255.3
2026-07-31T19:06:39.871481+00:00,1785524799.871,3.75,0.00,0.0000,16.26,0.020,0.0,255.3
2026-07-31T19:06:40.371421+00:00,1785524800.371,4.25,0.00,0.0000,16.26,0.020,0.0,255.3
2026-07-31T19:06:40.868152+00:00,1785524800.868,4.75,0.00,0.0000,16.26,0.020,0.0,255.3
2026-07-31T19:06:41.374176+00:00,1785524801.374,5.25,0.00,0.0000,16.26,-0.020,0.0,255.3
2026-07-31T19:06:41.876099+00:00,1785524801.876,5.76,0.00,0.0000,16.26,-0.020,0.0,255.3
2026-07-31T19:06:42.377123+00:00,1785524802.377,6.26,0.00,0.0000,0.00,-0.027,0.0,255.3
2026-07-31T19:06:42.882282+00:00,1785524802.882,6.76,0.00,0.0000,0.00,-0.027,0.0,222.0
2026-07-31T19:06:43.382182+00:00,1785524803.382,7.26,0.00,0.0000,-0.00,-0.020,0.0,222.0
2026-07-31T19:06:43.878265+00:00,1785524803.878,7.76,0.00,0.0000,-0.03,0.020,0.0,188.7
2026-07-31T19:06:44.373269+00:00,1785524804.373,8.25,0.00,0.0000,-0.03,0.020,0.0,188.7
2026-07-31T19:06:44.872131+00:00,1785524804.872,8.75,0.00,0.0000,-0.03,0.020,0.0,188.7
2026-07-31T19:06:45.375672+00:00,1785524805.376,9.25,0.00,0.0000,-0.03,0.020,0.0,188.7
2026-07-31T19:06:45.879074+00:00,1785524805.879,9.76,0.00,0.0000,-0.02,-0.020,0.0,188.7
2026-07-31T19:06:46.374051+00:00,1785524806.374,10.25,0.00,0.0000,-0.02,-0.020,0.0,188.7
2026-07-31T19:06:46.874449+00:00,1785524806.874,10.75,0.00,0.0000,-0.02,-0.020,0.0,188.7
2026-07-31T19:06:47.376056+00:00,1785524807.376,11.26,0.00,0.0000,-0.02,-0.020,0.0,188.7
2026-07-31T19:06:47.876290+00:00,1785524807.876,11.76,0.00,0.0000,-0.03,-0.020,0.0,188.7
2026-07-31T19:06:48.381962+00:00,1785524808.382,12.26,0.00,0.0000,-0.01,-0.012,0.0,188.7
2026-07-31T19:06:48.884589+00:00,1785524808.885,12.76,0.00,0.0000,-0.01,-0.012,0.0,188.7
2026-07-31T19:06:49.384407+00:00,1785524809.384,13.26,0.00,0.0000,-0.01,-0.012,0.0,188.7
2026-07-31T19:06:49.888021+00:00,1785524809.888,13.77,0.00,0.0000,-0.01,-0.012,0.0,188.7
2026-07-31T19:06:50.388205+00:00,1785524810.388,14.27,0.00,0.0000,0.01,0.027,0.0,188.7
2026-07-31T19:06:50.894196+00:00,1785524810.894,14.77,0.00,0.0000,0.01,0.020,0.0,222.0
2026-07-31T19:06:51.394521+00:00,1785524811.395,15.27,0.00,0.0000,0.01,0.020,0.0,222.0
2026-07-31T19:06:51.898379+00:00,1785524811.898,15.78,0.00,0.0000,0.01,0.027,0.0,222.0
2026-07-31T19:06:52.399944+00:00,1785524812.400,16.28,0.00,0.0000,0.01,0.027,0.0,222.0
2026-07-31T19:06:52.901403+00:00,1785524812.901,16.78,0.00,0.0000,0.07,0.012,0.0,222.0
2026-07-31T19:06:53.396800+00:00,1785524813.397,17.28,0.00,0.0000,0.07,0.012,0.0,222.0
2026-07-31T19:06:53.896892+00:00,1785524813.897,17.78,0.00,0.0000,0.03,0.012,0.0,222.0
2026-07-31T19:06:54.402595+00:00,1785524814.403,18.28,0.00,0.0000,-0.05,-0.020,0.0,222.0
2026-07-31T19:06:54.906793+00:00,1785524814.907,18.79,0.00,0.0000,-0.05,-0.020,0.0,188.7
2026-07-31T19:06:55.403073+00:00,1785524815.403,19.28,0.00,0.0000,0.01,-0.539,0.0,188.7
2026-07-31T19:06:55.909772+00:00,1785524815.910,19.79,0.24,0.0022,0.01,-0.539,0.0,222.0
2026-07-31T19:06:56.413870+00:00,1785524816.414,20.29,0.24,0.0022,1.15,0.980,6.8,222.0
2026-07-31T19:06:56.915947+00:00,1785524816.916,20.79,0.24,0.0022,1.15,0.980,6.8,222.0
2026-07-31T19:06:57.417438+00:00,1785524817.417,21.30,0.24,0.0022,1.12,1.426,9.2,222.0
2026-07-31T19:06:57.921567+00:00,1785524817.922,21.80,0.00,0.0022,-1.84,-0.172,0.0,222.0
2026-07-31T19:06:58.415105+00:00,1785524818.415,22.29,0.00,0.0022,-1.84,-0.172,0.0,188.7
2026-07-31T19:06:58.919350+00:00,1785524818.919,22.80,0.27,0.0044,1.01,-0.215,0.0,188.7
2026-07-31T19:06:59.425461+00:00,1785524819.425,23.30,0.27,0.0044,1.01,-0.215,0.0,222.0
2026-07-31T19:06:59.926932+00:00,1785524819.927,23.81,0.27,0.0044,-0.44,-0.496,0.0,222.0
2026-07-31T19:07:00.433084+00:00,1785524820.433,24.31,0.27,0.0066,-0.44,-0.496,0.0,188.7
2026-07-31T19:07:00.934124+00:00,1785524820.934,24.81,0.27,0.0066,-1.02,0.715,3.6,188.7
2026-07-31T19:07:01.428842+00:00,1785524821.429,25.31,0.27,0.0066,-0.22,0.578,3.6,188.7
2026-07-31T19:07:01.924453+00:00,1785524821.924,25.80,0.27,0.0066,-0.22,0.578,3.6,188.7
2026-07-31T19:07:02.432047+00:00,1785524822.432,26.31,0.27,0.0088,-0.13,0.242,0.0,188.7
2026-07-31T19:07:02.929952+00:00,1785524822.930,26.81,0.27,0.0088,-0.13,0.242,0.0,188.7
2026-07-31T19:07:03.431750+00:00,1785524823.432,27.31,0.27,0.0088,-1.07,0.477,2.1,188.7
2026-07-31T19:07:03.931812+00:00,1785524823.932,27.81,0.27,0.0088,-1.07,0.477,2.1,188.7
2026-07-31T19:07:04.432096+00:00,1785524824.432,28.31,0.00,0.0088,-2.11,-0.227,0.0,188.7
2026-07-31T19:07:04.935108+00:00,1785524824.935,28.81,0.28,0.0110,-2.11,-0.227,0.0,188.7
2026-07-31T19:07:05.435377+00:00,1785524825.435,29.31,0.28,0.0110,-2.11,-0.227,0.0,188.7
2026-07-31T19:07:05.937965+00:00,1785524825.938,29.82,0.28,0.0110,-2.56,0.125,0.0,188.7
2026-07-31T19:07:06.432267+00:00,1785524826.432,30.31,0.28,0.0110,-2.56,0.125,0.0,188.7
2026-07-31T19:07:06.934122+00:00,1785524826.934,30.81,0.28,0.0132,-2.64,0.141,0.0,188.7
2026-07-31T19:07:07.434681+00:00,1785524827.435,31.31,0.70,0.0154,-2.64,0.141,0.0,188.7
2026-07-31T19:07:07.937976+00:00,1785524827.938,31.82,0.70,0.0154,-3.82,-0.324,0.0,188.7
2026-07-31T19:07:08.435609+00:00,1785524828.436,32.31,0.85,0.0176,-4.83,-1.012,0.0,188.7
2026-07-31T19:07:08.941518+00:00,1785524828.942,32.82,0.85,0.0176,-4.83,-1.012,0.0,188.7
2026-07-31T19:07:09.445518+00:00,1785524829.445,33.32,0.85,0.0176,-4.40,-0.422,0.0,188.7
2026-07-31T19:07:09.951438+00:00,1785524829.951,33.83,0.85,0.0176,-4.40,-0.422,0.0,188.7
2026-07-31T19:07:10.451810+00:00,1785524830.452,34.33,0.00,0.0176,-2.70,-0.070,0.0,188.7
2026-07-31T19:07:10.947497+00:00,1785524830.947,34.83,0.00,0.0176,-2.70,-0.070,0.0,188.7
2026-07-31T19:07:11.446883+00:00,1785524831.447,35.33,0.00,0.0176,-2.07,-0.711,0.0,188.7
2026-07-31T19:07:11.953949+00:00,1785524831.954,35.83,3.99,0.0198,-2.08,-0.184,0.0,188.7
2026-07-31T19:07:12.449856+00:00,1785524832.450,36.33,3.99,0.0198,-2.08,-0.184,0.0,188.7
2026-07-31T19:07:12.952793+00:00,1785524832.953,36.83,3.99,0.0198,0.49,-0.789,0.0,188.7
2026-07-31T19:07:13.458481+00:00,1785524833.458,37.34,4.34,0.0220,0.49,-0.789,0.0,222.0
2026-07-31T19:07:13.959914+00:00,1785524833.960,37.84,4.34,0.0220,3.42,0.176,79.8,222.0
2026-07-31T19:07:14.461045+00:00,1785524834.461,38.34,4.61,0.0242,4.74,-1.730,0.0,233.1
2026-07-31T19:07:14.960740+00:00,1785524834.961,38.84,4.61,0.0242,4.74,-1.730,0.0,233.1
2026-07-31T19:07:15.465968+00:00,1785524835.466,39.34,4.95,0.0264,5.28,0.582,173.3,233.1
2026-07-31T19:07:15.966778+00:00,1785524835.967,39.85,4.95,0.0264,5.28,0.582,173.3,244.2
2026-07-31T19:07:16.470562+00:00,1785524836.471,40.35,5.47,0.0286,6.07,0.406,186.2,244.2
2026-07-31T19:07:16.971144+00:00,1785524836.971,40.85,6.29,0.0308,6.07,0.406,214.7,244.2
2026-07-31T19:07:17.469420+00:00,1785524837.469,41.35,6.29,0.0308,5.63,0.543,223.7,244.2
2026-07-31T19:07:17.965589+00:00,1785524837.966,41.84,6.11,0.0330,5.63,0.543,217.2,244.2
2026-07-31T19:07:18.466697+00:00,1785524838.467,42.35,6.11,0.0330,4.56,0.207,144.4,244.2
2026-07-31T19:07:18.963495+00:00,1785524838.963,42.84,6.12,0.0352,3.80,-0.309,53.7,233.1
2026-07-31T19:07:19.466236+00:00,1785524839.466,43.35,8.13,0.0374,3.80,-0.309,72.4,233.1
2026-07-31T19:07:19.963838+00:00,1785524839.964,43.84,8.13,0.0374,3.80,-0.309,72.4,233.1
2026-07-31T19:07:20.464497+00:00,1785524840.464,44.34,8.72,0.0396,3.80,-0.309,78.0,233.1
2026-07-31T19:07:20.968496+00:00,1785524840.968,44.85,8.72,0.0396,2.87,0.418,192.8,233.1
2026-07-31T19:07:21.466193+00:00,1785524841.466,45.35,9.07,0.0418,2.87,0.418,201.0,233.1
2026-07-31T19:07:21.966097+00:00,1785524841.966,45.85,9.07,0.0418,1.93,-0.250,27.9,233.1
2026-07-31T19:07:22.462560+00:00,1785524842.463,46.34,9.23,0.0440,1.93,-0.250,28.5,222.0
2026-07-31T19:07:22.960022+00:00,1785524842.960,46.84,9.33,0.0462,2.06,-0.754,0.0,222.0
2026-07-31T19:07:23.461495+00:00,1785524843.461,47.34,9.33,0.0462,2.02,-0.074,70.0,233.1
2026-07-31T19:07:23.962745+00:00,1785524843.963,47.84,9.52,0.0484,2.02,-0.074,71.6,233.1
2026-07-31T19:07:24.464366+00:00,1785524844.464,48.34,9.75,0.0506,2.00,-0.770,0.0,233.1
2026-07-31T19:07:24.957640+00:00,1785524844.958,48.84,10.04,0.0528,2.00,-0.770,0.0,222.0
2026-07-31T19:07:25.455197+00:00,1785524845.455,49.33,10.04,0.0528,2.24,-0.387,12.2,222.0
2026-07-31T19:07:25.952623+00:00,1785524845.953,49.83,10.45,0.0550,2.24,-0.387,13.1,233.1
2026-07-31T19:07:26.460092+00:00,1785524846.460,50.34,10.92,0.0572,2.95,-0.016,137.8,233.1
2026-07-31T19:07:26.960435+00:00,1785524846.960,50.84,11.46,0.0594,2.31,-0.156,79.5,233.1
2026-07-31T19:07:27.458723+00:00,1785524847.459,51.34,12.15,0.0616,2.31,-0.156,85.2,233.1
2026-07-31T19:07:27.961645+00:00,1785524847.962,51.84,12.82,0.0638,2.17,-0.711,0.0,233.1
2026-07-31T19:07:28.460588+00:00,1785524848.461,52.34,13.41,0.0660,2.17,-0.711,0.0,233.1
2026-07-31T19:07:28.966277+00:00,1785524848.966,52.85,13.95,0.0682,1.79,0.117,160.9,233.1
2026-07-31T19:07:29.466020+00:00,1785524849.466,53.35,14.38,0.0704,1.79,0.117,166.7,222.0
2026-07-31T19:07:29.960734+00:00,1785524849.961,53.84,14.78,0.0726,1.79,0.117,172.0,222.0
2026-07-31T19:07:30.460178+00:00,1785524850.460,54.34,15.21,0.0748,1.79,0.117,178.1,222.0
2026-07-31T19:07:30.964987+00:00,1785524850.965,54.84,15.72,0.0770,1.79,0.117,185.3,222.0
2026-07-31T19:07:31.461480+00:00,1785524851.461,55.34,16.27,0.0792,1.79,0.117,193.0,222.0
2026-07-31T19:07:31.966440+00:00,1785524851.966,55.85,16.58,0.0814,1.79,0.117,197.5,222.0
2026-07-31T19:07:32.470734+00:00,1785524852.471,56.35,17.00,0.0836,1.79,0.117,203.6,222.0
2026-07-31T19:07:32.972434+00:00,1785524852.972,56.85,17.58,0.0880,1.79,0.117,212.3,222.0
2026-07-31T19:07:33.477877+00:00,1785524853.478,57.36,17.79,0.0902,1.79,0.117,215.5,222.0
2026-07-31T19:07:33.982629+00:00,1785524853.983,57.86,17.97,0.0924,0.86,0.047,124.1,222.0
2026-07-31T19:07:34.486929+00:00,1785524854.487,58.37,18.10,0.0946,0.86,0.047,125.3,222.0
2026-07-31T19:07:34.988009+00:00,1785524854.988,58.87,18.15,0.0968,0.64,-0.445,0.0,222.0
2026-07-31T19:07:35.484074+00:00,1785524855.484,59.36,18.66,0.1012,0.64,-0.445,0.0,222.0
2026-07-31T19:07:35.991198+00:00,1785524855.991,59.87,18.97,0.1034,0.81,0.551,351.1,222.0
2026-07-31T19:07:36.497745+00:00,1785524856.498,60.38,19.19,0.1056,0.81,0.551,355.7,222.0
2026-07-31T19:07:37.001423+00:00,1785524857.001,60.88,19.75,0.1100,0.81,0.551,368.3,222.0
2026-07-31T19:07:37.498857+00:00,1785524857.499,61.38,19.97,0.1122,0.81,0.551,373.1,222.0
2026-07-31T19:07:37.998385+00:00,1785524857.998,61.88,20.24,0.1144,0.81,0.551,379.3,222.0
2026-07-31T19:07:38.503949+00:00,1785524858.504,62.38,20.85,0.1188,0.81,0.551,393.0,222.0
2026-07-31T19:07:38.999215+00:00,1785524858.999,62.88,21.20,0.1210,0.81,0.551,401.3,222.0
2026-07-31T19:07:39.500946+00:00,1785524859.501,63.38,22.00,0.1253,0.81,0.551,419.9,222.0
2026-07-31T19:07:39.998532+00:00,1785524859.999,63.88,22.34,0.1275,0.81,0.551,428.0,222.0
2026-07-31T19:07:40.504560+00:00,1785524860.505,64.38,23.19,0.1319,0.81,0.551,448.5,222.0
2026-07-31T19:07:41.001150+00:00,1785524861.001,64.88,23.53,0.1341,0.81,0.551,456.8,222.0
2026-07-31T19:07:41.508368+00:00,1785524861.508,65.39,24.17,0.1385,0.81,0.551,472.7,222.0
2026-07-31T19:07:42.005055+00:00,1785524862.005,65.88,24.35,0.1407,0.81,0.551,477.4,222.0
2026-07-31T19:07:42.501536+00:00,1785524862.502,66.38,24.65,0.1451,0.81,0.551,484.8,222.0
2026-07-31T19:07:43.008169+00:00,1785524863.008,66.89,24.78,0.1473,0.81,0.551,488.3,222.0
2026-07-31T19:07:43.513800+00:00,1785524863.514,67.39,24.95,0.1517,0.81,0.551,492.5,222.0
2026-07-31T19:07:44.019594+00:00,1785524864.020,67.90,25.04,0.1561,0.81,0.551,494.9,222.0
2026-07-31T19:07:44.515529+00:00,1785524864.516,68.39,25.12,0.1583,0.81,0.551,496.9,222.0
2026-07-31T19:07:45.021030+00:00,1785524865.021,68.90,25.16,0.1627,0.81,0.551,498.1,222.0
2026-07-31T19:07:45.518959+00:00,1785524865.519,69.40,25.20,0.1649,0.81,0.551,499.0,222.0
2026-07-31T19:07:46.016779+00:00,1785524866.017,69.90,25.14,0.1693,0.81,0.551,497.5,222.0
2026-07-31T19:07:46.516206+00:00,1785524866.516,70.40,24.92,0.1737,0.81,0.551,491.8,222.0
2026-07-31T19:07:47.017959+00:00,1785524867.018,70.90,24.70,0.1759,0.81,0.551,486.2,222.0
2026-07-31T19:07:47.518748+00:00,1785524867.519,71.40,24.43,0.1781,0.81,0.551,479.2,222.0
2026-07-31T19:07:48.016015+00:00,1785524868.016,71.90,23.64,0.1825,0.81,0.551,459.6,222.0
2026-07-31T19:07:48.511141+00:00,1785524868.511,72.39,23.32,0.1847,0.81,0.551,451.7,222.0
2026-07-31T19:07:49.012153+00:00,1785524869.012,72.89,22.54,0.1891,0.81,0.551,432.7,222.0
2026-07-31T19:07:49.513190+00:00,1785524869.513,73.39,22.26,0.1913,0.81,0.551,426.1,222.0
2026-07-31T19:07:50.013142+00:00,1785524870.013,73.89,22.04,0.1935,0.81,0.551,421.0,222.0
2026-07-31T19:07:50.510246+00:00,1785524870.510,74.39,21.96,0.1979,0.81,0.551,419.1,222.0
2026-07-31T19:07:51.008805+00:00,1785524871.009,74.89,21.98,0.2001,0.81,0.551,419.5,222.0
2026-07-31T19:07:51.505423+00:00,1785524871.505,75.38,22.29,0.2045,0.81,0.551,426.8,222.0
2026-07-31T19:07:52.012360+00:00,1785524872.012,75.89,22.50,0.2067,0.81,0.551,431.8,222.0
2026-07-31T19:07:52.512077+00:00,1785524872.512,76.39,23.01,0.2111,0.81,0.551,444.1,222.0
2026-07-31T19:07:53.011932+00:00,1785524873.012,76.89,23.28,0.2133,0.81,0.551,450.8,222.0
2026-07-31T19:07:53.517139+00:00,1785524873.517,77.40,23.85,0.2177,0.81,0.551,464.8,222.0
2026-07-31T19:07:54.018235+00:00,1785524874.018,77.90,24.12,0.2199,0.81,0.551,471.5,222.0
2026-07-31T19:07:54.508788+00:00,1785524874.509,78.39,24.63,0.2243,0.81,0.551,484.3,222.0
2026-07-31T19:07:55.005875+00:00,1785524875.006,78.88,25.09,0.2287,0.81,0.551,496.1,222.0
2026-07-31T19:07:55.503732+00:00,1785524875.504,79.38,25.25,0.2309,0.81,0.551,500.3,222.0
2026-07-31T19:07:56.002151+00:00,1785524876.002,79.88,25.60,0.2353,0.81,0.551,509.4,222.0
2026-07-31T19:07:56.505060+00:00,1785524876.505,80.38,25.68,0.2375,0.81,0.551,511.4,222.0
2026-07-31T19:07:56.999719+00:00,1785524877.000,80.88,25.84,0.2419,0.81,0.551,515.7,222.0
2026-07-31T19:07:57.497436+00:00,1785524877.497,81.38,25.93,0.2463,0.81,0.551,517.9,222.0
2026-07-31T19:07:57.994475+00:00,1785524877.994,81.87,25.96,0.2485,0.78,-0.270,23.9,222.0
2026-07-31T19:07:58.495828+00:00,1785524878.496,82.37,25.86,0.2529,0.78,-0.270,23.2,222.0
2026-07-31T19:07:58.999962+00:00,1785524879.000,82.88,25.84,0.2573,0.78,-0.270,23.0,222.0
2026-07-31T19:07:59.497686+00:00,1785524879.498,83.38,25.67,0.2595,0.78,-0.270,21.8,222.0
2026-07-31T19:07:59.998233+00:00,1785524879.998,83.88,25.39,0.2639,0.78,-0.270,19.9,222.0
2026-07-31T19:08:00.501904+00:00,1785524880.502,84.38,25.23,0.2661,0.78,-0.270,18.8,222.0
2026-07-31T19:08:00.997142+00:00,1785524880.997,84.88,24.99,0.2705,0.78,-0.270,17.2,222.0
2026-07-31T19:08:01.497073+00:00,1785524881.497,85.38,24.90,0.2727,0.50,0.422,386.9,222.0
2026-07-31T19:08:01.997471+00:00,1785524881.997,85.88,24.75,0.2771,0.49,0.438,391.7,222.0
2026-07-31T19:08:02.497071+00:00,1785524882.497,86.38,24.71,0.2815,0.49,0.438,390.8,222.0
2026-07-31T19:08:03.003583+00:00,1785524883.004,86.88,24.71,0.2837,0.77,0.797,623.6,222.0
2026-07-31T19:08:03.503688+00:00,1785524883.504,87.38,24.70,0.2881,0.77,0.797,623.2,222.0
2026-07-31T19:08:04.010943+00:00,1785524884.011,87.89,24.69,0.2903,0.56,0.152,234.9,222.0
2026-07-31T19:08:04.511348+00:00,1785524884.511,88.39,24.65,0.2947,0.56,0.152,234.2,222.0
2026-07-31T19:08:05.013568+00:00,1785524885.014,88.89,24.62,0.2969,0.54,0.758,576.2,222.0
2026-07-31T19:08:05.518230+00:00,1785524885.518,89.40,24.46,0.3013,0.54,0.758,571.5,222.0
2026-07-31T19:08:06.020647+00:00,1785524886.021,89.90,24.40,0.3035,0.73,0.934,686.3,222.0
2026-07-31T19:08:06.526158+00:00,1785524886.526,90.41,24.16,0.3079,0.42,-0.262,0.0,222.0
2026-07-31T19:08:07.029841+00:00,1785524887.030,90.91,24.04,0.3101,0.42,-0.262,0.0,222.0
2026-07-31T19:08:07.534120+00:00,1785524887.534,91.41,23.78,0.3145,0.42,-0.262,0.0,222.0
2026-07-31T19:08:08.035073+00:00,1785524888.035,91.91,23.67,0.3167,0.42,-0.262,0.0,222.0
2026-07-31T19:08:08.543444+00:00,1785524888.543,92.42,23.53,0.3211,0.39,-0.047,93.2,222.0
2026-07-31T19:08:09.039686+00:00,1785524889.040,92.92,23.49,0.3233,0.39,-0.047,92.8,222.0
2026-07-31T19:08:09.539919+00:00,1785524889.540,93.42,23.39,0.3277,0.27,0.383,313.8,222.0
2026-07-31T19:08:10.042394+00:00,1785524890.042,93.92,23.34,0.3299,0.35,-0.805,0.0,222.0
2026-07-31T19:08:10.546163+00:00,1785524890.546,94.43,23.23,0.3343,0.35,-0.805,0.0,222.0
2026-07-31T19:08:11.049135+00:00,1785524891.049,94.93,23.14,0.3365,0.61,0.305,297.7,222.0
2026-07-31T19:08:11.548634+00:00,1785524891.549,95.43,22.82,0.3409,0.61,0.305,292.0,222.0
2026-07-31T19:08:12.048568+00:00,1785524892.049,95.93,22.51,0.3431,-2.85,0.699,187.8,222.0
2026-07-31T19:08:12.552783+00:00,1785524892.553,96.43,22.42,0.3453,-2.85,0.699,186.6,188.7
2026-07-31T19:08:13.053784+00:00,1785524893.054,96.93,22.02,0.3497,-0.17,-0.484,0.0,188.7
2026-07-31T19:08:13.552645+00:00,1785524893.553,97.43,21.88,0.3519,-0.08,0.266,197.3,188.7
2026-07-31T19:08:14.056786+00:00,1785524894.057,97.94,21.74,0.3541,-0.08,0.266,195.5,188.7
2026-07-31T19:08:14.560365+00:00,1785524894.560,98.44,21.63,0.3585,0.03,1.211,675.0,188.7
2026-07-31T19:08:15.065679+00:00,1785524895.066,98.94,21.75,0.3607,0.03,1.211,679.1,222.0
2026-07-31T19:08:15.561105+00:00,1785524895.561,99.44,21.76,0.3651,0.27,-0.309,0.0,222.0
2026-07-31T19:08:16.054683+00:00,1785524896.055,99.93,21.84,0.3673,0.27,-0.309,0.0,222.0
2026-07-31T19:08:16.558854+00:00,1785524896.559,100.44,21.88,0.3695,0.33,-0.160,17.0,222.0
2026-07-31T19:08:17.065486+00:00,1785524897.065,100.94,22.03,0.3738,0.18,0.766,476.4,222.0
2026-07-31T19:08:17.564737+00:00,1785524897.565,101.44,22.11,0.3760,0.18,0.766,478.3,222.0
2026-07-31T19:08:18.070612+00:00,1785524898.071,101.95,22.28,0.3804,0.63,0.289,276.0,222.0
2026-07-31T19:08:18.558730+00:00,1785524898.559,102.44,22.37,0.3826,0.63,0.289,277.5,222.0
2026-07-31T19:08:19.059114+00:00,1785524899.059,102.94,22.45,0.3848,0.63,0.289,278.8,222.0
2026-07-31T19:08:19.560933+00:00,1785524899.561,103.44,22.63,0.3892,0.63,0.289,282.0,222.0
2026-07-31T19:08:20.066440+00:00,1785524900.066,103.95,22.74,0.3914,0.63,0.289,283.8,222.0
2026-07-31T19:08:20.571848+00:00,1785524900.572,104.45,22.99,0.3958,0.63,0.289,288.2,222.0
2026-07-31T19:08:21.077616+00:00,1785524901.078,104.96,23.09,0.3980,0.63,0.289,290.1,222.0
2026-07-31T19:08:21.578093+00:00,1785524901.578,105.46,23.38,0.4024,0.63,0.289,295.1,222.0
2026-07-31T19:08:22.085105+00:00,1785524902.085,105.96,23.56,0.4046,0.68,0.246,279.8,222.0
2026-07-31T19:08:22.582382+00:00,1785524902.582,106.46,23.74,0.4090,0.68,0.246,282.8,222.0
2026-07-31T19:08:23.086969+00:00,1785524903.087,106.97,23.99,0.4134,0.19,-0.793,0.0,222.0
2026-07-31T19:08:23.582338+00:00,1785524903.582,107.46,24.09,0.4156,0.19,-0.793,0.0,222.0
2026-07-31T19:08:24.086383+00:00,1785524904.086,107.97,24.36,0.4200,0.28,0.383,333.2,222.0
2026-07-31T19:08:24.591593+00:00,1785524904.592,108.47,24.48,0.4222,0.28,0.383,335.6,222.0
2026-07-31T19:08:25.090881+00:00,1785524905.091,108.97,24.84,0.4266,0.56,0.039,171.8,222.0
2026-07-31T19:08:25.594050+00:00,1785524905.594,109.47,24.99,0.4288,0.45,0.551,458.3,222.0
2026-07-31T19:08:26.093408+00:00,1785524906.093,109.97,25.25,0.4332,0.45,0.551,464.6,222.0
2026-07-31T19:08:26.588970+00:00,1785524906.589,110.47,25.50,0.4376,0.41,0.391,372.4,222.0
2026-07-31T19:08:27.085492+00:00,1785524907.085,110.96,25.62,0.4398,0.41,0.391,374.9,222.0
2026-07-31T19:08:27.590542+00:00,1785524907.591,111.47,25.79,0.4442,0.24,0.551,457.6,222.0
2026-07-31T19:08:28.086218+00:00,1785524908.086,111.97,25.99,0.4486,0.24,0.551,462.4,222.0
2026-07-31T19:08:28.582181+00:00,1785524908.582,112.46,26.01,0.4508,-0.19,0.555,421.2,222.0
2026-07-31T19:08:29.081182+00:00,1785524909.081,112.96,26.15,0.4552,0.05,-0.133,33.7,188.7
2026-07-31T19:08:29.580560+00:00,1785524909.581,113.46,26.30,0.4596,0.05,-0.133,34.8,222.0
2026-07-31T19:08:30.079893+00:00,1785524910.080,113.96,26.35,0.4618,0.07,1.422,983.0,222.0
2026-07-31T19:08:30.586199+00:00,1785524910.586,114.47,26.55,0.4662,0.07,1.422,991.9,222.0
2026-07-31T19:08:31.085310+00:00,1785524911.085,114.96,26.70,0.4706,-0.43,-1.000,0.0,222.0
2026-07-31T19:08:31.583986+00:00,1785524911.584,115.46,26.77,0.4728,-0.43,-1.000,0.0,188.7
2026-07-31T19:08:32.086248+00:00,1785524912.086,115.97,26.86,0.4772,0.02,0.547,458.2,188.7
2026-07-31T19:08:32.582127+00:00,1785524912.582,116.46,26.90,0.4816,0.02,0.547,459.2,222.0
2026-07-31T19:08:33.081558+00:00,1785524913.082,116.96,26.83,0.4860,0.02,0.547,457.4,222.0
2026-07-31T19:08:33.577806+00:00,1785524913.578,117.46,26.82,0.4882,-0.02,0.387,353.0,222.0
2026-07-31T19:08:34.076767+00:00,1785524914.077,117.96,26.71,0.4926,-0.02,0.387,350.7,188.7
2026-07-31T19:08:34.582346+00:00,1785524914.582,118.46,26.61,0.4970,-0.02,0.387,348.8,188.7
2026-07-31T19:08:35.084009+00:00,1785524915.084,118.96,26.57,0.4992,-0.02,0.387,348.0,188.7
2026-07-31T19:08:35.588786+00:00,1785524915.589,119.47,26.48,0.5036,-0.38,0.684,491.4,188.7
2026-07-31T19:08:36.084546+00:00,1785524916.085,119.96,26.41,0.5080,-0.38,0.684,489.5,188.7
2026-07-31T19:08:36.589882+00:00,1785524916.590,120.47,26.35,0.5102,-0.38,0.684,488.2,188.7
2026-07-31T19:08:37.095697+00:00,1785524917.096,120.97,26.27,0.5146,-0.83,-0.504,0.0,188.7
2026-07-31T19:08:37.587919+00:00,1785524917.588,121.47,26.20,0.5168,-0.83,-0.504,0.0,188.7
2026-07-31T19:08:38.089090+00:00,1785524918.089,121.97,26.02,0.5212,-0.83,-0.504,0.0,188.7
2026-07-31T19:08:38.591594+00:00,1785524918.592,122.47,25.74,0.5256,-0.83,-0.504,0.0,188.7
2026-07-31T19:08:39.092706+00:00,1785524919.093,122.97,25.50,0.5278,-0.83,-0.504,0.0,188.7
2026-07-31T19:08:39.589825+00:00,1785524919.590,123.47,24.76,0.5322,-0.83,-0.504,0.0,188.7
2026-07-31T19:08:40.092455+00:00,1785524920.092,123.97,24.23,0.5344,-1.43,0.535,253.6,188.7
2026-07-31T19:08:40.593465+00:00,1785524920.593,124.47,23.62,0.5366,-1.43,0.535,244.1,188.7
2026-07-31T19:08:41.097361+00:00,1785524921.097,124.98,22.12,0.5410,-2.17,-2.387,0.0,188.7
2026-07-31T19:08:41.591762+00:00,1785524921.592,125.47,21.37,0.5432,-2.17,-2.387,0.0,188.7
2026-07-31T19:08:42.091132+00:00,1785524922.091,125.97,20.63,0.5454,-1.91,-0.398,0.0,188.7
2026-07-31T19:08:42.594501+00:00,1785524922.594,126.47,19.93,0.5476,-2.22,-0.422,0.0,188.7
2026-07-31T19:08:43.100453+00:00,1785524923.100,126.98,19.34,0.5498,-2.22,-0.422,0.0,188.7
2026-07-31T19:08:43.606005+00:00,1785524923.606,127.49,18.85,0.5520,-0.80,-0.301,0.0,188.7
2026-07-31T19:08:44.100907+00:00,1785524924.101,127.98,18.35,0.5542,-0.80,-0.301,0.0,188.7
2026-07-31T19:08:44.604439+00:00,1785524924.604,128.48,17.93,0.5564,-0.27,-0.316,0.0,188.7
2026-07-31T19:08:45.103300+00:00,1785524925.103,128.98,17.61,0.5586,-0.27,-0.316,0.0,188.7
2026-07-31T19:08:45.607812+00:00,1785524925.608,129.49,17.30,0.5608,-0.27,-0.316,0.0,188.7
2026-07-31T19:08:46.111113+00:00,1785524926.111,129.99,17.17,0.5630,4.25,-0.234,230.8,188.7
2026-07-31T19:08:46.616290+00:00,1785524926.616,130.50,16.80,0.5652,4.25,-0.234,224.8,233.1
2026-07-31T19:08:47.121191+00:00,1785524927.121,131.00,16.58,0.5674,7.59,0.855,853.6,233.1
2026-07-31T19:08:47.616723+00:00,1785524927.617,131.50,16.33,0.5718,7.59,0.855,839.9,244.2
2026-07-31T19:08:48.123926+00:00,1785524928.124,132.00,16.34,0.5740,8.09,0.488,733.8,244.2
2026-07-31T19:08:48.626706+00:00,1785524928.627,132.51,16.41,0.5762,8.09,0.488,737.1,244.2
2026-07-31T19:08:49.132517+00:00,1785524929.133,133.01,16.56,0.5784,6.23,0.109,479.7,244.2
2026-07-31T19:08:49.636776+00:00,1785524929.637,133.52,16.67,0.5806,5.74,-0.453,235.3,244.2
2026-07-31T19:08:50.140521+00:00,1785524930.141,134.02,17.10,0.5828,5.74,-0.453,242.6,244.2
2026-07-31T19:08:50.646343+00:00,1785524930.646,134.53,17.43,0.5850,3.79,1.293,818.7,244.2
2026-07-31T19:08:51.148639+00:00,1785524931.149,135.03,18.21,0.5894,3.79,1.293,857.8,233.1
2026-07-31T19:08:51.650262+00:00,1785524931.650,135.53,18.57,0.5916,3.10,-0.270,156.0,233.1
2026-07-31T19:08:52.155573+00:00,1785524932.156,136.03,18.87,0.5938,3.10,-0.270,159.5,233.1
2026-07-31T19:08:52.651975+00:00,1785524932.652,136.53,19.16,0.5960,2.28,0.402,399.6,233.1
2026-07-31T19:08:53.152199+00:00,1785524933.152,137.03,19.65,0.6004,2.28,0.402,411.6,233.1
2026-07-31T19:08:53.659076+00:00,1785524933.659,137.54,19.89,0.6026,1.82,-0.457,0.0,233.1
2026-07-31T19:08:54.158689+00:00,1785524934.159,138.04,20.07,0.6048,1.77,-0.383,18.0,222.0
2026-07-31T19:08:54.664570+00:00,1785524934.665,138.54,20.39,0.6092,1.77,-0.383,19.5,222.0
2026-07-31T19:08:55.167065+00:00,1785524935.167,139.05,20.54,0.6114,1.47,-0.535,0.0,222.0
2026-07-31T19:08:55.671100+00:00,1785524935.671,139.55,20.69,0.6136,1.47,-0.535,0.0,222.0
2026-07-31T19:08:56.172977+00:00,1785524936.173,140.05,20.98,0.6180,1.40,-0.035,160.3,222.0
2026-07-31T19:08:56.674485+00:00,1785524936.674,140.55,21.13,0.6202,1.40,-0.035,162.0,222.0
2026-07-31T19:08:57.172769+00:00,1785524937.173,141.05,21.44,0.6245,1.57,0.039,216.6,222.0
2026-07-31T19:08:57.671859+00:00,1785524937.672,141.55,21.61,0.6267,1.46,0.324,352.2,222.0
2026-07-31T19:08:58.167961+00:00,1785524938.168,142.05,21.78,0.6289,1.46,0.324,355.9,222.0
2026-07-31T19:08:58.665993+00:00,1785524938.666,142.55,22.08,0.6333,1.53,0.562,489.4,222.0
2026-07-31T19:08:59.162141+00:00,1785524939.162,143.04,22.20,0.6355,1.53,0.562,492.7,222.0
2026-07-31T19:08:59.666081+00:00,1785524939.666,143.55,22.38,0.6399,1.22,-0.574,0.0,222.0
2026-07-31T19:09:00.168440+00:00,1785524940.168,144.05,22.47,0.6421,1.22,-0.574,0.0,222.0
2026-07-31T19:09:00.674604+00:00,1785524940.675,144.55,22.56,0.6443,1.03,1.074,725.5,222.0
2026-07-31T19:09:01.178100+00:00,1785524941.178,145.06,22.77,0.6487,1.03,1.074,733.3,222.0
2026-07-31T19:09:01.677050+00:00,1785524941.677,145.56,22.87,0.6509,1.16,0.016,189.6,222.0
2026-07-31T19:09:02.180025+00:00,1785524942.180,146.06,23.09,0.6553,1.73,-0.234,110.2,222.0
2026-07-31T19:09:02.677077+00:00,1785524942.677,146.56,23.20,0.6575,1.73,-0.234,111.3,222.0
2026-07-31T19:09:03.178068+00:00,1785524943.178,147.06,23.35,0.6619,1.21,-1.094,0.0,222.0
2026-07-31T19:09:03.670943+00:00,1785524943.671,147.55,23.44,0.6641,1.21,-1.094,0.0,222.0
2026-07-31T19:09:04.173644+00:00,1785524944.174,148.05,23.50,0.6685,1.51,0.867,692.3,222.0
2026-07-31T19:09:04.679922+00:00,1785524944.680,148.56,23.56,0.6707,1.51,0.867,694.3,222.0
2026-07-31T19:09:05.175604+00:00,1785524945.176,149.05,23.54,0.6751,1.36,-0.121,142.1,222.0
2026-07-31T19:09:05.672778+00:00,1785524945.673,149.55,23.57,0.6773,1.21,-0.270,48.3,222.0
2026-07-31T19:09:06.176073+00:00,1785524946.176,150.06,23.53,0.6817,1.21,-0.270,48.0,222.0
2026-07-31T19:09:06.680308+00:00,1785524946.680,150.56,23.52,0.6839,1.18,0.152,274.5,222.0
2026-07-31T19:09:07.186329+00:00,1785524947.186,151.07,23.41,0.6883,1.18,0.152,272.6,222.0
2026-07-31T19:09:07.692800+00:00,1785524947.693,151.57,23.40,0.6905,0.78,0.070,191.7,222.0
2026-07-31T19:09:08.188996+00:00,1785524948.189,152.07,23.35,0.6949,0.78,0.070,191.0,222.0
2026-07-31T19:09:08.686604+00:00,1785524948.687,152.57,23.36,0.6971,0.70,0.559,447.1,222.0
2026-07-31T19:09:09.189906+00:00,1785524949.190,153.07,23.35,0.7015,0.70,0.559,447.0,222.0
2026-07-31T19:09:09.690066+00:00,1785524949.690,153.57,23.37,0.7037,0.83,-1.387,0.0,222.0
2026-07-31T19:09:10.188568+00:00,1785524950.189,154.07,23.40,0.7081,1.02,-0.039,154.0,222.0
2026-07-31T19:09:10.694614+00:00,1785524950.695,154.57,23.45,0.7103,1.02,-0.039,154.5,222.0
2026-07-31T19:09:11.199669+00:00,1785524951.200,155.08,23.47,0.7147,0.99,-0.016,164.6,222.0
2026-07-31T19:09:11.704690+00:00,1785524951.705,155.58,23.48,0.7169,0.99,-0.016,164.8,222.0
2026-07-31T19:09:12.208867+00:00,1785524952.209,156.09,23.53,0.7213,0.69,0.480,407.6,222.0
2026-07-31T19:09:12.707220+00:00,1785524952.707,156.59,23.57,0.7235,0.69,0.480,408.5,222.0
2026-07-31T19:09:13.211282+00:00,1785524953.211,157.09,23.60,0.7279,1.29,-0.449,0.0,222.0
2026-07-31T19:09:13.707081+00:00,1785524953.707,157.59,23.65,0.7301,1.25,-0.137,124.5,222.0
2026-07-31T19:09:14.211465+00:00,1785524954.211,158.09,23.61,0.7345,1.25,-0.137,124.1,222.0
2026-07-31T19:09:14.708064+00:00,1785524954.708,158.59,23.63,0.7367,1.25,-0.137,124.3,222.0
2026-07-31T19:09:15.209784+00:00,1785524955.210,159.09,23.53,0.7411,1.25,-0.137,123.3,222.0
2026-07-31T19:09:15.710703+00:00,1785524955.711,159.59,23.49,0.7433,1.08,-0.566,0.0,222.0
2026-07-31T19:09:16.203470+00:00,1785524956.203,160.08,23.38,0.7477,1.08,-0.566,0.0,222.0
2026-07-31T19:09:16.709022+00:00,1785524956.709,160.59,23.31,0.7499,1.07,0.703,557.0,222.0
2026-07-31T19:09:17.214109+00:00,1785524957.214,161.09,23.24,0.7521,1.07,0.703,555.0,222.0
2026-07-31T19:09:17.715583+00:00,1785524957.716,161.59,23.06,0.7565,1.12,-1.602,0.0,222.0
2026-07-31T19:09:18.215396+00:00,1785524958.215,162.09,22.99,0.7587,1.07,-0.152,93.3,222.0
2026-07-31T19:09:18.720966+00:00,1785524958.721,162.60,22.84,0.7631,1.07,-0.152,91.9,222.0
2026-07-31T19:09:19.224332+00:00,1785524959.224,163.10,22.79,0.7653,0.69,-0.086,93.2,222.0
2026-07-31T19:09:19.730905+00:00,1785524959.731,163.61,22.81,0.7697,0.69,-0.086,93.4,222.0
2026-07-31T19:09:20.228131+00:00,1785524960.228,164.11,22.85,0.7719,0.69,-0.086,93.8,222.0
2026-07-31T19:09:20.725773+00:00,1785524960.726,164.60,22.85,0.7763,0.69,-0.086,93.8,222.0
2026-07-31T19:09:21.222604+00:00,1785524961.223,165.10,22.86,0.7785,1.58,0.395,426.9,222.0
2026-07-31T19:09:21.724992+00:00,1785524961.725,165.60,22.87,0.7807,1.67,-0.402,13.9,222.0
2026-07-31T19:09:22.229844+00:00,1785524962.230,166.11,22.80,0.7851,1.67,-0.402,13.5,222.0
2026-07-31T19:09:22.730987+00:00,1785524962.731,166.61,22.80,0.7873,1.81,0.562,534.5,222.0
2026-07-31T19:09:23.230637+00:00,1785524963.231,167.11,22.83,0.7917,1.81,0.562,535.3,222.0
2026-07-31T19:09:23.736361+00:00,1785524963.736,167.62,22.87,0.7939,1.75,-0.352,48.3,222.0
2026-07-31T19:09:24.233766+00:00,1785524964.234,168.11,22.99,0.7983,1.75,-0.352,49.1,222.0
2026-07-31T19:09:24.734400+00:00,1785524964.734,168.61,23.06,0.8005,2.00,-0.090,211.2,222.0
2026-07-31T19:09:25.235084+00:00,1785524965.235,169.11,23.18,0.8049,2.00,-0.090,212.8,222.0
2026-07-31T19:09:25.731706+00:00,1785524965.732,169.61,23.17,0.8071,1.93,0.625,588.8,222.0
2026-07-31T19:09:26.229527+00:00,1785524966.230,170.11,23.19,0.8115,1.55,0.445,459.1,222.0
2026-07-31T19:09:26.724368+00:00,1785524966.724,170.60,23.17,0.8137,1.55,0.445,458.6,222.0
2026-07-31T19:09:27.231587+00:00,1785524967.232,171.11,23.14,0.8159,1.79,-0.703,0.0,222.0
2026-07-31T19:09:27.726137+00:00,1785524967.726,171.61,23.11,0.8203,1.79,-0.703,0.0,222.0
2026-07-31T19:09:28.231455+00:00,1785524968.231,172.11,23.07,0.8225,1.26,1.035,744.2,222.0
2026-07-31T19:09:28.736979+00:00,1785524968.737,172.62,23.04,0.8269,1.26,1.035,743.1,222.0
2026-07-31T19:09:29.234807+00:00,1785524969.235,173.11,23.04,0.8291,1.68,0.562,529.5,222.0
2026-07-31T19:09:29.732169+00:00,1785524969.732,173.61,23.01,0.8335,1.19,1.465,964.2,222.0
2026-07-31T19:09:30.235047+00:00,1785524970.235,174.11,23.00,0.8357,1.19,1.465,963.7,222.0
2026-07-31T19:09:30.736864+00:00,1785524970.737,174.62,22.94,0.8401,1.99,0.508,525.1,222.0
2026-07-31T19:09:31.233769+00:00,1785524971.234,175.11,22.88,0.8423,1.99,0.508,523.5,222.0
2026-07-31T19:09:31.741200+00:00,1785524971.741,175.62,22.81,0.8445,1.51,-0.297,55.4,222.0
2026-07-31T19:09:32.237916+00:00,1785524972.238,176.12,22.62,0.8489,1.51,-0.297,54.1,222.0
2026-07-31T19:09:32.739468+00:00,1785524972.739,176.62,22.57,0.8511,1.32,-0.879,0.0,222.0
2026-07-31T19:09:33.233178+00:00,1785524973.233,177.11,22.44,0.8555,1.32,-0.879,0.0,222.0
2026-07-31T19:09:33.738047+00:00,1785524973.738,177.62,22.40,0.8577,1.15,0.324,341.7,222.0
2026-07-31T19:09:34.241904+00:00,1785524974.242,178.12,22.39,0.8621,1.94,-0.059,212.3,222.0
2026-07-31T19:09:34.747566+00:00,1785524974.748,178.63,22.42,0.8643,1.94,-0.059,212.8,222.0
2026-07-31T19:09:35.253509+00:00,1785524975.253,179.13,22.35,0.8665,1.64,-0.949,0.0,222.0
2026-07-31T19:09:35.758657+00:00,1785524975.759,179.64,22.26,0.8708,1.64,-0.949,0.0,222.0
2026-07-31T19:09:36.263547+00:00,1785524976.264,180.14,22.22,0.8730,1.32,0.613,501.2,222.0
2026-07-31T19:09:36.764138+00:00,1785524976.764,180.64,22.14,0.8774,1.32,0.613,499.1,222.0
2026-07-31T19:09:37.262446+00:00,1785524977.262,181.14,22.14,0.8796,1.17,-1.402,0.0,222.0
2026-07-31T19:09:37.768572+00:00,1785524977.769,181.65,22.15,0.8818,1.73,0.434,443.3,222.0
2026-07-31T19:09:38.267891+00:00,1785524978.268,182.15,22.26,0.8862,1.73,0.434,446.1,222.0
2026-07-31T19:09:38.774570+00:00,1785524978.775,182.65,22.28,0.8884,0.85,0.812,564.6,222.0
2026-07-31T19:09:39.274318+00:00,1785524979.274,183.15,22.46,0.8928,0.85,0.812,570.0,222.0
2026-07-31T19:09:39.777170+00:00,1785524979.777,183.66,22.58,0.8950,0.85,0.812,573.6,222.0
2026-07-31T19:09:40.272185+00:00,1785524980.272,184.15,22.66,0.8994,0.85,0.812,575.9,222.0
2026-07-31T19:09:40.776078+00:00,1785524980.776,184.66,22.72,0.9016,2.60,-1.238,0.0,222.0
2026-07-31T19:09:41.273997+00:00,1785524981.274,185.15,22.64,0.9038,2.60,-1.238,0.0,233.1
2026-07-31T19:09:41.772902+00:00,1785524981.773,185.65,22.67,0.9082,1.39,-0.605,0.0,233.1
2026-07-31T19:09:42.272598+00:00,1785524982.273,186.15,22.60,0.9104,2.22,-0.012,264.4,222.0
2026-07-31T19:09:42.771527+00:00,1785524982.772,186.65,22.41,0.9148,2.22,-0.012,261.4,233.1
2026-07-31T19:09:43.275700+00:00,1785524983.276,187.15,22.33,0.9170,1.77,0.285,374.4,233.1
2026-07-31T19:09:43.781775+00:00,1785524983.782,187.66,22.26,0.9192,1.77,0.285,372.9,222.0
2026-07-31T19:09:44.278294+00:00,1785524984.278,188.16,22.16,0.9236,1.82,0.699,587.1,222.0
2026-07-31T19:09:44.778713+00:00,1785524984.779,188.66,22.08,0.9258,1.82,0.699,584.3,222.0
2026-07-31T19:09:45.274998+00:00,1785524985.275,189.15,21.94,0.9302,1.63,0.898,665.1,222.0
2026-07-31T19:09:45.776943+00:00,1785524985.777,189.66,21.89,0.9324,1.95,0.094,283.3,222.0
2026-07-31T19:09:46.271936+00:00,1785524986.272,190.15,21.85,0.9346,1.95,0.094,282.7,222.0
2026-07-31T19:09:46.774640+00:00,1785524986.775,190.65,21.80,0.9390,1.85,-1.262,0.0,222.0
2026-07-31T19:09:47.269617+00:00,1785524987.270,191.15,21.71,0.9412,1.85,-1.262,0.0,222.0
2026-07-31T19:09:47.776759+00:00,1785524987.777,191.66,21.67,0.9434,1.52,1.027,710.6,222.0
2026-07-31T19:09:48.282261+00:00,1785524988.282,192.16,21.62,0.9478,1.52,1.027,708.7,222.0
2026-07-31T19:09:48.777693+00:00,1785524988.778,192.66,21.60,0.9500,1.34,-0.074,143.3,222.0
2026-07-31T19:09:49.275493+00:00,1785524989.275,193.15,21.61,0.9544,1.34,-0.074,143.4,222.0
2026-07-31T19:09:49.771307+00:00,1785524989.771,193.65,21.64,0.9566,1.34,-0.074,143.8,222.0
2026-07-31T19:09:50.270903+00:00,1785524990.271,194.15,21.64,0.9588,1.34,-0.074,143.7,222.0
2026-07-31T19:09:50.774795+00:00,1785524990.775,194.65,21.67,0.9632,1.34,-0.074,144.0,222.0
2026-07-31T19:09:51.280133+00:00,1785524991.280,195.16,21.62,0.9654,2.10,-0.617,0.0,222.0
2026-07-31T19:09:51.773745+00:00,1785524991.774,195.65,21.61,0.9676,2.10,-0.617,0.0,233.1
2026-07-31T19:09:52.274394+00:00,1785524992.274,196.15,21.47,0.9720,2.10,-0.617,0.0,233.1
2026-07-31T19:09:52.777741+00:00,1785524992.778,196.66,21.47,0.9742,2.10,-0.617,0.0,233.1
2026-07-31T19:09:53.276567+00:00,1785524993.277,197.16,21.48,0.9764,2.10,-0.617,0.0,233.1
2026-07-31T19:09:53.772205+00:00,1785524993.772,197.65,21.45,0.9808,2.10,-0.617,0.0,233.1
2026-07-31T19:09:54.275869+00:00,1785524994.276,198.15,21.36,0.9830,1.47,-0.527,0.0,233.1
2026-07-31T19:09:54.771978+00:00,1785524994.772,198.65,21.30,0.9852,0.89,0.238,256.7,222.0
2026-07-31T19:09:55.271518+00:00,1785524995.272,199.15,21.32,0.9896,0.89,0.238,256.9,222.0
2026-07-31T19:09:55.777718+00:00,1785524995.778,199.66,21.29,0.9918,1.47,-1.102,0.0,222.0
2026-07-31T19:09:56.270124+00:00,1785524996.270,200.15,21.28,0.9940,1.47,-1.102,0.0,222.0
2026-07-31T19:09:56.775067+00:00,1785524996.775,200.65,21.34,0.9984,1.71,-0.840,0.0,222.0
2026-07-31T19:09:57.274474+00:00,1785524997.274,201.15,21.45,1.0006,1.71,-0.840,0.0,222.0
2026-07-31T19:09:57.777146+00:00,1785524997.777,201.66,21.62,1.0050,1.51,0.539,463.9,222.0
2026-07-31T19:09:58.279552+00:00,1785524998.280,202.16,21.71,1.0072,1.51,0.539,466.2,222.0
2026-07-31T19:09:58.784877+00:00,1785524998.785,202.66,21.79,1.0094,1.71,0.977,705.4,222.0
2026-07-31T19:09:59.279509+00:00,1785524999.279,203.16,21.91,1.0138,1.73,0.238,338.0,222.0
2026-07-31T19:09:59.773802+00:00,1785524999.774,203.65,21.89,1.0160,1.73,0.238,337.7,222.0
2026-07-31T19:10:00.271147+00:00,1785525000.271,204.15,21.98,1.0204,1.19,0.582,468.0,222.0
2026-07-31T19:10:00.765977+00:00,1785525000.766,204.64,22.03,1.0226,1.19,0.582,469.3,222.0
2026-07-31T19:10:01.271729+00:00,1785525001.272,205.15,22.05,1.0248,1.10,-0.605,0.0,222.0
2026-07-31T19:10:01.764251+00:00,1785525001.764,205.64,22.15,1.0292,1.10,-0.605,0.0,222.0
2026-07-31T19:10:02.259299+00:00,1785525002.259,206.14,22.15,1.0314,0.58,-0.766,0.0,222.0
2026-07-31T19:10:02.765869+00:00,1785525002.766,206.64,22.29,1.0358,0.58,-0.766,0.0,222.0
2026-07-31T19:10:03.271870+00:00,1785525003.272,207.15,22.32,1.0380,0.89,-0.719,0.0,222.0
2026-07-31T19:10:03.777368+00:00,1785525003.777,207.66,22.36,1.0402,0.89,-0.719,0.0,222.0
2026-07-31T19:10:04.282540+00:00,1785525004.283,208.16,22.41,1.0446,0.89,-0.719,0.0,222.0
2026-07-31T19:10:04.788342+00:00,1785525004.788,208.67,22.42,1.0468,1.40,-0.020,186.5,222.0
2026-07-31T19:10:05.288487+00:00,1785525005.288,209.17,22.45,1.0512,1.40,-0.020,186.9,222.0
2026-07-31T19:10:05.788868+00:00,1785525005.789,209.67,22.43,1.0534,1.22,-0.488,0.0,222.0
2026-07-31T19:10:06.293329+00:00,1785525006.293,210.17,22.42,1.0578,1.22,-0.488,0.0,222.0
2026-07-31T19:10:06.799429+00:00,1785525006.799,210.68,22.40,1.0600,1.54,0.387,408.5,222.0
2026-07-31T19:10:07.301766+00:00,1785525007.302,211.18,22.38,1.0622,1.54,0.387,407.9,222.0
2026-07-31T19:10:07.802815+00:00,1785525007.803,211.68,22.31,1.0666,1.26,0.293,333.8,222.0
2026-07-31T19:10:08.307063+00:00,1785525008.307,212.19,22.30,1.0688,1.08,0.492,420.5,222.0
2026-07-31T19:10:08.813088+00:00,1785525008.813,212.69,22.34,1.0732,1.08,0.492,421.2,222.0
2026-07-31T19:10:09.318987+00:00,1785525009.319,213.20,22.35,1.0754,1.24,-0.457,0.0,222.0
2026-07-31T19:10:09.813482+00:00,1785525009.813,213.69,22.41,1.0798,1.24,-0.457,0.0,222.0
2026-07-31T19:10:10.317199+00:00,1785525010.317,214.20,22.50,1.0820,1.15,-0.512,0.0,222.0
2026-07-31T19:10:10.814601+00:00,1785525010.815,214.69,22.62,1.0842,1.15,-0.512,0.0,222.0
2026-07-31T19:10:11.319634+00:00,1785525011.320,215.20,22.98,1.0886,1.89,-0.578,0.0,222.0
2026-07-31T19:10:11.822193+00:00,1785525011.822,215.70,23.50,1.0930,2.11,-0.395,62.2,222.0
2026-07-31T19:10:12.321583+00:00,1785525012.322,216.20,23.79,1.0952,2.11,-0.395,64.6,233.1
2026-07-31T19:10:12.828188+00:00,1785525012.828,216.71,24.52,1.0996,2.32,0.266,464.1,233.1
2026-07-31T19:10:13.329322+00:00,1785525013.329,217.21,24.87,1.1018,2.32,0.266,472.9,233.1
2026-07-31T19:10:13.835973+00:00,1785525013.836,217.71,25.36,1.1062,2.33,-0.180,225.3,233.1
2026-07-31T19:10:14.339278+00:00,1785525014.339,218.22,25.59,1.1106,2.33,-0.180,228.8,233.1
2026-07-31T19:10:14.845114+00:00,1785525014.845,218.72,25.66,1.1128,2.19,0.996,913.1,233.1
2026-07-31T19:10:15.339543+00:00,1785525015.340,219.22,25.38,1.1172,2.19,0.996,901.5,233.1
2026-07-31T19:10:15.838095+00:00,1785525015.838,219.72,25.14,1.1193,1.23,0.480,497.6,233.1
2026-07-31T19:10:16.344917+00:00,1785525016.345,220.22,24.53,1.1237,0.43,2.043,1291.4,222.0
2026-07-31T19:10:16.841191+00:00,1785525016.841,220.72,24.12,1.1259,0.43,2.043,1267.6,222.0
2026-07-31T19:10:17.348501+00:00,1785525017.348,221.23,23.21,1.1303,-0.23,0.125,127.0,222.0
2026-07-31T19:10:17.844290+00:00,1785525017.844,221.72,22.67,1.1325,-0.23,0.125,121.4,188.7
2026-07-31T19:10:18.344248+00:00,1785525018.344,222.22,22.09,1.1347,-0.23,0.125,115.6,188.7
2026-07-31T19:10:18.850475+00:00,1785525018.850,222.73,21.44,1.1369,-0.23,0.125,109.3,188.7
2026-07-31T19:10:19.348507+00:00,1785525019.348,223.23,20.73,1.1391,-1.92,-0.570,0.0,188.7
2026-07-31T19:10:19.845050+00:00,1785525019.845,223.72,20.00,1.1413,-1.92,-0.570,0.0,188.7
2026-07-31T19:10:20.351168+00:00,1785525020.351,224.23,19.23,1.1435,-2.23,0.656,175.6,188.7
2026-07-31T19:10:20.852319+00:00,1785525020.852,224.73,18.37,1.1457,-2.23,0.656,164.9,188.7
2026-07-31T19:10:21.357018+00:00,1785525021.357,225.24,17.50,1.1479,-2.44,-0.777,0.0,188.7
2026-07-31T19:10:21.862413+00:00,1785525021.862,225.74,16.74,1.1501,-2.69,-0.285,0.0,188.7
2026-07-31T19:10:22.359428+00:00,1785525022.359,226.24,16.16,1.1523,-2.69,-0.285,0.0,188.7
2026-07-31T19:10:22.864379+00:00,1785525022.864,226.74,15.79,1.1545,-0.88,-0.586,0.0,188.7
2026-07-31T19:10:23.360401+00:00,1785525023.360,227.24,15.58,1.1567,-0.88,-0.586,0.0,188.7
2026-07-31T19:10:23.863491+00:00,1785525023.863,227.74,15.47,1.1589,-0.88,-0.586,0.0,188.7
2026-07-31T19:10:24.368389+00:00,1785525024.368,228.25,15.49,1.1611,-0.88,-0.586,0.0,188.7
2026-07-31T19:10:24.866574+00:00,1785525024.867,228.75,15.62,1.1633,-0.88,-0.586,0.0,188.7
2026-07-31T19:10:25.373503+00:00,1785525025.373,229.25,15.92,1.1655,1.75,0.195,214.3,188.7
2026-07-31T19:10:25.876608+00:00,1785525025.877,229.76,16.54,1.1699,1.75,0.195,224.3,222.0
2026-07-31T19:10:26.372112+00:00,1785525026.372,230.25,16.73,1.1721,0.83,0.223,177.9,222.0
2026-07-31T19:10:26.866410+00:00,1785525026.866,230.75,16.86,1.1743,0.83,0.223,179.5,222.0
2026-07-31T19:10:27.368944+00:00,1785525027.369,231.25,16.95,1.1765,1.97,0.059,192.0,222.0
2026-07-31T19:10:27.864121+00:00,1785525027.864,231.74,16.97,1.1787,1.97,0.059,192.3,222.0
2026-07-31T19:10:28.363257+00:00,1785525028.363,232.24,16.97,1.1809,1.50,0.039,153.6,222.0
2026-07-31T19:10:28.867793+00:00,1785525028.868,232.75,16.93,1.1831,1.50,0.039,153.1,222.0
2026-07-31T19:10:29.366440+00:00,1785525029.366,233.25,16.95,1.1853,0.67,1.211,557.4,222.0
2026-07-31T19:10:29.869330+00:00,1785525029.869,233.75,17.02,1.1875,0.78,-0.719,0.0,222.0
2026-07-31T19:10:30.373325+00:00,1785525030.373,234.25,17.20,1.1897,0.78,-0.719,0.0,222.0
2026-07-31T19:10:30.875210+00:00,1785525030.875,234.75,17.84,1.1941,2.18,-2.867,0.0,222.0
2026-07-31T19:10:31.369982+00:00,1785525031.370,235.25,18.29,1.1963,2.18,-2.867,0.0,233.1
2026-07-31T19:10:31.875167+00:00,1785525031.875,235.75,18.84,1.1985,2.64,-0.543,6.4,233.1
2026-07-31T19:10:32.369512+00:00,1785525032.369,236.25,20.16,1.2029,2.64,-0.543,11.7,233.1
2026-07-31T19:10:32.867036+00:00,1785525032.867,236.75,20.77,1.2051,3.88,1.328,1012.7,233.1
2026-07-31T19:10:33.368009+00:00,1785525033.368,237.25,21.62,1.2095,2.82,0.664,636.9,233.1
2026-07-31T19:10:33.866734+00:00,1785525033.867,237.75,21.91,1.2117,2.82,0.664,646.9,233.1
2026-07-31T19:10:34.364901+00:00,1785525034.365,238.24,22.15,1.2139,0.93,0.766,543.5,233.1
2026-07-31T19:10:34.868255+00:00,1785525034.868,238.75,22.44,1.2183,0.93,0.766,552.0,222.0
2026-07-31T19:10:35.364332+00:00,1785525035.364,239.24,22.60,1.2205,1.43,1.348,904.9,222.0
2026-07-31T19:10:35.866632+00:00,1785525035.867,239.75,22.76,1.2249,1.43,1.348,912.0,222.0
2026-07-31T19:10:36.363051+00:00,1785525036.363,240.24,22.87,1.2271,0.80,0.695,516.4,222.0
2026-07-31T19:10:36.865680+00:00,1785525036.866,240.74,23.20,1.2315,0.80,0.695,525.6,222.0
2026-07-31T19:10:37.370446+00:00,1785525037.370,241.25,23.55,1.2337,1.19,-0.711,0.0,222.0
2026-07-31T19:10:37.876999+00:00,1785525037.877,241.76,23.74,1.2381,1.27,-0.074,162.3,222.0
2026-07-31T19:10:38.375657+00:00,1785525038.376,242.25,23.95,1.2403,1.27,-0.074,164.8,222.0
2026-07-31T19:10:38.882479+00:00,1785525038.882,242.76,24.30,1.2447,1.40,0.547,530.2,222.0
2026-07-31T19:10:39.381714+00:00,1785525039.382,243.26,24.48,1.2491,1.40,0.547,535.2,222.0
2026-07-31T19:10:39.888510+00:00,1785525039.888,243.77,24.54,1.2513,1.10,0.703,596.0,222.0
2026-07-31T19:10:40.390174+00:00,1785525040.390,244.27,24.60,1.2557,1.10,0.703,597.8,222.0
2026-07-31T19:10:40.895404+00:00,1785525040.895,244.77,24.66,1.2579,-0.13,0.434,327.6,222.0
2026-07-31T19:10:41.401091+00:00,1785525041.401,245.28,24.79,1.2623,-0.13,0.434,330.2,188.7
2026-07-31T19:10:41.900940+00:00,1785525041.901,245.78,24.96,1.2667,0.82,0.996,750.9,188.7
2026-07-31T19:10:42.400274+00:00,1785525042.400,246.28,25.04,1.2689,0.98,-1.426,0.0,222.0
2026-07-31T19:10:42.902577+00:00,1785525042.903,246.78,25.22,1.2733,0.98,-1.426,0.0,222.0
2026-07-31T19:10:43.407348+00:00,1785525043.407,247.29,25.29,1.2755,1.23,-2.168,0.0,222.0
2026-07-31T19:10:43.905601+00:00,1785525043.906,247.78,25.39,1.2799,1.23,-2.168,0.0,222.0
2026-07-31T19:10:44.408772+00:00,1785525044.409,248.29,25.49,1.2843,0.83,-2.145,0.0,222.0
2026-07-31T19:10:44.905787+00:00,1785525044.906,248.78,25.53,1.2865,0.83,-2.145,0.0,222.0
2026-07-31T19:10:45.411209+00:00,1785525045.411,249.29,25.61,1.2909,1.41,-1.039,0.0,222.0
2026-07-31T19:10:45.912068+00:00,1785525045.912,249.79,25.67,1.2953,0.89,0.375,414.6,222.0
2026-07-31T19:10:46.414763+00:00,1785525046.415,250.29,25.72,1.2975,0.89,0.375,415.6,222.0
2026-07-31T19:10:46.918986+00:00,1785525046.919,250.80,25.77,1.3019,0.74,-0.438,0.0,222.0
2026-07-31T19:10:47.411404+00:00,1785525047.411,251.29,25.82,1.3041,0.74,-0.438,0.0,222.0
2026-07-31T19:10:47.913386+00:00,1785525047.913,251.79,25.90,1.3085,0.83,0.070,231.5,222.0
2026-07-31T19:10:48.416089+00:00,1785525048.416,252.30,26.00,1.3129,0.83,0.070,233.0,222.0
2026-07-31T19:10:48.914987+00:00,1785525048.915,252.79,26.02,1.3151,0.80,-0.523,0.0,222.0
2026-07-31T19:10:49.413557+00:00,1785525049.414,253.29,26.07,1.3195,1.42,0.652,645.0,222.0
2026-07-31T19:10:49.912551+00:00,1785525049.913,253.79,26.03,1.3239,1.42,0.652,643.7,222.0
2026-07-31T19:10:50.408403+00:00,1785525050.408,254.29,26.00,1.3261,1.42,0.652,642.8,222.0
2026-07-31T19:10:50.905423+00:00,1785525050.905,254.78,25.87,1.3305,1.42,0.652,638.8,222.0
2026-07-31T19:10:51.408009+00:00,1785525051.408,255.29,25.78,1.3327,0.92,-1.250,0.0,222.0
2026-07-31T19:10:51.910431+00:00,1785525051.910,255.79,25.56,1.3371,0.92,-1.250,0.0,222.0
2026-07-31T19:10:52.409978+00:00,1785525052.410,256.29,25.36,1.3415,1.38,-0.254,88.2,222.0
2026-07-31T19:10:52.905969+00:00,1785525052.906,256.78,25.22,1.3437,1.38,-0.254,86.9,222.0
2026-07-31T19:10:53.408514+00:00,1785525053.408,257.29,24.97,1.3481,0.68,0.273,320.3,222.0
2026-07-31T19:10:53.911578+00:00,1785525053.912,257.79,24.87,1.3503,0.68,0.273,318.3,222.0
2026-07-31T19:10:54.414663+00:00,1785525054.415,258.29,24.72,1.3547,0.54,0.496,429.8,222.0
2026-07-31T19:10:54.919724+00:00,1785525054.920,258.80,24.67,1.3569,0.54,0.496,428.8,222.0
2026-07-31T19:10:55.426828+00:00,1785525055.427,259.31,24.59,1.3613,0.74,0.383,380.9,222.0
2026-07-31T19:10:55.926651+00:00,1785525055.927,259.81,24.60,1.3657,0.89,1.125,817.6,222.0
2026-07-31T19:10:56.430969+00:00,1785525056.431,260.31,24.60,1.3678,0.89,1.125,817.6,222.0
2026-07-31T19:10:56.932554+00:00,1785525056.933,260.81,24.51,1.3722,0.91,0.430,422.6,222.0
2026-07-31T19:10:57.429083+00:00,1785525057.429,261.31,24.42,1.3744,0.91,0.430,420.5,222.0
2026-07-31T19:10:57.933842+00:00,1785525057.934,261.81,24.13,1.3788,0.90,-0.039,151.7,222.0
2026-07-31T19:10:58.434646+00:00,1785525058.435,262.31,23.93,1.3810,0.90,-0.039,149.3,222.0
2026-07-31T19:10:58.933954+00:00,1785525058.934,262.81,23.45,1.3854,0.14,0.410,317.5,222.0
2026-07-31T19:10:59.439630+00:00,1785525059.440,263.32,23.17,1.3876,0.14,0.410,312.2,222.0
2026-07-31T19:10:59.939080+00:00,1785525059.939,263.82,22.93,1.3898,0.52,1.223,772.1,222.0
2026-07-31T19:11:00.445109+00:00,1785525060.445,264.32,22.31,1.3942,0.05,-0.043,55.2,222.0
2026-07-31T19:11:00.949733+00:00,1785525060.950,264.83,22.00,1.3964,0.05,-0.043,53.0,222.0
2026-07-31T19:11:01.454907+00:00,1785525061.455,265.33,21.68,1.3986,-0.36,-0.547,0.0,222.0
2026-07-31T19:11:01.950110+00:00,1785525061.950,265.83,21.03,1.4030,-0.36,-0.547,0.0,188.7
2026-07-31T19:11:02.453718+00:00,1785525062.454,266.33,20.71,1.4052,-0.11,-0.379,0.0,188.7
2026-07-31T19:11:02.951346+00:00,1785525062.951,266.83,20.34,1.4074,-0.11,-0.379,0.0,188.7
2026-07-31T19:11:03.454153+00:00,1785525063.454,267.33,20.04,1.4096,-0.33,-0.258,0.0,188.7
2026-07-31T19:11:03.950897+00:00,1785525063.951,267.83,19.74,1.4118,0.13,-0.562,0.0,188.7
2026-07-31T19:11:04.456490+00:00,1785525064.456,268.34,19.44,1.4140,0.13,-0.562,0.0,222.0
2026-07-31T19:11:04.959832+00:00,1785525064.960,268.84,18.87,1.4184,1.66,1.305,739.8,222.0
2026-07-31T19:11:05.454753+00:00,1785525065.455,269.33,18.72,1.4206,1.66,1.305,733.5,222.0
2026-07-31T19:11:05.959161+00:00,1785525065.959,269.84,18.73,1.4228,0.91,-0.559,0.0,222.0
2026-07-31T19:11:06.453284+00:00,1785525066.453,270.33,18.75,1.4250,0.91,-0.559,0.0,222.0
2026-07-31T19:11:06.955941+00:00,1785525066.956,270.83,18.73,1.4272,1.21,-0.648,0.0,222.0
2026-07-31T19:11:07.460238+00:00,1785525067.460,271.34,18.70,1.4316,1.33,0.766,475.4,222.0
2026-07-31T19:11:07.963153+00:00,1785525067.963,271.84,18.53,1.4338,1.33,0.766,470.6,222.0
2026-07-31T19:11:08.458618+00:00,1785525068.459,272.34,17.84,1.4360,-0.60,0.543,225.4,222.0
2026-07-31T19:11:08.950883+00:00,1785525068.951,272.83,17.84,1.4360,-0.60,0.543,225.4,188.7
2026-07-31T19:11:09.456440+00:00,1785525069.456,273.34,16.91,1.4382,-0.62,1.094,424.5,188.7
2026-07-31T19:11:09.954333+00:00,1785525069.954,273.83,16.02,1.4404,-0.62,1.094,400.0,188.7
2026-07-31T19:11:10.458567+00:00,1785525070.459,274.34,14.73,1.4426,5.46,1.859,974.4,188.7
2026-07-31T19:11:10.956425+00:00,1785525070.956,274.84,14.73,1.4426,6.72,1.121,795.2,244.2
2026-07-31T19:11:11.457445+00:00,1785525071.457,275.34,13.34,1.4448,6.72,1.121,717.4,244.2
2026-07-31T19:11:11.954121+00:00,1785525071.954,275.83,13.34,1.4448,8.88,2.461,1241.1,244.2
2026-07-31T19:11:12.460412+00:00,1785525072.460,276.34,12.34,1.4470,8.88,2.461,1147.0,244.2
2026-07-31T19:11:12.964024+00:00,1785525072.964,276.84,11.56,1.4492,5.56,0.105,296.0,244.2
2026-07-31T19:11:13.460666+00:00,1785525073.461,277.34,11.56,1.4492,5.56,0.105,296.0,244.2
2026-07-31T19:11:13.963633+00:00,1785525073.964,277.84,11.02,1.4514,1.87,-1.113,0.0,244.2
2026-07-31T19:11:14.462353+00:00,1785525074.462,278.34,10.79,1.4536,1.87,-1.113,0.0,222.0
2026-07-31T19:11:14.960847+00:00,1785525074.961,278.84,10.78,1.4558,-0.99,-0.023,0.0,222.0
2026-07-31T19:11:15.460931+00:00,1785525075.461,279.34,10.78,1.4558,-2.48,0.129,0.0,188.7
2026-07-31T19:11:15.965552+00:00,1785525075.966,279.84,10.86,1.4580,-2.48,0.129,0.0,188.7
2026-07-31T19:11:16.472387+00:00,1785525076.472,280.35,11.28,1.4602,-1.07,1.012,233.8,188.7
2026-07-31T19:11:16.970429+00:00,1785525076.970,280.85,11.95,1.4624,-1.07,1.012,248.6,188.7
2026-07-31T19:11:17.474474+00:00,1785525077.474,281.35,12.53,1.4646,-1.77,-0.293,0.0,188.7
2026-07-31T19:11:17.977833+00:00,1785525077.978,281.86,13.05,1.4668,-1.77,-0.293,0.0,188.7
2026-07-31T19:11:18.482100+00:00,1785525078.482,282.36,13.41,1.4690,-1.77,-0.293,0.0,188.7
2026-07-31T19:11:18.986006+00:00,1785525078.986,282.87,13.41,1.4690,-2.20,0.371,23.5,188.7
2026-07-31T19:11:19.490691+00:00,1785525079.491,283.37,13.48,1.4712,-2.20,0.371,23.7,188.7
2026-07-31T19:11:19.990242+00:00,1785525079.990,283.87,13.42,1.4734,-2.84,-0.434,0.0,188.7
2026-07-31T19:11:20.484778+00:00,1785525080.485,284.36,13.25,1.4756,-2.84,-0.434,0.0,188.7
2026-07-31T19:11:20.990214+00:00,1785525080.990,284.87,13.05,1.4778,-1.48,-0.160,0.0,188.7
2026-07-31T19:11:21.489303+00:00,1785525081.489,285.37,13.05,1.4778,-1.48,-0.160,0.0,188.7
2026-07-31T19:11:21.991630+00:00,1785525081.992,285.87,12.83,1.4800,-3.03,1.168,216.3,188.7
2026-07-31T19:11:22.493805+00:00,1785525082.494,286.37,12.74,1.4822,-2.28,0.363,15.0,188.7
2026-07-31T19:11:22.995947+00:00,1785525082.996,286.87,12.79,1.4844,-2.28,0.363,15.2,188.7
2026-07-31T19:11:23.497339+00:00,1785525083.497,287.38,13.07,1.4866,4.50,0.770,483.8,188.7
2026-07-31T19:11:24.002435+00:00,1785525084.002,287.88,13.61,1.4888,4.50,0.770,505.0,233.1
2026-07-31T19:11:24.498769+00:00,1785525084.499,288.38,14.10,1.4910,5.85,1.176,730.2,233.1
2026-07-31T19:11:25.003116+00:00,1785525085.003,288.88,14.55,1.4932,5.85,1.176,753.9,244.2
2026-07-31T19:11:25.500004+00:00,1785525085.500,289.38,14.96,1.4954,1.76,0.328,245.6,244.2
2026-07-31T19:11:25.997195+00:00,1785525085.997,289.88,15.55,1.4976,1.76,0.328,256.7,222.0
2026-07-31T19:11:26.500253+00:00,1785525086.500,290.38,16.75,1.5020,2.95,1.727,897.9,222.0
2026-07-31T19:11:26.997030+00:00,1785525086.997,290.88,17.22,1.5042,0.56,-0.289,0.0,233.1
2026-07-31T19:11:27.493796+00:00,1785525087.494,291.37,17.54,1.5064,0.56,-0.289,0.0,222.0
2026-07-31T19:11:28.000635+00:00,1785525088.001,291.88,18.07,1.5086,1.02,1.359,683.7,222.0
2026-07-31T19:11:28.496047+00:00,1785525088.496,292.38,19.55,1.5130,1.02,1.359,744.9,222.0
2026-07-31T19:11:28.991238+00:00,1785525088.991,292.87,20.23,1.5152,0.80,-4.625,0.0,222.0
2026-07-31T19:11:29.487619+00:00,1785525089.488,293.37,21.24,1.5196,0.80,-4.625,0.0,222.0
2026-07-31T19:11:29.989942+00:00,1785525089.990,293.87,21.66,1.5218,1.19,1.332,835.1,222.0
2026-07-31T19:11:30.485942+00:00,1785525090.486,294.36,21.94,1.5240,0.20,-3.445,0.0,222.0
2026-07-31T19:11:30.987050+00:00,1785525090.987,294.87,22.21,1.5284,0.20,-3.445,0.0,222.0
2026-07-31T19:11:31.484796+00:00,1785525091.485,295.36,22.08,1.5306,0.20,-3.445,0.0,222.0
2026-07-31T19:11:31.984359+00:00,1785525091.984,295.86,22.12,1.5350,0.20,-3.445,0.0,222.0
2026-07-31T19:11:32.489802+00:00,1785525092.490,296.37,22.17,1.5372,-0.99,1.328,666.7,222.0
2026-07-31T19:11:32.986762+00:00,1785525092.987,296.87,22.15,1.5394,-0.99,1.328,666.2,188.7
2026-07-31T19:11:33.492740+00:00,1785525093.493,297.37,22.20,1.5438,-1.75,1.109,489.7,188.7
2026-07-31T19:11:33.997772+00:00,1785525093.998,297.88,22.25,1.5460,-1.54,-0.910,0.0,188.7
2026-07-31T19:11:34.491014+00:00,1785525094.491,298.37,22.38,1.5504,-1.54,-0.910,0.0,188.7
2026-07-31T19:11:34.993455+00:00,1785525094.993,298.87,22.40,1.5526,-1.54,-0.062,0.0,188.7
2026-07-31T19:11:35.499162+00:00,1785525095.499,299.38,22.39,1.5570,-1.54,-0.062,0.0,188.7
2026-07-31T19:11:36.005685+00:00,1785525096.006,299.88,22.43,1.5592,-1.88,4.473,2226.8,188.7
2026-07-31T19:11:36.502497+00:00,1785525096.502,300.38,22.47,1.5614,-1.88,4.473,2230.9,188.7
2026-07-31T19:11:36.999159+00:00,1785525096.999,300.88,22.59,1.5658,-1.62,-0.289,0.0,188.7
2026-07-31T19:11:37.496244+00:00,1785525097.496,301.38,22.61,1.5680,-1.62,-0.289,0.0,188.7
2026-07-31T19:11:37.998112+00:00,1785525097.998,301.88,22.87,1.5724,-1.06,-0.258,0.0,188.7
2026-07-31T19:11:38.497999+00:00,1785525098.498,302.38,22.98,1.5746,-1.35,-0.797,0.0,188.7
2026-07-31T19:11:39.003951+00:00,1785525099.004,302.88,23.28,1.5790,-1.35,-0.797,0.0,188.7
2026-07-31T19:11:39.500181+00:00,1785525099.500,303.38,23.46,1.5812,2.77,-1.211,0.0,188.7
2026-07-31T19:11:40.006112+00:00,1785525100.006,303.89,23.59,1.5856,2.77,-1.211,0.0,233.1
2026-07-31T19:11:40.514125+00:00,1785525100.514,304.39,23.58,1.5878,2.17,0.609,614.6,233.1
2026-07-31T19:11:41.018142+00:00,1785525101.018,304.90,23.58,1.5922,2.17,0.609,614.6,233.1
2026-07-31T19:11:41.519838+00:00,1785525101.520,305.40,23.50,1.5944,2.50,-2.430,0.0,233.1
2026-07-31T19:11:42.017890+00:00,1785525102.018,305.90,23.29,1.5988,2.59,-0.164,228.2,233.1
2026-07-31T19:11:42.519158+00:00,1785525102.519,306.40,23.13,1.6010,2.59,-0.164,225.8,233.1
2026-07-31T19:11:43.024119+00:00,1785525103.024,306.90,23.04,1.6054,2.48,-1.152,0.0,233.1
2026-07-31T19:11:43.519122+00:00,1785525103.519,307.40,22.92,1.6076,2.48,-1.152,0.0,233.1
2026-07-31T19:11:44.020265+00:00,1785525104.020,307.90,22.81,1.6098,2.02,-3.152,0.0,233.1
2026-07-31T19:11:44.518684+00:00,1785525104.519,308.40,22.56,1.6142,2.02,-3.152,0.0,233.1
2026-07-31T19:11:45.020389+00:00,1785525105.020,308.90,22.45,1.6163,73.74,1.734,5771.6,233.1
2026-07-31T19:11:45.527569+00:00,1785525105.528,309.41,22.19,1.6207,1.86,1.910,1211.3,255.3
2026-07-31T19:11:46.023695+00:00,1785525106.024,309.90,22.05,1.6229,1.86,1.910,1203.0,222.0
2026-07-31T19:11:46.519294+00:00,1785525106.519,310.40,21.92,1.6251,1.86,1.910,1195.8,222.0
2026-07-31T19:11:47.022554+00:00,1785525107.023,310.90,21.61,1.6295,1.86,1.910,1177.4,222.0
2026-07-31T19:11:47.520907+00:00,1785525107.521,311.40,21.45,1.6317,1.86,1.910,1167.8,222.0
2026-07-31T19:11:48.021123+00:00,1785525108.021,311.90,21.23,1.6339,1.86,1.910,1154.9,222.0
2026-07-31T19:11:48.522463+00:00,1785525108.522,312.40,21.04,1.6361,1.86,1.910,1143.6,222.0
2026-07-31T19:11:49.021189+00:00,1785525109.021,312.90,20.17,1.6405,1.86,1.910,1093.2,222.0
2026-07-31T19:11:49.524664+00:00,1785525109.525,313.40,19.52,1.6427,8.46,0.465,903.7,222.0
2026-07-31T19:11:50.017074+00:00,1785525110.017,313.90,19.52,1.6427,8.46,0.465,903.7,244.2
2026-07-31T19:11:50.519237+00:00,1785525110.519,314.40,18.59,1.6449,7.35,-1.184,70.2,244.2
2026-07-31T19:11:51.015813+00:00,1785525111.016,314.89,17.56,1.6471,7.35,-1.184,63.2,244.2
2026-07-31T19:11:51.517927+00:00,1785525111.518,315.40,16.09,1.6493,6.78,-0.469,284.7,244.2
2026-07-31T19:11:52.018662+00:00,1785525112.019,315.90,16.09,1.6493,5.82,6.082,2658.8,244.2
2026-07-31T19:11:52.517785+00:00,1785525112.518,316.40,14.25,1.6515,5.82,6.082,2351.0,244.2
2026-07-31T19:11:53.019088+00:00,1785525113.019,316.90,14.25,1.6515,4.64,0.414,420.6,244.2
2026-07-31T19:11:53.517639+00:00,1785525113.518,317.40,14.25,1.6515,4.64,0.414,420.6,233.1
2026-07-31T19:11:54.021645+00:00,1785525114.022,317.90,14.25,1.6515,5.30,2.891,1272.1,233.1
2026-07-31T19:11:54.520173+00:00,1785525114.520,318.40,0.00,1.6515,5.30,2.891,0.0,244.2
2026-07-31T19:11:55.019919+00:00,1785525115.020,318.90,0.00,1.6515,3.98,2.652,0.0,244.2
2026-07-31T19:11:55.526142+00:00,1785525115.526,319.41,0.00,1.6515,3.15,-0.812,0.0,233.1
2026-07-31T19:11:56.029605+00:00,1785525116.030,319.91,0.00,1.6515,3.15,-0.812,0.0,233.1
2026-07-31T19:11:56.532065+00:00,1785525116.532,320.41,0.00,1.6515,4.71,-0.836,0.0,233.1
2026-07-31T19:11:57.035743+00:00,1785525117.036,320.91,0.00,1.6515,4.71,-0.836,0.0,233.1
2026-07-31T19:11:57.534588+00:00,1785525117.535,321.41,0.00,1.6515,4.71,-0.836,0.0,233.1
2026-07-31T19:11:58.037902+00:00,1785525118.038,321.92,0.00,1.6515,4.71,-0.836,0.0,233.1
2026-07-31T19:11:58.536525+00:00,1785525118.537,322.42,0.00,1.6515,9.27,-0.059,0.0,233.1
2026-07-31T19:11:59.039074+00:00,1785525119.039,322.92,0.00,1.6515,9.74,0.188,0.0,244.2
2026-07-31T19:11:59.544113+00:00,1785525119.544,323.42,0.00,1.6515,9.74,0.188,0.0,244.2
2026-07-31T19:12:00.049587+00:00,1785525120.050,323.93,5.36,1.6537,9.17,-0.734,105.4,244.2
2026-07-31T19:12:00.545473+00:00,1785525120.545,324.42,5.36,1.6537,9.17,-0.734,105.4,244.2
2026-07-31T19:12:01.047516+00:00,1785525121.048,324.93,5.36,1.6537,8.54,3.102,567.1,244.2
2026-07-31T19:12:01.546939+00:00,1785525121.547,325.43,5.36,1.6537,8.54,3.102,567.1,244.2
2026-07-31T19:12:02.048650+00:00,1785525122.049,325.93,4.77,1.6559,8.54,3.102,504.6,244.2
2026-07-31T19:12:02.550576+00:00,1785525122.551,326.43,4.77,1.6559,10.72,-0.379,161.2,244.2
2026-07-31T19:12:03.044909+00:00,1785525123.045,326.92,4.77,1.6559,10.72,-0.379,161.2,255.3
2026-07-31T19:12:03.547945+00:00,1785525123.548,327.43,4.77,1.6559,6.61,-2.199,0.0,255.3
2026-07-31T19:12:04.041378+00:00,1785525124.041,327.92,0.00,1.6559,6.61,-2.199,0.0,244.2
2026-07-31T19:12:04.545977+00:00,1785525124.546,328.42,4.20,1.6581,9.38,1.168,270.3,244.2
2026-07-31T19:12:05.042376+00:00,1785525125.042,328.92,4.20,1.6581,9.38,1.168,270.3,244.2
2026-07-31T19:12:05.542220+00:00,1785525125.542,329.42,4.20,1.6581,9.57,-0.105,149.9,244.2
2026-07-31T19:12:06.047950+00:00,1785525126.048,329.93,4.20,1.6581,5.89,2.145,308.4,244.2
2026-07-31T19:12:06.554309+00:00,1785525126.554,330.43,0.00,1.6581,5.89,2.145,0.0,244.2
2026-07-31T19:12:07.052640+00:00,1785525127.053,330.93,0.00,1.6581,5.16,0.969,0.0,244.2
2026-07-31T19:12:07.547001+00:00,1785525127.547,331.43,0.00,1.6581,5.16,0.969,0.0,244.2
2026-07-31T19:12:08.047675+00:00,1785525128.048,331.93,0.00,1.6581,3.75,0.359,0.0,244.2
2026-07-31T19:12:08.553756+00:00,1785525128.554,332.43,0.00,1.6581,2.92,-1.391,0.0,233.1
2026-07-31T19:12:09.055903+00:00,1785525129.056,332.93,0.00,1.6581,2.92,-1.391,0.0,233.1
2026-07-31T19:12:09.560336+00:00,1785525129.560,333.44,0.00,1.6581,0.87,0.051,0.0,233.1
2026-07-31T19:12:10.060840+00:00,1785525130.061,333.94,0.00,1.6581,0.87,0.051,0.0,222.0
2026-07-31T19:12:10.561880+00:00,1785525130.562,334.44,0.00,1.6581,-1.99,1.301,0.0,222.0
2026-07-31T19:12:11.062691+00:00,1785525131.063,334.94,0.00,1.6581,-1.99,1.301,0.0,188.7
2026-07-31T19:12:11.561732+00:00,1785525131.562,335.44,0.00,1.6581,-3.01,0.367,0.0,188.7
2026-07-31T19:12:12.067721+00:00,1785525132.068,335.95,2.84,1.6603,-3.65,0.227,0.0,188.7
2026-07-31T19:12:12.562240+00:00,1785525132.562,336.44,2.84,1.6603,-3.65,0.227,0.0,188.7
2026-07-31T19:12:13.065030+00:00,1785525133.065,336.94,2.84,1.6603,-5.35,0.070,0.0,188.7
2026-07-31T19:12:13.569754+00:00,1785525133.570,337.45,2.84,1.6603,-5.35,0.070,0.0,0.0
2026-07-31T19:12:14.070705+00:00,1785525134.071,337.95,0.00,1.6603,-4.92,0.125,0.0,0.0
2026-07-31T19:12:14.566098+00:00,1785525134.566,338.45,0.00,1.6603,-4.92,0.125,0.0,188.7
2026-07-31T19:12:15.065558+00:00,1785525135.066,338.94,0.00,1.6603,-5.69,0.027,0.0,188.7
2026-07-31T19:12:15.560972+00:00,1785525135.561,339.44,0.00,1.6603,-5.44,0.059,0.0,0.0
2026-07-31T19:12:16.064668+00:00,1785525136.065,339.94,0.00,1.6603,-5.44,0.059,0.0,0.0
2026-07-31T19:12:16.568301+00:00,1785525136.568,340.45,0.00,1.6603,-5.30,0.090,0.0,0.0
2026-07-31T19:12:17.072597+00:00,1785525137.073,340.95,0.00,1.6603,-5.30,0.090,0.0,0.0
2026-07-31T19:12:17.572992+00:00,1785525137.573,341.45,0.00,1.6603,-5.14,-0.211,0.0,0.0
2026-07-31T19:12:18.068409+00:00,1785525138.068,341.95,0.00,1.6603,-5.32,0.035,0.0,0.0
2026-07-31T19:12:18.572765+00:00,1785525138.573,342.45,0.00,1.6603,-5.32,0.035,0.0,0.0
2026-07-31T19:12:19.076533+00:00,1785525139.077,342.96,0.00,1.6603,-5.21,-0.062,0.0,0.0
2026-07-31T19:12:19.570898+00:00,1785525139.571,343.45,0.00,1.6603,-5.21,-0.062,0.0,0.0
2026-07-31T19:12:20.072941+00:00,1785525140.073,343.95,0.00,1.6603,-4.92,0.109,0.0,0.0
2026-07-31T19:12:20.569461+00:00,1785525140.569,344.45,0.00,1.6603,-4.92,0.109,0.0,188.7
2026-07-31T19:12:21.069089+00:00,1785525141.069,344.95,0.00,1.6603,-3.98,-3.395,0.0,188.7
2026-07-31T19:12:21.571125+00:00,1785525141.571,345.45,2.03,1.6625,-4.13,-0.523,0.0,188.7
2026-07-31T19:12:22.076426+00:00,1785525142.076,345.96,2.02,1.6647,-4.13,-0.523,0.0,188.7
2026-07-31T19:12:22.582641+00:00,1785525142.583,346.46,2.02,1.6647,-0.49,1.027,45.9,188.7
2026-07-31T19:12:23.087243+00:00,1785525143.087,346.97,2.02,1.6669,-0.49,1.027,46.1,188.7
2026-07-31T19:12:23.586201+00:00,1785525143.586,347.47,2.68,1.6713,-0.49,1.027,61.1,188.7
2026-07-31T19:12:24.084123+00:00,1785525144.084,347.96,2.86,1.6735,-0.49,1.027,65.3,188.7
2026-07-31T19:12:24.583928+00:00,1785525144.584,348.46,3.13,1.6757,-0.04,0.074,7.9,188.7
2026-07-31T19:12:25.081468+00:00,1785525145.081,348.96,17.12,1.6801,3.57,2.660,1329.4,188.7
2026-07-31T19:12:25.584475+00:00,1785525145.584,349.46,21.48,1.6845,3.57,2.660,1684.5,233.1
2026-07-31T19:12:26.091846+00:00,1785525146.092,349.97,23.23,1.6867,5.92,1.102,1207.1,233.1
2026-07-31T19:12:26.592129+00:00,1785525146.592,350.47,25.38,1.6911,5.92,1.102,1331.1,244.2
2026-07-31T19:12:27.091643+00:00,1785525147.092,350.97,26.37,1.6955,5.53,0.293,857.1,244.2
2026-07-31T19:12:27.588320+00:00,1785525147.588,351.47,26.61,1.6977,5.53,0.293,866.5,244.2
2026-07-31T19:12:28.084027+00:00,1785525148.084,351.96,26.75,1.7021,3.44,-0.027,456.5,244.2
2026-07-31T19:12:28.588664+00:00,1785525148.589,352.47,26.77,1.7065,3.44,-0.027,457.1,233.1
2026-07-31T19:12:29.093726+00:00,1785525149.094,352.97,26.89,1.7087,2.48,1.941,1582.7,233.1
2026-07-31T19:12:29.596735+00:00,1785525149.597,353.48,26.99,1.7131,1.27,0.711,694.6,233.1
2026-07-31T19:12:30.099506+00:00,1785525150.099,353.98,27.11,1.7175,1.27,0.711,698.4,222.0
2026-07-31T19:12:30.600523+00:00,1785525150.601,354.48,27.09,1.7219,0.56,1.055,837.5,222.0
2026-07-31T19:12:31.100403+00:00,1785525151.100,354.98,27.18,1.7241,0.56,1.055,840.9,222.0
2026-07-31T19:12:31.599354+00:00,1785525151.599,355.48,27.35,1.7285,0.75,1.867,1380.8,222.0
2026-07-31T19:12:32.097650+00:00,1785525152.098,355.98,27.28,1.7329,0.75,1.867,1376.7,222.0
2026-07-31T19:12:32.601700+00:00,1785525152.602,356.48,27.38,1.7373,0.37,0.633,561.6,222.0
2026-07-31T19:12:33.106783+00:00,1785525153.107,356.99,27.42,1.7395,0.37,0.633,562.8,222.0
2026-07-31T19:12:33.612875+00:00,1785525153.613,357.49,27.65,1.7439,5.23,-3.586,0.0,222.0
2026-07-31T19:12:34.108963+00:00,1785525154.109,357.99,27.46,1.7483,5.23,-3.586,0.0,244.2
2026-07-31T19:12:34.616195+00:00,1785525154.616,358.50,27.33,1.7505,4.71,0.809,1133.4,244.2
2026-07-31T19:12:35.115414+00:00,1785525155.115,358.99,26.89,1.7549,3.53,-1.266,0.0,233.1
2026-07-31T19:12:35.619709+00:00,1785525155.620,359.50,26.12,1.7593,3.53,-1.266,0.0,233.1
2026-07-31T19:12:36.125512+00:00,1785525156.125,360.00,25.72,1.7615,3.70,0.191,588.1,233.1
2026-07-31T19:12:36.626772+00:00,1785525156.627,360.51,24.96,1.7659,3.70,0.191,566.4,233.1
2026-07-31T19:12:37.129987+00:00,1785525157.130,361.01,24.58,1.7681,3.70,0.191,555.5,233.1
2026-07-31T19:12:37.628772+00:00,1785525157.629,361.51,23.78,1.7725,3.70,0.191,533.1,233.1
2026-07-31T19:12:38.130809+00:00,1785525158.131,362.01,23.39,1.7747,2.96,-1.145,0.0,233.1
2026-07-31T19:12:38.627884+00:00,1785525158.628,362.51,22.96,1.7769,2.93,0.902,819.0,233.1
2026-07-31T19:12:39.130931+00:00,1785525159.131,363.01,21.99,1.7813,2.93,0.902,779.6,233.1
2026-07-31T19:12:39.631278+00:00,1785525159.631,363.51,21.48,1.7835,2.90,-2.883,0.0,233.1
2026-07-31T19:12:40.132824+00:00,1785525160.133,364.01,20.95,1.7857,2.90,-2.883,0.0,233.1
2026-07-31T19:12:40.628022+00:00,1785525160.628,364.51,20.51,1.7879,2.74,-1.059,0.0,233.1
2026-07-31T19:12:41.123975+00:00,1785525161.124,365.00,20.09,1.7901,2.74,-1.059,0.0,233.1
2026-07-31T19:12:41.630441+00:00,1785525161.630,365.51,19.45,1.7945,2.75,0.773,608.7,233.1
2026-07-31T19:12:42.135684+00:00,1785525162.136,366.01,19.24,1.7967,2.75,0.773,601.2,233.1
2026-07-31T19:12:42.633054+00:00,1785525162.633,366.51,19.13,1.7989,3.24,-0.812,0.0,233.1
2026-07-31T19:12:43.128221+00:00,1785525163.128,367.01,19.08,1.8011,4.62,-0.410,212.6,233.1
2026-07-31T19:12:43.626200+00:00,1785525163.626,367.51,19.08,1.8033,4.62,-0.410,212.6,233.1
2026-07-31T19:12:44.121628+00:00,1785525164.122,368.00,18.95,1.8055,5.46,-6.809,0.0,233.1
2026-07-31T19:12:44.619565+00:00,1785525164.620,368.50,18.77,1.8077,5.46,-6.809,0.0,244.2
2026-07-31T19:12:45.122473+00:00,1785525165.122,369.00,18.39,1.8099,6.88,-0.020,529.6,244.2
2026-07-31T19:12:45.625424+00:00,1785525165.625,369.50,17.78,1.8121,6.88,-0.020,510.2,244.2
2026-07-31T19:12:46.130264+00:00,1785525166.130,370.01,16.70,1.8143,6.66,-3.137,0.0,244.2
2026-07-31T19:12:46.625825+00:00,1785525166.626,370.50,15.60,1.8165,4.60,-1.199,0.0,244.2
2026-07-31T19:12:47.129756+00:00,1785525167.130,371.01,15.60,1.8165,4.60,-1.199,0.0,233.1
2026-07-31T19:12:47.630156+00:00,1785525167.630,371.51,14.74,1.8187,4.60,-1.199,0.0,233.1
2026-07-31T19:12:48.130851+00:00,1785525168.131,372.01,13.94,1.8209,4.60,-1.199,0.0,233.1
2026-07-31T19:12:48.637167+00:00,1785525168.637,372.52,13.19,1.8231,6.99,2.418,1118.4,233.1
2026-07-31T19:12:49.134335+00:00,1785525169.134,373.01,13.19,1.8231,6.99,2.418,1118.4,244.2
2026-07-31T19:12:49.636217+00:00,1785525169.636,373.52,12.53,1.8253,4.32,5.090,1704.0,244.2
2026-07-31T19:12:50.141466+00:00,1785525170.141,374.02,12.08,1.8275,2.57,1.250,489.1,233.1
2026-07-31T19:12:50.640025+00:00,1785525170.640,374.52,11.86,1.8297,2.57,1.250,480.0,233.1
2026-07-31T19:12:51.145933+00:00,1785525171.146,375.02,11.98,1.8319,9.78,-1.809,0.0,233.1
2026-07-31T19:12:51.641324+00:00,1785525171.641,375.52,11.98,1.8319,9.78,-1.809,0.0,244.2
2026-07-31T19:12:52.145110+00:00,1785525172.145,376.02,12.04,1.8341,11.63,1.305,924.1,244.2
2026-07-31T19:12:52.646528+00:00,1785525172.647,376.53,11.93,1.8363,11.63,1.305,915.3,255.3
2026-07-31T19:12:53.141678+00:00,1785525173.142,377.02,11.93,1.8363,9.97,2.949,1292.9,255.3
2026-07-31T19:12:53.643698+00:00,1785525173.644,377.52,11.73,1.8385,7.65,2.062,925.8,244.2
2026-07-31T19:12:54.142485+00:00,1785525174.142,378.02,11.65,1.8407,7.65,2.062,919.1,244.2
2026-07-31T19:12:54.643274+00:00,1785525174.643,378.52,11.66,1.8429,8.29,-0.492,261.2,244.2
2026-07-31T19:12:55.136193+00:00,1785525175.136,379.02,11.66,1.8429,8.29,-0.492,261.2,244.2
2026-07-31T19:12:55.639530+00:00,1785525175.640,379.52,11.61,1.8451,8.98,-0.957,166.2,244.2
2026-07-31T19:12:56.137562+00:00,1785525176.138,380.02,11.51,1.8473,8.98,-0.957,164.7,244.2
2026-07-31T19:12:56.638543+00:00,1785525176.639,380.52,11.51,1.8473,8.82,-1.148,106.8,244.2
2026-07-31T19:12:57.142343+00:00,1785525177.142,381.02,11.32,1.8495,8.82,-1.148,104.9,244.2
2026-07-31T19:12:57.642214+00:00,1785525177.642,381.52,11.28,1.8517,8.50,2.512,1043.3,244.2
2026-07-31T19:12:58.138769+00:00,1785525178.139,382.02,11.30,1.8539,8.00,3.543,1292.5,244.2
2026-07-31T19:12:58.630997+00:00,1785525178.631,382.51,11.30,1.8539,8.00,3.543,1292.5,244.2
2026-07-31T19:12:59.136431+00:00,1785525179.136,383.02,11.36,1.8561,8.07,2.324,983.8,244.2
2026-07-31T19:12:59.632839+00:00,1785525179.633,383.51,11.31,1.8583,8.07,2.324,978.7,244.2
2026-07-31T19:13:00.126493+00:00,1785525180.126,384.01,11.31,1.8583,8.07,2.324,978.7,244.2
2026-07-31T19:13:00.632631+00:00,1785525180.633,384.51,11.24,1.8605,8.07,2.324,972.8,244.2
2026-07-31T19:13:01.138321+00:00,1785525181.138,385.02,11.09,1.8627,7.11,-3.168,0.0,244.2
2026-07-31T19:13:01.635301+00:00,1785525181.635,385.51,11.09,1.8627,5.08,-1.367,0.0,244.2
2026-07-31T19:13:02.138117+00:00,1785525182.138,386.02,10.88,1.8648,5.08,-1.367,0.0,244.2
2026-07-31T19:13:02.643092+00:00,1785525182.643,386.52,10.73,1.8670,3.68,-0.852,0.0,244.2
2026-07-31T19:13:03.147631+00:00,1785525183.148,387.03,10.73,1.8670,3.68,-0.852,0.0,233.1
2026-07-31T19:13:03.647071+00:00,1785525183.647,387.53,10.61,1.8692,3.68,-0.852,0.0,233.1
2026-07-31T19:13:04.149186+00:00,1785525184.149,388.03,10.61,1.8714,3.68,-0.852,0.0,233.1
2026-07-31T19:13:04.649795+00:00,1785525184.650,388.53,10.61,1.8714,3.10,3.824,1081.0,233.1
2026-07-31T19:13:05.155525+00:00,1785525185.156,389.03,10.46,1.8736,1.52,-1.148,0.0,233.1
2026-07-31T19:13:05.649807+00:00,1785525185.650,389.53,10.46,1.8736,1.52,-1.148,0.0,222.0
2026-07-31T19:13:06.154689+00:00,1785525186.155,390.03,10.13,1.8758,1.01,0.711,220.3,222.0
2026-07-31T19:13:06.657317+00:00,1785525186.657,390.54,10.07,1.8780,1.01,0.711,219.0,222.0
2026-07-31T19:13:07.156805+00:00,1785525187.157,391.04,10.07,1.8780,5.78,0.480,352.2,222.0
2026-07-31T19:13:07.655890+00:00,1785525187.656,391.53,10.11,1.8802,5.78,0.480,353.5,244.2
2026-07-31T19:13:08.153766+00:00,1785525188.154,392.03,10.18,1.8824,5.78,0.480,356.1,244.2
2026-07-31T19:13:08.648301+00:00,1785525188.648,392.53,10.18,1.8824,6.60,-0.305,203.9,244.2
2026-07-31T19:13:09.148727+00:00,1785525189.149,393.03,10.36,1.8846,6.60,-0.305,207.7,244.2
2026-07-31T19:13:09.652371+00:00,1785525189.652,393.53,10.58,1.8868,6.60,-0.305,212.4,244.2
2026-07-31T19:13:10.154398+00:00,1785525190.154,394.03,10.77,1.8890,6.60,-0.305,216.5,244.2
2026-07-31T19:13:10.657723+00:00,1785525190.658,394.54,11.22,1.8912,6.60,-0.305,226.0,244.2
2026-07-31T19:13:11.156712+00:00,1785525191.157,395.04,12.09,1.8934,6.60,-0.305,244.7,244.2
2026-07-31T19:13:11.659665+00:00,1785525191.660,395.54,12.63,1.8956,6.60,-0.305,256.4,244.2
2026-07-31T19:13:12.164156+00:00,1785525192.164,396.04,13.22,1.8978,6.60,-0.305,269.4,244.2
2026-07-31T19:13:12.665501+00:00,1785525192.665,396.54,13.88,1.9000,3.77,0.750,469.5,244.2
2026-07-31T19:13:13.169340+00:00,1785525193.169,397.05,14.38,1.9022,3.24,0.742,455.1,233.1
2026-07-31T19:13:13.665611+00:00,1785525193.666,397.54,14.82,1.9044,3.24,0.742,469.8,233.1
2026-07-31T19:13:14.170029+00:00,1785525194.170,398.05,15.25,1.9066,3.67,-0.758,0.0,233.1
2026-07-31T19:13:14.665867+00:00,1785525194.666,398.54,15.65,1.9088,3.67,-0.758,0.0,233.1
2026-07-31T19:13:15.168735+00:00,1785525195.169,399.05,15.99,1.9110,3.11,0.359,360.4,233.1
2026-07-31T19:13:15.668490+00:00,1785525195.668,399.55,16.33,1.9132,3.11,0.359,369.0,233.1
2026-07-31T19:13:16.170118+00:00,1785525196.170,400.05,16.63,1.9154,2.98,-0.062,206.1,233.1
2026-07-31T19:13:16.673735+00:00,1785525196.674,400.55,16.88,1.9176,2.50,-0.109,159.9,233.1
2026-07-31T19:13:17.178262+00:00,1785525197.178,401.06,17.10,1.9198,2.50,-0.109,162.6,233.1
2026-07-31T19:13:17.682008+00:00,1785525197.682,401.56,17.24,1.9220,1.77,0.594,395.2,233.1
2026-07-31T19:13:18.182935+00:00,1785525198.183,402.06,17.41,1.9264,1.77,0.594,399.7,222.0
2026-07-31T19:13:18.687286+00:00,1785525198.687,402.57,17.52,1.9286,2.60,1.805,949.4,222.0
2026-07-31T19:13:19.183236+00:00,1785525199.183,403.06,17.58,1.9308,2.60,1.805,952.9,233.1
2026-07-31T19:13:19.688391+00:00,1785525199.688,403.57,17.69,1.9330,2.60,1.805,959.0,233.1
2026-07-31T19:13:20.190218+00:00,1785525200.190,404.07,17.78,1.9352,2.60,1.805,964.1,233.1
2026-07-31T19:13:20.687376+00:00,1785525200.687,404.57,17.83,1.9374,1.74,0.133,218.9,233.1
2026-07-31T19:13:21.191268+00:00,1785525201.191,405.07,17.89,1.9396,2.10,0.945,580.5,222.0
2026-07-31T19:13:21.691911+00:00,1785525201.692,405.57,17.97,1.9440,2.10,0.945,583.1,233.1
2026-07-31T19:13:22.187147+00:00,1785525202.187,406.07,18.10,1.9462,1.85,-0.234,77.4,233.1
2026-07-31T19:13:22.687473+00:00,1785525202.687,406.57,18.28,1.9484,1.85,-0.234,78.7,222.0
2026-07-31T19:13:23.187989+00:00,1785525203.188,407.07,18.46,1.9506,2.67,0.543,470.2,222.0
2026-07-31T19:13:23.688932+00:00,1785525203.689,407.57,18.61,1.9528,2.67,0.543,474.6,233.1
2026-07-31T19:13:24.191952+00:00,1785525204.192,408.07,18.99,1.9572,2.67,0.543,485.6,233.1
2026-07-31T19:13:24.689919+00:00,1785525204.690,408.57,19.20,1.9594,2.50,-0.484,23.7,233.1
2026-07-31T19:13:25.195726+00:00,1785525205.196,409.07,19.37,1.9616,2.50,-0.484,24.5,233.1
2026-07-31T19:13:25.695841+00:00,1785525205.696,409.57,19.42,1.9638,1.83,0.020,200.0,233.1
2026-07-31T19:13:26.201330+00:00,1785525206.201,410.08,19.48,1.9682,1.83,0.020,200.8,222.0
2026-07-31T19:13:26.703274+00:00,1785525206.703,410.58,19.52,1.9704,1.89,0.441,396.0,222.0
2026-07-31T19:13:27.201427+00:00,1785525207.201,411.08,19.53,1.9726,1.89,0.441,396.4,222.0
2026-07-31T19:13:27.702579+00:00,1785525207.703,411.58,19.57,1.9748,1.80,-0.625,0.0,222.0
2026-07-31T19:13:28.197726+00:00,1785525208.198,412.08,19.66,1.9792,1.80,-0.625,0.0,222.0
2026-07-31T19:13:28.699786+00:00,1785525208.700,412.58,19.73,1.9814,2.18,-0.500,0.0,222.0
2026-07-31T19:13:29.197051+00:00,1785525209.197,413.08,19.78,1.9836,2.10,0.133,277.7,233.1
2026-07-31T19:13:29.692468+00:00,1785525209.692,413.57,19.81,1.9858,2.10,0.133,278.2,233.1
2026-07-31T19:13:30.189051+00:00,1785525210.189,414.07,19.96,1.9902,2.28,0.426,429.5,233.1
2026-07-31T19:13:30.685355+00:00,1785525210.685,414.56,20.02,1.9924,2.28,0.426,430.9,233.1
2026-07-31T19:13:31.189865+00:00,1785525211.190,415.07,20.05,1.9946,2.28,0.426,431.8,233.1
2026-07-31T19:13:31.691806+00:00,1785525211.692,415.57,20.11,1.9968,2.28,0.426,433.1,233.1
2026-07-31T19:13:32.198762+00:00,1785525212.199,416.08,20.21,2.0012,2.47,-0.969,0.0,233.1
2026-07-31T19:13:32.703390+00:00,1785525212.703,416.58,20.25,2.0034,2.47,-0.969,0.0,233.1
2026-07-31T19:13:33.205984+00:00,1785525213.206,417.08,20.28,2.0056,2.44,0.410,442.8,233.1
2026-07-31T19:13:33.709034+00:00,1785525213.709,417.59,20.28,2.0100,2.39,-1.039,0.0,233.1
2026-07-31T19:13:34.209749+00:00,1785525214.210,418.09,20.28,2.0122,2.39,-1.039,0.0,233.1
2026-07-31T19:13:34.712326+00:00,1785525214.712,418.59,20.26,2.0144,2.72,-0.984,0.0,233.1
2026-07-31T19:13:35.210652+00:00,1785525215.211,419.09,20.22,2.0166,2.72,-0.984,0.0,233.1
2026-07-31T19:13:35.707899+00:00,1785525215.708,419.59,20.14,2.0210,2.06,0.816,598.9,233.1
2026-07-31T19:13:36.212031+00:00,1785525216.212,420.09,20.06,2.0232,2.06,0.816,596.2,233.1
2026-07-31T19:13:36.716966+00:00,1785525216.717,420.60,20.02,2.0254,1.70,1.012,657.0,233.1
2026-07-31T19:13:37.215222+00:00,1785525217.215,421.09,19.97,2.0276,2.21,-0.301,89.1,222.0
2026-07-31T19:13:37.712002+00:00,1785525217.712,421.59,19.98,2.0320,2.21,-0.301,89.2,233.1
2026-07-31T19:13:38.213867+00:00,1785525218.214,422.09,19.94,2.0342,2.20,-0.617,0.0,233.1
2026-07-31T19:13:38.717072+00:00,1785525218.717,422.60,19.95,2.0364,2.20,-0.617,0.0,233.1
2026-07-31T19:13:39.214218+00:00,1785525219.214,423.09,20.02,2.0408,2.34,0.410,428.8,233.1
2026-07-31T19:13:39.716118+00:00,1785525219.716,423.60,20.08,2.0430,2.34,0.410,430.2,233.1
2026-07-31T19:13:40.212879+00:00,1785525220.213,424.09,20.15,2.0452,2.47,-0.004,249.4,233.1
2026-07-31T19:13:40.712311+00:00,1785525220.712,424.59,20.23,2.0474,2.47,-0.004,250.7,233.1
2026-07-31T19:13:41.214223+00:00,1785525221.214,425.09,20.31,2.0518,2.60,-0.445,55.3,233.1
2026-07-31T19:13:41.720131+00:00,1785525221.720,425.60,20.36,2.0540,2.60,-0.445,55.7,233.1
2026-07-31T19:13:42.217771+00:00,1785525222.218,426.10,20.42,2.0562,2.60,-0.445,56.0,233.1
2026-07-31T19:13:42.721332+00:00,1785525222.721,426.60,20.35,2.0606,2.63,-0.602,0.0,233.1
2026-07-31T19:13:43.214955+00:00,1785525223.215,427.09,20.29,2.0628,2.63,-0.602,0.0,233.1
2026-07-31T19:13:43.717717+00:00,1785525223.718,427.60,20.21,2.0650,2.26,-0.371,62.4,233.1
2026-07-31T19:13:44.214007+00:00,1785525224.214,428.09,20.13,2.0672,2.26,-0.371,61.9,233.1
2026-07-31T19:13:44.713717+00:00,1785525224.714,428.59,19.92,2.0716,2.20,0.672,535.6,233.1
2026-07-31T19:13:45.218861+00:00,1785525225.219,429.10,19.79,2.0738,2.09,0.930,641.1,233.1
2026-07-31T19:13:45.715830+00:00,1785525225.716,429.59,19.70,2.0760,2.09,0.930,637.8,233.1
2026-07-31T19:13:46.215301+00:00,1785525226.215,430.09,19.62,2.0782,2.14,-0.059,190.7,233.1
2026-07-31T19:13:46.720466+00:00,1785525226.720,430.60,19.58,2.0804,2.14,-0.059,190.0,233.1
2026-07-31T19:13:47.222156+00:00,1785525227.222,431.10,19.52,2.0848,2.93,0.238,383.3,233.1
2026-07-31T19:13:47.717913+00:00,1785525227.718,431.60,19.47,2.0870,2.93,0.238,382.2,233.1
2026-07-31T19:13:48.224227+00:00,1785525228.224,432.10,19.42,2.0892,2.38,-0.027,220.2,233.1
2026-07-31T19:13:48.719053+00:00,1785525228.719,432.60,19.38,2.0914,2.38,-0.027,219.6,233.1
2026-07-31T19:13:49.220151+00:00,1785525229.220,433.10,19.28,2.0958,2.06,0.770,549.1,233.1
2026-07-31T19:13:49.716463+00:00,1785525229.716,433.60,19.22,2.0980,6.31,1.547,1209.8,233.1
2026-07-31T19:13:50.214681+00:00,1785525230.215,434.09,18.96,2.1002,6.31,1.547,1192.5,244.2
2026-07-31T19:13:50.713197+00:00,1785525230.713,434.59,18.69,2.1024,0.96,0.062,144.8,244.2
2026-07-31T19:13:51.210902+00:00,1785525231.211,435.09,18.52,2.1046,0.96,0.062,143.0,222.0
2026-07-31T19:13:51.710492+00:00,1785525231.710,435.59,18.37,2.1068,1.18,0.086,167.0,222.0
2026-07-31T19:13:52.207857+00:00,1785525232.208,436.09,18.27,2.1090,1.18,0.086,165.7,222.0
2026-07-31T19:13:52.706742+00:00,1785525232.707,436.59,18.21,2.1133,0.98,-0.734,0.0,222.0
2026-07-31T19:13:53.203092+00:00,1785525233.203,437.08,18.21,2.1155,2.30,-0.180,132.8,222.0
2026-07-31T19:13:53.708310+00:00,1785525233.708,437.59,18.40,2.1177,2.30,-0.180,134.8,233.1
2026-07-31T19:13:54.213860+00:00,1785525234.214,438.09,18.60,2.1199,2.66,-1.281,0.0,233.1
2026-07-31T19:13:54.715026+00:00,1785525234.715,438.59,18.76,2.1221,2.66,-1.281,0.0,233.1
2026-07-31T19:13:55.220731+00:00,1785525235.221,439.10,19.07,2.1265,2.62,-0.477,35.1,233.1
2026-07-31T19:13:55.717186+00:00,1785525235.717,439.60,19.17,2.1287,2.62,-0.477,35.7,233.1
2026-07-31T19:13:56.214768+00:00,1785525236.215,440.09,19.22,2.1309,2.33,0.664,520.5,233.1
2026-07-31T19:13:56.715756+00:00,1785525236.716,440.59,19.28,2.1331,2.33,0.664,522.4,233.1
2026-07-31T19:13:57.219475+00:00,1785525237.219,441.10,19.49,2.1375,1.67,1.059,656.2,233.1
2026-07-31T19:13:57.715285+00:00,1785525237.715,441.59,19.60,2.1397,2.38,-0.094,193.0,222.0
2026-07-31T19:13:58.213177+00:00,1785525238.213,442.09,19.71,2.1419,2.38,-0.094,194.4,233.1
2026-07-31T19:13:58.713763+00:00,1785525238.714,442.59,19.81,2.1441,2.55,-0.340,96.5,233.1
2026-07-31T19:13:59.210616+00:00,1785525239.211,443.09,19.94,2.1485,2.55,-0.340,97.7,233.1
2026-07-31T19:13:59.712247+00:00,1785525239.712,443.59,20.01,2.1507,2.36,-0.004,238.5,233.1
2026-07-31T19:14:00.206621+00:00,1785525240.207,444.09,20.03,2.1529,2.36,-0.004,238.9,233.1
2026-07-31T19:14:00.702623+00:00,1785525240.703,444.58,20.06,2.1551,2.36,-0.004,239.3,233.1
2026-07-31T19:14:01.199457+00:00,1785525241.199,445.08,20.04,2.1595,2.36,-0.004,238.9,233.1
2026-07-31T19:14:01.696897+00:00,1785525241.697,445.58,20.03,2.1617,2.36,-0.004,238.8,233.1
2026-07-31T19:14:02.200400+00:00,1785525242.200,446.08,20.04,2.1639,2.36,-0.004,239.1,233.1
2026-07-31T19:14:02.698041+00:00,1785525242.698,446.58,20.00,2.1661,2.39,0.586,513.4,233.1
2026-07-31T19:14:03.193577+00:00,1785525243.194,447.07,19.86,2.1705,1.92,0.234,311.3,233.1
2026-07-31T19:14:03.691493+00:00,1785525243.691,447.57,19.77,2.1727,1.92,0.234,309.4,222.0
2026-07-31T19:14:04.197430+00:00,1785525244.197,448.08,19.67,2.1749,1.52,1.004,626.8,222.0
2026-07-31T19:14:04.695765+00:00,1785525244.696,448.57,19.55,2.1771,1.52,1.004,622.5,222.0
2026-07-31T19:14:05.193847+00:00,1785525245.194,449.07,19.43,2.1793,1.20,-1.242,0.0,222.0
2026-07-31T19:14:05.698691+00:00,1785525245.699,449.58,19.30,2.1837,1.20,-1.242,0.0,222.0
2026-07-31T19:14:06.201328+00:00,1785525246.201,450.08,19.29,2.1859,1.65,-0.465,0.0,222.0
2026-07-31T19:14:06.701626+00:00,1785525246.702,450.58,19.29,2.1881,2.10,0.098,253.2,222.0
2026-07-31T19:14:07.198469+00:00,1785525247.198,451.08,19.31,2.1903,2.10,0.098,253.6,233.1
2026-07-31T19:14:07.698877+00:00,1785525247.699,451.58,19.33,2.1947,2.34,-0.891,0.0,233.1
2026-07-31T19:14:08.203400+00:00,1785525248.203,452.08,19.35,2.1969,2.34,-0.891,0.0,233.1
2026-07-31T19:14:08.707869+00:00,1785525248.708,452.59,19.37,2.1991,2.34,-0.891,0.0,233.1
2026-07-31T19:14:09.211964+00:00,1785525249.212,453.09,19.34,2.2013,2.34,-0.891,0.0,233.1
2026-07-31T19:14:09.714524+00:00,1785525249.715,453.59,19.29,2.2057,2.15,0.418,400.0,233.1
2026-07-31T19:14:10.211065+00:00,1785525250.211,454.09,19.27,2.2079,2.13,0.035,227.6,233.1
2026-07-31T19:14:10.716936+00:00,1785525250.717,454.60,19.26,2.2101,2.13,0.035,227.5,233.1
2026-07-31T19:14:11.219602+00:00,1785525251.220,455.10,19.27,2.2123,1.75,-0.410,0.0,233.1
2026-07-31T19:14:11.712221+00:00,1785525251.712,455.59,19.29,2.2145,1.75,-0.410,0.0,222.0
2026-07-31T19:14:12.217741+00:00,1785525252.218,456.10,19.32,2.2189,2.19,-0.348,61.6,222.0
2026-07-31T19:14:12.723029+00:00,1785525252.723,456.60,19.32,2.2211,2.19,-0.348,61.6,233.1
2026-07-31T19:14:13.230128+00:00,1785525253.230,457.11,19.31,2.2233,1.50,1.066,640.7,233.1
2026-07-31T19:14:13.724911+00:00,1785525253.725,457.60,19.34,2.2255,1.64,-0.352,18.4,222.0
2026-07-31T19:14:14.218727+00:00,1785525254.219,458.10,19.38,2.2299,1.64,-0.352,18.6,222.0
2026-07-31T19:14:14.716203+00:00,1785525254.716,458.60,19.41,2.2321,1.94,-1.574,0.0,222.0
2026-07-31T19:14:15.219364+00:00,1785525255.219,459.10,19.45,2.2343,1.94,-1.574,0.0,222.0
2026-07-31T19:14:15.723316+00:00,1785525255.723,459.60,19.50,2.2365,2.22,-0.043,202.5,222.0
2026-07-31T19:14:16.227418+00:00,1785525256.227,460.11,19.60,2.2409,2.22,-0.043,203.9,233.1
2026-07-31T19:14:16.725364+00:00,1785525256.725,460.60,19.61,2.2431,2.07,0.586,477.6,233.1
2026-07-31T19:14:17.230962+00:00,1785525257.231,461.11,19.62,2.2453,2.86,-0.332,121.7,233.1
2026-07-31T19:14:17.736293+00:00,1785525257.736,461.62,19.62,2.2475,2.86,-0.332,121.7,233.1
2026-07-31T19:14:18.235497+00:00,1785525258.235,462.11,19.57,2.2497,2.23,-0.793,0.0,233.1
2026-07-31T19:14:18.738493+00:00,1785525258.738,462.62,19.49,2.2541,2.23,-0.793,0.0,233.1
2026-07-31T19:14:19.234847+00:00,1785525259.235,463.11,19.47,2.2563,1.64,0.020,186.4,233.1
2026-07-31T19:14:19.739711+00:00,1785525259.740,463.62,19.45,2.2585,1.64,0.020,186.2,222.0
2026-07-31T19:14:20.240847+00:00,1785525260.241,464.12,19.43,2.2607,1.85,-0.402,12.2,222.0
2026-07-31T19:14:20.736839+00:00,1785525260.737,464.62,19.42,2.2651,1.85,-0.402,12.1,222.0
2026-07-31T19:14:21.235990+00:00,1785525261.236,465.12,19.48,2.2673,1.91,0.219,296.3,222.0
2026-07-31T19:14:21.739568+00:00,1785525261.740,465.62,19.52,2.2695,2.16,0.648,510.3,222.0
2026-07-31T19:14:22.241013+00:00,1785525262.241,466.12,19.57,2.2717,2.16,0.648,511.6,233.1
2026-07-31T19:14:22.745601+00:00,1785525262.746,466.62,19.64,2.2761,2.28,-0.348,71.2,233.1
2026-07-31T19:14:23.244936+00:00,1785525263.245,467.12,19.67,2.2783,2.28,-0.348,71.4,233.1
2026-07-31T19:14:23.740677+00:00,1785525263.741,467.62,19.67,2.2805,2.29,1.105,731.9,233.1
2026-07-31T19:14:24.243390+00:00,1785525264.243,468.12,19.68,2.2827,2.29,1.105,731.9,233.1
2026-07-31T19:14:24.746206+00:00,1785525264.746,468.63,19.58,2.2871,1.82,0.539,436.4,233.1
2026-07-31T19:14:25.241357+00:00,1785525265.241,469.12,19.55,2.2893,2.01,-0.113,155.4,222.0
2026-07-31T19:14:25.735397+00:00,1785525265.735,469.61,19.51,2.2915,2.01,-0.113,155.0,233.1
2026-07-31T19:14:26.239789+00:00,1785525266.240,470.12,19.49,2.2937,2.42,-1.504,0.0,233.1
2026-07-31T19:14:26.741408+00:00,1785525266.741,470.62,19.48,2.2959,2.42,-1.504,0.0,233.1
2026-07-31T19:14:27.238935+00:00,1785525267.239,471.12,19.46,2.3003,1.94,0.844,579.2,233.1
2026-07-31T19:14:27.744031+00:00,1785525267.744,471.62,19.49,2.3025,1.94,0.844,580.0,222.0
2026-07-31T19:14:28.250432+00:00,1785525268.250,472.13,19.51,2.3047,1.93,-0.746,0.0,222.0
2026-07-31T19:14:28.744178+00:00,1785525268.744,472.62,19.52,2.3069,1.93,-0.746,0.0,222.0
2026-07-31T19:14:29.240682+00:00,1785525269.241,473.12,19.55,2.3113,1.87,-0.340,42.8,222.0
2026-07-31T19:14:29.735318+00:00,1785525269.735,473.61,19.52,2.3135,1.87,-0.340,42.6,222.0
2026-07-31T19:14:30.233490+00:00,1785525270.233,474.11,19.50,2.3157,1.87,-0.340,42.5,222.0
2026-07-31T19:14:30.736716+00:00,1785525270.737,474.62,19.50,2.3179,1.70,-0.941,0.0,222.0
2026-07-31T19:14:31.239155+00:00,1785525271.239,475.12,19.42,2.3223,1.70,-0.941,0.0,222.0
2026-07-31T19:14:31.741752+00:00,1785525271.742,475.62,19.38,2.3245,1.76,0.922,598.0,222.0
2026-07-31T19:14:32.237827+00:00,1785525272.238,476.12,19.31,2.3267,1.76,0.922,595.5,222.0
2026-07-31T19:14:32.744537+00:00,1785525272.745,476.62,19.21,2.3289,1.81,0.188,270.2,222.0
2026-07-31T19:14:33.245926+00:00,1785525273.246,477.12,19.08,2.3311,0.93,0.121,173.4,222.0
2026-07-31T19:14:33.748691+00:00,1785525273.749,477.63,18.99,2.3333,0.93,0.121,172.3,222.0
2026-07-31T19:14:34.252766+00:00,1785525274.253,478.13,18.85,2.3377,0.04,0.617,320.4,222.0
2026-07-31T19:14:34.749307+00:00,1785525274.749,478.63,18.91,2.3399,0.04,0.617,321.5,222.0
2026-07-31T19:14:35.253338+00:00,1785525275.253,479.13,18.88,2.3421,1.49,-0.855,0.0,222.0
2026-07-31T19:14:35.757502+00:00,1785525275.757,479.64,18.90,2.3443,1.49,-0.855,0.0,222.0
2026-07-31T19:14:36.262180+00:00,1785525276.262,480.14,19.12,2.3487,1.17,-0.043,119.0,222.0
2026-07-31T19:14:36.759598+00:00,1785525276.760,480.64,19.25,2.3509,1.17,-0.043,120.2,222.0
2026-07-31T19:14:37.259466+00:00,1785525277.259,481.14,19.40,2.3531,1.46,0.277,286.9,222.0
2026-07-31T19:14:37.758210+00:00,1785525277.758,481.64,19.48,2.3553,1.19,-0.082,106.4,222.0
2026-07-31T19:14:38.254009+00:00,1785525278.254,482.13,19.61,2.3597,1.19,-0.082,107.6,222.0
2026-07-31T19:14:38.752859+00:00,1785525278.753,482.63,19.72,2.3618,1.96,0.418,395.2,222.0
2026-07-31T19:14:39.250214+00:00,1785525279.250,483.13,19.79,2.3640,1.96,0.418,397.0,222.0
2026-07-31T19:14:39.751525+00:00,1785525279.752,483.63,19.81,2.3662,1.78,-0.090,151.1,222.0
2026-07-31T19:14:40.249912+00:00,1785525280.250,484.13,19.82,2.3706,1.78,-0.090,151.2,222.0
2026-07-31T19:14:40.748070+00:00,1785525280.748,484.63,19.81,2.3728,1.78,-0.090,151.1,222.0
2026-07-31T19:14:41.249165+00:00,1785525281.249,485.13,19.79,2.3750,1.78,-0.090,150.8,222.0
2026-07-31T19:14:41.748931+00:00,1785525281.749,485.63,19.75,2.3772,1.78,-0.090,150.4,222.0
2026-07-31T19:14:42.250428+00:00,1785525282.250,486.13,19.67,2.3816,1.03,0.461,342.1,222.0
2026-07-31T19:14:42.746056+00:00,1785525282.746,486.63,19.66,2.3838,1.03,0.461,341.9,222.0
2026-07-31T19:14:43.250756+00:00,1785525283.251,487.13,19.63,2.3860,1.02,0.238,240.3,222.0
2026-07-31T19:14:43.747966+00:00,1785525283.748,487.63,19.63,2.3882,1.02,0.238,240.4,222.0
2026-07-31T19:14:44.246865+00:00,1785525284.247,488.13,19.65,2.3904,1.19,0.270,267.6,222.0
2026-07-31T19:14:44.743012+00:00,1785525284.743,488.62,19.68,2.3948,1.19,0.270,268.2,222.0
2026-07-31T19:14:45.244894+00:00,1785525285.245,489.12,19.68,2.3970,1.05,-0.137,73.0,222.0
2026-07-31T19:14:45.741771+00:00,1785525285.742,489.62,19.71,2.3992,0.98,0.086,168.8,222.0
2026-07-31T19:14:46.238140+00:00,1785525286.238,490.12,19.73,2.4014,0.98,0.086,168.9,222.0
2026-07-31T19:14:46.736743+00:00,1785525286.737,490.62,19.80,2.4058,0.62,-0.332,0.0,222.0
2026-07-31T19:14:47.231646+00:00,1785525287.232,491.11,19.87,2.4080,0.62,-0.332,0.0,222.0
2026-07-31T19:14:47.734293+00:00,1785525287.734,491.61,19.99,2.4102,2.11,0.098,265.3,222.0
2026-07-31T19:14:48.236002+00:00,1785525288.236,492.12,19.99,2.4146,2.11,0.098,265.4,233.1
2026-07-31T19:14:48.741186+00:00,1785525288.741,492.62,20.02,2.4168,1.12,0.461,356.8,233.1
2026-07-31T19:14:49.247817+00:00,1785525289.248,493.13,20.04,2.4190,0.59,1.867,967.1,222.0
2026-07-31T19:14:49.748329+00:00,1785525289.748,493.63,20.03,2.4212,0.59,1.867,966.7,222.0
2026-07-31T19:14:50.247976+00:00,1785525290.248,494.13,19.93,2.4256,1.88,-0.793,0.0,222.0
2026-07-31T19:14:50.752671+00:00,1785525290.753,494.63,19.77,2.4278,1.88,-0.793,0.0,222.0
2026-07-31T19:14:51.257760+00:00,1785525291.258,495.14,19.63,2.4300,0.62,-0.023,90.7,222.0
2026-07-31T19:14:51.762861+00:00,1785525291.763,495.64,19.48,2.4322,0.62,-0.023,89.4,222.0
2026-07-31T19:14:52.262705+00:00,1785525292.263,496.14,19.30,2.4344,0.72,-0.223,6.7,222.0
2026-07-31T19:14:52.758301+00:00,1785525292.758,496.64,19.10,2.4366,0.61,0.062,123.5,222.0
2026-07-31T19:14:53.256230+00:00,1785525293.256,497.14,18.74,2.4410,0.61,0.062,120.0,222.0
2026-07-31T19:14:53.755728+00:00,1785525293.756,497.63,18.61,2.4432,0.61,0.062,118.7,222.0
2026-07-31T19:14:54.255787+00:00,1785525294.256,498.13,18.56,2.4454,0.61,0.062,118.3,222.0
2026-07-31T19:14:54.756207+00:00,1785525294.756,498.64,18.56,2.4476,0.89,0.293,237.5,222.0
2026-07-31T19:14:55.251043+00:00,1785525295.251,499.13,18.60,2.4498,0.89,0.293,238.2,222.0
2026-07-31T19:14:55.750551+00:00,1785525295.751,499.63,18.77,2.4542,0.85,-0.480,0.0,222.0
2026-07-31T19:14:56.245125+00:00,1785525296.245,500.12,18.96,2.4564,0.85,-0.480,0.0,222.0
2026-07-31T19:14:56.749961+00:00,1785525296.750,500.63,19.03,2.4586,1.60,-0.312,31.8,222.0
2026-07-31T19:14:57.248010+00:00,1785525297.248,501.13,19.12,2.4608,1.40,0.125,210.2,222.0
2026-07-31T19:14:57.752162+00:00,1785525297.752,501.63,19.20,2.4630,1.40,0.125,211.3,222.0
2026-07-31T19:14:58.256320+00:00,1785525298.256,502.14,19.30,2.4674,1.45,0.406,342.0,222.0
2026-07-31T19:14:58.754648+00:00,1785525298.755,502.63,19.31,2.4696,1.45,0.406,342.1,222.0
2026-07-31T19:14:59.258918+00:00,1785525299.259,503.14,19.28,2.4718,0.97,0.215,220.1,222.0
2026-07-31T19:14:59.753837+00:00,1785525299.754,503.63,19.28,2.4740,0.97,0.215,220.1,222.0
2026-07-31T19:15:00.250137+00:00,1785525300.250,504.13,19.31,2.4784,0.79,-0.121,57.5,222.0
2026-07-31T19:15:00.747662+00:00,1785525300.748,504.63,19.35,2.4806,0.79,-0.121,57.8,222.0
2026-07-31T19:15:01.248355+00:00,1785525301.248,505.13,19.38,2.4828,1.28,0.207,241.5,222.0
2026-07-31T19:15:01.749796+00:00,1785525301.750,505.63,19.39,2.4850,1.29,-0.035,133.9,222.0
2026-07-31T19:15:02.244099+00:00,1785525302.244,506.12,19.51,2.4894,1.29,-0.035,135.1,222.0
2026-07-31T19:15:02.748082+00:00,1785525302.748,506.63,19.53,2.4916,1.52,-0.266,49.4,222.0
2026-07-31T19:15:03.242759+00:00,1785525303.243,507.12,19.53,2.4938,1.52,-0.266,49.4,222.0
2026-07-31T19:15:03.748376+00:00,1785525303.748,507.63,19.51,2.4960,0.60,-0.152,29.9,222.0
2026-07-31T19:15:04.246876+00:00,1785525304.247,508.13,19.50,2.4982,0.60,-0.152,29.8,222.0
2026-07-31T19:15:04.742238+00:00,1785525304.742,508.62,19.48,2.5026,0.70,-0.980,0.0,222.0
2026-07-31T19:15:05.238428+00:00,1785525305.238,509.12,19.43,2.5048,1.00,-0.453,0.0,222.0
2026-07-31T19:15:05.743803+00:00,1785525305.744,509.62,19.35,2.5070,1.00,-0.453,0.0,222.0
2026-07-31T19:15:06.239385+00:00,1785525306.239,510.12,19.25,2.5092,0.62,-0.246,0.0,222.0
2026-07-31T19:15:06.734238+00:00,1785525306.734,510.61,19.17,2.5114,0.62,-0.246,0.0,222.0
2026-07-31T19:15:07.239317+00:00,1785525307.239,511.12,18.89,2.5158,0.58,0.367,252.4,222.0
2026-07-31T19:15:07.740418+00:00,1785525307.740,511.62,18.72,2.5180,0.58,0.367,249.5,222.0
2026-07-31T19:15:08.244770+00:00,1785525308.245,512.12,18.56,2.5202,0.75,0.488,311.1,222.0
2026-07-31T19:15:08.741920+00:00,1785525308.742,512.62,18.37,2.5224,0.75,0.488,307.4,222.0
2026-07-31T19:15:09.243681+00:00,1785525309.244,513.12,18.18,2.5246,0.49,0.281,197.8,222.0
2026-07-31T19:15:09.741311+00:00,1785525309.741,513.62,18.03,2.5268,0.89,-0.246,4.7,222.0
2026-07-31T19:15:10.236633+00:00,1785525310.237,514.12,17.87,2.5290,0.89,-0.246,4.1,222.0
2026-07-31T19:15:10.734813+00:00,1785525310.735,514.61,17.67,2.5312,0.52,0.031,91.2,222.0
2026-07-31T19:15:11.230698+00:00,1785525311.231,515.11,17.47,2.5334,0.52,0.031,89.5,222.0
2026-07-31T19:15:11.732949+00:00,1785525311.733,515.61,17.29,2.5356,0.21,0.000,54.8,222.0
2026-07-31T19:15:12.230008+00:00,1785525312.230,516.11,17.11,2.5378,0.21,0.000,53.7,222.0
2026-07-31T19:15:12.731480+00:00,1785525312.731,516.61,17.00,2.5400,0.18,0.723,335.0,222.0
2026-07-31T19:15:13.233359+00:00,1785525313.233,517.11,16.82,2.5444,0.24,0.047,72.2,222.0
2026-07-31T19:15:13.735697+00:00,1785525313.736,517.61,16.85,2.5466,0.24,0.047,72.4,222.0
2026-07-31T19:15:14.241345+00:00,1785525314.241,518.12,16.76,2.5488,5.74,0.121,459.0,222.0
2026-07-31T19:15:14.743290+00:00,1785525314.743,518.62,16.75,2.5510,5.74,0.121,458.5,244.2
2026-07-31T19:15:15.246800+00:00,1785525315.247,519.13,16.89,2.5532,9.25,1.008,1037.9,244.2
2026-07-31T19:15:15.741881+00:00,1785525315.742,519.62,16.91,2.5554,9.25,1.008,1039.2,244.2
2026-07-31T19:15:16.242677+00:00,1785525316.243,520.12,16.91,2.5576,9.27,1.055,1058.5,244.2
2026-07-31T19:15:16.743991+00:00,1785525316.744,520.62,16.90,2.5598,9.27,1.055,1058.0,244.2
2026-07-31T19:15:17.242436+00:00,1785525317.242,521.12,16.96,2.5620,7.20,0.750,807.4,244.2
2026-07-31T19:15:17.748363+00:00,1785525317.748,521.63,16.87,2.5642,6.33,0.707,728.7,244.2
2026-07-31T19:15:18.249955+00:00,1785525318.250,522.13,17.02,2.5664,6.33,0.707,735.6,244.2
2026-07-31T19:15:18.755534+00:00,1785525318.756,522.63,17.13,2.5686,6.33,0.707,741.0,244.2
2026-07-31T19:15:19.252260+00:00,1785525319.252,523.13,17.12,2.5730,6.33,0.707,740.2,244.2
2026-07-31T19:15:19.757917+00:00,1785525319.758,523.64,17.19,2.5752,5.24,-0.953,11.9,244.2
2026-07-31T19:15:20.255760+00:00,1785525320.256,524.13,17.23,2.5774,5.24,-0.953,12.0,244.2
2026-07-31T19:15:20.755897+00:00,1785525320.756,524.63,17.21,2.5796,4.58,0.859,688.5,244.2
2026-07-31T19:15:21.262435+00:00,1785525321.262,525.14,17.16,2.5818,4.58,0.859,686.3,233.1
2026-07-31T19:15:21.761603+00:00,1785525321.762,525.64,17.04,2.5840,4.23,-0.266,215.0,233.1
2026-07-31T19:15:22.264832+00:00,1785525322.265,526.14,16.91,2.5862,4.23,-0.266,213.0,233.1
2026-07-31T19:15:22.766591+00:00,1785525322.767,526.65,16.77,2.5884,4.23,-0.266,210.9,233.1
2026-07-31T19:15:23.271468+00:00,1785525323.271,527.15,16.67,2.5906,3.89,-0.711,16.1,233.1
2026-07-31T19:15:23.774640+00:00,1785525323.775,527.65,16.49,2.5928,3.89,-0.711,15.5,233.1
2026-07-31T19:15:24.277722+00:00,1785525324.278,528.16,16.40,2.5950,3.76,-0.336,149.3,233.1
2026-07-31T19:15:24.782446+00:00,1785525324.782,528.66,16.29,2.5972,3.76,-0.336,148.0,233.1
2026-07-31T19:15:25.287361+00:00,1785525325.287,529.17,16.23,2.5994,3.76,-0.336,147.3,233.1
2026-07-31T19:15:25.784244+00:00,1785525325.784,529.66,16.15,2.6016,3.76,-0.336,146.4,233.1
2026-07-31T19:15:26.286035+00:00,1785525326.286,530.16,16.09,2.6038,4.46,1.223,768.3,233.1
2026-07-31T19:15:26.789993+00:00,1785525326.790,530.67,16.02,2.6060,4.46,1.223,764.7,233.1
2026-07-31T19:15:27.288607+00:00,1785525327.289,531.17,15.95,2.6082,3.63,0.559,465.2,233.1
2026-07-31T19:15:27.789172+00:00,1785525327.789,531.67,15.91,2.6103,4.58,0.348,444.9,233.1
2026-07-31T19:15:28.285342+00:00,1785525328.285,532.16,15.82,2.6125,4.58,0.348,442.4,233.1
2026-07-31T19:15:28.790320+00:00,1785525328.790,532.67,15.77,2.6147,4.19,-0.426,135.1,233.1
2026-07-31T19:15:29.284908+00:00,1785525329.285,533.16,15.70,2.6169,4.19,-0.426,134.3,233.1
2026-07-31T19:15:29.780649+00:00,1785525329.781,533.66,15.64,2.6191,4.29,1.227,736.9,233.1
2026-07-31T19:15:30.281831+00:00,1785525330.282,534.16,15.55,2.6213,4.29,1.227,732.3,233.1
2026-07-31T19:15:30.784109+00:00,1785525330.784,534.66,15.48,2.6235,4.29,1.227,729.2,233.1
2026-07-31T19:15:31.283688+00:00,1785525331.284,535.16,15.38,2.6257,4.29,1.227,723.9,233.1
2026-07-31T19:15:31.779531+00:00,1785525331.780,535.66,15.27,2.6279,4.14,-0.105,239.8,233.1
2026-07-31T19:15:32.279028+00:00,1785525332.279,536.16,15.15,2.6301,4.14,-0.105,237.6,233.1
2026-07-31T19:15:32.776995+00:00,1785525332.777,536.66,15.08,2.6323,3.71,0.566,445.5,233.1
2026-07-31T19:15:33.280099+00:00,1785525333.280,537.16,14.98,2.6345,4.82,1.207,728.3,233.1
2026-07-31T19:15:33.781503+00:00,1785525333.781,537.66,14.98,2.6345,4.82,1.207,728.3,233.1
2026-07-31T19:15:34.284228+00:00,1785525334.284,538.16,14.94,2.6367,7.29,1.379,928.8,233.1
2026-07-31T19:15:34.779660+00:00,1785525334.780,538.66,14.78,2.6389,7.29,1.379,918.7,244.2
2026-07-31T19:15:35.276829+00:00,1785525335.277,539.16,14.64,2.6411,7.25,0.891,742.5,244.2
2026-07-31T19:15:35.775668+00:00,1785525335.776,539.65,14.59,2.6433,7.25,0.891,739.8,244.2
2026-07-31T19:15:36.280013+00:00,1785525336.280,540.16,14.57,2.6455,7.25,0.891,738.8,244.2
2026-07-31T19:15:36.778196+00:00,1785525336.778,540.66,14.62,2.6477,6.68,1.242,827.1,244.2
2026-07-31T19:15:37.279831+00:00,1785525337.280,541.16,14.61,2.6499,6.68,1.242,826.8,244.2
2026-07-31T19:15:37.776831+00:00,1785525337.777,541.66,14.67,2.6521,5.56,0.570,539.2,244.2
2026-07-31T19:15:38.277951+00:00,1785525338.278,542.16,14.68,2.6543,5.56,0.570,539.6,244.2
2026-07-31T19:15:38.780793+00:00,1785525338.781,542.66,14.84,2.6565,4.26,-0.184,212.5,244.2
2026-07-31T19:15:39.285633+00:00,1785525339.286,543.16,15.01,2.6587,4.26,-0.184,215.3,233.1
2026-07-31T19:15:39.784770+00:00,1785525339.785,543.66,15.11,2.6609,4.08,1.020,626.0,233.1
2026-07-31T19:15:40.288780+00:00,1785525340.289,544.17,15.18,2.6631,4.08,1.020,629.0,233.1
2026-07-31T19:15:40.793563+00:00,1785525340.794,544.67,15.22,2.6653,3.12,0.227,295.5,233.1
2026-07-31T19:15:41.296963+00:00,1785525341.297,545.18,15.26,2.6675,3.22,-0.738,0.0,233.1
2026-07-31T19:15:41.798598+00:00,1785525341.799,545.68,15.29,2.6697,3.22,-0.738,0.0,233.1
2026-07-31T19:15:42.305315+00:00,1785525342.305,546.18,15.29,2.6719,3.12,0.375,349.2,233.1
2026-07-31T19:15:42.800406+00:00,1785525342.800,546.68,15.25,2.6741,3.12,0.375,348.4,233.1
2026-07-31T19:15:43.304313+00:00,1785525343.304,547.18,15.23,2.6763,2.34,0.156,224.6,233.1
2026-07-31T19:15:43.800808+00:00,1785525343.801,547.68,15.23,2.6763,2.34,0.156,224.6,233.1
2026-07-31T19:15:44.300840+00:00,1785525344.301,548.18,15.24,2.6785,1.30,0.086,138.6,233.1
2026-07-31T19:15:44.798846+00:00,1785525344.799,548.68,15.31,2.6807,1.07,0.359,221.7,222.0
2026-07-31T19:15:45.304541+00:00,1785525345.305,549.18,15.53,2.6851,1.07,0.359,225.5,222.0
2026-07-31T19:15:45.808178+00:00,1785525345.808,549.69,15.71,2.6873,1.07,0.359,228.5,222.0
2026-07-31T19:15:46.308993+00:00,1785525346.309,550.19,15.96,2.6895,1.07,0.359,232.7,222.0
2026-07-31T19:15:46.810219+00:00,1785525346.810,550.69,16.26,2.6917,1.83,0.086,183.3,222.0
2026-07-31T19:15:47.305092+00:00,1785525347.305,551.18,16.56,2.6939,1.83,0.086,187.4,222.0
2026-07-31T19:15:47.802634+00:00,1785525347.803,551.68,16.90,2.6961,1.83,0.086,192.2,222.0
2026-07-31T19:15:48.299115+00:00,1785525348.299,552.18,17.23,2.6983,1.83,0.086,196.9,222.0
2026-07-31T19:15:48.798345+00:00,1785525348.798,552.68,17.60,2.7005,0.69,0.238,186.1,222.0
2026-07-31T19:15:49.295565+00:00,1785525349.296,553.17,18.34,2.7049,1.07,-0.672,0.0,222.0
2026-07-31T19:15:49.796593+00:00,1785525349.797,553.68,18.80,2.7071,1.07,-0.672,0.0,222.0
2026-07-31T19:15:50.292784+00:00,1785525350.293,554.17,19.30,2.7093,1.40,-0.879,0.0,222.0
2026-07-31T19:15:50.798830+00:00,1785525350.799,554.68,20.52,2.7137,1.40,-0.879,0.0,222.0
2026-07-31T19:15:51.302578+00:00,1785525351.303,555.18,21.21,2.7159,1.74,-0.570,0.0,222.0
2026-07-31T19:15:51.800142+00:00,1785525351.800,555.68,22.68,2.7203,1.74,-0.570,0.0,222.0
2026-07-31T19:15:52.304432+00:00,1785525352.304,556.18,24.23,2.7247,3.19,-0.121,323.5,222.0
2026-07-31T19:15:52.807256+00:00,1785525352.807,556.69,25.68,2.7291,3.32,0.598,790.0,233.1
2026-07-31T19:15:53.312036+00:00,1785525353.312,557.19,26.35,2.7313,3.32,0.598,815.0,233.1
2026-07-31T19:15:53.808034+00:00,1785525353.808,557.69,27.53,2.7357,3.79,0.105,598.0,233.1
2026-07-31T19:15:54.311568+00:00,1785525354.312,558.19,28.21,2.7401,3.79,0.105,617.9,233.1
2026-07-31T19:15:54.818671+00:00,1785525354.819,558.70,28.58,2.7445,3.42,2.027,1855.8,233.1
2026-07-31T19:15:55.322390+00:00,1785525355.322,559.20,28.68,2.7489,3.42,2.027,1863.1,233.1
2026-07-31T19:15:55.817674+00:00,1785525355.818,559.70,28.71,2.7511,3.02,1.926,1753.2,233.1
2026-07-31T19:15:56.321076+00:00,1785525356.321,560.20,28.47,2.7555,3.02,1.926,1736.0,233.1
2026-07-31T19:15:56.816765+00:00,1785525356.817,560.70,28.19,2.7599,2.06,-0.648,0.0,233.1
2026-07-31T19:15:57.315457+00:00,1785525357.315,561.19,27.87,2.7643,1.14,0.055,286.7,233.1
2026-07-31T19:15:57.814246+00:00,1785525357.814,561.69,27.68,2.7665,1.14,0.055,283.3,222.0
2026-07-31T19:15:58.310550+00:00,1785525358.311,562.19,27.65,2.7709,0.66,0.289,381.3,222.0
2026-07-31T19:15:58.806178+00:00,1785525358.806,562.69,26.99,2.7753,0.66,0.289,367.5,222.0
2026-07-31T19:15:59.312517+00:00,1785525359.313,563.19,26.83,2.7775,0.66,0.289,364.2,222.0
2026-07-31T19:15:59.814655+00:00,1785525359.815,563.69,26.52,2.7819,0.66,0.289,358.0,222.0
2026-07-31T19:16:00.320422+00:00,1785525360.320,564.20,26.24,2.7863,0.66,0.289,352.3,222.0
2026-07-31T19:16:00.815699+00:00,1785525360.816,564.69,26.02,2.7885,0.66,0.289,348.1,222.0
2026-07-31T19:16:01.319954+00:00,1785525361.320,565.20,25.65,2.7929,0.19,-0.293,0.0,222.0
2026-07-31T19:16:01.817196+00:00,1785525361.817,565.70,25.45,2.7951,0.24,0.297,300.1,222.0
2026-07-31T19:16:02.316701+00:00,1785525362.317,566.20,25.00,2.7995,0.24,0.297,292.2,222.0
2026-07-31T19:16:02.812399+00:00,1785525362.812,566.69,24.77,2.8017,0.61,0.742,578.5,222.0
2026-07-31T19:16:03.314238+00:00,1785525363.314,567.19,24.30,2.8061,0.61,0.742,564.8,222.0
2026-07-31T19:16:03.814559+00:00,1785525363.815,567.69,24.08,2.8083,0.45,-0.078,87.2,222.0
2026-07-31T19:16:04.310321+00:00,1785525364.310,568.19,23.61,2.8127,0.45,-0.078,83.0,222.0
2026-07-31T19:16:04.812105+00:00,1785525364.812,568.69,23.36,2.8149,0.72,-0.086,100.6,222.0
2026-07-31T19:16:05.308982+00:00,1785525365.309,569.19,22.82,2.8193,0.72,-0.086,95.6,222.0
2026-07-31T19:16:05.812741+00:00,1785525365.813,569.69,22.47,2.8215,0.72,-0.707,0.0,222.0
2026-07-31T19:16:06.307673+00:00,1785525366.308,570.19,22.19,2.8237,0.29,0.227,213.1,222.0
2026-07-31T19:16:06.802322+00:00,1785525366.802,570.68,21.84,2.8259,0.29,0.227,208.3,222.0
2026-07-31T19:16:07.308287+00:00,1785525367.308,571.19,21.27,2.8303,0.29,0.227,200.3,222.0
2026-07-31T19:16:07.807517+00:00,1785525367.808,571.69,20.99,2.8325,0.29,0.227,196.6,222.0
2026-07-31T19:16:08.313991+00:00,1785525368.314,572.19,20.73,2.8347,-0.17,0.664,365.7,222.0
2026-07-31T19:16:08.814006+00:00,1785525368.814,572.69,20.10,2.8391,-0.17,0.664,352.3,188.7
2026-07-31T19:16:09.309471+00:00,1785525369.309,573.19,19.92,2.8413,2.60,-0.484,35.0,188.7
2026-07-31T19:16:09.806887+00:00,1785525369.807,573.69,19.74,2.8435,2.60,-0.484,34.0,233.1
2026-07-31T19:16:10.305075+00:00,1785525370.305,574.18,19.61,2.8457,6.43,-0.273,420.8,233.1
2026-07-31T19:16:10.811698+00:00,1785525370.812,574.69,19.48,2.8479,9.29,0.727,1082.0,244.2
2026-07-31T19:16:11.317461+00:00,1785525371.317,575.20,19.14,2.8523,9.29,0.727,1062.1,244.2
2026-07-31T19:16:11.819148+00:00,1785525371.819,575.70,19.13,2.8545,8.71,1.438,1332.7,244.2
2026-07-31T19:16:12.314166+00:00,1785525372.314,576.19,19.10,2.8567,8.71,1.438,1330.7,244.2
2026-07-31T19:16:12.820701+00:00,1785525372.821,576.70,19.03,2.8588,6.10,1.230,1042.3,244.2
2026-07-31T19:16:13.326958+00:00,1785525373.327,577.21,19.04,2.8610,6.10,1.230,1043.1,244.2
2026-07-31T19:16:13.824250+00:00,1785525373.824,577.70,18.98,2.8654,5.98,1.090,969.0,244.2
2026-07-31T19:16:14.321970+00:00,1785525374.322,578.20,19.06,2.8676,5.98,1.090,973.2,244.2
2026-07-31T19:16:14.819136+00:00,1785525374.819,578.70,19.10,2.8698,4.36,-0.711,61.1,244.2
2026-07-31T19:16:15.321111+00:00,1785525375.321,579.20,19.12,2.8720,4.11,-0.488,141.0,233.1
2026-07-31T19:16:15.825348+00:00,1785525375.825,579.70,19.13,2.8742,4.11,-0.488,141.1,233.1
2026-07-31T19:16:16.328185+00:00,1785525376.328,580.21,19.06,2.8786,3.39,0.504,523.7,233.1
2026-07-31T19:16:16.829393+00:00,1785525376.829,580.71,19.03,2.8808,3.39,0.504,522.7,233.1
2026-07-31T19:16:17.336340+00:00,1785525377.336,581.22,18.99,2.8830,2.00,0.301,329.8,233.1
2026-07-31T19:16:17.835961+00:00,1785525377.836,581.71,18.96,2.8852,2.00,0.301,329.3,222.0
2026-07-31T19:16:18.337925+00:00,1785525378.338,582.22,18.97,2.8874,2.00,0.301,329.3,222.0
2026-07-31T19:16:18.843336+00:00,1785525378.843,582.72,19.10,2.8918,2.00,0.301,332.0,222.0
2026-07-31T19:16:19.345651+00:00,1785525379.346,583.22,19.19,2.8940,2.00,0.301,334.0,222.0
2026-07-31T19:16:19.847319+00:00,1785525379.847,583.73,19.29,2.8962,3.14,0.453,489.8,222.0
2026-07-31T19:16:20.350227+00:00,1785525380.350,584.23,19.40,2.8984,3.14,0.453,493.1,233.1
2026-07-31T19:16:20.854475+00:00,1785525380.854,584.73,19.62,2.9028,3.42,0.082,352.6,233.1
2026-07-31T19:16:21.350891+00:00,1785525381.351,585.23,19.68,2.9050,3.42,0.082,353.8,233.1
2026-07-31T19:16:21.855834+00:00,1785525381.856,585.73,19.70,2.9072,2.59,0.027,265.8,233.1
2026-07-31T19:16:22.355131+00:00,1785525382.355,586.23,19.67,2.9094,2.59,0.027,265.3,233.1
2026-07-31T19:16:22.852621+00:00,1785525382.853,586.73,19.62,2.9138,2.61,-0.898,0.0,233.1
2026-07-31T19:16:23.351076+00:00,1785525383.351,587.23,19.53,2.9160,2.32,0.457,435.9,233.1
2026-07-31T19:16:23.852370+00:00,1785525383.852,587.73,19.56,2.9182,2.32,0.457,436.5,233.1
2026-07-31T19:16:24.348643+00:00,1785525384.349,588.23,19.48,2.9204,1.72,-1.199,0.0,233.1
2026-07-31T19:16:24.841843+00:00,1785525384.842,588.72,19.59,2.9248,1.72,-1.199,0.0,222.0
2026-07-31T19:16:25.347338+00:00,1785525385.347,589.23,19.64,2.9270,1.90,-0.043,179.6,222.0
2026-07-31T19:16:25.846713+00:00,1785525385.847,589.73,19.71,2.9292,1.90,-0.043,180.5,222.0
2026-07-31T19:16:26.349464+00:00,1785525386.349,590.23,19.83,2.9314,2.14,-1.008,0.0,222.0
2026-07-31T19:16:26.844948+00:00,1785525386.845,590.72,20.07,2.9358,2.14,-1.008,0.0,233.1
2026-07-31T19:16:27.350444+00:00,1785525387.350,591.23,20.15,2.9380,2.42,-0.555,0.0,233.1
2026-07-31T19:16:27.848773+00:00,1785525387.849,591.73,20.20,2.9402,2.12,-0.266,100.6,233.1
2026-07-31T19:16:28.346048+00:00,1785525388.346,592.23,20.22,2.9446,2.12,-0.266,100.8,233.1
2026-07-31T19:16:28.844299+00:00,1785525388.844,592.72,19.96,2.9468,-0.61,1.113,521.4,233.1
2026-07-31T19:16:29.339232+00:00,1785525389.339,593.22,19.90,2.9490,-0.61,1.113,519.8,188.7
2026-07-31T19:16:29.843710+00:00,1785525389.844,593.72,19.82,2.9512,1.18,0.141,210.4,188.7
2026-07-31T19:16:30.346860+00:00,1785525390.347,594.23,19.78,2.9534,1.18,0.141,209.9,222.0
2026-07-31T19:16:30.847278+00:00,1785525390.847,594.73,19.79,2.9578,1.75,1.016,653.9,222.0
2026-07-31T19:16:31.348825+00:00,1785525391.349,595.23,19.81,2.9600,1.75,1.016,654.5,222.0
2026-07-31T19:16:31.851795+00:00,1785525391.852,595.73,19.87,2.9622,1.80,1.223,755.7,222.0
2026-07-31T19:16:32.358299+00:00,1785525392.358,596.24,20.29,2.9666,2.24,-0.332,79.7,222.0
2026-07-31T19:16:32.856746+00:00,1785525392.857,596.74,20.41,2.9688,2.24,-0.332,80.7,233.1
2026-07-31T19:16:33.359330+00:00,1785525393.359,597.24,20.52,2.9710,1.87,-0.336,50.3,233.1
2026-07-31T19:16:33.854008+00:00,1785525393.854,597.73,20.61,2.9754,1.87,-0.336,50.9,222.0
2026-07-31T19:16:34.355395+00:00,1785525394.355,598.23,20.66,2.9776,1.99,0.961,679.8,222.0
2026-07-31T19:16:34.856163+00:00,1785525394.856,598.74,20.64,2.9798,1.99,0.961,679.1,222.0
2026-07-31T19:16:35.361842+00:00,1785525395.362,599.24,20.60,2.9842,1.68,-0.105,145.5,222.0
2026-07-31T19:16:35.856547+00:00,1785525395.857,599.74,20.58,2.9864,2.01,-0.531,0.0,222.0
2026-07-31T19:16:36.352528+00:00,1785525396.353,600.23,20.54,2.9886,2.01,-0.531,0.0,233.1
2026-07-31T19:16:36.850448+00:00,1785525396.850,600.73,20.48,2.9908,2.01,-0.531,0.0,233.1
2026-07-31T19:16:37.356251+00:00,1785525397.356,601.24,20.31,2.9952,2.01,-0.531,0.0,233.1
2026-07-31T19:16:37.863965+00:00,1785525397.864,601.74,20.22,2.9974,1.73,0.172,274.3,233.1
2026-07-31T19:16:38.367074+00:00,1785525398.367,602.25,20.13,2.9996,1.73,0.172,272.7,222.0
2026-07-31T19:16:38.868588+00:00,1785525398.869,602.75,20.00,3.0018,1.54,-0.504,0.0,222.0
2026-07-31T19:16:39.362975+00:00,1785525399.363,603.24,19.73,3.0062,1.54,-0.504,0.0,222.0
2026-07-31T19:16:39.867346+00:00,1785525399.867,603.75,19.61,3.0084,1.55,0.379,343.5,222.0
2026-07-31T19:16:40.370113+00:00,1785525400.370,604.25,19.52,3.0106,1.94,0.508,429.3,222.0
2026-07-31T19:16:40.876417+00:00,1785525400.876,604.76,19.42,3.0128,1.94,0.508,426.8,222.0
2026-07-31T19:16:41.383715+00:00,1785525401.384,605.26,19.31,3.0150,1.33,1.527,832.8,222.0
2026-07-31T19:16:41.889342+00:00,1785525401.889,605.77,19.23,3.0194,1.33,1.527,829.5,222.0
2026-07-31T19:16:42.388774+00:00,1785525402.389,606.27,19.25,3.0216,2.12,-0.316,70.0,222.0
2026-07-31T19:16:42.890422+00:00,1785525402.890,606.77,19.26,3.0238,2.12,-0.316,70.1,233.1
2026-07-31T19:16:43.390765+00:00,1785525403.391,607.27,19.28,3.0260,2.46,-1.129,0.0,233.1
2026-07-31T19:16:43.887635+00:00,1785525403.888,607.77,19.35,3.0304,2.60,-1.008,0.0,233.1
2026-07-31T19:16:44.382299+00:00,1785525404.382,608.26,19.41,3.0326,2.60,-1.008,0.0,233.1
2026-07-31T19:16:44.887455+00:00,1785525404.887,608.77,19.47,3.0348,2.43,-0.262,119.7,233.1
2026-07-31T19:16:45.382396+00:00,1785525405.382,609.26,19.50,3.0370,2.43,-0.262,119.9,233.1
2026-07-31T19:16:45.882933+00:00,1785525405.883,609.76,19.52,3.0414,2.25,0.105,271.9,233.1
2026-07-31T19:16:46.381984+00:00,1785525406.382,610.26,19.55,3.0436,2.25,0.105,272.4,233.1
2026-07-31T19:16:46.881675+00:00,1785525406.882,610.76,19.53,3.0458,2.99,0.973,719.6,233.1
2026-07-31T19:16:47.388053+00:00,1785525407.388,611.27,19.47,3.0480,2.99,0.973,717.1,233.1
2026-07-31T19:16:47.891904+00:00,1785525407.892,611.77,19.41,3.0502,2.98,-0.645,0.0,233.1
2026-07-31T19:16:48.388769+00:00,1785525408.389,612.27,19.19,3.0546,3.59,-0.406,139.5,233.1
2026-07-31T19:16:48.885679+00:00,1785525408.886,612.76,19.05,3.0568,3.59,-0.406,138.0,233.1
2026-07-31T19:16:49.384351+00:00,1785525409.384,613.26,18.87,3.0590,3.52,-0.727,0.0,233.1
2026-07-31T19:16:49.886749+00:00,1785525409.887,613.77,18.70,3.0612,3.52,-0.727,0.0,233.1
2026-07-31T19:16:50.391716+00:00,1785525410.392,614.27,18.52,3.0634,3.63,0.574,554.8,233.1
2026-07-31T19:16:50.888165+00:00,1785525410.888,614.77,18.34,3.0656,3.63,0.574,548.7,233.1
2026-07-31T19:16:51.384633+00:00,1785525411.385,615.26,18.14,3.0678,4.10,0.883,704.4,233.1
2026-07-31T19:16:51.885331+00:00,1785525411.885,615.76,17.96,3.0700,4.10,0.883,697.1,233.1
2026-07-31T19:16:52.382050+00:00,1785525412.382,616.26,17.74,3.0722,3.58,-0.750,0.0,233.1
2026-07-31T19:16:52.888045+00:00,1785525412.888,616.77,17.38,3.0766,3.99,0.285,425.4,233.1
2026-07-31T19:16:53.388293+00:00,1785525413.388,617.27,17.10,3.0788,3.99,0.285,417.7,233.1
2026-07-31T19:16:53.892896+00:00,1785525413.893,617.77,16.82,3.0810,3.41,0.320,386.0,233.1
2026-07-31T19:16:54.389058+00:00,1785525414.389,618.27,16.57,3.0832,3.41,0.320,379.8,233.1
2026-07-31T19:16:54.891740+00:00,1785525414.892,618.77,16.45,3.0854,3.71,-0.242,182.1,233.1
2026-07-31T19:16:55.393824+00:00,1785525415.394,619.27,16.32,3.0876,3.71,-0.242,180.4,233.1
2026-07-31T19:16:55.896250+00:00,1785525415.896,619.78,16.24,3.0898,3.60,0.023,272.1,233.1
2026-07-31T19:16:56.396774+00:00,1785525416.397,620.28,16.21,3.0920,3.60,0.023,271.5,233.1
2026-07-31T19:16:56.895673+00:00,1785525416.896,620.77,16.18,3.0942,3.60,0.867,586.3,233.1
2026-07-31T19:16:57.395393+00:00,1785525417.395,621.27,16.25,3.0964,3.54,-1.109,0.0,233.1
2026-07-31T19:16:57.899910+00:00,1785525417.900,621.78,16.41,3.0986,3.54,-1.109,0.0,233.1
2026-07-31T19:16:58.399963+00:00,1785525418.400,622.28,16.51,3.1008,3.54,-1.109,0.0,233.1
2026-07-31T19:16:58.903560+00:00,1785525418.904,622.78,16.53,3.1030,3.54,-1.109,0.0,233.1
2026-07-31T19:16:59.408250+00:00,1785525419.408,623.29,16.54,3.1052,4.46,-0.473,143.5,233.1
2026-07-31T19:16:59.906532+00:00,1785525419.907,623.79,16.49,3.1073,4.46,-0.473,142.9,233.1
2026-07-31T19:17:00.408872+00:00,1785525420.409,624.29,16.41,3.1095,3.85,0.508,474.4,233.1
2026-07-31T19:17:00.908430+00:00,1785525420.908,624.79,16.31,3.1117,4.59,-0.242,235.6,233.1
2026-07-31T19:17:01.403485+00:00,1785525421.403,625.28,16.24,3.1139,4.59,-0.242,234.4,233.1
2026-07-31T19:17:01.908307+00:00,1785525421.908,625.79,16.04,3.1161,4.54,1.871,1011.0,233.1
2026-07-31T19:17:02.404822+00:00,1785525422.405,626.28,15.89,3.1183,4.54,1.871,1001.0,233.1
2026-07-31T19:17:02.905339+00:00,1785525422.905,626.78,15.71,3.1205,5.09,0.289,448.9,233.1
2026-07-31T19:17:03.408879+00:00,1785525423.409,627.29,15.65,3.1227,5.09,0.289,447.2,244.2
2026-07-31T19:17:03.911592+00:00,1785525423.912,627.79,15.56,3.1249,8.20,1.570,1092.5,244.2
2026-07-31T19:17:04.407276+00:00,1785525424.407,628.29,15.44,3.1271,8.20,1.570,1083.5,244.2
2026-07-31T19:17:04.906178+00:00,1785525424.906,628.79,15.31,3.1293,6.80,0.465,600.1,244.2
2026-07-31T19:17:05.411183+00:00,1785525425.411,629.29,15.26,3.1315,6.80,0.465,597.9,244.2
2026-07-31T19:17:05.916018+00:00,1785525425.916,629.80,15.29,3.1337,6.93,-1.348,0.0,244.2
2026-07-31T19:17:06.414356+00:00,1785525426.414,630.29,15.34,3.1359,4.60,-0.090,274.1,244.2
2026-07-31T19:17:06.915582+00:00,1785525426.916,630.79,15.46,3.1381,4.60,-0.090,276.6,233.1
2026-07-31T19:17:07.422248+00:00,1785525427.422,631.30,15.48,3.1403,5.04,-0.312,223.7,233.1
2026-07-31T19:17:07.921288+00:00,1785525427.921,631.80,15.56,3.1425,5.04,-0.312,225.2,244.2
2026-07-31T19:17:08.424085+00:00,1785525428.424,632.30,15.69,3.1447,4.31,-0.949,0.0,244.2
2026-07-31T19:17:08.918180+00:00,1785525428.918,632.80,15.85,3.1469,4.31,-0.949,0.0,233.1
2026-07-31T19:17:09.426695+00:00,1785525429.427,633.31,15.87,3.1491,4.25,0.738,566.7,233.1
2026-07-31T19:17:09.922702+00:00,1785525429.923,633.80,15.87,3.1513,2.89,1.324,697.5,233.1
2026-07-31T19:17:10.419889+00:00,1785525430.420,634.30,15.90,3.1535,2.89,1.324,698.7,233.1
2026-07-31T19:17:10.915305+00:00,1785525430.915,634.79,15.87,3.1557,3.53,0.023,260.2,233.1
2026-07-31T19:17:11.414370+00:00,1785525431.414,635.29,15.83,3.1579,3.53,0.023,259.4,233.1
2026-07-31T19:17:11.915804+00:00,1785525431.916,635.79,15.78,3.1601,3.22,0.445,393.5,233.1
2026-07-31T19:17:12.413638+00:00,1785525432.414,636.29,15.74,3.1623,3.22,0.445,392.2,233.1
2026-07-31T19:17:12.916202+00:00,1785525432.916,636.80,15.67,3.1645,2.78,0.543,398.8,233.1
2026-07-31T19:17:13.415590+00:00,1785525433.416,637.29,15.66,3.1667,2.78,0.543,398.6,233.1
2026-07-31T19:17:13.916564+00:00,1785525433.917,637.80,15.67,3.1689,2.72,-1.344,0.0,233.1
2026-07-31T19:17:14.413834+00:00,1785525434.414,638.29,15.66,3.1711,3.07,-0.551,20.6,233.1
2026-07-31T19:17:14.918088+00:00,1785525434.918,638.80,15.64,3.1733,3.07,-0.551,20.6,233.1
2026-07-31T19:17:15.422955+00:00,1785525435.423,639.30,15.68,3.1755,2.59,0.480,364.6,233.1
2026-07-31T19:17:15.924623+00:00,1785525435.925,639.80,15.73,3.1777,2.59,0.480,366.1,233.1
2026-07-31T19:17:16.432111+00:00,1785525436.432,640.31,15.80,3.1799,2.33,-2.578,0.0,233.1
2026-07-31T19:17:16.935642+00:00,1785525436.936,640.81,15.91,3.1821,2.33,-2.578,0.0,233.1
2026-07-31T19:17:17.439337+00:00,1785525437.439,641.32,16.01,3.1843,3.97,-0.633,48.0,233.1
2026-07-31T19:17:17.936833+00:00,1785525437.937,641.82,16.06,3.1865,2.96,1.387,734.0,233.1
2026-07-31T19:17:18.432372+00:00,1785525438.432,642.31,16.15,3.1887,2.96,1.387,738.2,233.1
2026-07-31T19:17:18.927383+00:00,1785525438.927,642.81,16.28,3.1909,3.77,1.648,894.4,233.1
2026-07-31T19:17:19.434206+00:00,1785525439.434,643.31,16.38,3.1931,3.77,1.648,900.3,233.1
2026-07-31T19:17:19.933417+00:00,1785525439.933,643.81,16.44,3.1953,2.89,-0.715,0.0,233.1
2026-07-31T19:17:20.431182+00:00,1785525440.431,644.31,16.53,3.1975,2.89,-0.715,0.0,233.1
2026-07-31T19:17:20.933112+00:00,1785525440.933,644.81,16.59,3.1997,3.85,0.430,450.2,233.1
2026-07-31T19:17:21.436036+00:00,1785525441.436,645.32,16.62,3.2019,3.85,0.430,451.0,233.1
2026-07-31T19:17:21.935481+00:00,1785525441.935,645.81,16.70,3.2041,2.98,0.672,490.6,233.1
2026-07-31T19:17:22.429882+00:00,1785525442.430,646.31,16.76,3.2063,5.85,-1.641,0.0,233.1
2026-07-31T19:17:22.924386+00:00,1785525442.924,646.80,16.79,3.2085,5.85,-1.641,0.0,244.2
2026-07-31T19:17:23.419777+00:00,1785525443.420,647.30,16.62,3.2107,2.01,-2.719,0.0,244.2
2026-07-31T19:17:23.925061+00:00,1785525443.925,647.80,16.69,3.2129,2.01,-2.719,0.0,233.1
2026-07-31T19:17:24.429655+00:00,1785525444.430,648.31,16.70,3.2151,2.01,-2.719,0.0,233.1
2026-07-31T19:17:24.935077+00:00,1785525444.935,648.81,16.79,3.2195,2.01,-2.719,0.0,233.1
2026-07-31T19:17:25.439317+00:00,1785525445.439,649.32,16.78,3.2217,2.32,0.648,440.8,233.1
2026-07-31T19:17:25.943516+00:00,1785525445.944,649.82,16.73,3.2239,1.78,0.715,429.7,233.1
2026-07-31T19:17:26.445156+00:00,1785525446.445,650.32,16.59,3.2261,1.78,0.715,425.9,222.0
2026-07-31T19:17:26.952473+00:00,1785525446.952,650.83,16.61,3.2283,1.81,0.363,293.4,222.0
2026-07-31T19:17:27.451270+00:00,1785525447.451,651.33,16.32,3.2305,1.81,0.363,287.6,222.0
2026-07-31T19:17:27.955408+00:00,1785525447.955,651.83,16.01,3.2327,1.09,0.805,400.1,222.0
2026-07-31T19:17:28.452576+00:00,1785525448.453,652.33,16.01,3.2327,1.09,0.805,400.1,222.0
2026-07-31T19:17:28.954744+00:00,1785525448.955,652.83,15.67,3.2349,0.41,-0.277,0.0,222.0
2026-07-31T19:17:29.450757+00:00,1785525449.451,653.33,15.28,3.2371,0.88,-1.754,0.0,222.0
2026-07-31T19:17:29.946509+00:00,1785525449.946,653.83,14.84,3.2393,0.88,-1.754,0.0,222.0
2026-07-31T19:17:30.454127+00:00,1785525450.454,654.33,14.39,3.2415,0.40,0.129,92.5,222.0
2026-07-31T19:17:30.960449+00:00,1785525450.960,654.84,13.94,3.2437,0.40,0.129,88.8,222.0
2026-07-31T19:17:31.464170+00:00,1785525451.464,655.34,13.94,3.2437,0.40,-1.559,0.0,222.0
2026-07-31T19:17:31.965513+00:00,1785525451.965,655.84,13.49,3.2459,0.40,-1.559,0.0,222.0
2026-07-31T19:17:32.471643+00:00,1785525452.472,656.35,13.06,3.2481,-0.04,-0.309,0.0,222.0
2026-07-31T19:17:32.976115+00:00,1785525452.976,656.86,12.70,3.2503,-0.04,-0.309,0.0,188.7
2026-07-31T19:17:33.478769+00:00,1785525453.479,657.36,12.70,3.2503,-0.04,-0.309,0.0,188.7
2026-07-31T19:17:33.983020+00:00,1785525453.983,657.86,12.38,3.2525,0.76,0.191,112.0,188.7
2026-07-31T19:17:34.482189+00:00,1785525454.482,658.36,12.03,3.2547,0.76,0.191,108.3,222.0
2026-07-31T19:17:34.979495+00:00,1785525454.979,658.86,12.03,3.2547,0.72,-0.199,0.0,222.0
2026-07-31T19:17:35.483872+00:00,1785525455.484,659.36,11.74,3.2569,0.72,-0.199,0.0,222.0
2026-07-31T19:17:35.987390+00:00,1785525455.987,659.87,11.50,3.2591,0.31,0.367,129.2,222.0
2026-07-31T19:17:36.483794+00:00,1785525456.484,660.36,11.50,3.2591,0.31,0.367,129.2,222.0
2026-07-31T19:17:36.987907+00:00,1785525456.988,660.87,11.30,3.2613,0.31,0.367,126.7,222.0
2026-07-31T19:17:37.491785+00:00,1785525457.492,661.37,11.21,3.2635,0.82,0.652,221.8,222.0
2026-07-31T19:17:37.986630+00:00,1785525457.987,661.87,11.17,3.2657,0.82,0.652,220.9,222.0
2026-07-31T19:17:38.483375+00:00,1785525458.483,662.36,11.17,3.2657,5.54,2.207,827.2,222.0
2026-07-31T19:17:38.990317+00:00,1785525458.990,662.87,10.91,3.2679,5.54,2.207,807.8,244.2
2026-07-31T19:17:39.487553+00:00,1785525459.488,663.37,10.91,3.2679,6.59,0.473,415.0,244.2
2026-07-31T19:17:39.984509+00:00,1785525459.984,663.86,10.23,3.2701,6.05,1.074,508.8,244.2
2026-07-31T19:17:40.481937+00:00,1785525460.482,664.36,10.23,3.2701,6.05,1.074,508.8,244.2
2026-07-31T19:17:40.979215+00:00,1785525460.979,664.86,10.23,3.2701,4.31,-0.113,159.2,244.2
2026-07-31T19:17:41.473830+00:00,1785525461.474,665.35,10.23,3.2701,4.31,-0.113,159.2,233.1
2026-07-31T19:17:41.977505+00:00,1785525461.977,665.86,0.00,3.2701,1.55,-0.688,0.0,233.1
2026-07-31T19:17:42.478091+00:00,1785525462.478,666.36,0.00,3.2701,1.55,-0.688,0.0,222.0
2026-07-31T19:17:42.978156+00:00,1785525462.978,666.86,0.00,3.2701,0.75,0.125,0.0,222.0
2026-07-31T19:17:43.477321+00:00,1785525463.477,667.36,7.05,3.2723,2.90,0.523,173.1,222.0
2026-07-31T19:17:43.970898+00:00,1785525463.971,667.85,7.05,3.2723,2.90,0.523,173.1,233.1
2026-07-31T19:17:44.473947+00:00,1785525464.474,668.35,7.05,3.2723,4.42,-1.227,0.0,233.1
2026-07-31T19:17:44.971678+00:00,1785525464.972,668.85,7.05,3.2723,4.42,-1.227,0.0,233.1
2026-07-31T19:17:45.470199+00:00,1785525465.470,669.35,6.16,3.2745,4.42,-1.227,0.0,233.1
2026-07-31T19:17:45.975307+00:00,1785525465.975,669.85,6.16,3.2745,4.42,-1.227,0.0,233.1
2026-07-31T19:17:46.476197+00:00,1785525466.476,670.36,6.16,3.2745,5.28,0.090,146.1,233.1
2026-07-31T19:17:46.971175+00:00,1785525466.971,670.85,6.16,3.2745,5.28,0.090,146.1,244.2
2026-07-31T19:17:47.470992+00:00,1785525467.471,671.35,0.00,3.2745,4.62,0.387,0.0,244.2
2026-07-31T19:17:47.967428+00:00,1785525467.967,671.85,0.00,3.2745,4.01,0.391,0.0,233.1
2026-07-31T19:17:48.470866+00:00,1785525468.471,672.35,5.16,3.2767,4.01,0.391,132.6,233.1
2026-07-31T19:17:48.975320+00:00,1785525468.975,672.85,5.16,3.2767,3.87,0.023,86.0,233.1
2026-07-31T19:17:49.468442+00:00,1785525469.468,673.35,5.16,3.2767,3.87,0.023,86.0,233.1
2026-07-31T19:17:49.971180+00:00,1785525469.971,673.85,5.16,3.2767,3.76,-0.496,21.8,233.1
2026-07-31T19:17:50.476368+00:00,1785525470.476,674.36,0.00,3.2767,3.76,-0.496,0.0,233.1
2026-07-31T19:17:50.980105+00:00,1785525470.980,674.86,4.41,3.2789,3.98,0.820,156.5,233.1
2026-07-31T19:17:51.478490+00:00,1785525471.478,675.36,4.41,3.2789,4.07,-0.734,0.0,233.1
2026-07-31T19:17:51.978594+00:00,1785525471.979,675.86,4.41,3.2789,4.07,-0.734,0.0,233.1
2026-07-31T19:17:52.482530+00:00,1785525472.483,676.36,4.41,3.2789,3.76,0.461,116.0,233.1
2026-07-31T19:17:52.978150+00:00,1785525472.978,676.86,0.00,3.2789,3.76,0.461,0.0,233.1
2026-07-31T19:17:53.479532+00:00,1785525473.480,677.36,3.96,3.2811,3.99,-0.535,16.6,233.1
2026-07-31T19:17:53.972279+00:00,1785525473.972,677.85,3.96,3.2811,3.99,-0.535,16.6,233.1
2026-07-31T19:17:54.472990+00:00,1785525474.473,678.35,3.96,3.2811,6.49,-0.805,30.2,233.1
2026-07-31T19:17:54.979278+00:00,1785525474.979,678.86,3.96,3.2811,2.03,2.066,224.3,244.2
2026-07-31T19:17:55.477503+00:00,1785525475.477,679.36,0.00,3.2811,2.03,2.066,0.0,233.1
2026-07-31T19:17:55.976883+00:00,1785525475.977,679.86,3.56,3.2833,3.14,0.812,113.9,233.1
2026-07-31T19:17:56.469897+00:00,1785525476.470,680.35,3.56,3.2833,3.14,0.812,113.9,233.1
2026-07-31T19:17:56.972728+00:00,1785525476.973,680.85,3.56,3.2833,2.74,0.012,42.5,233.1
2026-07-31T19:17:57.477429+00:00,1785525477.477,681.36,3.56,3.2833,2.74,0.012,42.5,233.1
2026-07-31T19:17:57.978731+00:00,1785525477.979,681.86,3.32,3.2855,3.20,-0.746,0.0,233.1
2026-07-31T19:17:58.478297+00:00,1785525478.478,682.36,3.32,3.2855,2.65,-0.129,27.6,233.1
2026-07-31T19:17:58.977013+00:00,1785525478.977,682.86,3.32,3.2855,2.65,-0.129,27.6,233.1
2026-07-31T19:17:59.476333+00:00,1785525479.476,683.36,3.32,3.2855,2.65,-0.129,27.6,233.1
2026-07-31T19:17:59.982084+00:00,1785525479.982,683.86,0.00,3.2855,2.65,-0.129,0.0,233.1
2026-07-31T19:18:00.481307+00:00,1785525480.481,684.36,0.00,3.2855,-2.06,-0.027,0.0,233.1
2026-07-31T19:18:00.984814+00:00,1785525480.985,684.86,0.00,3.2855,-2.70,0.754,0.0,188.7
2026-07-31T19:18:01.489412+00:00,1785525481.489,685.37,0.00,3.2855,-2.70,0.754,0.0,188.7
2026-07-31T19:18:01.996656+00:00,1785525481.997,685.88,0.00,3.2855,-2.63,0.070,0.0,188.7
2026-07-31T19:18:02.502797+00:00,1785525482.503,686.38,0.00,3.2855,-2.63,0.070,0.0,188.7
2026-07-31T19:18:03.004761+00:00,1785525483.005,686.88,0.00,3.2855,-2.51,-0.984,0.0,188.7
2026-07-31T19:18:03.500427+00:00,1785525483.500,687.38,0.00,3.2855,-2.51,-0.984,0.0,188.7
2026-07-31T19:18:04.000593+00:00,1785525484.001,687.88,0.00,3.2855,-2.52,0.219,0.0,188.7
2026-07-31T19:18:04.499958+00:00,1785525484.500,688.38,0.00,3.2855,-1.19,-0.109,0.0,188.7
2026-07-31T19:18:05.003576+00:00,1785525485.004,688.88,0.00,3.2855,-1.19,-0.109,0.0,188.7
2026-07-31T19:18:05.506496+00:00,1785525485.506,689.39,0.00,3.2855,-2.13,-0.434,0.0,188.7
2026-07-31T19:18:06.011636+00:00,1785525486.012,689.89,0.00,3.2855,-2.13,-0.434,0.0,188.7
2026-07-31T19:18:06.509991+00:00,1785525486.510,690.39,0.00,3.2855,-2.13,-0.434,0.0,188.7
2026-07-31T19:18:07.013863+00:00,1785525487.014,690.89,0.00,3.2855,-2.13,-0.434,0.0,188.7
2026-07-31T19:18:07.512128+00:00,1785525487.512,691.39,0.00,3.2855,-0.42,-0.125,0.0,188.7
2026-07-31T19:18:08.008115+00:00,1785525488.008,691.89,0.00,3.2855,-0.00,-0.477,0.0,188.7
2026-07-31T19:18:08.513687+00:00,1785525488.514,692.39,0.00,3.2855,-0.00,-0.477,0.0,188.7
2026-07-31T19:18:09.017179+00:00,1785525489.017,692.90,0.00,3.2855,0.84,0.316,0.0,188.7
2026-07-31T19:18:09.512868+00:00,1785525489.513,693.39,2.16,3.2877,0.84,0.316,24.9,222.0
2026-07-31T19:18:10.012716+00:00,1785525490.013,693.89,2.16,3.2877,4.92,0.129,49.8,222.0
2026-07-31T19:18:10.508598+00:00,1785525490.509,694.39,2.16,3.2877,4.92,0.129,49.8,233.1
2026-07-31T19:18:11.010576+00:00,1785525491.011,694.89,2.16,3.2877,3.92,-0.016,34.1,233.1
2026-07-31T19:18:11.517170+00:00,1785525491.517,695.40,0.00,3.2877,2.09,0.211,0.0,233.1
2026-07-31T19:18:12.018731+00:00,1785525492.019,695.90,0.00,3.2877,2.09,0.211,0.0,233.1
2026-07-31T19:18:12.519429+00:00,1785525492.519,696.40,0.00,3.2877,3.23,-0.691,0.0,233.1
2026-07-31T19:18:13.024749+00:00,1785525493.025,696.90,0.00,3.2877,3.23,-0.691,0.0,233.1
2026-07-31T19:18:13.524345+00:00,1785525493.524,697.40,0.00,3.2877,3.09,0.266,0.0,233.1
2026-07-31T19:18:14.019024+00:00,1785525494.019,697.90,0.00,3.2877,2.93,0.012,0.0,233.1
